18:47:59 DEBUG : Logs will be stored at 'C:/Users/ER250/OneDrive/Documents/ECE520_SOC/ECE520_SandBox/int_gen_soc_re/int_gen_soc_vitis/IDE.log'.
18:50:01 INFO  : Launching XSCT server: xsct.bat -n  -interactive C:\Users\ER250\OneDrive\Documents\ECE520_SOC\ECE520_SandBox\int_gen_soc_re\int_gen_soc_vitis\temp_xsdb_launch_script.tcl
18:50:01 INFO  : Registering command handlers for Vitis TCF services
18:50:02 INFO  : Platform repository initialization has completed.
18:50:11 INFO  : XSCT server has started successfully.
18:50:11 INFO  : plnx-install-location is set to ''
18:50:19 INFO  : Successfully done setting XSCT server connection channel  
18:50:19 INFO  : Successfully done query RDI_DATADIR 
18:50:19 INFO  : Successfully done setting workspace for the tool. 
18:52:16 INFO  : Result from executing command 'getProjects': int_gen_plat
18:52:16 INFO  : Result from executing command 'getPlatforms': xilinx_zcu102_base_202310_1|C:/Xilinx/Vitis/2023.1/base_platforms/xilinx_zcu102_base_202310_1/xilinx_zcu102_base_202310_1.xpfm;xilinx_zcu102_base_dfx_202310_1|C:/Xilinx/Vitis/2023.1/base_platforms/xilinx_zcu102_base_dfx_202310_1/xilinx_zcu102_base_dfx_202310_1.xpfm;xilinx_zcu104_base_202310_1|C:/Xilinx/Vitis/2023.1/base_platforms/xilinx_zcu104_base_202310_1/xilinx_zcu104_base_202310_1.xpfm
18:55:32 ERROR : (XSDB Server)rm: cannot lstat `*.o': Invalid argument

18:55:32 ERROR : (XSDB Server)make: *** [Makefile:42: clean] Error 1

18:58:24 INFO  : Result from executing command 'getProjects': int_gen_plat
18:58:24 INFO  : Result from executing command 'getPlatforms': int_gen_plat|C:/Users/ER250/OneDrive/Documents/ECE520_SOC/ECE520_SandBox/int_gen_soc_re/int_gen_soc_vitis/int_gen_plat/export/int_gen_plat/int_gen_plat.xpfm;xilinx_zcu102_base_202310_1|C:/Xilinx/Vitis/2023.1/base_platforms/xilinx_zcu102_base_202310_1/xilinx_zcu102_base_202310_1.xpfm;xilinx_zcu102_base_dfx_202310_1|C:/Xilinx/Vitis/2023.1/base_platforms/xilinx_zcu102_base_dfx_202310_1/xilinx_zcu102_base_dfx_202310_1.xpfm;xilinx_zcu104_base_202310_1|C:/Xilinx/Vitis/2023.1/base_platforms/xilinx_zcu104_base_202310_1/xilinx_zcu104_base_202310_1.xpfm
19:10:50 INFO  : Checking for BSP changes to sync application flags for project 'int_gen_app'...
20:20:48 INFO  : Connected to target on host '127.0.0.1' and port '3121'.
20:20:49 INFO  : Jtag cable 'Digilent Zybo Z7 210351BE7A49A' is selected.
20:20:49 INFO  : 'jtag frequency' command is executed.
20:20:49 INFO  : Context for 'APU' is selected.
20:20:49 INFO  : System reset is completed.
20:20:52 INFO  : 'after 3000' command is executed.
20:20:52 INFO  : 'targets -set -filter {jtag_cable_name =~ "Digilent Zybo Z7 210351BE7A49A" && level==0 && jtag_device_ctx=="jsn-Zybo Z7-210351BE7A49A-13722093-0"}' command is executed.
20:20:53 INFO  : Device configured successfully with "C:/Users/ER250/OneDrive/Documents/ECE520_SOC/ECE520_SandBox/int_gen_soc_re/int_gen_soc_vitis/int_gen_app/_ide/bitstream/int_gen_bd_re_wrapper.bit"
20:20:53 INFO  : Context for 'APU' is selected.
20:20:53 INFO  : Hardware design and registers information is loaded from 'C:/Users/ER250/OneDrive/Documents/ECE520_SOC/ECE520_SandBox/int_gen_soc_re/int_gen_soc_vitis/int_gen_plat/export/int_gen_plat/hw/int_gen_bd_re_wrapper.xsa'.
20:20:53 INFO  : 'configparams force-mem-access 1' command is executed.
20:20:53 INFO  : Context for 'APU' is selected.
20:20:53 INFO  : Sourcing of 'C:/Users/ER250/OneDrive/Documents/ECE520_SOC/ECE520_SandBox/int_gen_soc_re/int_gen_soc_vitis/int_gen_app/_ide/psinit/ps7_init.tcl' is done.
20:20:54 INFO  : 'ps7_init' command is executed.
20:20:54 INFO  : 'ps7_post_config' command is executed.
20:20:54 INFO  : Context for processor 'ps7_cortexa9_0' is selected.
20:20:54 INFO  : The application 'C:/Users/ER250/OneDrive/Documents/ECE520_SOC/ECE520_SandBox/int_gen_soc_re/int_gen_soc_vitis/int_gen_app/Debug/int_gen_app.elf' is downloaded to processor 'ps7_cortexa9_0'.
20:20:54 INFO  : 'configparams force-mem-access 0' command is executed.
20:20:54 INFO  : ----------------XSDB Script----------------
connect -url tcp:127.0.0.1:3121
targets -set -nocase -filter {name =~"APU*"}
rst -system
after 3000
targets -set -filter {jtag_cable_name =~ "Digilent Zybo Z7 210351BE7A49A" && level==0 && jtag_device_ctx=="jsn-Zybo Z7-210351BE7A49A-13722093-0"}
fpga -file C:/Users/ER250/OneDrive/Documents/ECE520_SOC/ECE520_SandBox/int_gen_soc_re/int_gen_soc_vitis/int_gen_app/_ide/bitstream/int_gen_bd_re_wrapper.bit
targets -set -nocase -filter {name =~"APU*"}
loadhw -hw C:/Users/ER250/OneDrive/Documents/ECE520_SOC/ECE520_SandBox/int_gen_soc_re/int_gen_soc_vitis/int_gen_plat/export/int_gen_plat/hw/int_gen_bd_re_wrapper.xsa -mem-ranges [list {0x40000000 0xbfffffff}] -regs
configparams force-mem-access 1
targets -set -nocase -filter {name =~"APU*"}
source C:/Users/ER250/OneDrive/Documents/ECE520_SOC/ECE520_SandBox/int_gen_soc_re/int_gen_soc_vitis/int_gen_app/_ide/psinit/ps7_init.tcl
ps7_init
ps7_post_config
targets -set -nocase -filter {name =~ "*A9*#0"}
dow C:/Users/ER250/OneDrive/Documents/ECE520_SOC/ECE520_SandBox/int_gen_soc_re/int_gen_soc_vitis/int_gen_app/Debug/int_gen_app.elf
configparams force-mem-access 0
----------------End of Script----------------

20:20:54 INFO  : Context for processor 'ps7_cortexa9_0' is selected.
20:20:54 INFO  : 'con' command is executed.
20:20:54 INFO  : ----------------XSDB Script (After Launch)----------------
targets -set -nocase -filter {name =~ "*A9*#0"}
con
----------------End of Script----------------

20:20:54 INFO  : Launch script is exported to file 'C:\Users\ER250\OneDrive\Documents\ECE520_SOC\ECE520_SandBox\int_gen_soc_re\int_gen_soc_vitis\int_gen_app_system\_ide\scripts\debugger_int_gen_app-default.tcl'
20:22:43 INFO  : Disconnected from the channel tcfchan#3.
20:22:44 INFO  : Connected to target on host '127.0.0.1' and port '3121'.
20:22:46 INFO  : Jtag cable 'Digilent Zybo Z7 210351BE7A49A' is selected.
20:22:46 INFO  : 'jtag frequency' command is executed.
20:22:46 INFO  : Context for 'APU' is selected.
20:22:46 INFO  : System reset is completed.
20:22:49 INFO  : 'after 3000' command is executed.
20:22:49 INFO  : 'targets -set -filter {jtag_cable_name =~ "Digilent Zybo Z7 210351BE7A49A" && level==0 && jtag_device_ctx=="jsn-Zybo Z7-210351BE7A49A-13722093-0"}' command is executed.
20:22:50 INFO  : Device configured successfully with "C:/Users/ER250/OneDrive/Documents/ECE520_SOC/ECE520_SandBox/int_gen_soc_re/int_gen_soc_vitis/int_gen_app/_ide/bitstream/int_gen_bd_re_wrapper.bit"
20:22:50 INFO  : Context for 'APU' is selected.
20:22:50 INFO  : Hardware design and registers information is loaded from 'C:/Users/ER250/OneDrive/Documents/ECE520_SOC/ECE520_SandBox/int_gen_soc_re/int_gen_soc_vitis/int_gen_plat/export/int_gen_plat/hw/int_gen_bd_re_wrapper.xsa'.
20:22:50 INFO  : 'configparams force-mem-access 1' command is executed.
20:22:50 INFO  : Context for 'APU' is selected.
20:22:50 INFO  : Sourcing of 'C:/Users/ER250/OneDrive/Documents/ECE520_SOC/ECE520_SandBox/int_gen_soc_re/int_gen_soc_vitis/int_gen_app/_ide/psinit/ps7_init.tcl' is done.
20:22:51 INFO  : 'ps7_init' command is executed.
20:22:51 INFO  : 'ps7_post_config' command is executed.
20:22:51 INFO  : Context for processor 'ps7_cortexa9_0' is selected.
20:22:51 INFO  : The application 'C:/Users/ER250/OneDrive/Documents/ECE520_SOC/ECE520_SandBox/int_gen_soc_re/int_gen_soc_vitis/int_gen_app/Debug/int_gen_app.elf' is downloaded to processor 'ps7_cortexa9_0'.
20:22:51 INFO  : 'configparams force-mem-access 0' command is executed.
20:22:51 INFO  : ----------------XSDB Script----------------
connect -url tcp:127.0.0.1:3121
targets -set -nocase -filter {name =~"APU*"}
rst -system
after 3000
targets -set -filter {jtag_cable_name =~ "Digilent Zybo Z7 210351BE7A49A" && level==0 && jtag_device_ctx=="jsn-Zybo Z7-210351BE7A49A-13722093-0"}
fpga -file C:/Users/ER250/OneDrive/Documents/ECE520_SOC/ECE520_SandBox/int_gen_soc_re/int_gen_soc_vitis/int_gen_app/_ide/bitstream/int_gen_bd_re_wrapper.bit
targets -set -nocase -filter {name =~"APU*"}
loadhw -hw C:/Users/ER250/OneDrive/Documents/ECE520_SOC/ECE520_SandBox/int_gen_soc_re/int_gen_soc_vitis/int_gen_plat/export/int_gen_plat/hw/int_gen_bd_re_wrapper.xsa -mem-ranges [list {0x40000000 0xbfffffff}] -regs
configparams force-mem-access 1
targets -set -nocase -filter {name =~"APU*"}
source C:/Users/ER250/OneDrive/Documents/ECE520_SOC/ECE520_SandBox/int_gen_soc_re/int_gen_soc_vitis/int_gen_app/_ide/psinit/ps7_init.tcl
ps7_init
ps7_post_config
targets -set -nocase -filter {name =~ "*A9*#0"}
dow C:/Users/ER250/OneDrive/Documents/ECE520_SOC/ECE520_SandBox/int_gen_soc_re/int_gen_soc_vitis/int_gen_app/Debug/int_gen_app.elf
configparams force-mem-access 0
----------------End of Script----------------

20:22:51 INFO  : Context for processor 'ps7_cortexa9_0' is selected.
20:22:51 INFO  : 'con' command is executed.
20:22:51 INFO  : ----------------XSDB Script (After Launch)----------------
targets -set -nocase -filter {name =~ "*A9*#0"}
con
----------------End of Script----------------

20:22:51 INFO  : Launch script is exported to file 'C:\Users\ER250\OneDrive\Documents\ECE520_SOC\ECE520_SandBox\int_gen_soc_re\int_gen_soc_vitis\int_gen_app_system\_ide\scripts\debugger_int_gen_app-default.tcl'
20:24:14 INFO  : Checking for BSP changes to sync application flags for project 'int_gen_app'...
20:24:33 INFO  : Disconnected from the channel tcfchan#4.
20:24:34 INFO  : Connected to target on host '127.0.0.1' and port '3121'.
20:24:34 INFO  : Jtag cable 'Digilent Zybo Z7 210351BE7A49A' is selected.
20:24:34 INFO  : 'jtag frequency' command is executed.
20:24:34 INFO  : Context for 'APU' is selected.
20:24:35 INFO  : System reset is completed.
20:24:38 INFO  : 'after 3000' command is executed.
20:24:38 INFO  : 'targets -set -filter {jtag_cable_name =~ "Digilent Zybo Z7 210351BE7A49A" && level==0 && jtag_device_ctx=="jsn-Zybo Z7-210351BE7A49A-13722093-0"}' command is executed.
20:24:39 INFO  : Device configured successfully with "C:/Users/ER250/OneDrive/Documents/ECE520_SOC/ECE520_SandBox/int_gen_soc_re/int_gen_soc_vitis/int_gen_app/_ide/bitstream/int_gen_bd_re_wrapper.bit"
20:24:39 INFO  : Context for 'APU' is selected.
20:24:39 INFO  : Hardware design and registers information is loaded from 'C:/Users/ER250/OneDrive/Documents/ECE520_SOC/ECE520_SandBox/int_gen_soc_re/int_gen_soc_vitis/int_gen_plat/export/int_gen_plat/hw/int_gen_bd_re_wrapper.xsa'.
20:24:39 INFO  : 'configparams force-mem-access 1' command is executed.
20:24:39 INFO  : Context for 'APU' is selected.
20:24:39 INFO  : Sourcing of 'C:/Users/ER250/OneDrive/Documents/ECE520_SOC/ECE520_SandBox/int_gen_soc_re/int_gen_soc_vitis/int_gen_app/_ide/psinit/ps7_init.tcl' is done.
20:24:39 INFO  : 'ps7_init' command is executed.
20:24:39 INFO  : 'ps7_post_config' command is executed.
20:24:39 INFO  : Context for processor 'ps7_cortexa9_0' is selected.
20:24:39 INFO  : The application 'C:/Users/ER250/OneDrive/Documents/ECE520_SOC/ECE520_SandBox/int_gen_soc_re/int_gen_soc_vitis/int_gen_app/Debug/int_gen_app.elf' is downloaded to processor 'ps7_cortexa9_0'.
20:24:39 INFO  : 'configparams force-mem-access 0' command is executed.
20:24:39 INFO  : ----------------XSDB Script----------------
connect -url tcp:127.0.0.1:3121
targets -set -nocase -filter {name =~"APU*"}
rst -system
after 3000
targets -set -filter {jtag_cable_name =~ "Digilent Zybo Z7 210351BE7A49A" && level==0 && jtag_device_ctx=="jsn-Zybo Z7-210351BE7A49A-13722093-0"}
fpga -file C:/Users/ER250/OneDrive/Documents/ECE520_SOC/ECE520_SandBox/int_gen_soc_re/int_gen_soc_vitis/int_gen_app/_ide/bitstream/int_gen_bd_re_wrapper.bit
targets -set -nocase -filter {name =~"APU*"}
loadhw -hw C:/Users/ER250/OneDrive/Documents/ECE520_SOC/ECE520_SandBox/int_gen_soc_re/int_gen_soc_vitis/int_gen_plat/export/int_gen_plat/hw/int_gen_bd_re_wrapper.xsa -mem-ranges [list {0x40000000 0xbfffffff}] -regs
configparams force-mem-access 1
targets -set -nocase -filter {name =~"APU*"}
source C:/Users/ER250/OneDrive/Documents/ECE520_SOC/ECE520_SandBox/int_gen_soc_re/int_gen_soc_vitis/int_gen_app/_ide/psinit/ps7_init.tcl
ps7_init
ps7_post_config
targets -set -nocase -filter {name =~ "*A9*#0"}
dow C:/Users/ER250/OneDrive/Documents/ECE520_SOC/ECE520_SandBox/int_gen_soc_re/int_gen_soc_vitis/int_gen_app/Debug/int_gen_app.elf
configparams force-mem-access 0
----------------End of Script----------------

20:24:40 INFO  : Context for processor 'ps7_cortexa9_0' is selected.
20:24:40 INFO  : 'con' command is executed.
20:24:40 INFO  : ----------------XSDB Script (After Launch)----------------
targets -set -nocase -filter {name =~ "*A9*#0"}
con
----------------End of Script----------------

20:24:40 INFO  : Launch script is exported to file 'C:\Users\ER250\OneDrive\Documents\ECE520_SOC\ECE520_SandBox\int_gen_soc_re\int_gen_soc_vitis\int_gen_app_system\_ide\scripts\debugger_int_gen_app-default.tcl'
20:26:54 INFO  : Checking for BSP changes to sync application flags for project 'int_gen_app'...
20:27:08 INFO  : Disconnected from the channel tcfchan#6.
20:27:09 INFO  : Connected to target on host '127.0.0.1' and port '3121'.
20:27:09 INFO  : Jtag cable 'Digilent Zybo Z7 210351BE7A49A' is selected.
20:27:09 ERROR : port closed
20:27:09 INFO  : ----------------XSDB Script----------------
connect -url tcp:127.0.0.1:3121
----------------End of Script----------------

20:27:09 ERROR : port closed
20:27:17 INFO  : Connected to target on host '127.0.0.1' and port '3121'.
20:27:17 INFO  : Jtag cable 'Digilent Zybo Z7 210351BE7A49A' is selected.
20:27:17 INFO  : 'jtag frequency' command is executed.
20:27:17 INFO  : Context for 'APU' is selected.
20:27:17 INFO  : System reset is completed.
20:27:20 INFO  : 'after 3000' command is executed.
20:27:20 INFO  : 'targets -set -filter {jtag_cable_name =~ "Digilent Zybo Z7 210351BE7A49A" && level==0 && jtag_device_ctx=="jsn-Zybo Z7-210351BE7A49A-13722093-0"}' command is executed.
20:27:21 INFO  : Device configured successfully with "C:/Users/ER250/OneDrive/Documents/ECE520_SOC/ECE520_SandBox/int_gen_soc_re/int_gen_soc_vitis/int_gen_app/_ide/bitstream/int_gen_bd_re_wrapper.bit"
20:27:21 INFO  : Context for 'APU' is selected.
20:27:21 INFO  : Hardware design and registers information is loaded from 'C:/Users/ER250/OneDrive/Documents/ECE520_SOC/ECE520_SandBox/int_gen_soc_re/int_gen_soc_vitis/int_gen_plat/export/int_gen_plat/hw/int_gen_bd_re_wrapper.xsa'.
20:27:21 INFO  : 'configparams force-mem-access 1' command is executed.
20:27:21 INFO  : Context for 'APU' is selected.
20:27:21 INFO  : Sourcing of 'C:/Users/ER250/OneDrive/Documents/ECE520_SOC/ECE520_SandBox/int_gen_soc_re/int_gen_soc_vitis/int_gen_app/_ide/psinit/ps7_init.tcl' is done.
20:27:22 INFO  : 'ps7_init' command is executed.
20:27:22 INFO  : 'ps7_post_config' command is executed.
20:27:22 INFO  : Context for processor 'ps7_cortexa9_0' is selected.
20:27:22 INFO  : The application 'C:/Users/ER250/OneDrive/Documents/ECE520_SOC/ECE520_SandBox/int_gen_soc_re/int_gen_soc_vitis/int_gen_app/Debug/int_gen_app.elf' is downloaded to processor 'ps7_cortexa9_0'.
20:27:22 INFO  : 'configparams force-mem-access 0' command is executed.
20:27:22 INFO  : ----------------XSDB Script----------------
connect -url tcp:127.0.0.1:3121
targets -set -nocase -filter {name =~"APU*"}
rst -system
after 3000
targets -set -filter {jtag_cable_name =~ "Digilent Zybo Z7 210351BE7A49A" && level==0 && jtag_device_ctx=="jsn-Zybo Z7-210351BE7A49A-13722093-0"}
fpga -file C:/Users/ER250/OneDrive/Documents/ECE520_SOC/ECE520_SandBox/int_gen_soc_re/int_gen_soc_vitis/int_gen_app/_ide/bitstream/int_gen_bd_re_wrapper.bit
targets -set -nocase -filter {name =~"APU*"}
loadhw -hw C:/Users/ER250/OneDrive/Documents/ECE520_SOC/ECE520_SandBox/int_gen_soc_re/int_gen_soc_vitis/int_gen_plat/export/int_gen_plat/hw/int_gen_bd_re_wrapper.xsa -mem-ranges [list {0x40000000 0xbfffffff}] -regs
configparams force-mem-access 1
targets -set -nocase -filter {name =~"APU*"}
source C:/Users/ER250/OneDrive/Documents/ECE520_SOC/ECE520_SandBox/int_gen_soc_re/int_gen_soc_vitis/int_gen_app/_ide/psinit/ps7_init.tcl
ps7_init
ps7_post_config
targets -set -nocase -filter {name =~ "*A9*#0"}
dow C:/Users/ER250/OneDrive/Documents/ECE520_SOC/ECE520_SandBox/int_gen_soc_re/int_gen_soc_vitis/int_gen_app/Debug/int_gen_app.elf
configparams force-mem-access 0
----------------End of Script----------------

20:27:22 INFO  : Context for processor 'ps7_cortexa9_0' is selected.
20:27:22 INFO  : 'con' command is executed.
20:27:22 INFO  : ----------------XSDB Script (After Launch)----------------
targets -set -nocase -filter {name =~ "*A9*#0"}
con
----------------End of Script----------------

20:27:22 INFO  : Launch script is exported to file 'C:\Users\ER250\OneDrive\Documents\ECE520_SOC\ECE520_SandBox\int_gen_soc_re\int_gen_soc_vitis\int_gen_app_system\_ide\scripts\debugger_int_gen_app-default.tcl'
20:30:26 INFO  : Disconnected from the channel tcfchan#8.
21:21:47 DEBUG : Logs will be stored at 'C:/Users/ER250/OneDrive/Documents/ECE520_SOC/ECE520_SandBox/int_gen_soc_re/int_gen_soc_vitis/IDE.log'.
21:21:48 INFO  : Launching XSCT server: xsct.bat -n  -interactive C:\Users\ER250\OneDrive\Documents\ECE520_SOC\ECE520_SandBox\int_gen_soc_re\int_gen_soc_vitis\temp_xsdb_launch_script.tcl
21:21:51 INFO  : Registering command handlers for Vitis TCF services
21:21:51 INFO  : XSCT server has started successfully.
21:21:51 INFO  : plnx-install-location is set to ''
21:21:51 INFO  : Platform repository initialization has completed.
21:21:51 INFO  : Successfully done setting XSCT server connection channel  
21:21:51 INFO  : Successfully done query RDI_DATADIR 
21:21:51 INFO  : Successfully done setting workspace for the tool. 
21:23:21 INFO  : Hardware specification for platform project 'int_gen_plat' is updated.
21:24:15 INFO  : Result from executing command 'getProjects': int_gen_plat
21:24:15 INFO  : Result from executing command 'getPlatforms': int_gen_plat|C:/Users/ER250/OneDrive/Documents/ECE520_SOC/ECE520_SandBox/int_gen_soc_re/int_gen_soc_vitis/int_gen_plat/export/int_gen_plat/int_gen_plat.xpfm;xilinx_zcu102_base_202310_1|C:/Xilinx/Vitis/2023.1/base_platforms/xilinx_zcu102_base_202310_1/xilinx_zcu102_base_202310_1.xpfm;xilinx_zcu102_base_dfx_202310_1|C:/Xilinx/Vitis/2023.1/base_platforms/xilinx_zcu102_base_dfx_202310_1/xilinx_zcu102_base_dfx_202310_1.xpfm;xilinx_zcu104_base_202310_1|C:/Xilinx/Vitis/2023.1/base_platforms/xilinx_zcu104_base_202310_1/xilinx_zcu104_base_202310_1.xpfm
21:24:23 INFO  : Checking for BSP changes to sync application flags for project 'int_gen_app'...
21:24:29 INFO  : The hardware specification used by project 'int_gen_app' is out of sync with the platform. Resource files extracted from the hardware specification will be updated.
21:24:29 INFO  : The file 'C:\Users\ER250\OneDrive\Documents\ECE520_SOC\ECE520_SandBox\int_gen_soc_re\int_gen_soc_vitis\int_gen_app\_ide\bitstream\int_gen_bd_re_wrapper.bit' stored in project is removed.
21:24:29 INFO  : The updated bitstream files are copied from platform to folder 'C:\Users\ER250\OneDrive\Documents\ECE520_SOC\ECE520_SandBox\int_gen_soc_re\int_gen_soc_vitis\int_gen_app\_ide\bitstream' in project 'int_gen_app'.
21:24:29 INFO  : The file 'C:\Users\ER250\OneDrive\Documents\ECE520_SOC\ECE520_SandBox\int_gen_soc_re\int_gen_soc_vitis\int_gen_app\_ide\psinit\ps7_init.tcl' stored in project is removed.
21:24:35 INFO  : The updated ps init files are copied from platform to folder 'C:\Users\ER250\OneDrive\Documents\ECE520_SOC\ECE520_SandBox\int_gen_soc_re\int_gen_soc_vitis\int_gen_app\_ide\psinit' in project 'int_gen_app'.
21:25:01 INFO  : Checking for BSP changes to sync application flags for project 'int_gen_app'...
21:25:52 INFO  : Connected to target on host '127.0.0.1' and port '3121'.
21:25:53 INFO  : Jtag cable 'Digilent Zybo Z7 210351BE7A49A' is selected.
21:25:53 INFO  : 'jtag frequency' command is executed.
21:25:53 INFO  : Context for 'APU' is selected.
21:25:53 INFO  : System reset is completed.
21:25:56 INFO  : 'after 3000' command is executed.
21:25:56 INFO  : 'targets -set -filter {jtag_cable_name =~ "Digilent Zybo Z7 210351BE7A49A" && level==0 && jtag_device_ctx=="jsn-Zybo Z7-210351BE7A49A-13722093-0"}' command is executed.
21:25:57 INFO  : Device configured successfully with "C:/Users/ER250/OneDrive/Documents/ECE520_SOC/ECE520_SandBox/int_gen_soc_re/int_gen_soc_vitis/int_gen_app/_ide/bitstream/int_gen_bd_re_wrapper.bit"
21:25:57 INFO  : Context for 'APU' is selected.
21:25:57 INFO  : Hardware design and registers information is loaded from 'C:/Users/ER250/OneDrive/Documents/ECE520_SOC/ECE520_SandBox/int_gen_soc_re/int_gen_soc_vitis/int_gen_plat/export/int_gen_plat/hw/int_gen_bd_re_wrapper.xsa'.
21:25:57 INFO  : 'configparams force-mem-access 1' command is executed.
21:25:57 INFO  : Context for 'APU' is selected.
21:25:57 INFO  : Sourcing of 'C:/Users/ER250/OneDrive/Documents/ECE520_SOC/ECE520_SandBox/int_gen_soc_re/int_gen_soc_vitis/int_gen_app/_ide/psinit/ps7_init.tcl' is done.
21:25:58 INFO  : 'ps7_init' command is executed.
21:25:58 INFO  : 'ps7_post_config' command is executed.
21:25:58 INFO  : Context for processor 'ps7_cortexa9_0' is selected.
21:25:58 INFO  : The application 'C:/Users/ER250/OneDrive/Documents/ECE520_SOC/ECE520_SandBox/int_gen_soc_re/int_gen_soc_vitis/int_gen_app/Debug/int_gen_app.elf' is downloaded to processor 'ps7_cortexa9_0'.
21:25:58 INFO  : 'configparams force-mem-access 0' command is executed.
21:25:58 INFO  : ----------------XSDB Script----------------
connect -url tcp:127.0.0.1:3121
targets -set -nocase -filter {name =~"APU*"}
rst -system
after 3000
targets -set -filter {jtag_cable_name =~ "Digilent Zybo Z7 210351BE7A49A" && level==0 && jtag_device_ctx=="jsn-Zybo Z7-210351BE7A49A-13722093-0"}
fpga -file C:/Users/ER250/OneDrive/Documents/ECE520_SOC/ECE520_SandBox/int_gen_soc_re/int_gen_soc_vitis/int_gen_app/_ide/bitstream/int_gen_bd_re_wrapper.bit
targets -set -nocase -filter {name =~"APU*"}
loadhw -hw C:/Users/ER250/OneDrive/Documents/ECE520_SOC/ECE520_SandBox/int_gen_soc_re/int_gen_soc_vitis/int_gen_plat/export/int_gen_plat/hw/int_gen_bd_re_wrapper.xsa -mem-ranges [list {0x40000000 0xbfffffff}] -regs
configparams force-mem-access 1
targets -set -nocase -filter {name =~"APU*"}
source C:/Users/ER250/OneDrive/Documents/ECE520_SOC/ECE520_SandBox/int_gen_soc_re/int_gen_soc_vitis/int_gen_app/_ide/psinit/ps7_init.tcl
ps7_init
ps7_post_config
targets -set -nocase -filter {name =~ "*A9*#0"}
dow C:/Users/ER250/OneDrive/Documents/ECE520_SOC/ECE520_SandBox/int_gen_soc_re/int_gen_soc_vitis/int_gen_app/Debug/int_gen_app.elf
configparams force-mem-access 0
----------------End of Script----------------

21:25:58 INFO  : Context for processor 'ps7_cortexa9_0' is selected.
21:25:58 INFO  : 'con' command is executed.
21:25:58 INFO  : ----------------XSDB Script (After Launch)----------------
targets -set -nocase -filter {name =~ "*A9*#0"}
con
----------------End of Script----------------

21:25:58 INFO  : Launch script is exported to file 'C:\Users\ER250\OneDrive\Documents\ECE520_SOC\ECE520_SandBox\int_gen_soc_re\int_gen_soc_vitis\int_gen_app_system\_ide\scripts\debugger_int_gen_app-default.tcl'
21:26:39 INFO  : Disconnected from the channel tcfchan#3.
21:26:40 INFO  : Connected to target on host '127.0.0.1' and port '3121'.
21:26:49 INFO  : ----------------XSDB Script----------------
connect -url tcp:127.0.0.1:3121
----------------End of Script----------------

21:26:49 ERROR : Could not find Jtag device on the board for connection 'Local'.


Troubleshooting hints:
1. Check whether board is connected to system properly.
2. In case of zynq board, check whether Digilent/Xilinx cable switch settings are correct.
3. If you are using Xilinx Platform Cable USB, ensure that status LED is green.
21:27:02 INFO  : Connected to target on host '127.0.0.1' and port '3121'.
21:27:03 INFO  : Jtag cable 'Digilent Zybo Z7 210351BE7A49A' is selected.
21:27:03 INFO  : 'jtag frequency' command is executed.
21:27:03 INFO  : Context for 'APU' is selected.
21:27:03 INFO  : System reset is completed.
21:27:06 INFO  : 'after 3000' command is executed.
21:27:06 INFO  : 'targets -set -filter {jtag_cable_name =~ "Digilent Zybo Z7 210351BE7A49A" && level==0 && jtag_device_ctx=="jsn-Zybo Z7-210351BE7A49A-13722093-0"}' command is executed.
21:27:07 INFO  : Device configured successfully with "C:/Users/ER250/OneDrive/Documents/ECE520_SOC/ECE520_SandBox/int_gen_soc_re/int_gen_soc_vitis/int_gen_app/_ide/bitstream/int_gen_bd_re_wrapper.bit"
21:27:07 INFO  : Context for 'APU' is selected.
21:27:07 INFO  : Hardware design and registers information is loaded from 'C:/Users/ER250/OneDrive/Documents/ECE520_SOC/ECE520_SandBox/int_gen_soc_re/int_gen_soc_vitis/int_gen_plat/export/int_gen_plat/hw/int_gen_bd_re_wrapper.xsa'.
21:27:07 INFO  : 'configparams force-mem-access 1' command is executed.
21:27:07 INFO  : Context for 'APU' is selected.
21:27:07 INFO  : Sourcing of 'C:/Users/ER250/OneDrive/Documents/ECE520_SOC/ECE520_SandBox/int_gen_soc_re/int_gen_soc_vitis/int_gen_app/_ide/psinit/ps7_init.tcl' is done.
21:27:07 INFO  : 'ps7_init' command is executed.
21:27:07 INFO  : 'ps7_post_config' command is executed.
21:27:07 INFO  : Context for processor 'ps7_cortexa9_0' is selected.
21:27:08 INFO  : The application 'C:/Users/ER250/OneDrive/Documents/ECE520_SOC/ECE520_SandBox/int_gen_soc_re/int_gen_soc_vitis/int_gen_app/Debug/int_gen_app.elf' is downloaded to processor 'ps7_cortexa9_0'.
21:27:08 INFO  : 'configparams force-mem-access 0' command is executed.
21:27:08 INFO  : ----------------XSDB Script----------------
connect -url tcp:127.0.0.1:3121
targets -set -nocase -filter {name =~"APU*"}
rst -system
after 3000
targets -set -filter {jtag_cable_name =~ "Digilent Zybo Z7 210351BE7A49A" && level==0 && jtag_device_ctx=="jsn-Zybo Z7-210351BE7A49A-13722093-0"}
fpga -file C:/Users/ER250/OneDrive/Documents/ECE520_SOC/ECE520_SandBox/int_gen_soc_re/int_gen_soc_vitis/int_gen_app/_ide/bitstream/int_gen_bd_re_wrapper.bit
targets -set -nocase -filter {name =~"APU*"}
loadhw -hw C:/Users/ER250/OneDrive/Documents/ECE520_SOC/ECE520_SandBox/int_gen_soc_re/int_gen_soc_vitis/int_gen_plat/export/int_gen_plat/hw/int_gen_bd_re_wrapper.xsa -mem-ranges [list {0x40000000 0xbfffffff}] -regs
configparams force-mem-access 1
targets -set -nocase -filter {name =~"APU*"}
source C:/Users/ER250/OneDrive/Documents/ECE520_SOC/ECE520_SandBox/int_gen_soc_re/int_gen_soc_vitis/int_gen_app/_ide/psinit/ps7_init.tcl
ps7_init
ps7_post_config
targets -set -nocase -filter {name =~ "*A9*#0"}
dow C:/Users/ER250/OneDrive/Documents/ECE520_SOC/ECE520_SandBox/int_gen_soc_re/int_gen_soc_vitis/int_gen_app/Debug/int_gen_app.elf
configparams force-mem-access 0
----------------End of Script----------------

21:27:08 INFO  : Context for processor 'ps7_cortexa9_0' is selected.
21:27:08 INFO  : 'con' command is executed.
21:27:08 INFO  : ----------------XSDB Script (After Launch)----------------
targets -set -nocase -filter {name =~ "*A9*#0"}
con
----------------End of Script----------------

21:27:08 INFO  : Launch script is exported to file 'C:\Users\ER250\OneDrive\Documents\ECE520_SOC\ECE520_SandBox\int_gen_soc_re\int_gen_soc_vitis\int_gen_app_system\_ide\scripts\debugger_int_gen_app-default.tcl'
21:29:15 INFO  : Disconnected from the channel tcfchan#4.
21:41:36 DEBUG : Logs will be stored at 'C:/Users/ER250/OneDrive/Documents/ECE520_SOC/ECE520_SandBox/int_gen_soc_re/int_gen_soc_vitis/IDE.log'.
21:41:37 INFO  : Launching XSCT server: xsct.bat -n  -interactive C:\Users\ER250\OneDrive\Documents\ECE520_SOC\ECE520_SandBox\int_gen_soc_re\int_gen_soc_vitis\temp_xsdb_launch_script.tcl
21:41:40 INFO  : Registering command handlers for Vitis TCF services
21:41:40 INFO  : XSCT server has started successfully.
21:41:40 INFO  : plnx-install-location is set to ''
21:41:40 INFO  : Successfully done setting XSCT server connection channel  
21:41:40 INFO  : Platform repository initialization has completed.
21:41:40 INFO  : Successfully done setting workspace for the tool. 
21:41:40 INFO  : Successfully done query RDI_DATADIR 
21:42:26 INFO  : Hardware specification for platform project 'int_gen_plat' is updated.
21:42:49 INFO  : No changes in MSS file content so sources will not be generated.
21:43:12 INFO  : No changes in MSS file content so sources will not be generated.
21:43:20 INFO  : No changes in MSS file content so sources will not be generated.
21:44:03 INFO  : Result from executing command 'getProjects': int_gen_plat
21:44:03 INFO  : Result from executing command 'getPlatforms': int_gen_plat|C:/Users/ER250/OneDrive/Documents/ECE520_SOC/ECE520_SandBox/int_gen_soc_re/int_gen_soc_vitis/int_gen_plat/export/int_gen_plat/int_gen_plat.xpfm;xilinx_zcu102_base_202310_1|C:/Xilinx/Vitis/2023.1/base_platforms/xilinx_zcu102_base_202310_1/xilinx_zcu102_base_202310_1.xpfm;xilinx_zcu102_base_dfx_202310_1|C:/Xilinx/Vitis/2023.1/base_platforms/xilinx_zcu102_base_dfx_202310_1/xilinx_zcu102_base_dfx_202310_1.xpfm;xilinx_zcu104_base_202310_1|C:/Xilinx/Vitis/2023.1/base_platforms/xilinx_zcu104_base_202310_1/xilinx_zcu104_base_202310_1.xpfm
21:44:04 INFO  : Checking for BSP changes to sync application flags for project 'int_gen_app'...
21:44:12 INFO  : The hardware specification used by project 'int_gen_app' is out of sync with the platform. Resource files extracted from the hardware specification will be updated.
21:44:12 INFO  : The file 'C:\Users\ER250\OneDrive\Documents\ECE520_SOC\ECE520_SandBox\int_gen_soc_re\int_gen_soc_vitis\int_gen_app\_ide\bitstream\int_gen_bd_re_wrapper.bit' stored in project is removed.
21:44:12 INFO  : The updated bitstream files are copied from platform to folder 'C:\Users\ER250\OneDrive\Documents\ECE520_SOC\ECE520_SandBox\int_gen_soc_re\int_gen_soc_vitis\int_gen_app\_ide\bitstream' in project 'int_gen_app'.
21:44:12 INFO  : The file 'C:\Users\ER250\OneDrive\Documents\ECE520_SOC\ECE520_SandBox\int_gen_soc_re\int_gen_soc_vitis\int_gen_app\_ide\psinit\ps7_init.tcl' stored in project is removed.
21:44:19 INFO  : The updated ps init files are copied from platform to folder 'C:\Users\ER250\OneDrive\Documents\ECE520_SOC\ECE520_SandBox\int_gen_soc_re\int_gen_soc_vitis\int_gen_app\_ide\psinit' in project 'int_gen_app'.
21:46:02 INFO  : Connected to target on host '127.0.0.1' and port '3121'.
21:46:02 INFO  : Jtag cable 'Digilent Zybo Z7 210351BE7A49A' is selected.
21:46:02 INFO  : 'jtag frequency' command is executed.
21:46:02 INFO  : Context for 'APU' is selected.
21:46:02 INFO  : System reset is completed.
21:46:05 INFO  : 'after 3000' command is executed.
21:46:05 INFO  : 'targets -set -filter {jtag_cable_name =~ "Digilent Zybo Z7 210351BE7A49A" && level==0 && jtag_device_ctx=="jsn-Zybo Z7-210351BE7A49A-13722093-0"}' command is executed.
21:46:07 INFO  : Device configured successfully with "C:/Users/ER250/OneDrive/Documents/ECE520_SOC/ECE520_SandBox/int_gen_soc_re/int_gen_soc_vitis/int_gen_app/_ide/bitstream/int_gen_bd_re_wrapper.bit"
21:46:07 INFO  : Context for 'APU' is selected.
21:46:07 INFO  : Hardware design and registers information is loaded from 'C:/Users/ER250/OneDrive/Documents/ECE520_SOC/ECE520_SandBox/int_gen_soc_re/int_gen_soc_vitis/int_gen_plat/export/int_gen_plat/hw/int_gen_bd_re_wrapper.xsa'.
21:46:07 INFO  : 'configparams force-mem-access 1' command is executed.
21:46:07 INFO  : Context for 'APU' is selected.
21:46:07 INFO  : Sourcing of 'C:/Users/ER250/OneDrive/Documents/ECE520_SOC/ECE520_SandBox/int_gen_soc_re/int_gen_soc_vitis/int_gen_app/_ide/psinit/ps7_init.tcl' is done.
21:46:07 INFO  : 'ps7_init' command is executed.
21:46:07 INFO  : 'ps7_post_config' command is executed.
21:46:07 INFO  : Context for processor 'ps7_cortexa9_0' is selected.
21:46:07 INFO  : The application 'C:/Users/ER250/OneDrive/Documents/ECE520_SOC/ECE520_SandBox/int_gen_soc_re/int_gen_soc_vitis/int_gen_app/Debug/int_gen_app.elf' is downloaded to processor 'ps7_cortexa9_0'.
21:46:07 INFO  : 'configparams force-mem-access 0' command is executed.
21:46:07 INFO  : ----------------XSDB Script----------------
connect -url tcp:127.0.0.1:3121
targets -set -nocase -filter {name =~"APU*"}
rst -system
after 3000
targets -set -filter {jtag_cable_name =~ "Digilent Zybo Z7 210351BE7A49A" && level==0 && jtag_device_ctx=="jsn-Zybo Z7-210351BE7A49A-13722093-0"}
fpga -file C:/Users/ER250/OneDrive/Documents/ECE520_SOC/ECE520_SandBox/int_gen_soc_re/int_gen_soc_vitis/int_gen_app/_ide/bitstream/int_gen_bd_re_wrapper.bit
targets -set -nocase -filter {name =~"APU*"}
loadhw -hw C:/Users/ER250/OneDrive/Documents/ECE520_SOC/ECE520_SandBox/int_gen_soc_re/int_gen_soc_vitis/int_gen_plat/export/int_gen_plat/hw/int_gen_bd_re_wrapper.xsa -mem-ranges [list {0x40000000 0xbfffffff}] -regs
configparams force-mem-access 1
targets -set -nocase -filter {name =~"APU*"}
source C:/Users/ER250/OneDrive/Documents/ECE520_SOC/ECE520_SandBox/int_gen_soc_re/int_gen_soc_vitis/int_gen_app/_ide/psinit/ps7_init.tcl
ps7_init
ps7_post_config
targets -set -nocase -filter {name =~ "*A9*#0"}
dow C:/Users/ER250/OneDrive/Documents/ECE520_SOC/ECE520_SandBox/int_gen_soc_re/int_gen_soc_vitis/int_gen_app/Debug/int_gen_app.elf
configparams force-mem-access 0
----------------End of Script----------------

21:46:07 INFO  : Context for processor 'ps7_cortexa9_0' is selected.
21:46:07 INFO  : 'con' command is executed.
21:46:07 INFO  : ----------------XSDB Script (After Launch)----------------
targets -set -nocase -filter {name =~ "*A9*#0"}
con
----------------End of Script----------------

21:46:07 INFO  : Launch script is exported to file 'C:\Users\ER250\OneDrive\Documents\ECE520_SOC\ECE520_SandBox\int_gen_soc_re\int_gen_soc_vitis\int_gen_app_system\_ide\scripts\debugger_int_gen_app-default.tcl'
21:48:42 INFO  : Disconnected from the channel tcfchan#3.
22:11:04 DEBUG : Logs will be stored at 'C:/Users/ER250/OneDrive/Documents/ECE520_SOC/ECE520_SandBox/int_gen_soc_re/int_gen_soc_vitis/IDE.log'.
22:11:05 INFO  : Launching XSCT server: xsct.bat -n  -interactive C:\Users\ER250\OneDrive\Documents\ECE520_SOC\ECE520_SandBox\int_gen_soc_re\int_gen_soc_vitis\temp_xsdb_launch_script.tcl
22:11:08 INFO  : Platform repository initialization has completed.
22:11:08 INFO  : XSCT server has started successfully.
22:11:08 INFO  : Registering command handlers for Vitis TCF services
22:11:08 INFO  : plnx-install-location is set to ''
22:11:08 INFO  : Successfully done setting XSCT server connection channel  
22:11:08 INFO  : Successfully done query RDI_DATADIR 
22:11:08 INFO  : Successfully done setting workspace for the tool. 
22:11:34 INFO  : Hardware specification for platform project 'int_gen_plat' is updated.
22:12:27 INFO  : Result from executing command 'getProjects': int_gen_plat
22:12:27 INFO  : Result from executing command 'getPlatforms': int_gen_plat|C:/Users/ER250/OneDrive/Documents/ECE520_SOC/ECE520_SandBox/int_gen_soc_re/int_gen_soc_vitis/int_gen_plat/export/int_gen_plat/int_gen_plat.xpfm;xilinx_zcu102_base_202310_1|C:/Xilinx/Vitis/2023.1/base_platforms/xilinx_zcu102_base_202310_1/xilinx_zcu102_base_202310_1.xpfm;xilinx_zcu102_base_dfx_202310_1|C:/Xilinx/Vitis/2023.1/base_platforms/xilinx_zcu102_base_dfx_202310_1/xilinx_zcu102_base_dfx_202310_1.xpfm;xilinx_zcu104_base_202310_1|C:/Xilinx/Vitis/2023.1/base_platforms/xilinx_zcu104_base_202310_1/xilinx_zcu104_base_202310_1.xpfm
22:12:28 INFO  : Checking for BSP changes to sync application flags for project 'int_gen_app'...
22:12:35 INFO  : The hardware specification used by project 'int_gen_app' is out of sync with the platform. Resource files extracted from the hardware specification will be updated.
22:12:35 INFO  : The file 'C:\Users\ER250\OneDrive\Documents\ECE520_SOC\ECE520_SandBox\int_gen_soc_re\int_gen_soc_vitis\int_gen_app\_ide\bitstream\int_gen_bd_re_wrapper.bit' stored in project is removed.
22:12:35 INFO  : The updated bitstream files are copied from platform to folder 'C:\Users\ER250\OneDrive\Documents\ECE520_SOC\ECE520_SandBox\int_gen_soc_re\int_gen_soc_vitis\int_gen_app\_ide\bitstream' in project 'int_gen_app'.
22:12:35 INFO  : The file 'C:\Users\ER250\OneDrive\Documents\ECE520_SOC\ECE520_SandBox\int_gen_soc_re\int_gen_soc_vitis\int_gen_app\_ide\psinit\ps7_init.tcl' stored in project is removed.
22:12:41 INFO  : The updated ps init files are copied from platform to folder 'C:\Users\ER250\OneDrive\Documents\ECE520_SOC\ECE520_SandBox\int_gen_soc_re\int_gen_soc_vitis\int_gen_app\_ide\psinit' in project 'int_gen_app'.
22:13:28 INFO  : Connected to target on host '127.0.0.1' and port '3121'.
22:13:28 INFO  : Jtag cable 'Digilent Zybo Z7 210351BE7A49A' is selected.
22:13:28 INFO  : 'jtag frequency' command is executed.
22:13:28 INFO  : Context for 'APU' is selected.
22:13:28 INFO  : System reset is completed.
22:13:31 INFO  : 'after 3000' command is executed.
22:13:32 INFO  : 'targets -set -filter {jtag_cable_name =~ "Digilent Zybo Z7 210351BE7A49A" && level==0 && jtag_device_ctx=="jsn-Zybo Z7-210351BE7A49A-13722093-0"}' command is executed.
22:13:33 INFO  : Device configured successfully with "C:/Users/ER250/OneDrive/Documents/ECE520_SOC/ECE520_SandBox/int_gen_soc_re/int_gen_soc_vitis/int_gen_app/_ide/bitstream/int_gen_bd_re_wrapper.bit"
22:13:33 INFO  : Context for 'APU' is selected.
22:13:33 INFO  : Hardware design and registers information is loaded from 'C:/Users/ER250/OneDrive/Documents/ECE520_SOC/ECE520_SandBox/int_gen_soc_re/int_gen_soc_vitis/int_gen_plat/export/int_gen_plat/hw/int_gen_bd_re_wrapper.xsa'.
22:13:33 INFO  : 'configparams force-mem-access 1' command is executed.
22:13:33 INFO  : Context for 'APU' is selected.
22:13:33 INFO  : Sourcing of 'C:/Users/ER250/OneDrive/Documents/ECE520_SOC/ECE520_SandBox/int_gen_soc_re/int_gen_soc_vitis/int_gen_app/_ide/psinit/ps7_init.tcl' is done.
22:13:34 INFO  : 'ps7_init' command is executed.
22:13:34 INFO  : 'ps7_post_config' command is executed.
22:13:34 INFO  : Context for processor 'ps7_cortexa9_0' is selected.
22:13:34 INFO  : The application 'C:/Users/ER250/OneDrive/Documents/ECE520_SOC/ECE520_SandBox/int_gen_soc_re/int_gen_soc_vitis/int_gen_app/Debug/int_gen_app.elf' is downloaded to processor 'ps7_cortexa9_0'.
22:13:34 INFO  : 'configparams force-mem-access 0' command is executed.
22:13:34 INFO  : ----------------XSDB Script----------------
connect -url tcp:127.0.0.1:3121
targets -set -nocase -filter {name =~"APU*"}
rst -system
after 3000
targets -set -filter {jtag_cable_name =~ "Digilent Zybo Z7 210351BE7A49A" && level==0 && jtag_device_ctx=="jsn-Zybo Z7-210351BE7A49A-13722093-0"}
fpga -file C:/Users/ER250/OneDrive/Documents/ECE520_SOC/ECE520_SandBox/int_gen_soc_re/int_gen_soc_vitis/int_gen_app/_ide/bitstream/int_gen_bd_re_wrapper.bit
targets -set -nocase -filter {name =~"APU*"}
loadhw -hw C:/Users/ER250/OneDrive/Documents/ECE520_SOC/ECE520_SandBox/int_gen_soc_re/int_gen_soc_vitis/int_gen_plat/export/int_gen_plat/hw/int_gen_bd_re_wrapper.xsa -mem-ranges [list {0x40000000 0xbfffffff}] -regs
configparams force-mem-access 1
targets -set -nocase -filter {name =~"APU*"}
source C:/Users/ER250/OneDrive/Documents/ECE520_SOC/ECE520_SandBox/int_gen_soc_re/int_gen_soc_vitis/int_gen_app/_ide/psinit/ps7_init.tcl
ps7_init
ps7_post_config
targets -set -nocase -filter {name =~ "*A9*#0"}
dow C:/Users/ER250/OneDrive/Documents/ECE520_SOC/ECE520_SandBox/int_gen_soc_re/int_gen_soc_vitis/int_gen_app/Debug/int_gen_app.elf
configparams force-mem-access 0
----------------End of Script----------------

22:13:34 INFO  : Context for processor 'ps7_cortexa9_0' is selected.
22:13:34 INFO  : 'con' command is executed.
22:13:34 INFO  : ----------------XSDB Script (After Launch)----------------
targets -set -nocase -filter {name =~ "*A9*#0"}
con
----------------End of Script----------------

22:13:34 INFO  : Launch script is exported to file 'C:\Users\ER250\OneDrive\Documents\ECE520_SOC\ECE520_SandBox\int_gen_soc_re\int_gen_soc_vitis\int_gen_app_system\_ide\scripts\debugger_int_gen_app-default.tcl'
22:14:58 INFO  : Disconnected from the channel tcfchan#3.
10:24:41 DEBUG : Logs will be stored at 'C:/Users/ER250/OneDrive/Documents/ECE520_SOC/ECE520_SandBox/int_gen_soc_re/int_gen_soc_vitis/IDE.log'.
10:24:42 INFO  : Launching XSCT server: xsct.bat -n  -interactive C:\Users\ER250\OneDrive\Documents\ECE520_SOC\ECE520_SandBox\int_gen_soc_re\int_gen_soc_vitis\temp_xsdb_launch_script.tcl
10:24:45 INFO  : Registering command handlers for Vitis TCF services
10:24:46 INFO  : Platform repository initialization has completed.
10:24:48 INFO  : XSCT server has started successfully.
10:24:48 INFO  : plnx-install-location is set to ''
10:24:56 INFO  : Successfully done setting XSCT server connection channel  
10:24:56 INFO  : Successfully done query RDI_DATADIR 
10:24:56 INFO  : Successfully done setting workspace for the tool. 
08:47:25 DEBUG : Logs will be stored at 'C:/Users/ER250/OneDrive/Documents/ECE520_SOC/ECE520_SandBox/int_gen_soc_re/int_gen_soc_vitis/IDE.log'.
08:47:26 INFO  : Launching XSCT server: xsct.bat -n  -interactive C:\Users\ER250\OneDrive\Documents\ECE520_SOC\ECE520_SandBox\int_gen_soc_re\int_gen_soc_vitis\temp_xsdb_launch_script.tcl
08:47:30 INFO  : Registering command handlers for Vitis TCF services
08:47:30 INFO  : Platform repository initialization has completed.
08:47:33 INFO  : XSCT server has started successfully.
08:47:33 INFO  : plnx-install-location is set to ''
08:47:40 INFO  : Successfully done setting XSCT server connection channel  
08:47:40 INFO  : Successfully done query RDI_DATADIR 
08:47:40 INFO  : Successfully done setting workspace for the tool. 
09:07:09 INFO  : Result from executing command 'getProjects': int_gen_plat
09:07:09 INFO  : Result from executing command 'getPlatforms': int_gen_plat|C:/Users/ER250/OneDrive/Documents/ECE520_SOC/ECE520_SandBox/int_gen_soc_re/int_gen_soc_vitis/int_gen_plat/export/int_gen_plat/int_gen_plat.xpfm;xilinx_zcu102_base_202310_1|C:/Xilinx/Vitis/2023.1/base_platforms/xilinx_zcu102_base_202310_1/xilinx_zcu102_base_202310_1.xpfm;xilinx_zcu102_base_dfx_202310_1|C:/Xilinx/Vitis/2023.1/base_platforms/xilinx_zcu102_base_dfx_202310_1/xilinx_zcu102_base_dfx_202310_1.xpfm;xilinx_zcu104_base_202310_1|C:/Xilinx/Vitis/2023.1/base_platforms/xilinx_zcu104_base_202310_1/xilinx_zcu104_base_202310_1.xpfm
09:07:10 INFO  : Checking for BSP changes to sync application flags for project 'int_gen_app'...
09:07:58 INFO  : Connected to target on host '127.0.0.1' and port '3121'.
09:07:59 INFO  : Jtag cable 'Digilent Zybo Z7 210351BE7A49A' is selected.
09:07:59 INFO  : 'jtag frequency' command is executed.
09:07:59 INFO  : Context for 'APU' is selected.
09:07:59 INFO  : System reset is completed.
09:08:02 INFO  : 'after 3000' command is executed.
09:08:02 INFO  : 'targets -set -filter {jtag_cable_name =~ "Digilent Zybo Z7 210351BE7A49A" && level==0 && jtag_device_ctx=="jsn-Zybo Z7-210351BE7A49A-13722093-0"}' command is executed.
09:08:03 INFO  : Device configured successfully with "C:/Users/ER250/OneDrive/Documents/ECE520_SOC/ECE520_SandBox/int_gen_soc_re/int_gen_soc_vitis/int_gen_app/_ide/bitstream/int_gen_bd_re_wrapper.bit"
09:08:03 INFO  : Context for 'APU' is selected.
09:08:03 INFO  : Hardware design and registers information is loaded from 'C:/Users/ER250/OneDrive/Documents/ECE520_SOC/ECE520_SandBox/int_gen_soc_re/int_gen_soc_vitis/int_gen_plat/export/int_gen_plat/hw/int_gen_bd_re_wrapper.xsa'.
09:08:03 INFO  : 'configparams force-mem-access 1' command is executed.
09:08:03 INFO  : Context for 'APU' is selected.
09:08:03 INFO  : Sourcing of 'C:/Users/ER250/OneDrive/Documents/ECE520_SOC/ECE520_SandBox/int_gen_soc_re/int_gen_soc_vitis/int_gen_app/_ide/psinit/ps7_init.tcl' is done.
09:08:04 INFO  : 'ps7_init' command is executed.
09:08:04 INFO  : 'ps7_post_config' command is executed.
09:08:04 INFO  : Context for processor 'ps7_cortexa9_0' is selected.
09:08:04 INFO  : The application 'C:/Users/ER250/OneDrive/Documents/ECE520_SOC/ECE520_SandBox/int_gen_soc_re/int_gen_soc_vitis/int_gen_app/Debug/int_gen_app.elf' is downloaded to processor 'ps7_cortexa9_0'.
09:08:04 INFO  : 'configparams force-mem-access 0' command is executed.
09:08:04 INFO  : ----------------XSDB Script----------------
connect -url tcp:127.0.0.1:3121
targets -set -nocase -filter {name =~"APU*"}
rst -system
after 3000
targets -set -filter {jtag_cable_name =~ "Digilent Zybo Z7 210351BE7A49A" && level==0 && jtag_device_ctx=="jsn-Zybo Z7-210351BE7A49A-13722093-0"}
fpga -file C:/Users/ER250/OneDrive/Documents/ECE520_SOC/ECE520_SandBox/int_gen_soc_re/int_gen_soc_vitis/int_gen_app/_ide/bitstream/int_gen_bd_re_wrapper.bit
targets -set -nocase -filter {name =~"APU*"}
loadhw -hw C:/Users/ER250/OneDrive/Documents/ECE520_SOC/ECE520_SandBox/int_gen_soc_re/int_gen_soc_vitis/int_gen_plat/export/int_gen_plat/hw/int_gen_bd_re_wrapper.xsa -mem-ranges [list {0x40000000 0xbfffffff}] -regs
configparams force-mem-access 1
targets -set -nocase -filter {name =~"APU*"}
source C:/Users/ER250/OneDrive/Documents/ECE520_SOC/ECE520_SandBox/int_gen_soc_re/int_gen_soc_vitis/int_gen_app/_ide/psinit/ps7_init.tcl
ps7_init
ps7_post_config
targets -set -nocase -filter {name =~ "*A9*#0"}
dow C:/Users/ER250/OneDrive/Documents/ECE520_SOC/ECE520_SandBox/int_gen_soc_re/int_gen_soc_vitis/int_gen_app/Debug/int_gen_app.elf
configparams force-mem-access 0
----------------End of Script----------------

09:08:04 INFO  : Context for processor 'ps7_cortexa9_0' is selected.
09:08:04 INFO  : 'con' command is executed.
09:08:04 INFO  : ----------------XSDB Script (After Launch)----------------
targets -set -nocase -filter {name =~ "*A9*#0"}
con
----------------End of Script----------------

09:08:04 INFO  : Launch script is exported to file 'C:\Users\ER250\OneDrive\Documents\ECE520_SOC\ECE520_SandBox\int_gen_soc_re\int_gen_soc_vitis\int_gen_app_system\_ide\scripts\debugger_int_gen_app-default.tcl'
09:23:19 INFO  : Checking for BSP changes to sync application flags for project 'int_gen_app2'...
09:24:01 INFO  : Checking for BSP changes to sync application flags for project 'int_gen_app2'...
09:25:03 INFO  : Disconnected from the channel tcfchan#3.
09:25:04 INFO  : Connected to target on host '127.0.0.1' and port '3121'.
09:25:13 INFO  : ----------------XSDB Script----------------
connect -url tcp:127.0.0.1:3121
----------------End of Script----------------

09:25:13 ERROR : Could not find FPGA device on the board for connection 'Local'.


Troubleshooting hints:
1. Check whether board is connected to system properly.
2. In case of zynq board, check whether Digilent/Xilinx cable switch settings are correct.
3. If you are using Xilinx Platform Cable USB, ensure that status LED is green.
09:25:28 INFO  : Connected to target on host '127.0.0.1' and port '3121'.
09:25:29 INFO  : Jtag cable 'Digilent Zybo Z7 210351BE7A49A' is selected.
09:25:29 INFO  : 'jtag frequency' command is executed.
09:25:29 INFO  : Context for 'APU' is selected.
09:25:29 INFO  : System reset is completed.
09:25:32 INFO  : 'after 3000' command is executed.
09:25:32 INFO  : 'targets -set -filter {jtag_cable_name =~ "Digilent Zybo Z7 210351BE7A49A" && level==0 && jtag_device_ctx=="jsn-Zybo Z7-210351BE7A49A-13722093-0"}' command is executed.
09:25:33 INFO  : Device configured successfully with "C:/Users/ER250/OneDrive/Documents/ECE520_SOC/ECE520_SandBox/int_gen_soc_re/int_gen_soc_vitis/int_gen_app2/_ide/bitstream/int_gen_bd_re_wrapper.bit"
09:25:33 INFO  : Context for 'APU' is selected.
09:25:33 INFO  : Hardware design and registers information is loaded from 'C:/Users/ER250/OneDrive/Documents/ECE520_SOC/ECE520_SandBox/int_gen_soc_re/int_gen_soc_vitis/int_gen_plat/export/int_gen_plat/hw/int_gen_bd_re_wrapper.xsa'.
09:25:33 INFO  : 'configparams force-mem-access 1' command is executed.
09:25:33 INFO  : Context for 'APU' is selected.
09:25:33 INFO  : Sourcing of 'C:/Users/ER250/OneDrive/Documents/ECE520_SOC/ECE520_SandBox/int_gen_soc_re/int_gen_soc_vitis/int_gen_app2/_ide/psinit/ps7_init.tcl' is done.
09:25:33 INFO  : 'ps7_init' command is executed.
09:25:33 INFO  : 'ps7_post_config' command is executed.
09:25:33 INFO  : Context for processor 'ps7_cortexa9_0' is selected.
09:25:34 INFO  : The application 'C:/Users/ER250/OneDrive/Documents/ECE520_SOC/ECE520_SandBox/int_gen_soc_re/int_gen_soc_vitis/int_gen_app2/Debug/int_gen_app2.elf' is downloaded to processor 'ps7_cortexa9_0'.
09:25:34 INFO  : 'configparams force-mem-access 0' command is executed.
09:25:34 INFO  : ----------------XSDB Script----------------
connect -url tcp:127.0.0.1:3121
targets -set -nocase -filter {name =~"APU*"}
rst -system
after 3000
targets -set -filter {jtag_cable_name =~ "Digilent Zybo Z7 210351BE7A49A" && level==0 && jtag_device_ctx=="jsn-Zybo Z7-210351BE7A49A-13722093-0"}
fpga -file C:/Users/ER250/OneDrive/Documents/ECE520_SOC/ECE520_SandBox/int_gen_soc_re/int_gen_soc_vitis/int_gen_app2/_ide/bitstream/int_gen_bd_re_wrapper.bit
targets -set -nocase -filter {name =~"APU*"}
loadhw -hw C:/Users/ER250/OneDrive/Documents/ECE520_SOC/ECE520_SandBox/int_gen_soc_re/int_gen_soc_vitis/int_gen_plat/export/int_gen_plat/hw/int_gen_bd_re_wrapper.xsa -mem-ranges [list {0x40000000 0xbfffffff}] -regs
configparams force-mem-access 1
targets -set -nocase -filter {name =~"APU*"}
source C:/Users/ER250/OneDrive/Documents/ECE520_SOC/ECE520_SandBox/int_gen_soc_re/int_gen_soc_vitis/int_gen_app2/_ide/psinit/ps7_init.tcl
ps7_init
ps7_post_config
targets -set -nocase -filter {name =~ "*A9*#0"}
dow C:/Users/ER250/OneDrive/Documents/ECE520_SOC/ECE520_SandBox/int_gen_soc_re/int_gen_soc_vitis/int_gen_app2/Debug/int_gen_app2.elf
configparams force-mem-access 0
----------------End of Script----------------

09:25:34 INFO  : Context for processor 'ps7_cortexa9_0' is selected.
09:25:34 INFO  : 'con' command is executed.
09:25:34 INFO  : ----------------XSDB Script (After Launch)----------------
targets -set -nocase -filter {name =~ "*A9*#0"}
con
----------------End of Script----------------

09:25:34 INFO  : Launch script is exported to file 'C:\Users\ER250\OneDrive\Documents\ECE520_SOC\ECE520_SandBox\int_gen_soc_re\int_gen_soc_vitis\int_gen_app2_system\_ide\scripts\debugger_int_gen_app2-default.tcl'
09:35:23 INFO  : Result from executing command 'getProjects': int_gen_plat
09:35:23 INFO  : Result from executing command 'getPlatforms': int_gen_plat|C:/Users/ER250/OneDrive/Documents/ECE520_SOC/ECE520_SandBox/int_gen_soc_re/int_gen_soc_vitis/int_gen_plat/export/int_gen_plat/int_gen_plat.xpfm;xilinx_zcu102_base_202310_1|C:/Xilinx/Vitis/2023.1/base_platforms/xilinx_zcu102_base_202310_1/xilinx_zcu102_base_202310_1.xpfm;xilinx_zcu102_base_dfx_202310_1|C:/Xilinx/Vitis/2023.1/base_platforms/xilinx_zcu102_base_dfx_202310_1/xilinx_zcu102_base_dfx_202310_1.xpfm;xilinx_zcu104_base_202310_1|C:/Xilinx/Vitis/2023.1/base_platforms/xilinx_zcu104_base_202310_1/xilinx_zcu104_base_202310_1.xpfm
09:35:24 INFO  : Checking for BSP changes to sync application flags for project 'int_gen_app2'...
09:35:57 INFO  : Disconnected from the channel tcfchan#6.
09:35:58 INFO  : Connected to target on host '127.0.0.1' and port '3121'.
09:35:58 INFO  : Jtag cable 'Digilent Zybo Z7 210351BE7A49A' is selected.
09:35:58 INFO  : 'jtag frequency' command is executed.
09:35:59 INFO  : Context for 'APU' is selected.
09:35:59 INFO  : System reset is completed.
09:36:02 INFO  : 'after 3000' command is executed.
09:36:02 INFO  : 'targets -set -filter {jtag_cable_name =~ "Digilent Zybo Z7 210351BE7A49A" && level==0 && jtag_device_ctx=="jsn-Zybo Z7-210351BE7A49A-13722093-0"}' command is executed.
09:36:03 INFO  : Device configured successfully with "C:/Users/ER250/OneDrive/Documents/ECE520_SOC/ECE520_SandBox/int_gen_soc_re/int_gen_soc_vitis/int_gen_app2/_ide/bitstream/int_gen_bd_re_wrapper.bit"
09:36:03 INFO  : Context for 'APU' is selected.
09:36:03 INFO  : Hardware design and registers information is loaded from 'C:/Users/ER250/OneDrive/Documents/ECE520_SOC/ECE520_SandBox/int_gen_soc_re/int_gen_soc_vitis/int_gen_plat/export/int_gen_plat/hw/int_gen_bd_re_wrapper.xsa'.
09:36:03 INFO  : 'configparams force-mem-access 1' command is executed.
09:36:03 INFO  : Context for 'APU' is selected.
09:36:03 INFO  : Sourcing of 'C:/Users/ER250/OneDrive/Documents/ECE520_SOC/ECE520_SandBox/int_gen_soc_re/int_gen_soc_vitis/int_gen_app2/_ide/psinit/ps7_init.tcl' is done.
09:36:04 INFO  : 'ps7_init' command is executed.
09:36:04 INFO  : 'ps7_post_config' command is executed.
09:36:04 INFO  : Context for processor 'ps7_cortexa9_0' is selected.
09:36:04 INFO  : The application 'C:/Users/ER250/OneDrive/Documents/ECE520_SOC/ECE520_SandBox/int_gen_soc_re/int_gen_soc_vitis/int_gen_app2/Debug/int_gen_app2.elf' is downloaded to processor 'ps7_cortexa9_0'.
09:36:04 INFO  : 'configparams force-mem-access 0' command is executed.
09:36:04 INFO  : ----------------XSDB Script----------------
connect -url tcp:127.0.0.1:3121
targets -set -nocase -filter {name =~"APU*"}
rst -system
after 3000
targets -set -filter {jtag_cable_name =~ "Digilent Zybo Z7 210351BE7A49A" && level==0 && jtag_device_ctx=="jsn-Zybo Z7-210351BE7A49A-13722093-0"}
fpga -file C:/Users/ER250/OneDrive/Documents/ECE520_SOC/ECE520_SandBox/int_gen_soc_re/int_gen_soc_vitis/int_gen_app2/_ide/bitstream/int_gen_bd_re_wrapper.bit
targets -set -nocase -filter {name =~"APU*"}
loadhw -hw C:/Users/ER250/OneDrive/Documents/ECE520_SOC/ECE520_SandBox/int_gen_soc_re/int_gen_soc_vitis/int_gen_plat/export/int_gen_plat/hw/int_gen_bd_re_wrapper.xsa -mem-ranges [list {0x40000000 0xbfffffff}] -regs
configparams force-mem-access 1
targets -set -nocase -filter {name =~"APU*"}
source C:/Users/ER250/OneDrive/Documents/ECE520_SOC/ECE520_SandBox/int_gen_soc_re/int_gen_soc_vitis/int_gen_app2/_ide/psinit/ps7_init.tcl
ps7_init
ps7_post_config
targets -set -nocase -filter {name =~ "*A9*#0"}
dow C:/Users/ER250/OneDrive/Documents/ECE520_SOC/ECE520_SandBox/int_gen_soc_re/int_gen_soc_vitis/int_gen_app2/Debug/int_gen_app2.elf
configparams force-mem-access 0
----------------End of Script----------------

09:36:04 INFO  : Context for processor 'ps7_cortexa9_0' is selected.
09:36:04 INFO  : 'con' command is executed.
09:36:04 INFO  : ----------------XSDB Script (After Launch)----------------
targets -set -nocase -filter {name =~ "*A9*#0"}
con
----------------End of Script----------------

09:36:04 INFO  : Launch script is exported to file 'C:\Users\ER250\OneDrive\Documents\ECE520_SOC\ECE520_SandBox\int_gen_soc_re\int_gen_soc_vitis\int_gen_app2_system\_ide\scripts\debugger_int_gen_app2-default.tcl'
09:36:31 INFO  : Disconnected from the channel tcfchan#9.
09:36:32 INFO  : Connected to target on host '127.0.0.1' and port '3121'.
09:36:32 INFO  : Jtag cable 'Digilent Zybo Z7 210351BE7A49A' is selected.
09:36:32 INFO  : 'jtag frequency' command is executed.
09:36:32 INFO  : Context for 'APU' is selected.
09:36:32 INFO  : System reset is completed.
09:36:35 INFO  : 'after 3000' command is executed.
09:36:36 INFO  : 'targets -set -filter {jtag_cable_name =~ "Digilent Zybo Z7 210351BE7A49A" && level==0 && jtag_device_ctx=="jsn-Zybo Z7-210351BE7A49A-13722093-0"}' command is executed.
09:36:37 INFO  : Device configured successfully with "C:/Users/ER250/OneDrive/Documents/ECE520_SOC/ECE520_SandBox/int_gen_soc_re/int_gen_soc_vitis/int_gen_app2/_ide/bitstream/int_gen_bd_re_wrapper.bit"
09:36:37 INFO  : Context for 'APU' is selected.
09:36:37 INFO  : Hardware design and registers information is loaded from 'C:/Users/ER250/OneDrive/Documents/ECE520_SOC/ECE520_SandBox/int_gen_soc_re/int_gen_soc_vitis/int_gen_plat/export/int_gen_plat/hw/int_gen_bd_re_wrapper.xsa'.
09:36:37 INFO  : 'configparams force-mem-access 1' command is executed.
09:36:37 INFO  : Context for 'APU' is selected.
09:36:37 INFO  : Sourcing of 'C:/Users/ER250/OneDrive/Documents/ECE520_SOC/ECE520_SandBox/int_gen_soc_re/int_gen_soc_vitis/int_gen_app2/_ide/psinit/ps7_init.tcl' is done.
09:36:37 INFO  : 'ps7_init' command is executed.
09:36:37 INFO  : 'ps7_post_config' command is executed.
09:36:37 INFO  : Context for processor 'ps7_cortexa9_0' is selected.
09:36:38 INFO  : The application 'C:/Users/ER250/OneDrive/Documents/ECE520_SOC/ECE520_SandBox/int_gen_soc_re/int_gen_soc_vitis/int_gen_app2/Debug/int_gen_app2.elf' is downloaded to processor 'ps7_cortexa9_0'.
09:36:38 INFO  : 'configparams force-mem-access 0' command is executed.
09:36:38 INFO  : ----------------XSDB Script----------------
connect -url tcp:127.0.0.1:3121
targets -set -nocase -filter {name =~"APU*"}
rst -system
after 3000
targets -set -filter {jtag_cable_name =~ "Digilent Zybo Z7 210351BE7A49A" && level==0 && jtag_device_ctx=="jsn-Zybo Z7-210351BE7A49A-13722093-0"}
fpga -file C:/Users/ER250/OneDrive/Documents/ECE520_SOC/ECE520_SandBox/int_gen_soc_re/int_gen_soc_vitis/int_gen_app2/_ide/bitstream/int_gen_bd_re_wrapper.bit
targets -set -nocase -filter {name =~"APU*"}
loadhw -hw C:/Users/ER250/OneDrive/Documents/ECE520_SOC/ECE520_SandBox/int_gen_soc_re/int_gen_soc_vitis/int_gen_plat/export/int_gen_plat/hw/int_gen_bd_re_wrapper.xsa -mem-ranges [list {0x40000000 0xbfffffff}] -regs
configparams force-mem-access 1
targets -set -nocase -filter {name =~"APU*"}
source C:/Users/ER250/OneDrive/Documents/ECE520_SOC/ECE520_SandBox/int_gen_soc_re/int_gen_soc_vitis/int_gen_app2/_ide/psinit/ps7_init.tcl
ps7_init
ps7_post_config
targets -set -nocase -filter {name =~ "*A9*#0"}
dow C:/Users/ER250/OneDrive/Documents/ECE520_SOC/ECE520_SandBox/int_gen_soc_re/int_gen_soc_vitis/int_gen_app2/Debug/int_gen_app2.elf
configparams force-mem-access 0
----------------End of Script----------------

09:36:38 INFO  : Context for processor 'ps7_cortexa9_0' is selected.
09:36:38 INFO  : 'con' command is executed.
09:36:38 INFO  : ----------------XSDB Script (After Launch)----------------
targets -set -nocase -filter {name =~ "*A9*#0"}
con
----------------End of Script----------------

09:36:38 INFO  : Launch script is exported to file 'C:\Users\ER250\OneDrive\Documents\ECE520_SOC\ECE520_SandBox\int_gen_soc_re\int_gen_soc_vitis\int_gen_app2_system\_ide\scripts\debugger_int_gen_app2-default.tcl'
09:38:38 INFO  : Checking for BSP changes to sync application flags for project 'int_gen_app2'...
09:39:10 INFO  : Disconnected from the channel tcfchan#10.
09:39:11 INFO  : Connected to target on host '127.0.0.1' and port '3121'.
09:39:11 INFO  : Jtag cable 'Digilent Zybo Z7 210351BE7A49A' is selected.
09:39:11 INFO  : 'jtag frequency' command is executed.
09:39:11 INFO  : Context for 'APU' is selected.
09:39:11 INFO  : System reset is completed.
09:39:14 INFO  : 'after 3000' command is executed.
09:39:14 INFO  : 'targets -set -filter {jtag_cable_name =~ "Digilent Zybo Z7 210351BE7A49A" && level==0 && jtag_device_ctx=="jsn-Zybo Z7-210351BE7A49A-13722093-0"}' command is executed.
09:39:15 INFO  : Device configured successfully with "C:/Users/ER250/OneDrive/Documents/ECE520_SOC/ECE520_SandBox/int_gen_soc_re/int_gen_soc_vitis/int_gen_app2/_ide/bitstream/int_gen_bd_re_wrapper.bit"
09:39:15 INFO  : Context for 'APU' is selected.
09:39:15 INFO  : Hardware design and registers information is loaded from 'C:/Users/ER250/OneDrive/Documents/ECE520_SOC/ECE520_SandBox/int_gen_soc_re/int_gen_soc_vitis/int_gen_plat/export/int_gen_plat/hw/int_gen_bd_re_wrapper.xsa'.
09:39:15 INFO  : 'configparams force-mem-access 1' command is executed.
09:39:15 INFO  : Context for 'APU' is selected.
09:39:15 INFO  : Sourcing of 'C:/Users/ER250/OneDrive/Documents/ECE520_SOC/ECE520_SandBox/int_gen_soc_re/int_gen_soc_vitis/int_gen_app2/_ide/psinit/ps7_init.tcl' is done.
09:39:16 INFO  : 'ps7_init' command is executed.
09:39:16 INFO  : 'ps7_post_config' command is executed.
09:39:16 INFO  : Context for processor 'ps7_cortexa9_0' is selected.
09:39:16 INFO  : The application 'C:/Users/ER250/OneDrive/Documents/ECE520_SOC/ECE520_SandBox/int_gen_soc_re/int_gen_soc_vitis/int_gen_app2/Debug/int_gen_app2.elf' is downloaded to processor 'ps7_cortexa9_0'.
09:39:16 INFO  : 'configparams force-mem-access 0' command is executed.
09:39:16 INFO  : ----------------XSDB Script----------------
connect -url tcp:127.0.0.1:3121
targets -set -nocase -filter {name =~"APU*"}
rst -system
after 3000
targets -set -filter {jtag_cable_name =~ "Digilent Zybo Z7 210351BE7A49A" && level==0 && jtag_device_ctx=="jsn-Zybo Z7-210351BE7A49A-13722093-0"}
fpga -file C:/Users/ER250/OneDrive/Documents/ECE520_SOC/ECE520_SandBox/int_gen_soc_re/int_gen_soc_vitis/int_gen_app2/_ide/bitstream/int_gen_bd_re_wrapper.bit
targets -set -nocase -filter {name =~"APU*"}
loadhw -hw C:/Users/ER250/OneDrive/Documents/ECE520_SOC/ECE520_SandBox/int_gen_soc_re/int_gen_soc_vitis/int_gen_plat/export/int_gen_plat/hw/int_gen_bd_re_wrapper.xsa -mem-ranges [list {0x40000000 0xbfffffff}] -regs
configparams force-mem-access 1
targets -set -nocase -filter {name =~"APU*"}
source C:/Users/ER250/OneDrive/Documents/ECE520_SOC/ECE520_SandBox/int_gen_soc_re/int_gen_soc_vitis/int_gen_app2/_ide/psinit/ps7_init.tcl
ps7_init
ps7_post_config
targets -set -nocase -filter {name =~ "*A9*#0"}
dow C:/Users/ER250/OneDrive/Documents/ECE520_SOC/ECE520_SandBox/int_gen_soc_re/int_gen_soc_vitis/int_gen_app2/Debug/int_gen_app2.elf
configparams force-mem-access 0
----------------End of Script----------------

09:39:16 INFO  : Context for processor 'ps7_cortexa9_0' is selected.
09:39:16 INFO  : 'con' command is executed.
09:39:16 INFO  : ----------------XSDB Script (After Launch)----------------
targets -set -nocase -filter {name =~ "*A9*#0"}
con
----------------End of Script----------------

09:39:16 INFO  : Launch script is exported to file 'C:\Users\ER250\OneDrive\Documents\ECE520_SOC\ECE520_SandBox\int_gen_soc_re\int_gen_soc_vitis\int_gen_app2_system\_ide\scripts\debugger_int_gen_app2-default.tcl'
09:41:15 INFO  : Disconnected from the channel tcfchan#12.
09:41:16 INFO  : Connected to target on host '127.0.0.1' and port '3121'.
09:41:25 INFO  : ----------------XSDB Script----------------
connect -url tcp:127.0.0.1:3121
----------------End of Script----------------

09:41:25 ERROR : Could not find ARM device on the board for connection 'Local'.
Check if the target is in:
1. Split JTAG - No operations are possible with ARM DAP.
2. Non JTAG bootmode - Bootrom may need time to enable DAP.
Please try again.


Troubleshooting hints:
1. Check whether board is connected to system properly.
2. In case of zynq board, check whether Digilent/Xilinx cable switch settings are correct.
3. If you are using Xilinx Platform Cable USB, ensure that status LED is green.
09:41:34 INFO  : Connected to target on host '127.0.0.1' and port '3121'.
09:41:34 INFO  : Jtag cable 'Digilent Zybo Z7 210351BE7A49A' is selected.
09:41:34 INFO  : 'jtag frequency' command is executed.
09:41:34 INFO  : Context for 'APU' is selected.
09:41:34 INFO  : System reset is completed.
09:41:37 INFO  : 'after 3000' command is executed.
09:41:37 INFO  : 'targets -set -filter {jtag_cable_name =~ "Digilent Zybo Z7 210351BE7A49A" && level==0 && jtag_device_ctx=="jsn-Zybo Z7-210351BE7A49A-13722093-0"}' command is executed.
09:41:38 INFO  : Device configured successfully with "C:/Users/ER250/OneDrive/Documents/ECE520_SOC/ECE520_SandBox/int_gen_soc_re/int_gen_soc_vitis/int_gen_app2/_ide/bitstream/int_gen_bd_re_wrapper.bit"
09:41:38 INFO  : Context for 'APU' is selected.
09:41:38 INFO  : Hardware design and registers information is loaded from 'C:/Users/ER250/OneDrive/Documents/ECE520_SOC/ECE520_SandBox/int_gen_soc_re/int_gen_soc_vitis/int_gen_plat/export/int_gen_plat/hw/int_gen_bd_re_wrapper.xsa'.
09:41:38 INFO  : 'configparams force-mem-access 1' command is executed.
09:41:39 INFO  : Context for 'APU' is selected.
09:41:39 INFO  : Sourcing of 'C:/Users/ER250/OneDrive/Documents/ECE520_SOC/ECE520_SandBox/int_gen_soc_re/int_gen_soc_vitis/int_gen_app2/_ide/psinit/ps7_init.tcl' is done.
09:41:39 INFO  : 'ps7_init' command is executed.
09:41:39 INFO  : 'ps7_post_config' command is executed.
09:41:39 INFO  : Context for processor 'ps7_cortexa9_0' is selected.
09:41:39 INFO  : The application 'C:/Users/ER250/OneDrive/Documents/ECE520_SOC/ECE520_SandBox/int_gen_soc_re/int_gen_soc_vitis/int_gen_app2/Debug/int_gen_app2.elf' is downloaded to processor 'ps7_cortexa9_0'.
09:41:39 INFO  : 'configparams force-mem-access 0' command is executed.
09:41:39 INFO  : ----------------XSDB Script----------------
connect -url tcp:127.0.0.1:3121
targets -set -nocase -filter {name =~"APU*"}
rst -system
after 3000
targets -set -filter {jtag_cable_name =~ "Digilent Zybo Z7 210351BE7A49A" && level==0 && jtag_device_ctx=="jsn-Zybo Z7-210351BE7A49A-13722093-0"}
fpga -file C:/Users/ER250/OneDrive/Documents/ECE520_SOC/ECE520_SandBox/int_gen_soc_re/int_gen_soc_vitis/int_gen_app2/_ide/bitstream/int_gen_bd_re_wrapper.bit
targets -set -nocase -filter {name =~"APU*"}
loadhw -hw C:/Users/ER250/OneDrive/Documents/ECE520_SOC/ECE520_SandBox/int_gen_soc_re/int_gen_soc_vitis/int_gen_plat/export/int_gen_plat/hw/int_gen_bd_re_wrapper.xsa -mem-ranges [list {0x40000000 0xbfffffff}] -regs
configparams force-mem-access 1
targets -set -nocase -filter {name =~"APU*"}
source C:/Users/ER250/OneDrive/Documents/ECE520_SOC/ECE520_SandBox/int_gen_soc_re/int_gen_soc_vitis/int_gen_app2/_ide/psinit/ps7_init.tcl
ps7_init
ps7_post_config
targets -set -nocase -filter {name =~ "*A9*#0"}
dow C:/Users/ER250/OneDrive/Documents/ECE520_SOC/ECE520_SandBox/int_gen_soc_re/int_gen_soc_vitis/int_gen_app2/Debug/int_gen_app2.elf
configparams force-mem-access 0
----------------End of Script----------------

09:41:39 INFO  : Context for processor 'ps7_cortexa9_0' is selected.
09:41:40 INFO  : 'con' command is executed.
09:41:40 INFO  : ----------------XSDB Script (After Launch)----------------
targets -set -nocase -filter {name =~ "*A9*#0"}
con
----------------End of Script----------------

09:41:40 INFO  : Launch script is exported to file 'C:\Users\ER250\OneDrive\Documents\ECE520_SOC\ECE520_SandBox\int_gen_soc_re\int_gen_soc_vitis\int_gen_app2_system\_ide\scripts\debugger_int_gen_app2-default.tcl'
09:43:20 INFO  : Checking for BSP changes to sync application flags for project 'int_gen_app2'...
09:47:33 INFO  : Checking for BSP changes to sync application flags for project 'int_gen_app2'...
09:48:01 INFO  : Disconnected from the channel tcfchan#13.
09:48:02 INFO  : Connected to target on host '127.0.0.1' and port '3121'.
09:48:12 INFO  : ----------------XSDB Script----------------
connect -url tcp:127.0.0.1:3121
----------------End of Script----------------

09:48:12 ERROR : Could not find FPGA device on the board for connection 'Local'.


Troubleshooting hints:
1. Check whether board is connected to system properly.
2. In case of zynq board, check whether Digilent/Xilinx cable switch settings are correct.
3. If you are using Xilinx Platform Cable USB, ensure that status LED is green.
09:48:19 INFO  : Connected to target on host '127.0.0.1' and port '3121'.
09:48:19 INFO  : Jtag cable 'Digilent Zybo Z7 210351BE7A49A' is selected.
09:48:19 INFO  : 'jtag frequency' command is executed.
09:48:19 INFO  : Context for 'APU' is selected.
09:48:19 INFO  : System reset is completed.
09:48:22 INFO  : 'after 3000' command is executed.
09:48:23 INFO  : 'targets -set -filter {jtag_cable_name =~ "Digilent Zybo Z7 210351BE7A49A" && level==0 && jtag_device_ctx=="jsn-Zybo Z7-210351BE7A49A-13722093-0"}' command is executed.
09:48:24 INFO  : Device configured successfully with "C:/Users/ER250/OneDrive/Documents/ECE520_SOC/ECE520_SandBox/int_gen_soc_re/int_gen_soc_vitis/int_gen_app2/_ide/bitstream/int_gen_bd_re_wrapper.bit"
09:48:24 INFO  : Context for 'APU' is selected.
09:48:24 INFO  : Hardware design and registers information is loaded from 'C:/Users/ER250/OneDrive/Documents/ECE520_SOC/ECE520_SandBox/int_gen_soc_re/int_gen_soc_vitis/int_gen_plat/export/int_gen_plat/hw/int_gen_bd_re_wrapper.xsa'.
09:48:24 INFO  : 'configparams force-mem-access 1' command is executed.
09:48:24 INFO  : Context for 'APU' is selected.
09:48:24 INFO  : Sourcing of 'C:/Users/ER250/OneDrive/Documents/ECE520_SOC/ECE520_SandBox/int_gen_soc_re/int_gen_soc_vitis/int_gen_app2/_ide/psinit/ps7_init.tcl' is done.
09:48:24 INFO  : 'ps7_init' command is executed.
09:48:24 INFO  : 'ps7_post_config' command is executed.
09:48:24 INFO  : Context for processor 'ps7_cortexa9_0' is selected.
09:48:25 INFO  : The application 'C:/Users/ER250/OneDrive/Documents/ECE520_SOC/ECE520_SandBox/int_gen_soc_re/int_gen_soc_vitis/int_gen_app2/Debug/int_gen_app2.elf' is downloaded to processor 'ps7_cortexa9_0'.
09:48:25 INFO  : 'configparams force-mem-access 0' command is executed.
09:48:25 INFO  : ----------------XSDB Script----------------
connect -url tcp:127.0.0.1:3121
targets -set -nocase -filter {name =~"APU*"}
rst -system
after 3000
targets -set -filter {jtag_cable_name =~ "Digilent Zybo Z7 210351BE7A49A" && level==0 && jtag_device_ctx=="jsn-Zybo Z7-210351BE7A49A-13722093-0"}
fpga -file C:/Users/ER250/OneDrive/Documents/ECE520_SOC/ECE520_SandBox/int_gen_soc_re/int_gen_soc_vitis/int_gen_app2/_ide/bitstream/int_gen_bd_re_wrapper.bit
targets -set -nocase -filter {name =~"APU*"}
loadhw -hw C:/Users/ER250/OneDrive/Documents/ECE520_SOC/ECE520_SandBox/int_gen_soc_re/int_gen_soc_vitis/int_gen_plat/export/int_gen_plat/hw/int_gen_bd_re_wrapper.xsa -mem-ranges [list {0x40000000 0xbfffffff}] -regs
configparams force-mem-access 1
targets -set -nocase -filter {name =~"APU*"}
source C:/Users/ER250/OneDrive/Documents/ECE520_SOC/ECE520_SandBox/int_gen_soc_re/int_gen_soc_vitis/int_gen_app2/_ide/psinit/ps7_init.tcl
ps7_init
ps7_post_config
targets -set -nocase -filter {name =~ "*A9*#0"}
dow C:/Users/ER250/OneDrive/Documents/ECE520_SOC/ECE520_SandBox/int_gen_soc_re/int_gen_soc_vitis/int_gen_app2/Debug/int_gen_app2.elf
configparams force-mem-access 0
----------------End of Script----------------

09:48:25 INFO  : Context for processor 'ps7_cortexa9_0' is selected.
09:48:25 INFO  : 'con' command is executed.
09:48:25 INFO  : ----------------XSDB Script (After Launch)----------------
targets -set -nocase -filter {name =~ "*A9*#0"}
con
----------------End of Script----------------

09:48:25 INFO  : Launch script is exported to file 'C:\Users\ER250\OneDrive\Documents\ECE520_SOC\ECE520_SandBox\int_gen_soc_re\int_gen_soc_vitis\int_gen_app2_system\_ide\scripts\debugger_int_gen_app2-default.tcl'
09:49:11 INFO  : Checking for BSP changes to sync application flags for project 'int_gen_app2'...
09:49:34 INFO  : Disconnected from the channel tcfchan#16.
09:49:35 INFO  : Connected to target on host '127.0.0.1' and port '3121'.
09:49:37 INFO  : Jtag cable 'Digilent Zybo Z7 210351BE7A49A' is selected.
09:49:37 INFO  : 'jtag frequency' command is executed.
09:49:37 INFO  : Context for 'APU' is selected.
09:49:37 INFO  : System reset is completed.
09:49:40 INFO  : 'after 3000' command is executed.
09:49:40 INFO  : 'targets -set -filter {jtag_cable_name =~ "Digilent Zybo Z7 210351BE7A49A" && level==0 && jtag_device_ctx=="jsn-Zybo Z7-210351BE7A49A-13722093-0"}' command is executed.
09:49:42 INFO  : Device configured successfully with "C:/Users/ER250/OneDrive/Documents/ECE520_SOC/ECE520_SandBox/int_gen_soc_re/int_gen_soc_vitis/int_gen_app2/_ide/bitstream/int_gen_bd_re_wrapper.bit"
09:49:42 INFO  : Context for 'APU' is selected.
09:49:42 INFO  : Hardware design and registers information is loaded from 'C:/Users/ER250/OneDrive/Documents/ECE520_SOC/ECE520_SandBox/int_gen_soc_re/int_gen_soc_vitis/int_gen_plat/export/int_gen_plat/hw/int_gen_bd_re_wrapper.xsa'.
09:49:42 INFO  : 'configparams force-mem-access 1' command is executed.
09:49:42 INFO  : Context for 'APU' is selected.
09:49:42 INFO  : Sourcing of 'C:/Users/ER250/OneDrive/Documents/ECE520_SOC/ECE520_SandBox/int_gen_soc_re/int_gen_soc_vitis/int_gen_app2/_ide/psinit/ps7_init.tcl' is done.
09:49:42 INFO  : 'ps7_init' command is executed.
09:49:42 INFO  : 'ps7_post_config' command is executed.
09:49:42 INFO  : Context for processor 'ps7_cortexa9_0' is selected.
09:49:43 INFO  : The application 'C:/Users/ER250/OneDrive/Documents/ECE520_SOC/ECE520_SandBox/int_gen_soc_re/int_gen_soc_vitis/int_gen_app2/Debug/int_gen_app2.elf' is downloaded to processor 'ps7_cortexa9_0'.
09:49:43 INFO  : 'configparams force-mem-access 0' command is executed.
09:49:43 INFO  : ----------------XSDB Script----------------
connect -url tcp:127.0.0.1:3121
targets -set -nocase -filter {name =~"APU*"}
rst -system
after 3000
targets -set -filter {jtag_cable_name =~ "Digilent Zybo Z7 210351BE7A49A" && level==0 && jtag_device_ctx=="jsn-Zybo Z7-210351BE7A49A-13722093-0"}
fpga -file C:/Users/ER250/OneDrive/Documents/ECE520_SOC/ECE520_SandBox/int_gen_soc_re/int_gen_soc_vitis/int_gen_app2/_ide/bitstream/int_gen_bd_re_wrapper.bit
targets -set -nocase -filter {name =~"APU*"}
loadhw -hw C:/Users/ER250/OneDrive/Documents/ECE520_SOC/ECE520_SandBox/int_gen_soc_re/int_gen_soc_vitis/int_gen_plat/export/int_gen_plat/hw/int_gen_bd_re_wrapper.xsa -mem-ranges [list {0x40000000 0xbfffffff}] -regs
configparams force-mem-access 1
targets -set -nocase -filter {name =~"APU*"}
source C:/Users/ER250/OneDrive/Documents/ECE520_SOC/ECE520_SandBox/int_gen_soc_re/int_gen_soc_vitis/int_gen_app2/_ide/psinit/ps7_init.tcl
ps7_init
ps7_post_config
targets -set -nocase -filter {name =~ "*A9*#0"}
dow C:/Users/ER250/OneDrive/Documents/ECE520_SOC/ECE520_SandBox/int_gen_soc_re/int_gen_soc_vitis/int_gen_app2/Debug/int_gen_app2.elf
configparams force-mem-access 0
----------------End of Script----------------

09:49:43 INFO  : Context for processor 'ps7_cortexa9_0' is selected.
09:49:43 INFO  : 'con' command is executed.
09:49:43 INFO  : ----------------XSDB Script (After Launch)----------------
targets -set -nocase -filter {name =~ "*A9*#0"}
con
----------------End of Script----------------

09:49:43 INFO  : Launch script is exported to file 'C:\Users\ER250\OneDrive\Documents\ECE520_SOC\ECE520_SandBox\int_gen_soc_re\int_gen_soc_vitis\int_gen_app2_system\_ide\scripts\debugger_int_gen_app2-default.tcl'
09:51:43 INFO  : Disconnected from the channel tcfchan#18.
14:03:04 DEBUG : Logs will be stored at 'C:/Users/ER250/OneDrive/Documents/ECE520_SOC/ECE520_SandBox/int_gen_soc_re/int_gen_soc_vitis/IDE.log'.
14:03:05 INFO  : Launching XSCT server: xsct.bat -n  -interactive C:\Users\ER250\OneDrive\Documents\ECE520_SOC\ECE520_SandBox\int_gen_soc_re\int_gen_soc_vitis\temp_xsdb_launch_script.tcl
14:03:08 INFO  : Registering command handlers for Vitis TCF services
14:03:08 INFO  : XSCT server has started successfully.
14:03:08 INFO  : Platform repository initialization has completed.
14:03:14 INFO  : plnx-install-location is set to ''
14:03:14 INFO  : Successfully done setting XSCT server connection channel  
14:03:14 INFO  : Successfully done query RDI_DATADIR 
14:03:14 INFO  : Successfully done setting workspace for the tool. 
14:05:41 INFO  : Connected to target on host '127.0.0.1' and port '3121'.
14:05:41 INFO  : Jtag cable 'Digilent Zybo Z7 210351BE7A49A' is selected.
14:05:41 INFO  : 'jtag frequency' command is executed.
14:05:41 INFO  : Context for 'APU' is selected.
14:05:41 INFO  : System reset is completed.
14:05:44 INFO  : 'after 3000' command is executed.
14:05:45 INFO  : 'targets -set -filter {jtag_cable_name =~ "Digilent Zybo Z7 210351BE7A49A" && level==0 && jtag_device_ctx=="jsn-Zybo Z7-210351BE7A49A-13722093-0"}' command is executed.
14:05:46 INFO  : Device configured successfully with "C:/Users/ER250/OneDrive/Documents/ECE520_SOC/ECE520_SandBox/int_gen_soc_re/int_gen_soc_vitis/int_gen_app2/_ide/bitstream/int_gen_bd_re_wrapper.bit"
14:05:46 INFO  : Context for 'APU' is selected.
14:05:46 INFO  : Hardware design and registers information is loaded from 'C:/Users/ER250/OneDrive/Documents/ECE520_SOC/ECE520_SandBox/int_gen_soc_re/int_gen_soc_vitis/int_gen_plat/export/int_gen_plat/hw/int_gen_bd_re_wrapper.xsa'.
14:05:46 INFO  : 'configparams force-mem-access 1' command is executed.
14:05:46 INFO  : Context for 'APU' is selected.
14:05:46 INFO  : Sourcing of 'C:/Users/ER250/OneDrive/Documents/ECE520_SOC/ECE520_SandBox/int_gen_soc_re/int_gen_soc_vitis/int_gen_app2/_ide/psinit/ps7_init.tcl' is done.
14:05:46 INFO  : 'ps7_init' command is executed.
14:05:46 INFO  : 'ps7_post_config' command is executed.
14:05:46 INFO  : Context for processor 'ps7_cortexa9_0' is selected.
14:05:46 INFO  : The application 'C:/Users/ER250/OneDrive/Documents/ECE520_SOC/ECE520_SandBox/int_gen_soc_re/int_gen_soc_vitis/int_gen_app2/Debug/int_gen_app2.elf' is downloaded to processor 'ps7_cortexa9_0'.
14:05:47 INFO  : 'configparams force-mem-access 0' command is executed.
14:05:47 INFO  : ----------------XSDB Script----------------
connect -url tcp:127.0.0.1:3121
targets -set -nocase -filter {name =~"APU*"}
rst -system
after 3000
targets -set -filter {jtag_cable_name =~ "Digilent Zybo Z7 210351BE7A49A" && level==0 && jtag_device_ctx=="jsn-Zybo Z7-210351BE7A49A-13722093-0"}
fpga -file C:/Users/ER250/OneDrive/Documents/ECE520_SOC/ECE520_SandBox/int_gen_soc_re/int_gen_soc_vitis/int_gen_app2/_ide/bitstream/int_gen_bd_re_wrapper.bit
targets -set -nocase -filter {name =~"APU*"}
loadhw -hw C:/Users/ER250/OneDrive/Documents/ECE520_SOC/ECE520_SandBox/int_gen_soc_re/int_gen_soc_vitis/int_gen_plat/export/int_gen_plat/hw/int_gen_bd_re_wrapper.xsa -mem-ranges [list {0x40000000 0xbfffffff}] -regs
configparams force-mem-access 1
targets -set -nocase -filter {name =~"APU*"}
source C:/Users/ER250/OneDrive/Documents/ECE520_SOC/ECE520_SandBox/int_gen_soc_re/int_gen_soc_vitis/int_gen_app2/_ide/psinit/ps7_init.tcl
ps7_init
ps7_post_config
targets -set -nocase -filter {name =~ "*A9*#0"}
dow C:/Users/ER250/OneDrive/Documents/ECE520_SOC/ECE520_SandBox/int_gen_soc_re/int_gen_soc_vitis/int_gen_app2/Debug/int_gen_app2.elf
configparams force-mem-access 0
----------------End of Script----------------

14:05:47 INFO  : Context for processor 'ps7_cortexa9_0' is selected.
14:05:47 INFO  : 'con' command is executed.
14:05:47 INFO  : ----------------XSDB Script (After Launch)----------------
targets -set -nocase -filter {name =~ "*A9*#0"}
con
----------------End of Script----------------

14:05:47 INFO  : Launch script is exported to file 'C:\Users\ER250\OneDrive\Documents\ECE520_SOC\ECE520_SandBox\int_gen_soc_re\int_gen_soc_vitis\int_gen_app2_system\_ide\scripts\debugger_int_gen_app2-default.tcl'
14:06:09 INFO  : Disconnected from the channel tcfchan#1.
14:06:10 INFO  : Connected to target on host '127.0.0.1' and port '3121'.
14:06:10 INFO  : Jtag cable 'Digilent Zybo Z7 210351BE7A49A' is selected.
14:06:10 ERROR : port closed
14:06:10 INFO  : ----------------XSDB Script----------------
connect -url tcp:127.0.0.1:3121
----------------End of Script----------------

14:06:10 ERROR : port closed
14:06:16 INFO  : Connected to target on host '127.0.0.1' and port '3121'.
14:06:16 INFO  : Jtag cable 'Digilent Zybo Z7 210351BE7A49A' is selected.
14:06:16 INFO  : 'jtag frequency' command is executed.
14:06:16 INFO  : Context for 'APU' is selected.
14:06:16 INFO  : System reset is completed.
14:06:19 INFO  : 'after 3000' command is executed.
14:06:19 INFO  : 'targets -set -filter {jtag_cable_name =~ "Digilent Zybo Z7 210351BE7A49A" && level==0 && jtag_device_ctx=="jsn-Zybo Z7-210351BE7A49A-13722093-0"}' command is executed.
14:06:20 INFO  : Device configured successfully with "C:/Users/ER250/OneDrive/Documents/ECE520_SOC/ECE520_SandBox/int_gen_soc_re/int_gen_soc_vitis/int_gen_app2/_ide/bitstream/int_gen_bd_re_wrapper.bit"
14:06:20 INFO  : Context for 'APU' is selected.
14:06:22 INFO  : Hardware design and registers information is loaded from 'C:/Users/ER250/OneDrive/Documents/ECE520_SOC/ECE520_SandBox/int_gen_soc_re/int_gen_soc_vitis/int_gen_plat/export/int_gen_plat/hw/int_gen_bd_re_wrapper.xsa'.
14:06:22 INFO  : 'configparams force-mem-access 1' command is executed.
14:06:22 INFO  : Context for 'APU' is selected.
14:06:22 INFO  : Sourcing of 'C:/Users/ER250/OneDrive/Documents/ECE520_SOC/ECE520_SandBox/int_gen_soc_re/int_gen_soc_vitis/int_gen_app2/_ide/psinit/ps7_init.tcl' is done.
14:06:22 INFO  : 'ps7_init' command is executed.
14:06:22 INFO  : 'ps7_post_config' command is executed.
14:06:22 INFO  : Context for processor 'ps7_cortexa9_0' is selected.
14:06:23 INFO  : The application 'C:/Users/ER250/OneDrive/Documents/ECE520_SOC/ECE520_SandBox/int_gen_soc_re/int_gen_soc_vitis/int_gen_app2/Debug/int_gen_app2.elf' is downloaded to processor 'ps7_cortexa9_0'.
14:06:23 INFO  : 'configparams force-mem-access 0' command is executed.
14:06:23 INFO  : ----------------XSDB Script----------------
connect -url tcp:127.0.0.1:3121
targets -set -nocase -filter {name =~"APU*"}
rst -system
after 3000
targets -set -filter {jtag_cable_name =~ "Digilent Zybo Z7 210351BE7A49A" && level==0 && jtag_device_ctx=="jsn-Zybo Z7-210351BE7A49A-13722093-0"}
fpga -file C:/Users/ER250/OneDrive/Documents/ECE520_SOC/ECE520_SandBox/int_gen_soc_re/int_gen_soc_vitis/int_gen_app2/_ide/bitstream/int_gen_bd_re_wrapper.bit
targets -set -nocase -filter {name =~"APU*"}
loadhw -hw C:/Users/ER250/OneDrive/Documents/ECE520_SOC/ECE520_SandBox/int_gen_soc_re/int_gen_soc_vitis/int_gen_plat/export/int_gen_plat/hw/int_gen_bd_re_wrapper.xsa -mem-ranges [list {0x40000000 0xbfffffff}] -regs
configparams force-mem-access 1
targets -set -nocase -filter {name =~"APU*"}
source C:/Users/ER250/OneDrive/Documents/ECE520_SOC/ECE520_SandBox/int_gen_soc_re/int_gen_soc_vitis/int_gen_app2/_ide/psinit/ps7_init.tcl
ps7_init
ps7_post_config
targets -set -nocase -filter {name =~ "*A9*#0"}
dow C:/Users/ER250/OneDrive/Documents/ECE520_SOC/ECE520_SandBox/int_gen_soc_re/int_gen_soc_vitis/int_gen_app2/Debug/int_gen_app2.elf
configparams force-mem-access 0
----------------End of Script----------------

14:06:23 INFO  : Context for processor 'ps7_cortexa9_0' is selected.
14:06:23 INFO  : 'con' command is executed.
14:06:23 INFO  : ----------------XSDB Script (After Launch)----------------
targets -set -nocase -filter {name =~ "*A9*#0"}
con
----------------End of Script----------------

14:06:23 INFO  : Launch script is exported to file 'C:\Users\ER250\OneDrive\Documents\ECE520_SOC\ECE520_SandBox\int_gen_soc_re\int_gen_soc_vitis\int_gen_app2_system\_ide\scripts\debugger_int_gen_app2-default.tcl'
14:20:06 INFO  : Checking for BSP changes to sync application flags for project 'int_gen_app2'...
14:20:11 ERROR : (XSDB Server)ERROR: [Hsi 55-1571] The design file C:/Users/ER250/OneDrive/Documents/ECE520_SOC/ECE520_SandBox/int_gen_soc_re/int_gen_soc_vitis/int_gen_plat/export/int_gen_plat/hw/int_gen_bd_re_wrapper.xsa is already opened

14:28:59 INFO  : Checking for BSP changes to sync application flags for project 'int_gen_app2'...
14:29:04 ERROR : (XSDB Server)ERROR: [Hsi 55-1571] The design file C:/Users/ER250/OneDrive/Documents/ECE520_SOC/ECE520_SandBox/int_gen_soc_re/int_gen_soc_vitis/int_gen_plat/export/int_gen_plat/hw/int_gen_bd_re_wrapper.xsa is already opened

14:29:39 INFO  : Disconnected from the channel tcfchan#2.
14:29:40 INFO  : Connected to target on host '127.0.0.1' and port '3121'.
14:29:49 INFO  : ----------------XSDB Script----------------
connect -url tcp:127.0.0.1:3121
----------------End of Script----------------

14:29:49 ERROR : Could not find FPGA device on the board for connection 'Local'.


Troubleshooting hints:
1. Check whether board is connected to system properly.
2. In case of zynq board, check whether Digilent/Xilinx cable switch settings are correct.
3. If you are using Xilinx Platform Cable USB, ensure that status LED is green.
14:29:56 INFO  : Connected to target on host '127.0.0.1' and port '3121'.
14:29:56 INFO  : Jtag cable 'Digilent Zybo Z7 210351BE7A49A' is selected.
14:29:56 INFO  : 'jtag frequency' command is executed.
14:29:56 INFO  : Context for 'APU' is selected.
14:29:56 INFO  : System reset is completed.
14:29:59 INFO  : 'after 3000' command is executed.
14:29:59 INFO  : 'targets -set -filter {jtag_cable_name =~ "Digilent Zybo Z7 210351BE7A49A" && level==0 && jtag_device_ctx=="jsn-Zybo Z7-210351BE7A49A-13722093-0"}' command is executed.
14:30:00 INFO  : Device configured successfully with "C:/Users/ER250/OneDrive/Documents/ECE520_SOC/ECE520_SandBox/int_gen_soc_re/int_gen_soc_vitis/int_gen_app2/_ide/bitstream/int_gen_bd_re_wrapper.bit"
14:30:00 INFO  : Context for 'APU' is selected.
14:30:03 INFO  : Hardware design and registers information is loaded from 'C:/Users/ER250/OneDrive/Documents/ECE520_SOC/ECE520_SandBox/int_gen_soc_re/int_gen_soc_vitis/int_gen_plat/export/int_gen_plat/hw/int_gen_bd_re_wrapper.xsa'.
14:30:03 INFO  : 'configparams force-mem-access 1' command is executed.
14:30:03 INFO  : Context for 'APU' is selected.
14:30:03 INFO  : Sourcing of 'C:/Users/ER250/OneDrive/Documents/ECE520_SOC/ECE520_SandBox/int_gen_soc_re/int_gen_soc_vitis/int_gen_app2/_ide/psinit/ps7_init.tcl' is done.
14:30:03 INFO  : 'ps7_init' command is executed.
14:30:03 INFO  : 'ps7_post_config' command is executed.
14:30:03 INFO  : Context for processor 'ps7_cortexa9_0' is selected.
14:30:03 INFO  : The application 'C:/Users/ER250/OneDrive/Documents/ECE520_SOC/ECE520_SandBox/int_gen_soc_re/int_gen_soc_vitis/int_gen_app2/Debug/int_gen_app2.elf' is downloaded to processor 'ps7_cortexa9_0'.
14:30:03 INFO  : 'configparams force-mem-access 0' command is executed.
14:30:03 INFO  : ----------------XSDB Script----------------
connect -url tcp:127.0.0.1:3121
targets -set -nocase -filter {name =~"APU*"}
rst -system
after 3000
targets -set -filter {jtag_cable_name =~ "Digilent Zybo Z7 210351BE7A49A" && level==0 && jtag_device_ctx=="jsn-Zybo Z7-210351BE7A49A-13722093-0"}
fpga -file C:/Users/ER250/OneDrive/Documents/ECE520_SOC/ECE520_SandBox/int_gen_soc_re/int_gen_soc_vitis/int_gen_app2/_ide/bitstream/int_gen_bd_re_wrapper.bit
targets -set -nocase -filter {name =~"APU*"}
loadhw -hw C:/Users/ER250/OneDrive/Documents/ECE520_SOC/ECE520_SandBox/int_gen_soc_re/int_gen_soc_vitis/int_gen_plat/export/int_gen_plat/hw/int_gen_bd_re_wrapper.xsa -mem-ranges [list {0x40000000 0xbfffffff}] -regs
configparams force-mem-access 1
targets -set -nocase -filter {name =~"APU*"}
source C:/Users/ER250/OneDrive/Documents/ECE520_SOC/ECE520_SandBox/int_gen_soc_re/int_gen_soc_vitis/int_gen_app2/_ide/psinit/ps7_init.tcl
ps7_init
ps7_post_config
targets -set -nocase -filter {name =~ "*A9*#0"}
dow C:/Users/ER250/OneDrive/Documents/ECE520_SOC/ECE520_SandBox/int_gen_soc_re/int_gen_soc_vitis/int_gen_app2/Debug/int_gen_app2.elf
configparams force-mem-access 0
----------------End of Script----------------

14:30:03 INFO  : Context for processor 'ps7_cortexa9_0' is selected.
14:30:03 INFO  : 'con' command is executed.
14:30:03 INFO  : ----------------XSDB Script (After Launch)----------------
targets -set -nocase -filter {name =~ "*A9*#0"}
con
----------------End of Script----------------

14:30:03 INFO  : Launch script is exported to file 'C:\Users\ER250\OneDrive\Documents\ECE520_SOC\ECE520_SandBox\int_gen_soc_re\int_gen_soc_vitis\int_gen_app2_system\_ide\scripts\debugger_int_gen_app2-default.tcl'
14:30:22 INFO  : Disconnected from the channel tcfchan#5.
14:30:23 INFO  : Connected to target on host '127.0.0.1' and port '3121'.
14:30:32 INFO  : ----------------XSDB Script----------------
connect -url tcp:127.0.0.1:3121
----------------End of Script----------------

14:30:32 ERROR : Could not find Jtag device on the board for connection 'Local'.


Troubleshooting hints:
1. Check whether board is connected to system properly.
2. In case of zynq board, check whether Digilent/Xilinx cable switch settings are correct.
3. If you are using Xilinx Platform Cable USB, ensure that status LED is green.
14:30:49 INFO  : Connected to target on host '127.0.0.1' and port '3121'.
14:30:50 INFO  : Jtag cable 'Digilent Zybo Z7 210351BE7A49A' is selected.
14:30:50 INFO  : 'jtag frequency' command is executed.
14:30:50 INFO  : Context for 'APU' is selected.
14:30:50 INFO  : System reset is completed.
14:30:53 INFO  : 'after 3000' command is executed.
14:30:53 INFO  : 'targets -set -filter {jtag_cable_name =~ "Digilent Zybo Z7 210351BE7A49A" && level==0 && jtag_device_ctx=="jsn-Zybo Z7-210351BE7A49A-13722093-0"}' command is executed.
14:30:54 INFO  : Device configured successfully with "C:/Users/ER250/OneDrive/Documents/ECE520_SOC/ECE520_SandBox/int_gen_soc_re/int_gen_soc_vitis/int_gen_app2/_ide/bitstream/int_gen_bd_re_wrapper.bit"
14:30:54 INFO  : Context for 'APU' is selected.
14:30:56 INFO  : Hardware design and registers information is loaded from 'C:/Users/ER250/OneDrive/Documents/ECE520_SOC/ECE520_SandBox/int_gen_soc_re/int_gen_soc_vitis/int_gen_plat/export/int_gen_plat/hw/int_gen_bd_re_wrapper.xsa'.
14:30:56 INFO  : 'configparams force-mem-access 1' command is executed.
14:30:56 INFO  : Context for 'APU' is selected.
14:30:56 INFO  : Sourcing of 'C:/Users/ER250/OneDrive/Documents/ECE520_SOC/ECE520_SandBox/int_gen_soc_re/int_gen_soc_vitis/int_gen_app2/_ide/psinit/ps7_init.tcl' is done.
14:30:57 INFO  : 'ps7_init' command is executed.
14:30:57 INFO  : 'ps7_post_config' command is executed.
14:30:57 INFO  : Context for processor 'ps7_cortexa9_0' is selected.
14:30:57 INFO  : The application 'C:/Users/ER250/OneDrive/Documents/ECE520_SOC/ECE520_SandBox/int_gen_soc_re/int_gen_soc_vitis/int_gen_app2/Debug/int_gen_app2.elf' is downloaded to processor 'ps7_cortexa9_0'.
14:30:57 INFO  : 'configparams force-mem-access 0' command is executed.
14:30:57 INFO  : ----------------XSDB Script----------------
connect -url tcp:127.0.0.1:3121
targets -set -nocase -filter {name =~"APU*"}
rst -system
after 3000
targets -set -filter {jtag_cable_name =~ "Digilent Zybo Z7 210351BE7A49A" && level==0 && jtag_device_ctx=="jsn-Zybo Z7-210351BE7A49A-13722093-0"}
fpga -file C:/Users/ER250/OneDrive/Documents/ECE520_SOC/ECE520_SandBox/int_gen_soc_re/int_gen_soc_vitis/int_gen_app2/_ide/bitstream/int_gen_bd_re_wrapper.bit
targets -set -nocase -filter {name =~"APU*"}
loadhw -hw C:/Users/ER250/OneDrive/Documents/ECE520_SOC/ECE520_SandBox/int_gen_soc_re/int_gen_soc_vitis/int_gen_plat/export/int_gen_plat/hw/int_gen_bd_re_wrapper.xsa -mem-ranges [list {0x40000000 0xbfffffff}] -regs
configparams force-mem-access 1
targets -set -nocase -filter {name =~"APU*"}
source C:/Users/ER250/OneDrive/Documents/ECE520_SOC/ECE520_SandBox/int_gen_soc_re/int_gen_soc_vitis/int_gen_app2/_ide/psinit/ps7_init.tcl
ps7_init
ps7_post_config
targets -set -nocase -filter {name =~ "*A9*#0"}
dow C:/Users/ER250/OneDrive/Documents/ECE520_SOC/ECE520_SandBox/int_gen_soc_re/int_gen_soc_vitis/int_gen_app2/Debug/int_gen_app2.elf
configparams force-mem-access 0
----------------End of Script----------------

14:30:57 INFO  : Context for processor 'ps7_cortexa9_0' is selected.
14:30:57 INFO  : 'con' command is executed.
14:30:57 INFO  : ----------------XSDB Script (After Launch)----------------
targets -set -nocase -filter {name =~ "*A9*#0"}
con
----------------End of Script----------------

14:30:57 INFO  : Launch script is exported to file 'C:\Users\ER250\OneDrive\Documents\ECE520_SOC\ECE520_SandBox\int_gen_soc_re\int_gen_soc_vitis\int_gen_app2_system\_ide\scripts\debugger_int_gen_app2-default.tcl'
14:35:42 INFO  : Checking for BSP changes to sync application flags for project 'int_gen_app2'...
14:35:49 ERROR : (XSDB Server)ERROR: [Hsi 55-1571] The design file C:/Users/ER250/OneDrive/Documents/ECE520_SOC/ECE520_SandBox/int_gen_soc_re/int_gen_soc_vitis/int_gen_plat/export/int_gen_plat/hw/int_gen_bd_re_wrapper.xsa is already opened

14:37:28 INFO  : Disconnected from the channel tcfchan#6.
14:37:29 INFO  : Connected to target on host '127.0.0.1' and port '3121'.
14:37:29 INFO  : Jtag cable 'Digilent Zybo Z7 210351BE7A49A' is selected.
14:37:29 INFO  : 'jtag frequency' command is executed.
14:37:29 INFO  : Context for 'APU' is selected.
14:37:30 INFO  : System reset is completed.
14:37:33 INFO  : 'after 3000' command is executed.
14:37:33 INFO  : 'targets -set -filter {jtag_cable_name =~ "Digilent Zybo Z7 210351BE7A49A" && level==0 && jtag_device_ctx=="jsn-Zybo Z7-210351BE7A49A-13722093-0"}' command is executed.
14:37:34 INFO  : Device configured successfully with "C:/Users/ER250/OneDrive/Documents/ECE520_SOC/ECE520_SandBox/int_gen_soc_re/int_gen_soc_vitis/int_gen_app2/_ide/bitstream/int_gen_bd_re_wrapper.bit"
14:37:34 INFO  : Context for 'APU' is selected.
14:37:37 INFO  : Hardware design and registers information is loaded from 'C:/Users/ER250/OneDrive/Documents/ECE520_SOC/ECE520_SandBox/int_gen_soc_re/int_gen_soc_vitis/int_gen_plat/export/int_gen_plat/hw/int_gen_bd_re_wrapper.xsa'.
14:37:37 INFO  : 'configparams force-mem-access 1' command is executed.
14:37:37 INFO  : Context for 'APU' is selected.
14:37:37 INFO  : Sourcing of 'C:/Users/ER250/OneDrive/Documents/ECE520_SOC/ECE520_SandBox/int_gen_soc_re/int_gen_soc_vitis/int_gen_app2/_ide/psinit/ps7_init.tcl' is done.
14:37:38 INFO  : 'ps7_init' command is executed.
14:37:38 INFO  : 'ps7_post_config' command is executed.
14:37:38 INFO  : Context for processor 'ps7_cortexa9_0' is selected.
14:37:38 INFO  : The application 'C:/Users/ER250/OneDrive/Documents/ECE520_SOC/ECE520_SandBox/int_gen_soc_re/int_gen_soc_vitis/int_gen_app2/Debug/int_gen_app2.elf' is downloaded to processor 'ps7_cortexa9_0'.
14:37:38 INFO  : 'configparams force-mem-access 0' command is executed.
14:37:38 INFO  : ----------------XSDB Script----------------
connect -url tcp:127.0.0.1:3121
targets -set -nocase -filter {name =~"APU*"}
rst -system
after 3000
targets -set -filter {jtag_cable_name =~ "Digilent Zybo Z7 210351BE7A49A" && level==0 && jtag_device_ctx=="jsn-Zybo Z7-210351BE7A49A-13722093-0"}
fpga -file C:/Users/ER250/OneDrive/Documents/ECE520_SOC/ECE520_SandBox/int_gen_soc_re/int_gen_soc_vitis/int_gen_app2/_ide/bitstream/int_gen_bd_re_wrapper.bit
targets -set -nocase -filter {name =~"APU*"}
loadhw -hw C:/Users/ER250/OneDrive/Documents/ECE520_SOC/ECE520_SandBox/int_gen_soc_re/int_gen_soc_vitis/int_gen_plat/export/int_gen_plat/hw/int_gen_bd_re_wrapper.xsa -mem-ranges [list {0x40000000 0xbfffffff}] -regs
configparams force-mem-access 1
targets -set -nocase -filter {name =~"APU*"}
source C:/Users/ER250/OneDrive/Documents/ECE520_SOC/ECE520_SandBox/int_gen_soc_re/int_gen_soc_vitis/int_gen_app2/_ide/psinit/ps7_init.tcl
ps7_init
ps7_post_config
targets -set -nocase -filter {name =~ "*A9*#0"}
dow C:/Users/ER250/OneDrive/Documents/ECE520_SOC/ECE520_SandBox/int_gen_soc_re/int_gen_soc_vitis/int_gen_app2/Debug/int_gen_app2.elf
configparams force-mem-access 0
----------------End of Script----------------

14:37:38 INFO  : Context for processor 'ps7_cortexa9_0' is selected.
14:37:38 INFO  : 'con' command is executed.
14:37:38 INFO  : ----------------XSDB Script (After Launch)----------------
targets -set -nocase -filter {name =~ "*A9*#0"}
con
----------------End of Script----------------

14:37:38 INFO  : Launch script is exported to file 'C:\Users\ER250\OneDrive\Documents\ECE520_SOC\ECE520_SandBox\int_gen_soc_re\int_gen_soc_vitis\int_gen_app2_system\_ide\scripts\debugger_int_gen_app2-default.tcl'
14:42:53 INFO  : Checking for BSP changes to sync application flags for project 'int_gen_app2'...
14:43:01 ERROR : (XSDB Server)ERROR: [Hsi 55-1571] The design file C:/Users/ER250/OneDrive/Documents/ECE520_SOC/ECE520_SandBox/int_gen_soc_re/int_gen_soc_vitis/int_gen_plat/export/int_gen_plat/hw/int_gen_bd_re_wrapper.xsa is already opened

14:43:33 INFO  : Disconnected from the channel tcfchan#8.
14:43:34 INFO  : Connected to target on host '127.0.0.1' and port '3121'.
14:43:43 INFO  : ----------------XSDB Script----------------
connect -url tcp:127.0.0.1:3121
----------------End of Script----------------

14:43:43 ERROR : Could not find ARM device on the board for connection 'Local'.
Check if the target is in:
1. Split JTAG - No operations are possible with ARM DAP.
2. Non JTAG bootmode - Bootrom may need time to enable DAP.
Please try again.


Troubleshooting hints:
1. Check whether board is connected to system properly.
2. In case of zynq board, check whether Digilent/Xilinx cable switch settings are correct.
3. If you are using Xilinx Platform Cable USB, ensure that status LED is green.
14:43:50 INFO  : Connected to target on host '127.0.0.1' and port '3121'.
14:43:50 INFO  : Jtag cable 'Digilent Zybo Z7 210351BE7A49A' is selected.
14:43:50 INFO  : 'jtag frequency' command is executed.
14:43:50 INFO  : Context for 'APU' is selected.
14:43:51 INFO  : System reset is completed.
14:43:54 INFO  : 'after 3000' command is executed.
14:43:54 INFO  : 'targets -set -filter {jtag_cable_name =~ "Digilent Zybo Z7 210351BE7A49A" && level==0 && jtag_device_ctx=="jsn-Zybo Z7-210351BE7A49A-13722093-0"}' command is executed.
14:43:55 INFO  : Device configured successfully with "C:/Users/ER250/OneDrive/Documents/ECE520_SOC/ECE520_SandBox/int_gen_soc_re/int_gen_soc_vitis/int_gen_app2/_ide/bitstream/int_gen_bd_re_wrapper.bit"
14:43:55 INFO  : Context for 'APU' is selected.
14:43:59 INFO  : Hardware design and registers information is loaded from 'C:/Users/ER250/OneDrive/Documents/ECE520_SOC/ECE520_SandBox/int_gen_soc_re/int_gen_soc_vitis/int_gen_plat/export/int_gen_plat/hw/int_gen_bd_re_wrapper.xsa'.
14:43:59 INFO  : 'configparams force-mem-access 1' command is executed.
14:43:59 INFO  : Context for 'APU' is selected.
14:43:59 INFO  : Sourcing of 'C:/Users/ER250/OneDrive/Documents/ECE520_SOC/ECE520_SandBox/int_gen_soc_re/int_gen_soc_vitis/int_gen_app2/_ide/psinit/ps7_init.tcl' is done.
14:43:59 INFO  : 'ps7_init' command is executed.
14:43:59 INFO  : 'ps7_post_config' command is executed.
14:43:59 INFO  : Context for processor 'ps7_cortexa9_0' is selected.
14:44:00 INFO  : The application 'C:/Users/ER250/OneDrive/Documents/ECE520_SOC/ECE520_SandBox/int_gen_soc_re/int_gen_soc_vitis/int_gen_app2/Debug/int_gen_app2.elf' is downloaded to processor 'ps7_cortexa9_0'.
14:44:00 INFO  : 'configparams force-mem-access 0' command is executed.
14:44:00 INFO  : ----------------XSDB Script----------------
connect -url tcp:127.0.0.1:3121
targets -set -nocase -filter {name =~"APU*"}
rst -system
after 3000
targets -set -filter {jtag_cable_name =~ "Digilent Zybo Z7 210351BE7A49A" && level==0 && jtag_device_ctx=="jsn-Zybo Z7-210351BE7A49A-13722093-0"}
fpga -file C:/Users/ER250/OneDrive/Documents/ECE520_SOC/ECE520_SandBox/int_gen_soc_re/int_gen_soc_vitis/int_gen_app2/_ide/bitstream/int_gen_bd_re_wrapper.bit
targets -set -nocase -filter {name =~"APU*"}
loadhw -hw C:/Users/ER250/OneDrive/Documents/ECE520_SOC/ECE520_SandBox/int_gen_soc_re/int_gen_soc_vitis/int_gen_plat/export/int_gen_plat/hw/int_gen_bd_re_wrapper.xsa -mem-ranges [list {0x40000000 0xbfffffff}] -regs
configparams force-mem-access 1
targets -set -nocase -filter {name =~"APU*"}
source C:/Users/ER250/OneDrive/Documents/ECE520_SOC/ECE520_SandBox/int_gen_soc_re/int_gen_soc_vitis/int_gen_app2/_ide/psinit/ps7_init.tcl
ps7_init
ps7_post_config
targets -set -nocase -filter {name =~ "*A9*#0"}
dow C:/Users/ER250/OneDrive/Documents/ECE520_SOC/ECE520_SandBox/int_gen_soc_re/int_gen_soc_vitis/int_gen_app2/Debug/int_gen_app2.elf
configparams force-mem-access 0
----------------End of Script----------------

14:44:00 INFO  : Context for processor 'ps7_cortexa9_0' is selected.
14:44:00 INFO  : 'con' command is executed.
14:44:00 INFO  : ----------------XSDB Script (After Launch)----------------
targets -set -nocase -filter {name =~ "*A9*#0"}
con
----------------End of Script----------------

14:44:00 INFO  : Launch script is exported to file 'C:\Users\ER250\OneDrive\Documents\ECE520_SOC\ECE520_SandBox\int_gen_soc_re\int_gen_soc_vitis\int_gen_app2_system\_ide\scripts\debugger_int_gen_app2-default.tcl'
14:49:41 INFO  : Checking for BSP changes to sync application flags for project 'int_gen_app2'...
14:49:48 ERROR : (XSDB Server)ERROR: [Hsi 55-1571] The design file C:/Users/ER250/OneDrive/Documents/ECE520_SOC/ECE520_SandBox/int_gen_soc_re/int_gen_soc_vitis/int_gen_plat/export/int_gen_plat/hw/int_gen_bd_re_wrapper.xsa is already opened

14:50:13 INFO  : Disconnected from the channel tcfchan#10.
14:50:14 INFO  : Connected to target on host '127.0.0.1' and port '3121'.
14:50:23 INFO  : ----------------XSDB Script----------------
connect -url tcp:127.0.0.1:3121
----------------End of Script----------------

14:50:23 ERROR : Could not find ARM device on the board for connection 'Local'.
Check if the target is in:
1. Split JTAG - No operations are possible with ARM DAP.
2. Non JTAG bootmode - Bootrom may need time to enable DAP.
Please try again.


Troubleshooting hints:
1. Check whether board is connected to system properly.
2. In case of zynq board, check whether Digilent/Xilinx cable switch settings are correct.
3. If you are using Xilinx Platform Cable USB, ensure that status LED is green.
14:50:29 INFO  : Connected to target on host '127.0.0.1' and port '3121'.
14:50:29 INFO  : Jtag cable 'Digilent Zybo Z7 210351BE7A49A' is selected.
14:50:29 INFO  : 'jtag frequency' command is executed.
14:50:29 INFO  : Context for 'APU' is selected.
14:50:29 INFO  : System reset is completed.
14:50:32 INFO  : 'after 3000' command is executed.
14:50:32 INFO  : 'targets -set -filter {jtag_cable_name =~ "Digilent Zybo Z7 210351BE7A49A" && level==0 && jtag_device_ctx=="jsn-Zybo Z7-210351BE7A49A-13722093-0"}' command is executed.
14:50:33 INFO  : Device configured successfully with "C:/Users/ER250/OneDrive/Documents/ECE520_SOC/ECE520_SandBox/int_gen_soc_re/int_gen_soc_vitis/int_gen_app2/_ide/bitstream/int_gen_bd_re_wrapper.bit"
14:50:33 INFO  : Context for 'APU' is selected.
14:50:36 INFO  : Hardware design and registers information is loaded from 'C:/Users/ER250/OneDrive/Documents/ECE520_SOC/ECE520_SandBox/int_gen_soc_re/int_gen_soc_vitis/int_gen_plat/export/int_gen_plat/hw/int_gen_bd_re_wrapper.xsa'.
14:50:36 INFO  : 'configparams force-mem-access 1' command is executed.
14:50:36 INFO  : Context for 'APU' is selected.
14:50:36 INFO  : Sourcing of 'C:/Users/ER250/OneDrive/Documents/ECE520_SOC/ECE520_SandBox/int_gen_soc_re/int_gen_soc_vitis/int_gen_app2/_ide/psinit/ps7_init.tcl' is done.
14:50:37 INFO  : 'ps7_init' command is executed.
14:50:37 INFO  : 'ps7_post_config' command is executed.
14:50:37 INFO  : Context for processor 'ps7_cortexa9_0' is selected.
14:50:37 INFO  : The application 'C:/Users/ER250/OneDrive/Documents/ECE520_SOC/ECE520_SandBox/int_gen_soc_re/int_gen_soc_vitis/int_gen_app2/Debug/int_gen_app2.elf' is downloaded to processor 'ps7_cortexa9_0'.
14:50:37 INFO  : 'configparams force-mem-access 0' command is executed.
14:50:37 INFO  : ----------------XSDB Script----------------
connect -url tcp:127.0.0.1:3121
targets -set -nocase -filter {name =~"APU*"}
rst -system
after 3000
targets -set -filter {jtag_cable_name =~ "Digilent Zybo Z7 210351BE7A49A" && level==0 && jtag_device_ctx=="jsn-Zybo Z7-210351BE7A49A-13722093-0"}
fpga -file C:/Users/ER250/OneDrive/Documents/ECE520_SOC/ECE520_SandBox/int_gen_soc_re/int_gen_soc_vitis/int_gen_app2/_ide/bitstream/int_gen_bd_re_wrapper.bit
targets -set -nocase -filter {name =~"APU*"}
loadhw -hw C:/Users/ER250/OneDrive/Documents/ECE520_SOC/ECE520_SandBox/int_gen_soc_re/int_gen_soc_vitis/int_gen_plat/export/int_gen_plat/hw/int_gen_bd_re_wrapper.xsa -mem-ranges [list {0x40000000 0xbfffffff}] -regs
configparams force-mem-access 1
targets -set -nocase -filter {name =~"APU*"}
source C:/Users/ER250/OneDrive/Documents/ECE520_SOC/ECE520_SandBox/int_gen_soc_re/int_gen_soc_vitis/int_gen_app2/_ide/psinit/ps7_init.tcl
ps7_init
ps7_post_config
targets -set -nocase -filter {name =~ "*A9*#0"}
dow C:/Users/ER250/OneDrive/Documents/ECE520_SOC/ECE520_SandBox/int_gen_soc_re/int_gen_soc_vitis/int_gen_app2/Debug/int_gen_app2.elf
configparams force-mem-access 0
----------------End of Script----------------

14:50:37 INFO  : Context for processor 'ps7_cortexa9_0' is selected.
14:50:37 INFO  : 'con' command is executed.
14:50:37 INFO  : ----------------XSDB Script (After Launch)----------------
targets -set -nocase -filter {name =~ "*A9*#0"}
con
----------------End of Script----------------

14:50:37 INFO  : Launch script is exported to file 'C:\Users\ER250\OneDrive\Documents\ECE520_SOC\ECE520_SandBox\int_gen_soc_re\int_gen_soc_vitis\int_gen_app2_system\_ide\scripts\debugger_int_gen_app2-default.tcl'
14:50:57 INFO  : Checking for BSP changes to sync application flags for project 'int_gen_app2'...
14:51:05 ERROR : (XSDB Server)ERROR: [Hsi 55-1571] The design file C:/Users/ER250/OneDrive/Documents/ECE520_SOC/ECE520_SandBox/int_gen_soc_re/int_gen_soc_vitis/int_gen_plat/export/int_gen_plat/hw/int_gen_bd_re_wrapper.xsa is already opened

14:51:44 INFO  : Disconnected from the channel tcfchan#12.
14:51:45 INFO  : Connected to target on host '127.0.0.1' and port '3121'.
14:51:47 INFO  : Jtag cable 'Digilent Zybo Z7 210351BE7A49A' is selected.
14:51:47 INFO  : 'jtag frequency' command is executed.
14:51:47 INFO  : Context for 'APU' is selected.
14:51:48 INFO  : System reset is completed.
14:51:51 INFO  : 'after 3000' command is executed.
14:51:51 INFO  : 'targets -set -filter {jtag_cable_name =~ "Digilent Zybo Z7 210351BE7A49A" && level==0 && jtag_device_ctx=="jsn-Zybo Z7-210351BE7A49A-13722093-0"}' command is executed.
14:51:52 INFO  : Device configured successfully with "C:/Users/ER250/OneDrive/Documents/ECE520_SOC/ECE520_SandBox/int_gen_soc_re/int_gen_soc_vitis/int_gen_app2/_ide/bitstream/int_gen_bd_re_wrapper.bit"
14:51:52 INFO  : Context for 'APU' is selected.
14:51:55 INFO  : Hardware design and registers information is loaded from 'C:/Users/ER250/OneDrive/Documents/ECE520_SOC/ECE520_SandBox/int_gen_soc_re/int_gen_soc_vitis/int_gen_plat/export/int_gen_plat/hw/int_gen_bd_re_wrapper.xsa'.
14:51:55 INFO  : 'configparams force-mem-access 1' command is executed.
14:51:55 INFO  : Context for 'APU' is selected.
14:51:55 INFO  : Sourcing of 'C:/Users/ER250/OneDrive/Documents/ECE520_SOC/ECE520_SandBox/int_gen_soc_re/int_gen_soc_vitis/int_gen_app2/_ide/psinit/ps7_init.tcl' is done.
14:51:56 INFO  : 'ps7_init' command is executed.
14:51:56 INFO  : 'ps7_post_config' command is executed.
14:51:56 INFO  : Context for processor 'ps7_cortexa9_0' is selected.
14:51:56 INFO  : The application 'C:/Users/ER250/OneDrive/Documents/ECE520_SOC/ECE520_SandBox/int_gen_soc_re/int_gen_soc_vitis/int_gen_app2/Debug/int_gen_app2.elf' is downloaded to processor 'ps7_cortexa9_0'.
14:51:56 INFO  : 'configparams force-mem-access 0' command is executed.
14:51:56 INFO  : ----------------XSDB Script----------------
connect -url tcp:127.0.0.1:3121
targets -set -nocase -filter {name =~"APU*"}
rst -system
after 3000
targets -set -filter {jtag_cable_name =~ "Digilent Zybo Z7 210351BE7A49A" && level==0 && jtag_device_ctx=="jsn-Zybo Z7-210351BE7A49A-13722093-0"}
fpga -file C:/Users/ER250/OneDrive/Documents/ECE520_SOC/ECE520_SandBox/int_gen_soc_re/int_gen_soc_vitis/int_gen_app2/_ide/bitstream/int_gen_bd_re_wrapper.bit
targets -set -nocase -filter {name =~"APU*"}
loadhw -hw C:/Users/ER250/OneDrive/Documents/ECE520_SOC/ECE520_SandBox/int_gen_soc_re/int_gen_soc_vitis/int_gen_plat/export/int_gen_plat/hw/int_gen_bd_re_wrapper.xsa -mem-ranges [list {0x40000000 0xbfffffff}] -regs
configparams force-mem-access 1
targets -set -nocase -filter {name =~"APU*"}
source C:/Users/ER250/OneDrive/Documents/ECE520_SOC/ECE520_SandBox/int_gen_soc_re/int_gen_soc_vitis/int_gen_app2/_ide/psinit/ps7_init.tcl
ps7_init
ps7_post_config
targets -set -nocase -filter {name =~ "*A9*#0"}
dow C:/Users/ER250/OneDrive/Documents/ECE520_SOC/ECE520_SandBox/int_gen_soc_re/int_gen_soc_vitis/int_gen_app2/Debug/int_gen_app2.elf
configparams force-mem-access 0
----------------End of Script----------------

14:51:56 INFO  : Context for processor 'ps7_cortexa9_0' is selected.
14:51:56 INFO  : 'con' command is executed.
14:51:56 INFO  : ----------------XSDB Script (After Launch)----------------
targets -set -nocase -filter {name =~ "*A9*#0"}
con
----------------End of Script----------------

14:51:56 INFO  : Launch script is exported to file 'C:\Users\ER250\OneDrive\Documents\ECE520_SOC\ECE520_SandBox\int_gen_soc_re\int_gen_soc_vitis\int_gen_app2_system\_ide\scripts\debugger_int_gen_app2-default.tcl'
14:58:13 INFO  : Disconnected from the channel tcfchan#14.
14:58:14 INFO  : Connected to target on host '127.0.0.1' and port '3121'.
14:58:23 INFO  : ----------------XSDB Script----------------
connect -url tcp:127.0.0.1:3121
----------------End of Script----------------

14:58:23 ERROR : Could not find ARM device on the board for connection 'Local'.
Check if the target is in:
1. Split JTAG - No operations are possible with ARM DAP.
2. Non JTAG bootmode - Bootrom may need time to enable DAP.
Please try again.


Troubleshooting hints:
1. Check whether board is connected to system properly.
2. In case of zynq board, check whether Digilent/Xilinx cable switch settings are correct.
3. If you are using Xilinx Platform Cable USB, ensure that status LED is green.
14:58:28 INFO  : Connected to target on host '127.0.0.1' and port '3121'.
14:58:28 INFO  : Jtag cable 'Digilent Zybo Z7 210351BE7A49A' is selected.
14:58:28 INFO  : 'jtag frequency' command is executed.
14:58:28 INFO  : Context for 'APU' is selected.
14:58:28 INFO  : System reset is completed.
14:58:31 INFO  : 'after 3000' command is executed.
14:58:32 INFO  : 'targets -set -filter {jtag_cable_name =~ "Digilent Zybo Z7 210351BE7A49A" && level==0 && jtag_device_ctx=="jsn-Zybo Z7-210351BE7A49A-13722093-0"}' command is executed.
14:58:33 INFO  : Device configured successfully with "C:/Users/ER250/OneDrive/Documents/ECE520_SOC/ECE520_SandBox/int_gen_soc_re/int_gen_soc_vitis/int_gen_app2/_ide/bitstream/int_gen_bd_re_wrapper.bit"
14:58:33 INFO  : Context for 'APU' is selected.
14:58:37 INFO  : Hardware design and registers information is loaded from 'C:/Users/ER250/OneDrive/Documents/ECE520_SOC/ECE520_SandBox/int_gen_soc_re/int_gen_soc_vitis/int_gen_plat/export/int_gen_plat/hw/int_gen_bd_re_wrapper.xsa'.
14:58:37 INFO  : 'configparams force-mem-access 1' command is executed.
14:58:37 INFO  : Context for 'APU' is selected.
14:58:37 INFO  : Sourcing of 'C:/Users/ER250/OneDrive/Documents/ECE520_SOC/ECE520_SandBox/int_gen_soc_re/int_gen_soc_vitis/int_gen_app2/_ide/psinit/ps7_init.tcl' is done.
14:58:37 INFO  : 'ps7_init' command is executed.
14:58:37 INFO  : 'ps7_post_config' command is executed.
14:58:37 INFO  : Context for processor 'ps7_cortexa9_0' is selected.
14:58:37 INFO  : The application 'C:/Users/ER250/OneDrive/Documents/ECE520_SOC/ECE520_SandBox/int_gen_soc_re/int_gen_soc_vitis/int_gen_app2/Debug/int_gen_app2.elf' is downloaded to processor 'ps7_cortexa9_0'.
14:58:37 INFO  : 'configparams force-mem-access 0' command is executed.
14:58:37 INFO  : ----------------XSDB Script----------------
connect -url tcp:127.0.0.1:3121
targets -set -nocase -filter {name =~"APU*"}
rst -system
after 3000
targets -set -filter {jtag_cable_name =~ "Digilent Zybo Z7 210351BE7A49A" && level==0 && jtag_device_ctx=="jsn-Zybo Z7-210351BE7A49A-13722093-0"}
fpga -file C:/Users/ER250/OneDrive/Documents/ECE520_SOC/ECE520_SandBox/int_gen_soc_re/int_gen_soc_vitis/int_gen_app2/_ide/bitstream/int_gen_bd_re_wrapper.bit
targets -set -nocase -filter {name =~"APU*"}
loadhw -hw C:/Users/ER250/OneDrive/Documents/ECE520_SOC/ECE520_SandBox/int_gen_soc_re/int_gen_soc_vitis/int_gen_plat/export/int_gen_plat/hw/int_gen_bd_re_wrapper.xsa -mem-ranges [list {0x40000000 0xbfffffff}] -regs
configparams force-mem-access 1
targets -set -nocase -filter {name =~"APU*"}
source C:/Users/ER250/OneDrive/Documents/ECE520_SOC/ECE520_SandBox/int_gen_soc_re/int_gen_soc_vitis/int_gen_app2/_ide/psinit/ps7_init.tcl
ps7_init
ps7_post_config
targets -set -nocase -filter {name =~ "*A9*#0"}
dow C:/Users/ER250/OneDrive/Documents/ECE520_SOC/ECE520_SandBox/int_gen_soc_re/int_gen_soc_vitis/int_gen_app2/Debug/int_gen_app2.elf
configparams force-mem-access 0
----------------End of Script----------------

14:58:38 INFO  : Context for processor 'ps7_cortexa9_0' is selected.
14:58:38 INFO  : 'con' command is executed.
14:58:38 INFO  : ----------------XSDB Script (After Launch)----------------
targets -set -nocase -filter {name =~ "*A9*#0"}
con
----------------End of Script----------------

14:58:38 INFO  : Launch script is exported to file 'C:\Users\ER250\OneDrive\Documents\ECE520_SOC\ECE520_SandBox\int_gen_soc_re\int_gen_soc_vitis\int_gen_app2_system\_ide\scripts\debugger_int_gen_app2-default.tcl'
15:01:36 INFO  : Disconnected from the channel tcfchan#15.
19:02:57 DEBUG : Logs will be stored at 'C:/Users/ER250/OneDrive/Documents/ECE520_SOC/ECE520_SandBox/int_gen_soc_re/int_gen_soc_vitis/IDE.log'.
19:02:58 INFO  : Launching XSCT server: xsct.bat -n  -interactive C:\Users\ER250\OneDrive\Documents\ECE520_SOC\ECE520_SandBox\int_gen_soc_re\int_gen_soc_vitis\temp_xsdb_launch_script.tcl
19:03:00 INFO  : Registering command handlers for Vitis TCF services
19:03:01 INFO  : Platform repository initialization has completed.
19:03:01 INFO  : XSCT server has started successfully.
19:03:01 INFO  : Successfully done setting XSCT server connection channel  
19:03:01 INFO  : plnx-install-location is set to ''
19:03:01 INFO  : Successfully done query RDI_DATADIR 
19:03:01 INFO  : Successfully done setting workspace for the tool. 
19:04:44 INFO  : Connected to target on host '127.0.0.1' and port '3121'.
19:04:45 INFO  : Jtag cable 'Digilent Zybo Z7 210351BE7A49A' is selected.
19:04:45 INFO  : 'jtag frequency' command is executed.
19:04:45 INFO  : Context for 'APU' is selected.
19:04:45 INFO  : System reset is completed.
19:04:48 INFO  : 'after 3000' command is executed.
19:04:48 INFO  : 'targets -set -filter {jtag_cable_name =~ "Digilent Zybo Z7 210351BE7A49A" && level==0 && jtag_device_ctx=="jsn-Zybo Z7-210351BE7A49A-13722093-0"}' command is executed.
19:04:50 INFO  : Device configured successfully with "C:/Users/ER250/OneDrive/Documents/ECE520_SOC/ECE520_SandBox/int_gen_soc_re/int_gen_soc_vitis/int_gen_app2/_ide/bitstream/int_gen_bd_re_wrapper.bit"
19:04:50 INFO  : Context for 'APU' is selected.
19:04:50 INFO  : Hardware design and registers information is loaded from 'C:/Users/ER250/OneDrive/Documents/ECE520_SOC/ECE520_SandBox/int_gen_soc_re/int_gen_soc_vitis/int_gen_plat/export/int_gen_plat/hw/int_gen_bd_re_wrapper.xsa'.
19:04:50 INFO  : 'configparams force-mem-access 1' command is executed.
19:04:50 INFO  : Context for 'APU' is selected.
19:04:50 INFO  : Sourcing of 'C:/Users/ER250/OneDrive/Documents/ECE520_SOC/ECE520_SandBox/int_gen_soc_re/int_gen_soc_vitis/int_gen_app2/_ide/psinit/ps7_init.tcl' is done.
19:04:50 INFO  : 'ps7_init' command is executed.
19:04:50 INFO  : 'ps7_post_config' command is executed.
19:04:50 INFO  : Context for processor 'ps7_cortexa9_0' is selected.
19:04:50 INFO  : The application 'C:/Users/ER250/OneDrive/Documents/ECE520_SOC/ECE520_SandBox/int_gen_soc_re/int_gen_soc_vitis/int_gen_app2/Debug/int_gen_app2.elf' is downloaded to processor 'ps7_cortexa9_0'.
19:04:50 INFO  : 'configparams force-mem-access 0' command is executed.
19:04:50 INFO  : ----------------XSDB Script----------------
connect -url tcp:127.0.0.1:3121
targets -set -nocase -filter {name =~"APU*"}
rst -system
after 3000
targets -set -filter {jtag_cable_name =~ "Digilent Zybo Z7 210351BE7A49A" && level==0 && jtag_device_ctx=="jsn-Zybo Z7-210351BE7A49A-13722093-0"}
fpga -file C:/Users/ER250/OneDrive/Documents/ECE520_SOC/ECE520_SandBox/int_gen_soc_re/int_gen_soc_vitis/int_gen_app2/_ide/bitstream/int_gen_bd_re_wrapper.bit
targets -set -nocase -filter {name =~"APU*"}
loadhw -hw C:/Users/ER250/OneDrive/Documents/ECE520_SOC/ECE520_SandBox/int_gen_soc_re/int_gen_soc_vitis/int_gen_plat/export/int_gen_plat/hw/int_gen_bd_re_wrapper.xsa -mem-ranges [list {0x40000000 0xbfffffff}] -regs
configparams force-mem-access 1
targets -set -nocase -filter {name =~"APU*"}
source C:/Users/ER250/OneDrive/Documents/ECE520_SOC/ECE520_SandBox/int_gen_soc_re/int_gen_soc_vitis/int_gen_app2/_ide/psinit/ps7_init.tcl
ps7_init
ps7_post_config
targets -set -nocase -filter {name =~ "*A9*#0"}
dow C:/Users/ER250/OneDrive/Documents/ECE520_SOC/ECE520_SandBox/int_gen_soc_re/int_gen_soc_vitis/int_gen_app2/Debug/int_gen_app2.elf
configparams force-mem-access 0
----------------End of Script----------------

19:04:50 INFO  : Context for processor 'ps7_cortexa9_0' is selected.
19:04:50 INFO  : 'con' command is executed.
19:04:50 INFO  : ----------------XSDB Script (After Launch)----------------
targets -set -nocase -filter {name =~ "*A9*#0"}
con
----------------End of Script----------------

19:04:50 INFO  : Launch script is exported to file 'C:\Users\ER250\OneDrive\Documents\ECE520_SOC\ECE520_SandBox\int_gen_soc_re\int_gen_soc_vitis\int_gen_app2_system\_ide\scripts\debugger_int_gen_app2-default.tcl'
19:08:52 INFO  : Disconnected from the channel tcfchan#1.
19:08:53 INFO  : Connected to target on host '127.0.0.1' and port '3121'.
19:08:53 INFO  : Jtag cable 'Digilent Zybo Z7 210351BE7A49A' is selected.
19:08:53 ERROR : port closed
19:08:53 INFO  : ----------------XSDB Script----------------
connect -url tcp:127.0.0.1:3121
----------------End of Script----------------

19:08:53 ERROR : port closed
19:08:57 INFO  : Connected to target on host '127.0.0.1' and port '3121'.
19:08:58 INFO  : Jtag cable 'Digilent Zybo Z7 210351BE7A49A' is selected.
19:08:58 INFO  : 'jtag frequency' command is executed.
19:08:58 INFO  : Context for 'APU' is selected.
19:08:58 INFO  : System reset is completed.
19:09:01 INFO  : 'after 3000' command is executed.
19:09:01 INFO  : 'targets -set -filter {jtag_cable_name =~ "Digilent Zybo Z7 210351BE7A49A" && level==0 && jtag_device_ctx=="jsn-Zybo Z7-210351BE7A49A-13722093-0"}' command is executed.
19:09:02 INFO  : Device configured successfully with "C:/Users/ER250/OneDrive/Documents/ECE520_SOC/ECE520_SandBox/int_gen_soc_re/int_gen_soc_vitis/int_gen_app2/_ide/bitstream/int_gen_bd_re_wrapper.bit"
19:09:02 INFO  : Context for 'APU' is selected.
19:09:03 INFO  : Hardware design and registers information is loaded from 'C:/Users/ER250/OneDrive/Documents/ECE520_SOC/ECE520_SandBox/int_gen_soc_re/int_gen_soc_vitis/int_gen_plat/export/int_gen_plat/hw/int_gen_bd_re_wrapper.xsa'.
19:09:03 INFO  : 'configparams force-mem-access 1' command is executed.
19:09:03 INFO  : Context for 'APU' is selected.
19:09:03 INFO  : Sourcing of 'C:/Users/ER250/OneDrive/Documents/ECE520_SOC/ECE520_SandBox/int_gen_soc_re/int_gen_soc_vitis/int_gen_app2/_ide/psinit/ps7_init.tcl' is done.
19:09:04 INFO  : 'ps7_init' command is executed.
19:09:04 INFO  : 'ps7_post_config' command is executed.
19:09:04 INFO  : Context for processor 'ps7_cortexa9_0' is selected.
19:09:04 INFO  : The application 'C:/Users/ER250/OneDrive/Documents/ECE520_SOC/ECE520_SandBox/int_gen_soc_re/int_gen_soc_vitis/int_gen_app2/Debug/int_gen_app2.elf' is downloaded to processor 'ps7_cortexa9_0'.
19:09:04 INFO  : 'configparams force-mem-access 0' command is executed.
19:09:04 INFO  : ----------------XSDB Script----------------
connect -url tcp:127.0.0.1:3121
targets -set -nocase -filter {name =~"APU*"}
rst -system
after 3000
targets -set -filter {jtag_cable_name =~ "Digilent Zybo Z7 210351BE7A49A" && level==0 && jtag_device_ctx=="jsn-Zybo Z7-210351BE7A49A-13722093-0"}
fpga -file C:/Users/ER250/OneDrive/Documents/ECE520_SOC/ECE520_SandBox/int_gen_soc_re/int_gen_soc_vitis/int_gen_app2/_ide/bitstream/int_gen_bd_re_wrapper.bit
targets -set -nocase -filter {name =~"APU*"}
loadhw -hw C:/Users/ER250/OneDrive/Documents/ECE520_SOC/ECE520_SandBox/int_gen_soc_re/int_gen_soc_vitis/int_gen_plat/export/int_gen_plat/hw/int_gen_bd_re_wrapper.xsa -mem-ranges [list {0x40000000 0xbfffffff}] -regs
configparams force-mem-access 1
targets -set -nocase -filter {name =~"APU*"}
source C:/Users/ER250/OneDrive/Documents/ECE520_SOC/ECE520_SandBox/int_gen_soc_re/int_gen_soc_vitis/int_gen_app2/_ide/psinit/ps7_init.tcl
ps7_init
ps7_post_config
targets -set -nocase -filter {name =~ "*A9*#0"}
dow C:/Users/ER250/OneDrive/Documents/ECE520_SOC/ECE520_SandBox/int_gen_soc_re/int_gen_soc_vitis/int_gen_app2/Debug/int_gen_app2.elf
configparams force-mem-access 0
----------------End of Script----------------

19:09:04 INFO  : Context for processor 'ps7_cortexa9_0' is selected.
19:09:04 INFO  : 'con' command is executed.
19:09:04 INFO  : ----------------XSDB Script (After Launch)----------------
targets -set -nocase -filter {name =~ "*A9*#0"}
con
----------------End of Script----------------

19:09:04 INFO  : Launch script is exported to file 'C:\Users\ER250\OneDrive\Documents\ECE520_SOC\ECE520_SandBox\int_gen_soc_re\int_gen_soc_vitis\int_gen_app2_system\_ide\scripts\debugger_int_gen_app2-default.tcl'
19:15:38 INFO  : Disconnected from the channel tcfchan#2.
19:29:00 DEBUG : Logs will be stored at 'C:/Users/ER250/OneDrive/Documents/ECE520_SOC/ECE520_SandBox/int_gen_soc_re/int_gen_soc_vitis/IDE.log'.
19:29:02 INFO  : Launching XSCT server: xsct.bat -n  -interactive C:\Users\ER250\OneDrive\Documents\ECE520_SOC\ECE520_SandBox\int_gen_soc_re\int_gen_soc_vitis\temp_xsdb_launch_script.tcl
19:29:05 INFO  : Registering command handlers for Vitis TCF services
19:29:05 INFO  : Platform repository initialization has completed.
19:29:06 INFO  : XSCT server has started successfully.
19:29:11 INFO  : plnx-install-location is set to ''
19:29:11 INFO  : Successfully done setting XSCT server connection channel  
19:29:11 INFO  : Successfully done query RDI_DATADIR 
19:29:11 INFO  : Successfully done setting workspace for the tool. 
19:29:33 INFO  : Hardware specification for platform project 'int_gen_plat' is updated.
19:31:35 INFO  : Result from executing command 'getProjects': int_gen_plat
19:31:35 INFO  : Result from executing command 'getPlatforms': int_gen_plat|C:/Users/ER250/OneDrive/Documents/ECE520_SOC/ECE520_SandBox/int_gen_soc_re/int_gen_soc_vitis/int_gen_plat/export/int_gen_plat/int_gen_plat.xpfm;xilinx_zcu102_base_202310_1|C:/Xilinx/Vitis/2023.1/base_platforms/xilinx_zcu102_base_202310_1/xilinx_zcu102_base_202310_1.xpfm;xilinx_zcu102_base_dfx_202310_1|C:/Xilinx/Vitis/2023.1/base_platforms/xilinx_zcu102_base_dfx_202310_1/xilinx_zcu102_base_dfx_202310_1.xpfm;xilinx_zcu104_base_202310_1|C:/Xilinx/Vitis/2023.1/base_platforms/xilinx_zcu104_base_202310_1/xilinx_zcu104_base_202310_1.xpfm
19:34:58 INFO  : Checking for BSP changes to sync application flags for project 'int_gen_app2'...
19:35:06 INFO  : The hardware specification used by project 'int_gen_app2' is out of sync with the platform. Resource files extracted from the hardware specification will be updated.
19:35:06 INFO  : The file 'C:\Users\ER250\OneDrive\Documents\ECE520_SOC\ECE520_SandBox\int_gen_soc_re\int_gen_soc_vitis\int_gen_app2\_ide\bitstream\int_gen_bd_re_wrapper.bit' stored in project is removed.
19:35:06 INFO  : The updated bitstream files are copied from platform to folder 'C:\Users\ER250\OneDrive\Documents\ECE520_SOC\ECE520_SandBox\int_gen_soc_re\int_gen_soc_vitis\int_gen_app2\_ide\bitstream' in project 'int_gen_app2'.
19:35:06 INFO  : The file 'C:\Users\ER250\OneDrive\Documents\ECE520_SOC\ECE520_SandBox\int_gen_soc_re\int_gen_soc_vitis\int_gen_app2\_ide\psinit\ps7_init.tcl' stored in project is removed.
19:35:12 INFO  : The updated ps init files are copied from platform to folder 'C:\Users\ER250\OneDrive\Documents\ECE520_SOC\ECE520_SandBox\int_gen_soc_re\int_gen_soc_vitis\int_gen_app2\_ide\psinit' in project 'int_gen_app2'.
