TRACE::2026-03-16.18:51:41::SCWPlatform::Trying to open the hw design at C:/Users/ER250/OneDrive/Documents/ECE520_SOC/ECE520_SandBox/int_gen_soc_re/int_gen_soc_vitis/int_gen_plat/hw/int_gen_bd_re_wrapper.xsa
TRACE::2026-03-16.18:51:41::SCWPlatform::DSA given C:/Users/ER250/OneDrive/Documents/ECE520_SOC/ECE520_SandBox/int_gen_soc_re/int_gen_soc_vitis/int_gen_plat/hw/int_gen_bd_re_wrapper.xsa
TRACE::2026-03-16.18:51:41::SCWPlatform::DSA absoulate path C:/Users/ER250/OneDrive/Documents/ECE520_SOC/ECE520_SandBox/int_gen_soc_re/int_gen_soc_vitis/int_gen_plat/hw/int_gen_bd_re_wrapper.xsa
TRACE::2026-03-16.18:51:41::SCWPlatform::DSA directory C:/Users/ER250/OneDrive/Documents/ECE520_SOC/ECE520_SandBox/int_gen_soc_re/int_gen_soc_vitis/int_gen_plat/hw
TRACE::2026-03-16.18:51:41::SCWPlatform:: Platform Path C:/Users/ER250/OneDrive/Documents/ECE520_SOC/ECE520_SandBox/int_gen_soc_re/int_gen_soc_vitis/int_gen_plat/hw/int_gen_bd_re_wrapper.xsa
TRACE::2026-03-16.18:51:41::SCWPlatform:: Unique name xilinx:zybo-z7-10::0.0
TRACE::2026-03-16.18:51:41::SCWPlatform::Do not have an existing db opened. 
TRACE::2026-03-16.18:51:47::SCWPlatform::Opened new HwDB with name int_gen_bd_re_wrapper_0
TRACE::2026-03-16.18:51:47::SCWWriter::formatted JSON is {
	"platformName":	"int_gen_plat",
	"sprVersion":	"2.0",
	"mode":	"gui",
	"dsaType":	"Fixed",
	"platformDesc":	"int_gen_plat",
	"platHandOff":	"C:/Users/ER250/OneDrive/Documents/ECE520_SOC/ECE520_SandBox/int_gen_soc_re/int_gen_bd_re_wrapper.xsa",
	"platIntHandOff":	"<platformDir>/hw/int_gen_bd_re_wrapper.xsa",
	"deviceType":	"zynq",
	"platIsPrebuiltAutogen":	"false",
	"platIsNoBootBsp":	"false",
	"hasFsblMakeHasChanges":	"false",
	"hasPmufwMakeHasChanges":	"false",
	"platPreBuiltFlag":	false,
	"platformSamplesDir":	""
}
TRACE::2026-03-16.18:51:47::SCWWriter::formatted JSON is {
	"platformName":	"int_gen_plat",
	"sprVersion":	"2.0",
	"mode":	"gui",
	"dsaType":	"Fixed",
	"platformDesc":	"int_gen_plat",
	"platHandOff":	"C:/Users/ER250/OneDrive/Documents/ECE520_SOC/ECE520_SandBox/int_gen_soc_re/int_gen_bd_re_wrapper.xsa",
	"platIntHandOff":	"<platformDir>/hw/int_gen_bd_re_wrapper.xsa",
	"deviceType":	"zynq",
	"platIsPrebuiltAutogen":	"false",
	"platIsNoBootBsp":	"false",
	"hasFsblMakeHasChanges":	"false",
	"hasPmufwMakeHasChanges":	"false",
	"platPreBuiltFlag":	false,
	"platformSamplesDir":	"",
	"platActiveSys":	"int_gen_plat",
	"systems":	[{
			"systemName":	"int_gen_plat",
			"systemDesc":	"int_gen_plat",
			"sysIsBootAutoGen":	"true",
			"systemDispName":	"int_gen_plat"
		}]
}
TRACE::2026-03-16.18:51:48::SCWPlatform::Boot application domains not present, creating them
TRACE::2026-03-16.18:51:48::SCWDomain::checking for install qemu data   : 
TRACE::2026-03-16.18:51:48::SCWDomain:: Using the QEMU Data from install at  : C:/Xilinx/Vitis/2023.1/data/emulation/platforms/zynq/sw/a9_standalone/qemu/
TRACE::2026-03-16.18:51:48::SCWDomain:: Using the QEMU args  from install at  : C:/Xilinx/Vitis/2023.1/data/emulation/platforms/zynq/sw/a9_standalone/qemu/qemu_args.txt
TRACE::2026-03-16.18:51:48::SCWPlatform::Trying to open the hw design at C:/Users/ER250/OneDrive/Documents/ECE520_SOC/ECE520_SandBox/int_gen_soc_re/int_gen_soc_vitis/int_gen_plat/hw/int_gen_bd_re_wrapper.xsa
TRACE::2026-03-16.18:51:48::SCWPlatform::DSA given C:/Users/ER250/OneDrive/Documents/ECE520_SOC/ECE520_SandBox/int_gen_soc_re/int_gen_soc_vitis/int_gen_plat/hw/int_gen_bd_re_wrapper.xsa
TRACE::2026-03-16.18:51:48::SCWPlatform::DSA absoulate path C:/Users/ER250/OneDrive/Documents/ECE520_SOC/ECE520_SandBox/int_gen_soc_re/int_gen_soc_vitis/int_gen_plat/hw/int_gen_bd_re_wrapper.xsa
TRACE::2026-03-16.18:51:48::SCWPlatform::DSA directory C:/Users/ER250/OneDrive/Documents/ECE520_SOC/ECE520_SandBox/int_gen_soc_re/int_gen_soc_vitis/int_gen_plat/hw
TRACE::2026-03-16.18:51:48::SCWPlatform:: Platform Path C:/Users/ER250/OneDrive/Documents/ECE520_SOC/ECE520_SandBox/int_gen_soc_re/int_gen_soc_vitis/int_gen_plat/hw/int_gen_bd_re_wrapper.xsa
TRACE::2026-03-16.18:51:48::SCWPlatform:: Unique name xilinx:zybo-z7-10::0.0
TRACE::2026-03-16.18:51:48::SCWPlatform::Trying to set the existing hwdb with name int_gen_bd_re_wrapper_0
TRACE::2026-03-16.18:51:48::SCWPlatform::Opened existing hwdb int_gen_bd_re_wrapper_0
TRACE::2026-03-16.18:51:48::SCWPlatform::Found the Hw Db part of the input DSA
TRACE::2026-03-16.18:51:48::SCWPlatform::Trying to open the hw design at C:/Users/ER250/OneDrive/Documents/ECE520_SOC/ECE520_SandBox/int_gen_soc_re/int_gen_soc_vitis/int_gen_plat/hw/int_gen_bd_re_wrapper.xsa
TRACE::2026-03-16.18:51:48::SCWPlatform::DSA given C:/Users/ER250/OneDrive/Documents/ECE520_SOC/ECE520_SandBox/int_gen_soc_re/int_gen_soc_vitis/int_gen_plat/hw/int_gen_bd_re_wrapper.xsa
TRACE::2026-03-16.18:51:48::SCWPlatform::DSA absoulate path C:/Users/ER250/OneDrive/Documents/ECE520_SOC/ECE520_SandBox/int_gen_soc_re/int_gen_soc_vitis/int_gen_plat/hw/int_gen_bd_re_wrapper.xsa
TRACE::2026-03-16.18:51:48::SCWPlatform::DSA directory C:/Users/ER250/OneDrive/Documents/ECE520_SOC/ECE520_SandBox/int_gen_soc_re/int_gen_soc_vitis/int_gen_plat/hw
TRACE::2026-03-16.18:51:48::SCWPlatform:: Platform Path C:/Users/ER250/OneDrive/Documents/ECE520_SOC/ECE520_SandBox/int_gen_soc_re/int_gen_soc_vitis/int_gen_plat/hw/int_gen_bd_re_wrapper.xsa
TRACE::2026-03-16.18:51:48::SCWPlatform:: Unique name xilinx:zybo-z7-10::0.0
TRACE::2026-03-16.18:51:48::SCWPlatform::Trying to set the existing hwdb with name int_gen_bd_re_wrapper_0
TRACE::2026-03-16.18:51:48::SCWPlatform::Opened existing hwdb int_gen_bd_re_wrapper_0
TRACE::2026-03-16.18:51:48::SCWPlatform::Found the Hw Db part of the input DSA
TRACE::2026-03-16.18:51:48::SCWPlatform::Trying to open the hw design at C:/Users/ER250/OneDrive/Documents/ECE520_SOC/ECE520_SandBox/int_gen_soc_re/int_gen_soc_vitis/int_gen_plat/hw/int_gen_bd_re_wrapper.xsa
TRACE::2026-03-16.18:51:48::SCWPlatform::DSA given C:/Users/ER250/OneDrive/Documents/ECE520_SOC/ECE520_SandBox/int_gen_soc_re/int_gen_soc_vitis/int_gen_plat/hw/int_gen_bd_re_wrapper.xsa
TRACE::2026-03-16.18:51:48::SCWPlatform::DSA absoulate path C:/Users/ER250/OneDrive/Documents/ECE520_SOC/ECE520_SandBox/int_gen_soc_re/int_gen_soc_vitis/int_gen_plat/hw/int_gen_bd_re_wrapper.xsa
TRACE::2026-03-16.18:51:48::SCWPlatform::DSA directory C:/Users/ER250/OneDrive/Documents/ECE520_SOC/ECE520_SandBox/int_gen_soc_re/int_gen_soc_vitis/int_gen_plat/hw
TRACE::2026-03-16.18:51:48::SCWPlatform:: Platform Path C:/Users/ER250/OneDrive/Documents/ECE520_SOC/ECE520_SandBox/int_gen_soc_re/int_gen_soc_vitis/int_gen_plat/hw/int_gen_bd_re_wrapper.xsa
TRACE::2026-03-16.18:51:48::SCWPlatform:: Unique name xilinx:zybo-z7-10::0.0
TRACE::2026-03-16.18:51:48::SCWPlatform::Trying to set the existing hwdb with name int_gen_bd_re_wrapper_0
TRACE::2026-03-16.18:51:48::SCWPlatform::Opened existing hwdb int_gen_bd_re_wrapper_0
TRACE::2026-03-16.18:51:48::SCWPlatform::Found the Hw Db part of the input DSA
TRACE::2026-03-16.18:51:48::SCWPlatform::Boot application domain added for zynq_fsbl
TRACE::2026-03-16.18:51:48::SCWPlatform::Generating the sources  .
TRACE::2026-03-16.18:51:48::SCWBDomain::Generating boot domain sources.
TRACE::2026-03-16.18:51:48::SCWBDomain:: Generating the zynq_fsbl Application.
TRACE::2026-03-16.18:51:48::SCWPlatform::Trying to open the hw design at C:/Users/ER250/OneDrive/Documents/ECE520_SOC/ECE520_SandBox/int_gen_soc_re/int_gen_soc_vitis/int_gen_plat/hw/int_gen_bd_re_wrapper.xsa
TRACE::2026-03-16.18:51:48::SCWPlatform::DSA given C:/Users/ER250/OneDrive/Documents/ECE520_SOC/ECE520_SandBox/int_gen_soc_re/int_gen_soc_vitis/int_gen_plat/hw/int_gen_bd_re_wrapper.xsa
TRACE::2026-03-16.18:51:48::SCWPlatform::DSA absoulate path C:/Users/ER250/OneDrive/Documents/ECE520_SOC/ECE520_SandBox/int_gen_soc_re/int_gen_soc_vitis/int_gen_plat/hw/int_gen_bd_re_wrapper.xsa
TRACE::2026-03-16.18:51:48::SCWPlatform::DSA directory C:/Users/ER250/OneDrive/Documents/ECE520_SOC/ECE520_SandBox/int_gen_soc_re/int_gen_soc_vitis/int_gen_plat/hw
TRACE::2026-03-16.18:51:48::SCWPlatform:: Platform Path C:/Users/ER250/OneDrive/Documents/ECE520_SOC/ECE520_SandBox/int_gen_soc_re/int_gen_soc_vitis/int_gen_plat/hw/int_gen_bd_re_wrapper.xsa
TRACE::2026-03-16.18:51:48::SCWPlatform:: Unique name xilinx:zybo-z7-10::0.0
TRACE::2026-03-16.18:51:48::SCWPlatform::Trying to set the existing hwdb with name int_gen_bd_re_wrapper_0
TRACE::2026-03-16.18:51:48::SCWPlatform::Opened existing hwdb int_gen_bd_re_wrapper_0
TRACE::2026-03-16.18:51:48::SCWPlatform::Found the Hw Db part of the input DSA
TRACE::2026-03-16.18:51:48::SCWMssOS::Checking the sw design at  C:/Users/ER250/OneDrive/Documents/ECE520_SOC/ECE520_SandBox/int_gen_soc_re/int_gen_soc_vitis/int_gen_plat/zynq_fsbl/zynq_fsbl_bsp/system.mss
TRACE::2026-03-16.18:51:48::SCWMssOS::DEBUG:  swdes dump  
TRACE::2026-03-16.18:51:48::SCWMssOS::No sw design opened at  C:/Users/ER250/OneDrive/Documents/ECE520_SOC/ECE520_SandBox/int_gen_soc_re/int_gen_soc_vitis/int_gen_plat/zynq_fsbl/zynq_fsbl_bsp/system.mss
TRACE::2026-03-16.18:51:48::SCWMssOS::mss does not exists at C:/Users/ER250/OneDrive/Documents/ECE520_SOC/ECE520_SandBox/int_gen_soc_re/int_gen_soc_vitis/int_gen_plat/zynq_fsbl/zynq_fsbl_bsp/system.mss
TRACE::2026-03-16.18:51:48::SCWMssOS::Creating sw design at  C:/Users/ER250/OneDrive/Documents/ECE520_SOC/ECE520_SandBox/int_gen_soc_re/int_gen_soc_vitis/int_gen_plat/zynq_fsbl/zynq_fsbl_bsp/system.mss
TRACE::2026-03-16.18:51:48::SCWMssOS::Adding the swdes entry, created swdb C:/Users/ER250/OneDrive/Documents/ECE520_SOC/ECE520_SandBox/int_gen_soc_re/int_gen_soc_vitis/int_gen_plat/zynq_fsbl/zynq_fsbl_bsp/system.mss with des name C:/Users/ER250/OneDrive/Documents/ECE520_SOC/ECE520_SandBox/int_gen_soc_re/int_gen_soc_vitis/int_gen_plat/zynq_fsbl/zynq_fsbl_bsp/system.mss
TRACE::2026-03-16.18:51:48::SCWMssOS::updating the scw layer changes to swdes at   C:/Users/ER250/OneDrive/Documents/ECE520_SOC/ECE520_SandBox/int_gen_soc_re/int_gen_soc_vitis/int_gen_plat/zynq_fsbl/zynq_fsbl_bsp/system.mss
TRACE::2026-03-16.18:51:48::SCWMssOS::Writing mss at C:/Users/ER250/OneDrive/Documents/ECE520_SOC/ECE520_SandBox/int_gen_soc_re/int_gen_soc_vitis/int_gen_plat/zynq_fsbl/zynq_fsbl_bsp/system.mss
TRACE::2026-03-16.18:51:48::SCWMssOS::Completed writing the mss file at C:/Users/ER250/OneDrive/Documents/ECE520_SOC/ECE520_SandBox/int_gen_soc_re/int_gen_soc_vitis/int_gen_plat/zynq_fsbl/zynq_fsbl_bsp
TRACE::2026-03-16.18:51:48::SCWMssOS::Picking up changes from newly written mss file into SCW Layer. 
TRACE::2026-03-16.18:51:48::SCWMssOS::Updated the changes from newly written mss file into SCW Layer. 
TRACE::2026-03-16.18:51:48::SCWBDomain::Completed writing the mss file at C:/Users/ER250/OneDrive/Documents/ECE520_SOC/ECE520_SandBox/int_gen_soc_re/int_gen_soc_vitis/int_gen_plat/zynq_fsbl/zynq_fsbl_bsp
TRACE::2026-03-16.18:52:12::SCWPlatform::Generating sources Done.
TRACE::2026-03-16.18:52:12::SCWPlatform::Trying to open the hw design at C:/Users/ER250/OneDrive/Documents/ECE520_SOC/ECE520_SandBox/int_gen_soc_re/int_gen_soc_vitis/int_gen_plat/hw/int_gen_bd_re_wrapper.xsa
TRACE::2026-03-16.18:52:12::SCWPlatform::DSA given C:/Users/ER250/OneDrive/Documents/ECE520_SOC/ECE520_SandBox/int_gen_soc_re/int_gen_soc_vitis/int_gen_plat/hw/int_gen_bd_re_wrapper.xsa
TRACE::2026-03-16.18:52:12::SCWPlatform::DSA absoulate path C:/Users/ER250/OneDrive/Documents/ECE520_SOC/ECE520_SandBox/int_gen_soc_re/int_gen_soc_vitis/int_gen_plat/hw/int_gen_bd_re_wrapper.xsa
TRACE::2026-03-16.18:52:12::SCWPlatform::DSA directory C:/Users/ER250/OneDrive/Documents/ECE520_SOC/ECE520_SandBox/int_gen_soc_re/int_gen_soc_vitis/int_gen_plat/hw
TRACE::2026-03-16.18:52:12::SCWPlatform:: Platform Path C:/Users/ER250/OneDrive/Documents/ECE520_SOC/ECE520_SandBox/int_gen_soc_re/int_gen_soc_vitis/int_gen_plat/hw/int_gen_bd_re_wrapper.xsa
TRACE::2026-03-16.18:52:12::SCWPlatform:: Unique name xilinx:zybo-z7-10::0.0
TRACE::2026-03-16.18:52:12::SCWPlatform::Trying to set the existing hwdb with name int_gen_bd_re_wrapper_0
TRACE::2026-03-16.18:52:12::SCWPlatform::Opened existing hwdb int_gen_bd_re_wrapper_0
TRACE::2026-03-16.18:52:12::SCWPlatform::Found the Hw Db part of the input DSA
TRACE::2026-03-16.18:52:12::SCWMssOS::Checking the sw design at  C:/Users/ER250/OneDrive/Documents/ECE520_SOC/ECE520_SandBox/int_gen_soc_re/int_gen_soc_vitis/int_gen_plat/zynq_fsbl/zynq_fsbl_bsp/system.mss
TRACE::2026-03-16.18:52:12::SCWMssOS::DEBUG:  swdes dump  
TRACE::2026-03-16.18:52:12::SCWMssOS::No sw design opened at  C:/Users/ER250/OneDrive/Documents/ECE520_SOC/ECE520_SandBox/int_gen_soc_re/int_gen_soc_vitis/int_gen_plat/zynq_fsbl/zynq_fsbl_bsp/system.mss
TRACE::2026-03-16.18:52:12::SCWMssOS::mss exists loading the mss file  C:/Users/ER250/OneDrive/Documents/ECE520_SOC/ECE520_SandBox/int_gen_soc_re/int_gen_soc_vitis/int_gen_plat/zynq_fsbl/zynq_fsbl_bsp/system.mss
TRACE::2026-03-16.18:52:12::SCWMssOS::Opened the sw design from mss  C:/Users/ER250/OneDrive/Documents/ECE520_SOC/ECE520_SandBox/int_gen_soc_re/int_gen_soc_vitis/int_gen_plat/zynq_fsbl/zynq_fsbl_bsp/system.mss
TRACE::2026-03-16.18:52:12::SCWMssOS::Adding the swdes entry C:/Users/ER250/OneDrive/Documents/ECE520_SOC/ECE520_SandBox/int_gen_soc_re/int_gen_soc_vitis/int_gen_plat/zynq_fsbl/zynq_fsbl_bsp/system.mss with des name system
TRACE::2026-03-16.18:52:12::SCWMssOS::updating the scw layer about changes
TRACE::2026-03-16.18:52:12::SCWMssOS::Opened the sw design.  C:/Users/ER250/OneDrive/Documents/ECE520_SOC/ECE520_SandBox/int_gen_soc_re/int_gen_soc_vitis/int_gen_plat/zynq_fsbl/zynq_fsbl_bsp/system.mss
TRACE::2026-03-16.18:52:12::SCWMssOS::Saving the mss changes C:/Users/ER250/OneDrive/Documents/ECE520_SOC/ECE520_SandBox/int_gen_soc_re/int_gen_soc_vitis/int_gen_plat/zynq_fsbl/zynq_fsbl_bsp/system.mss
TRACE::2026-03-16.18:52:12::SCWMssOS::Found a swdesign opened with the mssfile.
TRACE::2026-03-16.18:52:12::SCWMssOS::Completed writemss as part of save.
TRACE::2026-03-16.18:52:12::SCWMssOS::Commit changes completed.
TRACE::2026-03-16.18:52:12::SCWPlatform::Trying to open the hw design at C:/Users/ER250/OneDrive/Documents/ECE520_SOC/ECE520_SandBox/int_gen_soc_re/int_gen_soc_vitis/int_gen_plat/hw/int_gen_bd_re_wrapper.xsa
TRACE::2026-03-16.18:52:12::SCWPlatform::DSA given C:/Users/ER250/OneDrive/Documents/ECE520_SOC/ECE520_SandBox/int_gen_soc_re/int_gen_soc_vitis/int_gen_plat/hw/int_gen_bd_re_wrapper.xsa
TRACE::2026-03-16.18:52:12::SCWPlatform::DSA absoulate path C:/Users/ER250/OneDrive/Documents/ECE520_SOC/ECE520_SandBox/int_gen_soc_re/int_gen_soc_vitis/int_gen_plat/hw/int_gen_bd_re_wrapper.xsa
TRACE::2026-03-16.18:52:12::SCWPlatform::DSA directory C:/Users/ER250/OneDrive/Documents/ECE520_SOC/ECE520_SandBox/int_gen_soc_re/int_gen_soc_vitis/int_gen_plat/hw
TRACE::2026-03-16.18:52:12::SCWPlatform:: Platform Path C:/Users/ER250/OneDrive/Documents/ECE520_SOC/ECE520_SandBox/int_gen_soc_re/int_gen_soc_vitis/int_gen_plat/hw/int_gen_bd_re_wrapper.xsa
TRACE::2026-03-16.18:52:12::SCWPlatform:: Unique name xilinx:zybo-z7-10::0.0
TRACE::2026-03-16.18:52:12::SCWPlatform::Trying to set the existing hwdb with name int_gen_bd_re_wrapper_0
TRACE::2026-03-16.18:52:12::SCWPlatform::Opened existing hwdb int_gen_bd_re_wrapper_0
TRACE::2026-03-16.18:52:12::SCWPlatform::Found the Hw Db part of the input DSA
TRACE::2026-03-16.18:52:12::SCWMssOS::Checking the sw design at  C:/Users/ER250/OneDrive/Documents/ECE520_SOC/ECE520_SandBox/int_gen_soc_re/int_gen_soc_vitis/int_gen_plat/zynq_fsbl/zynq_fsbl_bsp/system.mss
TRACE::2026-03-16.18:52:12::SCWMssOS::DEBUG:  swdes dump  C:/Users/ER250/OneDrive/Documents/ECE520_SOC/ECE520_SandBox/int_gen_soc_re/int_gen_soc_vitis/int_gen_plat/zynq_fsbl/zynq_fsbl_bsp/system.mss|system||

TRACE::2026-03-16.18:52:12::SCWMssOS::Sw design exists and opened at  C:/Users/ER250/OneDrive/Documents/ECE520_SOC/ECE520_SandBox/int_gen_soc_re/int_gen_soc_vitis/int_gen_plat/zynq_fsbl/zynq_fsbl_bsp/system.mss
TRACE::2026-03-16.18:52:12::SCWPlatform::Trying to open the hw design at C:/Users/ER250/OneDrive/Documents/ECE520_SOC/ECE520_SandBox/int_gen_soc_re/int_gen_soc_vitis/int_gen_plat/hw/int_gen_bd_re_wrapper.xsa
TRACE::2026-03-16.18:52:12::SCWPlatform::DSA given C:/Users/ER250/OneDrive/Documents/ECE520_SOC/ECE520_SandBox/int_gen_soc_re/int_gen_soc_vitis/int_gen_plat/hw/int_gen_bd_re_wrapper.xsa
TRACE::2026-03-16.18:52:12::SCWPlatform::DSA absoulate path C:/Users/ER250/OneDrive/Documents/ECE520_SOC/ECE520_SandBox/int_gen_soc_re/int_gen_soc_vitis/int_gen_plat/hw/int_gen_bd_re_wrapper.xsa
TRACE::2026-03-16.18:52:12::SCWPlatform::DSA directory C:/Users/ER250/OneDrive/Documents/ECE520_SOC/ECE520_SandBox/int_gen_soc_re/int_gen_soc_vitis/int_gen_plat/hw
TRACE::2026-03-16.18:52:12::SCWPlatform:: Platform Path C:/Users/ER250/OneDrive/Documents/ECE520_SOC/ECE520_SandBox/int_gen_soc_re/int_gen_soc_vitis/int_gen_plat/hw/int_gen_bd_re_wrapper.xsa
TRACE::2026-03-16.18:52:12::SCWPlatform:: Unique name xilinx:zybo-z7-10::0.0
TRACE::2026-03-16.18:52:12::SCWPlatform::Trying to set the existing hwdb with name int_gen_bd_re_wrapper_0
TRACE::2026-03-16.18:52:12::SCWPlatform::Opened existing hwdb int_gen_bd_re_wrapper_0
TRACE::2026-03-16.18:52:12::SCWPlatform::Found the Hw Db part of the input DSA
TRACE::2026-03-16.18:52:12::SCWMssOS::Checking the sw design at  C:/Users/ER250/OneDrive/Documents/ECE520_SOC/ECE520_SandBox/int_gen_soc_re/int_gen_soc_vitis/int_gen_plat/zynq_fsbl/zynq_fsbl_bsp/system.mss
TRACE::2026-03-16.18:52:12::SCWMssOS::DEBUG:  swdes dump  C:/Users/ER250/OneDrive/Documents/ECE520_SOC/ECE520_SandBox/int_gen_soc_re/int_gen_soc_vitis/int_gen_plat/zynq_fsbl/zynq_fsbl_bsp/system.mss|system||

TRACE::2026-03-16.18:52:12::SCWMssOS::Sw design exists and opened at  C:/Users/ER250/OneDrive/Documents/ECE520_SOC/ECE520_SandBox/int_gen_soc_re/int_gen_soc_vitis/int_gen_plat/zynq_fsbl/zynq_fsbl_bsp/system.mss
TRACE::2026-03-16.18:52:12::SCWPlatform::Trying to open the hw design at C:/Users/ER250/OneDrive/Documents/ECE520_SOC/ECE520_SandBox/int_gen_soc_re/int_gen_soc_vitis/int_gen_plat/hw/int_gen_bd_re_wrapper.xsa
TRACE::2026-03-16.18:52:12::SCWPlatform::DSA given C:/Users/ER250/OneDrive/Documents/ECE520_SOC/ECE520_SandBox/int_gen_soc_re/int_gen_soc_vitis/int_gen_plat/hw/int_gen_bd_re_wrapper.xsa
TRACE::2026-03-16.18:52:12::SCWPlatform::DSA absoulate path C:/Users/ER250/OneDrive/Documents/ECE520_SOC/ECE520_SandBox/int_gen_soc_re/int_gen_soc_vitis/int_gen_plat/hw/int_gen_bd_re_wrapper.xsa
TRACE::2026-03-16.18:52:12::SCWPlatform::DSA directory C:/Users/ER250/OneDrive/Documents/ECE520_SOC/ECE520_SandBox/int_gen_soc_re/int_gen_soc_vitis/int_gen_plat/hw
TRACE::2026-03-16.18:52:12::SCWPlatform:: Platform Path C:/Users/ER250/OneDrive/Documents/ECE520_SOC/ECE520_SandBox/int_gen_soc_re/int_gen_soc_vitis/int_gen_plat/hw/int_gen_bd_re_wrapper.xsa
TRACE::2026-03-16.18:52:12::SCWPlatform:: Unique name xilinx:zybo-z7-10::0.0
TRACE::2026-03-16.18:52:12::SCWPlatform::Trying to set the existing hwdb with name int_gen_bd_re_wrapper_0
TRACE::2026-03-16.18:52:12::SCWPlatform::Opened existing hwdb int_gen_bd_re_wrapper_0
TRACE::2026-03-16.18:52:12::SCWPlatform::Found the Hw Db part of the input DSA
TRACE::2026-03-16.18:52:12::SCWMssOS::Checking the sw design at  C:/Users/ER250/OneDrive/Documents/ECE520_SOC/ECE520_SandBox/int_gen_soc_re/int_gen_soc_vitis/int_gen_plat/zynq_fsbl/zynq_fsbl_bsp/system.mss
TRACE::2026-03-16.18:52:12::SCWMssOS::DEBUG:  swdes dump  C:/Users/ER250/OneDrive/Documents/ECE520_SOC/ECE520_SandBox/int_gen_soc_re/int_gen_soc_vitis/int_gen_plat/zynq_fsbl/zynq_fsbl_bsp/system.mss|system||

TRACE::2026-03-16.18:52:12::SCWMssOS::Sw design exists and opened at  C:/Users/ER250/OneDrive/Documents/ECE520_SOC/ECE520_SandBox/int_gen_soc_re/int_gen_soc_vitis/int_gen_plat/zynq_fsbl/zynq_fsbl_bsp/system.mss
TRACE::2026-03-16.18:52:12::SCWWriter::formatted JSON is {
	"platformName":	"int_gen_plat",
	"sprVersion":	"2.0",
	"mode":	"gui",
	"dsaType":	"Fixed",
	"platformDesc":	"int_gen_plat",
	"platHandOff":	"C:/Users/ER250/OneDrive/Documents/ECE520_SOC/ECE520_SandBox/int_gen_soc_re/int_gen_bd_re_wrapper.xsa",
	"platIntHandOff":	"<platformDir>/hw/int_gen_bd_re_wrapper.xsa",
	"deviceType":	"zynq",
	"platIsPrebuiltAutogen":	"false",
	"platIsNoBootBsp":	"false",
	"platFsblTarget":	"ps7_cortexa9_0",
	"hasFsblMakeHasChanges":	"false",
	"hasPmufwMakeHasChanges":	"false",
	"fsblExtraCompilerFlags":	"-MMD -MP       -mcpu=cortex-a9 -mfpu=vfpv3 -mfloat-abi=hard ",
	"platPreBuiltFlag":	false,
	"platformSamplesDir":	"",
	"platActiveSys":	"int_gen_plat",
	"systems":	[{
			"systemName":	"int_gen_plat",
			"systemDesc":	"int_gen_plat",
			"sysIsBootAutoGen":	"true",
			"systemDispName":	"int_gen_plat",
			"sysActiveDom":	"zynq_fsbl",
			"sysDefaultDom":	"",
			"domains":	[{
					"domainName":	"zynq_fsbl",
					"domainDispName":	"zynq_fsbl",
					"domainDesc":	"FSBL Application BSP - Auto Generated.",
					"processors":	"ps7_cortexa9_0",
					"os":	"standalone",
					"sdxOs":	"standalone",
					"debugEnable":	"",
					"domRuntimes":	["cpp"],
					"swRepo":	"",
					"mssOsVer":	"8.1",
					"mssFile":	"",
					"md5Digest":	"819e3e5563aa783f4d08453a17e83a4e",
					"compatibleApp":	"zynq_fsbl",
					"domType":	"bootDomain",
					"arch":	"32-bit",
					"appSettings":	{
						"appCompilerFlags":	"",
						"appLinkerFlags":	""
					},
					"addedLibs":	["xilffs:5.0", "xilrsa:1.6"],
					"libOptions":	{
						"libsContainingOptions":	[]
					},
					"prebuiltLibs":	{
						"prebuiltIncPath":	[],
						"prebuiltLibPath":	[]
					},
					"isolation":	{
					}
				}]
		}]
}
TRACE::2026-03-16.18:52:12::SCWPlatform::Trying to open the hw design at C:/Users/ER250/OneDrive/Documents/ECE520_SOC/ECE520_SandBox/int_gen_soc_re/int_gen_soc_vitis/int_gen_plat/hw/int_gen_bd_re_wrapper.xsa
TRACE::2026-03-16.18:52:12::SCWPlatform::DSA given C:/Users/ER250/OneDrive/Documents/ECE520_SOC/ECE520_SandBox/int_gen_soc_re/int_gen_soc_vitis/int_gen_plat/hw/int_gen_bd_re_wrapper.xsa
TRACE::2026-03-16.18:52:12::SCWPlatform::DSA absoulate path C:/Users/ER250/OneDrive/Documents/ECE520_SOC/ECE520_SandBox/int_gen_soc_re/int_gen_soc_vitis/int_gen_plat/hw/int_gen_bd_re_wrapper.xsa
TRACE::2026-03-16.18:52:12::SCWPlatform::DSA directory C:/Users/ER250/OneDrive/Documents/ECE520_SOC/ECE520_SandBox/int_gen_soc_re/int_gen_soc_vitis/int_gen_plat/hw
TRACE::2026-03-16.18:52:12::SCWPlatform:: Platform Path C:/Users/ER250/OneDrive/Documents/ECE520_SOC/ECE520_SandBox/int_gen_soc_re/int_gen_soc_vitis/int_gen_plat/hw/int_gen_bd_re_wrapper.xsa
TRACE::2026-03-16.18:52:12::SCWPlatform:: Unique name xilinx:zybo-z7-10::0.0
TRACE::2026-03-16.18:52:12::SCWPlatform::Trying to set the existing hwdb with name int_gen_bd_re_wrapper_0
TRACE::2026-03-16.18:52:12::SCWPlatform::Opened existing hwdb int_gen_bd_re_wrapper_0
TRACE::2026-03-16.18:52:12::SCWPlatform::Found the Hw Db part of the input DSA
TRACE::2026-03-16.18:52:12::SCWPlatform::Trying to open the hw design at C:/Users/ER250/OneDrive/Documents/ECE520_SOC/ECE520_SandBox/int_gen_soc_re/int_gen_soc_vitis/int_gen_plat/hw/int_gen_bd_re_wrapper.xsa
TRACE::2026-03-16.18:52:12::SCWPlatform::DSA given C:/Users/ER250/OneDrive/Documents/ECE520_SOC/ECE520_SandBox/int_gen_soc_re/int_gen_soc_vitis/int_gen_plat/hw/int_gen_bd_re_wrapper.xsa
TRACE::2026-03-16.18:52:12::SCWPlatform::DSA absoulate path C:/Users/ER250/OneDrive/Documents/ECE520_SOC/ECE520_SandBox/int_gen_soc_re/int_gen_soc_vitis/int_gen_plat/hw/int_gen_bd_re_wrapper.xsa
TRACE::2026-03-16.18:52:12::SCWPlatform::DSA directory C:/Users/ER250/OneDrive/Documents/ECE520_SOC/ECE520_SandBox/int_gen_soc_re/int_gen_soc_vitis/int_gen_plat/hw
TRACE::2026-03-16.18:52:12::SCWPlatform:: Platform Path C:/Users/ER250/OneDrive/Documents/ECE520_SOC/ECE520_SandBox/int_gen_soc_re/int_gen_soc_vitis/int_gen_plat/hw/int_gen_bd_re_wrapper.xsa
TRACE::2026-03-16.18:52:12::SCWPlatform:: Unique name xilinx:zybo-z7-10::0.0
TRACE::2026-03-16.18:52:12::SCWPlatform::Trying to set the existing hwdb with name int_gen_bd_re_wrapper_0
TRACE::2026-03-16.18:52:12::SCWPlatform::Opened existing hwdb int_gen_bd_re_wrapper_0
TRACE::2026-03-16.18:52:12::SCWPlatform::Found the Hw Db part of the input DSA
TRACE::2026-03-16.18:52:12::SCWDomain::checking for install qemu data   : 
TRACE::2026-03-16.18:52:12::SCWDomain:: Using the QEMU Data from install at  : C:/Xilinx/Vitis/2023.1/data/emulation/platforms/zynq/sw/a9_standalone/qemu/
TRACE::2026-03-16.18:52:12::SCWDomain:: Using the QEMU args  from install at  : C:/Xilinx/Vitis/2023.1/data/emulation/platforms/zynq/sw/a9_standalone/qemu/qemu_args.txt
TRACE::2026-03-16.18:52:12::SCWPlatform::Trying to open the hw design at C:/Users/ER250/OneDrive/Documents/ECE520_SOC/ECE520_SandBox/int_gen_soc_re/int_gen_soc_vitis/int_gen_plat/hw/int_gen_bd_re_wrapper.xsa
TRACE::2026-03-16.18:52:12::SCWPlatform::DSA given C:/Users/ER250/OneDrive/Documents/ECE520_SOC/ECE520_SandBox/int_gen_soc_re/int_gen_soc_vitis/int_gen_plat/hw/int_gen_bd_re_wrapper.xsa
TRACE::2026-03-16.18:52:12::SCWPlatform::DSA absoulate path C:/Users/ER250/OneDrive/Documents/ECE520_SOC/ECE520_SandBox/int_gen_soc_re/int_gen_soc_vitis/int_gen_plat/hw/int_gen_bd_re_wrapper.xsa
TRACE::2026-03-16.18:52:12::SCWPlatform::DSA directory C:/Users/ER250/OneDrive/Documents/ECE520_SOC/ECE520_SandBox/int_gen_soc_re/int_gen_soc_vitis/int_gen_plat/hw
TRACE::2026-03-16.18:52:12::SCWPlatform:: Platform Path C:/Users/ER250/OneDrive/Documents/ECE520_SOC/ECE520_SandBox/int_gen_soc_re/int_gen_soc_vitis/int_gen_plat/hw/int_gen_bd_re_wrapper.xsa
TRACE::2026-03-16.18:52:12::SCWPlatform:: Unique name xilinx:zybo-z7-10::0.0
TRACE::2026-03-16.18:52:12::SCWPlatform::Trying to set the existing hwdb with name int_gen_bd_re_wrapper_0
TRACE::2026-03-16.18:52:12::SCWPlatform::Opened existing hwdb int_gen_bd_re_wrapper_0
TRACE::2026-03-16.18:52:12::SCWPlatform::Found the Hw Db part of the input DSA
TRACE::2026-03-16.18:52:12::SCWPlatform::Trying to open the hw design at C:/Users/ER250/OneDrive/Documents/ECE520_SOC/ECE520_SandBox/int_gen_soc_re/int_gen_soc_vitis/int_gen_plat/hw/int_gen_bd_re_wrapper.xsa
TRACE::2026-03-16.18:52:12::SCWPlatform::DSA given C:/Users/ER250/OneDrive/Documents/ECE520_SOC/ECE520_SandBox/int_gen_soc_re/int_gen_soc_vitis/int_gen_plat/hw/int_gen_bd_re_wrapper.xsa
TRACE::2026-03-16.18:52:12::SCWPlatform::DSA absoulate path C:/Users/ER250/OneDrive/Documents/ECE520_SOC/ECE520_SandBox/int_gen_soc_re/int_gen_soc_vitis/int_gen_plat/hw/int_gen_bd_re_wrapper.xsa
TRACE::2026-03-16.18:52:12::SCWPlatform::DSA directory C:/Users/ER250/OneDrive/Documents/ECE520_SOC/ECE520_SandBox/int_gen_soc_re/int_gen_soc_vitis/int_gen_plat/hw
TRACE::2026-03-16.18:52:12::SCWPlatform:: Platform Path C:/Users/ER250/OneDrive/Documents/ECE520_SOC/ECE520_SandBox/int_gen_soc_re/int_gen_soc_vitis/int_gen_plat/hw/int_gen_bd_re_wrapper.xsa
TRACE::2026-03-16.18:52:12::SCWPlatform:: Unique name xilinx:zybo-z7-10::0.0
TRACE::2026-03-16.18:52:12::SCWPlatform::Trying to set the existing hwdb with name int_gen_bd_re_wrapper_0
TRACE::2026-03-16.18:52:12::SCWPlatform::Opened existing hwdb int_gen_bd_re_wrapper_0
TRACE::2026-03-16.18:52:12::SCWPlatform::Found the Hw Db part of the input DSA
TRACE::2026-03-16.18:52:12::SCWDomain::Qemu Directory name is changed from "" to "qemu"
TRACE::2026-03-16.18:52:12::SCWPlatform::Trying to open the hw design at C:/Users/ER250/OneDrive/Documents/ECE520_SOC/ECE520_SandBox/int_gen_soc_re/int_gen_soc_vitis/int_gen_plat/hw/int_gen_bd_re_wrapper.xsa
TRACE::2026-03-16.18:52:12::SCWPlatform::DSA given C:/Users/ER250/OneDrive/Documents/ECE520_SOC/ECE520_SandBox/int_gen_soc_re/int_gen_soc_vitis/int_gen_plat/hw/int_gen_bd_re_wrapper.xsa
TRACE::2026-03-16.18:52:12::SCWPlatform::DSA absoulate path C:/Users/ER250/OneDrive/Documents/ECE520_SOC/ECE520_SandBox/int_gen_soc_re/int_gen_soc_vitis/int_gen_plat/hw/int_gen_bd_re_wrapper.xsa
TRACE::2026-03-16.18:52:12::SCWPlatform::DSA directory C:/Users/ER250/OneDrive/Documents/ECE520_SOC/ECE520_SandBox/int_gen_soc_re/int_gen_soc_vitis/int_gen_plat/hw
TRACE::2026-03-16.18:52:12::SCWPlatform:: Platform Path C:/Users/ER250/OneDrive/Documents/ECE520_SOC/ECE520_SandBox/int_gen_soc_re/int_gen_soc_vitis/int_gen_plat/hw/int_gen_bd_re_wrapper.xsa
TRACE::2026-03-16.18:52:12::SCWPlatform:: Unique name xilinx:zybo-z7-10::0.0
TRACE::2026-03-16.18:52:12::SCWPlatform::Trying to set the existing hwdb with name int_gen_bd_re_wrapper_0
TRACE::2026-03-16.18:52:12::SCWPlatform::Opened existing hwdb int_gen_bd_re_wrapper_0
TRACE::2026-03-16.18:52:12::SCWPlatform::Found the Hw Db part of the input DSA
TRACE::2026-03-16.18:52:12::SCWMssOS::Checking the sw design at  C:/Users/ER250/OneDrive/Documents/ECE520_SOC/ECE520_SandBox/int_gen_soc_re/int_gen_soc_vitis/int_gen_plat/ps7_cortexa9_0/standalone_domain/bsp/system.mss
TRACE::2026-03-16.18:52:12::SCWMssOS::DEBUG:  swdes dump  C:/Users/ER250/OneDrive/Documents/ECE520_SOC/ECE520_SandBox/int_gen_soc_re/int_gen_soc_vitis/int_gen_plat/zynq_fsbl/zynq_fsbl_bsp/system.mss|system||

TRACE::2026-03-16.18:52:12::SCWMssOS::No sw design opened at  C:/Users/ER250/OneDrive/Documents/ECE520_SOC/ECE520_SandBox/int_gen_soc_re/int_gen_soc_vitis/int_gen_plat/ps7_cortexa9_0/standalone_domain/bsp/system.mss
TRACE::2026-03-16.18:52:12::SCWMssOS::mss does not exists at C:/Users/ER250/OneDrive/Documents/ECE520_SOC/ECE520_SandBox/int_gen_soc_re/int_gen_soc_vitis/int_gen_plat/ps7_cortexa9_0/standalone_domain/bsp/system.mss
TRACE::2026-03-16.18:52:12::SCWMssOS::Creating sw design at  C:/Users/ER250/OneDrive/Documents/ECE520_SOC/ECE520_SandBox/int_gen_soc_re/int_gen_soc_vitis/int_gen_plat/ps7_cortexa9_0/standalone_domain/bsp/system.mss
TRACE::2026-03-16.18:52:12::SCWMssOS::Adding the swdes entry, created swdb C:/Users/ER250/OneDrive/Documents/ECE520_SOC/ECE520_SandBox/int_gen_soc_re/int_gen_soc_vitis/int_gen_plat/ps7_cortexa9_0/standalone_domain/bsp/system.mss with des name C:/Users/ER250/OneDrive/Documents/ECE520_SOC/ECE520_SandBox/int_gen_soc_re/int_gen_soc_vitis/int_gen_plat/ps7_cortexa9_0/standalone_domain/bsp/system.mss
TRACE::2026-03-16.18:52:12::SCWMssOS::updating the scw layer changes to swdes at   C:/Users/ER250/OneDrive/Documents/ECE520_SOC/ECE520_SandBox/int_gen_soc_re/int_gen_soc_vitis/int_gen_plat/ps7_cortexa9_0/standalone_domain/bsp/system.mss
TRACE::2026-03-16.18:52:12::SCWMssOS::Writing mss at C:/Users/ER250/OneDrive/Documents/ECE520_SOC/ECE520_SandBox/int_gen_soc_re/int_gen_soc_vitis/int_gen_plat/ps7_cortexa9_0/standalone_domain/bsp/system.mss
TRACE::2026-03-16.18:52:12::SCWMssOS::Completed writing the mss file at C:/Users/ER250/OneDrive/Documents/ECE520_SOC/ECE520_SandBox/int_gen_soc_re/int_gen_soc_vitis/int_gen_plat/ps7_cortexa9_0/standalone_domain/bsp
TRACE::2026-03-16.18:52:12::SCWMssOS::Picking up changes from newly written mss file into SCW Layer. 
TRACE::2026-03-16.18:52:12::SCWMssOS::Updated the changes from newly written mss file into SCW Layer. 
TRACE::2026-03-16.18:52:12::SCWMssOS::Completed writing the mss file at C:/Users/ER250/OneDrive/Documents/ECE520_SOC/ECE520_SandBox/int_gen_soc_re/int_gen_soc_vitis/int_gen_plat/ps7_cortexa9_0/standalone_domain/bsp
TRACE::2026-03-16.18:52:12::SCWMssOS::Forcing BSP Sources regeneration.
TRACE::2026-03-16.18:52:16::SCWMssOS::Saving the mss changes C:/Users/ER250/OneDrive/Documents/ECE520_SOC/ECE520_SandBox/int_gen_soc_re/int_gen_soc_vitis/int_gen_plat/zynq_fsbl/zynq_fsbl_bsp/system.mss
TRACE::2026-03-16.18:52:16::SCWMssOS::Found a swdesign opened with the mssfile.
TRACE::2026-03-16.18:52:16::SCWMssOS::Completed writemss as part of save.
TRACE::2026-03-16.18:52:16::SCWMssOS::Commit changes completed.
TRACE::2026-03-16.18:52:16::SCWMssOS::Saving the mss changes C:/Users/ER250/OneDrive/Documents/ECE520_SOC/ECE520_SandBox/int_gen_soc_re/int_gen_soc_vitis/int_gen_plat/ps7_cortexa9_0/standalone_domain/bsp/system.mss
TRACE::2026-03-16.18:52:16::SCWMssOS::Adding the swdes entry, mss present, able to open swdb C:/Users/ER250/OneDrive/Documents/ECE520_SOC/ECE520_SandBox/int_gen_soc_re/int_gen_soc_vitis/int_gen_plat/ps7_cortexa9_0/standalone_domain/bsp/system.mss with des name system_0
TRACE::2026-03-16.18:52:16::SCWMssOS::Writing the mss file completed C:/Users/ER250/OneDrive/Documents/ECE520_SOC/ECE520_SandBox/int_gen_soc_re/int_gen_soc_vitis/int_gen_plat/ps7_cortexa9_0/standalone_domain/bsp/system.mss
TRACE::2026-03-16.18:52:16::SCWMssOS::Commit changes completed.
TRACE::2026-03-16.18:52:16::SCWPlatform::Trying to open the hw design at C:/Users/ER250/OneDrive/Documents/ECE520_SOC/ECE520_SandBox/int_gen_soc_re/int_gen_soc_vitis/int_gen_plat/hw/int_gen_bd_re_wrapper.xsa
TRACE::2026-03-16.18:52:16::SCWPlatform::DSA given C:/Users/ER250/OneDrive/Documents/ECE520_SOC/ECE520_SandBox/int_gen_soc_re/int_gen_soc_vitis/int_gen_plat/hw/int_gen_bd_re_wrapper.xsa
TRACE::2026-03-16.18:52:16::SCWPlatform::DSA absoulate path C:/Users/ER250/OneDrive/Documents/ECE520_SOC/ECE520_SandBox/int_gen_soc_re/int_gen_soc_vitis/int_gen_plat/hw/int_gen_bd_re_wrapper.xsa
TRACE::2026-03-16.18:52:16::SCWPlatform::DSA directory C:/Users/ER250/OneDrive/Documents/ECE520_SOC/ECE520_SandBox/int_gen_soc_re/int_gen_soc_vitis/int_gen_plat/hw
TRACE::2026-03-16.18:52:16::SCWPlatform:: Platform Path C:/Users/ER250/OneDrive/Documents/ECE520_SOC/ECE520_SandBox/int_gen_soc_re/int_gen_soc_vitis/int_gen_plat/hw/int_gen_bd_re_wrapper.xsa
TRACE::2026-03-16.18:52:16::SCWPlatform:: Unique name xilinx:zybo-z7-10::0.0
TRACE::2026-03-16.18:52:16::SCWPlatform::Trying to set the existing hwdb with name int_gen_bd_re_wrapper_0
TRACE::2026-03-16.18:52:16::SCWPlatform::Opened existing hwdb int_gen_bd_re_wrapper_0
TRACE::2026-03-16.18:52:16::SCWPlatform::Found the Hw Db part of the input DSA
TRACE::2026-03-16.18:52:16::SCWMssOS::Checking the sw design at  C:/Users/ER250/OneDrive/Documents/ECE520_SOC/ECE520_SandBox/int_gen_soc_re/int_gen_soc_vitis/int_gen_plat/zynq_fsbl/zynq_fsbl_bsp/system.mss
TRACE::2026-03-16.18:52:16::SCWMssOS::DEBUG:  swdes dump  C:/Users/ER250/OneDrive/Documents/ECE520_SOC/ECE520_SandBox/int_gen_soc_re/int_gen_soc_vitis/int_gen_plat/ps7_cortexa9_0/standalone_domain/bsp/system.mss|system_0||
C:/Users/ER250/OneDrive/Documents/ECE520_SOC/ECE520_SandBox/int_gen_soc_re/int_gen_soc_vitis/int_gen_plat/zynq_fsbl/zynq_fsbl_bsp/system.mss|system||

TRACE::2026-03-16.18:52:16::SCWMssOS::Sw design exists and opened at  C:/Users/ER250/OneDrive/Documents/ECE520_SOC/ECE520_SandBox/int_gen_soc_re/int_gen_soc_vitis/int_gen_plat/zynq_fsbl/zynq_fsbl_bsp/system.mss
TRACE::2026-03-16.18:52:16::SCWPlatform::Trying to open the hw design at C:/Users/ER250/OneDrive/Documents/ECE520_SOC/ECE520_SandBox/int_gen_soc_re/int_gen_soc_vitis/int_gen_plat/hw/int_gen_bd_re_wrapper.xsa
TRACE::2026-03-16.18:52:16::SCWPlatform::DSA given C:/Users/ER250/OneDrive/Documents/ECE520_SOC/ECE520_SandBox/int_gen_soc_re/int_gen_soc_vitis/int_gen_plat/hw/int_gen_bd_re_wrapper.xsa
TRACE::2026-03-16.18:52:16::SCWPlatform::DSA absoulate path C:/Users/ER250/OneDrive/Documents/ECE520_SOC/ECE520_SandBox/int_gen_soc_re/int_gen_soc_vitis/int_gen_plat/hw/int_gen_bd_re_wrapper.xsa
TRACE::2026-03-16.18:52:16::SCWPlatform::DSA directory C:/Users/ER250/OneDrive/Documents/ECE520_SOC/ECE520_SandBox/int_gen_soc_re/int_gen_soc_vitis/int_gen_plat/hw
TRACE::2026-03-16.18:52:16::SCWPlatform:: Platform Path C:/Users/ER250/OneDrive/Documents/ECE520_SOC/ECE520_SandBox/int_gen_soc_re/int_gen_soc_vitis/int_gen_plat/hw/int_gen_bd_re_wrapper.xsa
TRACE::2026-03-16.18:52:16::SCWPlatform:: Unique name xilinx:zybo-z7-10::0.0
TRACE::2026-03-16.18:52:16::SCWPlatform::Trying to set the existing hwdb with name int_gen_bd_re_wrapper_0
TRACE::2026-03-16.18:52:16::SCWPlatform::Opened existing hwdb int_gen_bd_re_wrapper_0
TRACE::2026-03-16.18:52:16::SCWPlatform::Found the Hw Db part of the input DSA
TRACE::2026-03-16.18:52:16::SCWMssOS::Checking the sw design at  C:/Users/ER250/OneDrive/Documents/ECE520_SOC/ECE520_SandBox/int_gen_soc_re/int_gen_soc_vitis/int_gen_plat/zynq_fsbl/zynq_fsbl_bsp/system.mss
TRACE::2026-03-16.18:52:16::SCWMssOS::DEBUG:  swdes dump  C:/Users/ER250/OneDrive/Documents/ECE520_SOC/ECE520_SandBox/int_gen_soc_re/int_gen_soc_vitis/int_gen_plat/ps7_cortexa9_0/standalone_domain/bsp/system.mss|system_0||
C:/Users/ER250/OneDrive/Documents/ECE520_SOC/ECE520_SandBox/int_gen_soc_re/int_gen_soc_vitis/int_gen_plat/zynq_fsbl/zynq_fsbl_bsp/system.mss|system||

TRACE::2026-03-16.18:52:16::SCWMssOS::Sw design exists and opened at  C:/Users/ER250/OneDrive/Documents/ECE520_SOC/ECE520_SandBox/int_gen_soc_re/int_gen_soc_vitis/int_gen_plat/zynq_fsbl/zynq_fsbl_bsp/system.mss
TRACE::2026-03-16.18:52:16::SCWPlatform::Trying to open the hw design at C:/Users/ER250/OneDrive/Documents/ECE520_SOC/ECE520_SandBox/int_gen_soc_re/int_gen_soc_vitis/int_gen_plat/hw/int_gen_bd_re_wrapper.xsa
TRACE::2026-03-16.18:52:16::SCWPlatform::DSA given C:/Users/ER250/OneDrive/Documents/ECE520_SOC/ECE520_SandBox/int_gen_soc_re/int_gen_soc_vitis/int_gen_plat/hw/int_gen_bd_re_wrapper.xsa
TRACE::2026-03-16.18:52:16::SCWPlatform::DSA absoulate path C:/Users/ER250/OneDrive/Documents/ECE520_SOC/ECE520_SandBox/int_gen_soc_re/int_gen_soc_vitis/int_gen_plat/hw/int_gen_bd_re_wrapper.xsa
TRACE::2026-03-16.18:52:16::SCWPlatform::DSA directory C:/Users/ER250/OneDrive/Documents/ECE520_SOC/ECE520_SandBox/int_gen_soc_re/int_gen_soc_vitis/int_gen_plat/hw
TRACE::2026-03-16.18:52:16::SCWPlatform:: Platform Path C:/Users/ER250/OneDrive/Documents/ECE520_SOC/ECE520_SandBox/int_gen_soc_re/int_gen_soc_vitis/int_gen_plat/hw/int_gen_bd_re_wrapper.xsa
TRACE::2026-03-16.18:52:16::SCWPlatform:: Unique name xilinx:zybo-z7-10::0.0
TRACE::2026-03-16.18:52:16::SCWPlatform::Trying to set the existing hwdb with name int_gen_bd_re_wrapper_0
TRACE::2026-03-16.18:52:16::SCWPlatform::Opened existing hwdb int_gen_bd_re_wrapper_0
TRACE::2026-03-16.18:52:16::SCWPlatform::Found the Hw Db part of the input DSA
TRACE::2026-03-16.18:52:16::SCWMssOS::Checking the sw design at  C:/Users/ER250/OneDrive/Documents/ECE520_SOC/ECE520_SandBox/int_gen_soc_re/int_gen_soc_vitis/int_gen_plat/zynq_fsbl/zynq_fsbl_bsp/system.mss
TRACE::2026-03-16.18:52:16::SCWMssOS::DEBUG:  swdes dump  C:/Users/ER250/OneDrive/Documents/ECE520_SOC/ECE520_SandBox/int_gen_soc_re/int_gen_soc_vitis/int_gen_plat/ps7_cortexa9_0/standalone_domain/bsp/system.mss|system_0||
C:/Users/ER250/OneDrive/Documents/ECE520_SOC/ECE520_SandBox/int_gen_soc_re/int_gen_soc_vitis/int_gen_plat/zynq_fsbl/zynq_fsbl_bsp/system.mss|system||

TRACE::2026-03-16.18:52:16::SCWMssOS::Sw design exists and opened at  C:/Users/ER250/OneDrive/Documents/ECE520_SOC/ECE520_SandBox/int_gen_soc_re/int_gen_soc_vitis/int_gen_plat/zynq_fsbl/zynq_fsbl_bsp/system.mss
TRACE::2026-03-16.18:52:16::SCWPlatform::Trying to open the hw design at C:/Users/ER250/OneDrive/Documents/ECE520_SOC/ECE520_SandBox/int_gen_soc_re/int_gen_soc_vitis/int_gen_plat/hw/int_gen_bd_re_wrapper.xsa
TRACE::2026-03-16.18:52:16::SCWPlatform::DSA given C:/Users/ER250/OneDrive/Documents/ECE520_SOC/ECE520_SandBox/int_gen_soc_re/int_gen_soc_vitis/int_gen_plat/hw/int_gen_bd_re_wrapper.xsa
TRACE::2026-03-16.18:52:16::SCWPlatform::DSA absoulate path C:/Users/ER250/OneDrive/Documents/ECE520_SOC/ECE520_SandBox/int_gen_soc_re/int_gen_soc_vitis/int_gen_plat/hw/int_gen_bd_re_wrapper.xsa
TRACE::2026-03-16.18:52:16::SCWPlatform::DSA directory C:/Users/ER250/OneDrive/Documents/ECE520_SOC/ECE520_SandBox/int_gen_soc_re/int_gen_soc_vitis/int_gen_plat/hw
TRACE::2026-03-16.18:52:16::SCWPlatform:: Platform Path C:/Users/ER250/OneDrive/Documents/ECE520_SOC/ECE520_SandBox/int_gen_soc_re/int_gen_soc_vitis/int_gen_plat/hw/int_gen_bd_re_wrapper.xsa
TRACE::2026-03-16.18:52:16::SCWPlatform:: Unique name xilinx:zybo-z7-10::0.0
TRACE::2026-03-16.18:52:16::SCWPlatform::Trying to set the existing hwdb with name int_gen_bd_re_wrapper_0
TRACE::2026-03-16.18:52:16::SCWPlatform::Opened existing hwdb int_gen_bd_re_wrapper_0
TRACE::2026-03-16.18:52:16::SCWPlatform::Found the Hw Db part of the input DSA
TRACE::2026-03-16.18:52:16::SCWMssOS::Checking the sw design at  C:/Users/ER250/OneDrive/Documents/ECE520_SOC/ECE520_SandBox/int_gen_soc_re/int_gen_soc_vitis/int_gen_plat/ps7_cortexa9_0/standalone_domain/bsp/system.mss
TRACE::2026-03-16.18:52:16::SCWMssOS::DEBUG:  swdes dump  C:/Users/ER250/OneDrive/Documents/ECE520_SOC/ECE520_SandBox/int_gen_soc_re/int_gen_soc_vitis/int_gen_plat/ps7_cortexa9_0/standalone_domain/bsp/system.mss|system_0||
C:/Users/ER250/OneDrive/Documents/ECE520_SOC/ECE520_SandBox/int_gen_soc_re/int_gen_soc_vitis/int_gen_plat/zynq_fsbl/zynq_fsbl_bsp/system.mss|system||

TRACE::2026-03-16.18:52:16::SCWMssOS::Sw design exists and opened at  C:/Users/ER250/OneDrive/Documents/ECE520_SOC/ECE520_SandBox/int_gen_soc_re/int_gen_soc_vitis/int_gen_plat/ps7_cortexa9_0/standalone_domain/bsp/system.mss
TRACE::2026-03-16.18:52:16::SCWPlatform::Trying to open the hw design at C:/Users/ER250/OneDrive/Documents/ECE520_SOC/ECE520_SandBox/int_gen_soc_re/int_gen_soc_vitis/int_gen_plat/hw/int_gen_bd_re_wrapper.xsa
TRACE::2026-03-16.18:52:16::SCWPlatform::DSA given C:/Users/ER250/OneDrive/Documents/ECE520_SOC/ECE520_SandBox/int_gen_soc_re/int_gen_soc_vitis/int_gen_plat/hw/int_gen_bd_re_wrapper.xsa
TRACE::2026-03-16.18:52:16::SCWPlatform::DSA absoulate path C:/Users/ER250/OneDrive/Documents/ECE520_SOC/ECE520_SandBox/int_gen_soc_re/int_gen_soc_vitis/int_gen_plat/hw/int_gen_bd_re_wrapper.xsa
TRACE::2026-03-16.18:52:16::SCWPlatform::DSA directory C:/Users/ER250/OneDrive/Documents/ECE520_SOC/ECE520_SandBox/int_gen_soc_re/int_gen_soc_vitis/int_gen_plat/hw
TRACE::2026-03-16.18:52:16::SCWPlatform:: Platform Path C:/Users/ER250/OneDrive/Documents/ECE520_SOC/ECE520_SandBox/int_gen_soc_re/int_gen_soc_vitis/int_gen_plat/hw/int_gen_bd_re_wrapper.xsa
TRACE::2026-03-16.18:52:16::SCWPlatform:: Unique name xilinx:zybo-z7-10::0.0
TRACE::2026-03-16.18:52:16::SCWPlatform::Trying to set the existing hwdb with name int_gen_bd_re_wrapper_0
TRACE::2026-03-16.18:52:16::SCWPlatform::Opened existing hwdb int_gen_bd_re_wrapper_0
TRACE::2026-03-16.18:52:16::SCWPlatform::Found the Hw Db part of the input DSA
TRACE::2026-03-16.18:52:16::SCWMssOS::Checking the sw design at  C:/Users/ER250/OneDrive/Documents/ECE520_SOC/ECE520_SandBox/int_gen_soc_re/int_gen_soc_vitis/int_gen_plat/ps7_cortexa9_0/standalone_domain/bsp/system.mss
TRACE::2026-03-16.18:52:16::SCWMssOS::DEBUG:  swdes dump  C:/Users/ER250/OneDrive/Documents/ECE520_SOC/ECE520_SandBox/int_gen_soc_re/int_gen_soc_vitis/int_gen_plat/ps7_cortexa9_0/standalone_domain/bsp/system.mss|system_0||
C:/Users/ER250/OneDrive/Documents/ECE520_SOC/ECE520_SandBox/int_gen_soc_re/int_gen_soc_vitis/int_gen_plat/zynq_fsbl/zynq_fsbl_bsp/system.mss|system||

TRACE::2026-03-16.18:52:16::SCWMssOS::Sw design exists and opened at  C:/Users/ER250/OneDrive/Documents/ECE520_SOC/ECE520_SandBox/int_gen_soc_re/int_gen_soc_vitis/int_gen_plat/ps7_cortexa9_0/standalone_domain/bsp/system.mss
TRACE::2026-03-16.18:52:16::SCWPlatform::Trying to open the hw design at C:/Users/ER250/OneDrive/Documents/ECE520_SOC/ECE520_SandBox/int_gen_soc_re/int_gen_soc_vitis/int_gen_plat/hw/int_gen_bd_re_wrapper.xsa
TRACE::2026-03-16.18:52:16::SCWPlatform::DSA given C:/Users/ER250/OneDrive/Documents/ECE520_SOC/ECE520_SandBox/int_gen_soc_re/int_gen_soc_vitis/int_gen_plat/hw/int_gen_bd_re_wrapper.xsa
TRACE::2026-03-16.18:52:16::SCWPlatform::DSA absoulate path C:/Users/ER250/OneDrive/Documents/ECE520_SOC/ECE520_SandBox/int_gen_soc_re/int_gen_soc_vitis/int_gen_plat/hw/int_gen_bd_re_wrapper.xsa
TRACE::2026-03-16.18:52:16::SCWPlatform::DSA directory C:/Users/ER250/OneDrive/Documents/ECE520_SOC/ECE520_SandBox/int_gen_soc_re/int_gen_soc_vitis/int_gen_plat/hw
TRACE::2026-03-16.18:52:16::SCWPlatform:: Platform Path C:/Users/ER250/OneDrive/Documents/ECE520_SOC/ECE520_SandBox/int_gen_soc_re/int_gen_soc_vitis/int_gen_plat/hw/int_gen_bd_re_wrapper.xsa
TRACE::2026-03-16.18:52:16::SCWPlatform:: Unique name xilinx:zybo-z7-10::0.0
TRACE::2026-03-16.18:52:16::SCWPlatform::Trying to set the existing hwdb with name int_gen_bd_re_wrapper_0
TRACE::2026-03-16.18:52:16::SCWPlatform::Opened existing hwdb int_gen_bd_re_wrapper_0
TRACE::2026-03-16.18:52:16::SCWPlatform::Found the Hw Db part of the input DSA
TRACE::2026-03-16.18:52:16::SCWMssOS::Checking the sw design at  C:/Users/ER250/OneDrive/Documents/ECE520_SOC/ECE520_SandBox/int_gen_soc_re/int_gen_soc_vitis/int_gen_plat/ps7_cortexa9_0/standalone_domain/bsp/system.mss
TRACE::2026-03-16.18:52:16::SCWMssOS::DEBUG:  swdes dump  C:/Users/ER250/OneDrive/Documents/ECE520_SOC/ECE520_SandBox/int_gen_soc_re/int_gen_soc_vitis/int_gen_plat/ps7_cortexa9_0/standalone_domain/bsp/system.mss|system_0||
C:/Users/ER250/OneDrive/Documents/ECE520_SOC/ECE520_SandBox/int_gen_soc_re/int_gen_soc_vitis/int_gen_plat/zynq_fsbl/zynq_fsbl_bsp/system.mss|system||

TRACE::2026-03-16.18:52:16::SCWMssOS::Sw design exists and opened at  C:/Users/ER250/OneDrive/Documents/ECE520_SOC/ECE520_SandBox/int_gen_soc_re/int_gen_soc_vitis/int_gen_plat/ps7_cortexa9_0/standalone_domain/bsp/system.mss
TRACE::2026-03-16.18:52:16::SCWWriter::formatted JSON is {
	"platformName":	"int_gen_plat",
	"sprVersion":	"2.0",
	"mode":	"gui",
	"dsaType":	"Fixed",
	"platformDesc":	"int_gen_plat",
	"platHandOff":	"C:/Users/ER250/OneDrive/Documents/ECE520_SOC/ECE520_SandBox/int_gen_soc_re/int_gen_bd_re_wrapper.xsa",
	"platIntHandOff":	"<platformDir>/hw/int_gen_bd_re_wrapper.xsa",
	"deviceType":	"zynq",
	"platIsPrebuiltAutogen":	"false",
	"platIsNoBootBsp":	"false",
	"platFsblTarget":	"ps7_cortexa9_0",
	"hasFsblMakeHasChanges":	"false",
	"hasPmufwMakeHasChanges":	"false",
	"fsblExtraCompilerFlags":	"-MMD -MP       -mcpu=cortex-a9 -mfpu=vfpv3 -mfloat-abi=hard ",
	"platPreBuiltFlag":	false,
	"platformSamplesDir":	"",
	"platActiveSys":	"int_gen_plat",
	"systems":	[{
			"systemName":	"int_gen_plat",
			"systemDesc":	"int_gen_plat",
			"sysIsBootAutoGen":	"true",
			"systemDispName":	"int_gen_plat",
			"sysActiveDom":	"standalone_domain",
			"sysDefaultDom":	"standalone_domain",
			"domains":	[{
					"domainName":	"zynq_fsbl",
					"domainDispName":	"zynq_fsbl",
					"domainDesc":	"FSBL Application BSP - Auto Generated.",
					"processors":	"ps7_cortexa9_0",
					"os":	"standalone",
					"sdxOs":	"standalone",
					"debugEnable":	"",
					"domRuntimes":	["cpp"],
					"swRepo":	"",
					"mssOsVer":	"8.1",
					"mssFile":	"",
					"md5Digest":	"819e3e5563aa783f4d08453a17e83a4e",
					"compatibleApp":	"zynq_fsbl",
					"domType":	"bootDomain",
					"arch":	"32-bit",
					"appSettings":	{
						"appCompilerFlags":	"",
						"appLinkerFlags":	""
					},
					"addedLibs":	["xilffs:5.0", "xilrsa:1.6"],
					"libOptions":	{
						"libsContainingOptions":	[]
					},
					"prebuiltLibs":	{
						"prebuiltIncPath":	[],
						"prebuiltLibPath":	[]
					},
					"isolation":	{
					}
				}, {
					"domainName":	"standalone_domain",
					"domainDispName":	"standalone_domain",
					"domainDesc":	"standalone_domain",
					"processors":	"ps7_cortexa9_0",
					"os":	"standalone",
					"sdxOs":	"standalone",
					"qemuArgs":	"<platformDir>/resources/int_gen_plat/standalone_domain/qemu_args.txt",
					"qemuData":	"<platformDir>/resources/int_gen_plat/standalone_domain/qemu",
					"debugEnable":	"False",
					"domRuntimes":	["cpp"],
					"swRepo":	"",
					"mssOsVer":	"8.1",
					"mssFile":	"",
					"md5Digest":	"93dc33fda754efcc510cba88207d9a56",
					"compatibleApp":	"",
					"domType":	"mssDomain",
					"appSettings":	{
						"appCompilerFlags":	"",
						"appLinkerFlags":	""
					},
					"addedLibs":	[],
					"libOptions":	{
						"libsContainingOptions":	[]
					},
					"prebuiltLibs":	{
						"prebuiltIncPath":	[],
						"prebuiltLibPath":	[]
					},
					"isolation":	{
					}
				}]
		}]
}
LOG::2026-03-16.18:52:16::SCWPlatform::Started generating the artifacts platform int_gen_plat
TRACE::2026-03-16.18:52:16::SCWPlatform::Sanity checking of platform is completed
LOG::2026-03-16.18:52:16::SCWPlatform::Started generating the artifacts for system configuration int_gen_plat
LOG::2026-03-16.18:52:16::SCWSystem::Checking the domain zynq_fsbl
LOG::2026-03-16.18:52:16::SCWSystem::Doing application build for :  zynq_fsbl
TRACE::2026-03-16.18:52:16::SCWBDomain::Not a forced makefile updation, No changes are present. 
TRACE::2026-03-16.18:52:16::SCWDomain::Skipping the build for domain :  zynq_fsbl
LOG::2026-03-16.18:52:16::SCWSystem::Checking the domain standalone_domain
LOG::2026-03-16.18:52:16::SCWSystem::Not a boot domain 
LOG::2026-03-16.18:52:16::SCWSystem::Started Processing the domain standalone_domain
TRACE::2026-03-16.18:52:16::SCWDomain::Generating domain artifcats
TRACE::2026-03-16.18:52:16::SCWMssOS::Generating standalone artifcats
TRACE::2026-03-16.18:52:16::SCWMssOS::Copying the qemu file from  C:/Users/ER250/OneDrive/Documents/ECE520_SOC/ECE520_SandBox/int_gen_soc_re/int_gen_soc_vitis/int_gen_plat/resources/int_gen_plat/standalone_domain/qemu_args.txt To C:/Users/ER250/OneDrive/Documents/ECE520_SOC/ECE520_SandBox/int_gen_soc_re/int_gen_soc_vitis/int_gen_plat/export/int_gen_plat/sw/int_gen_plat/qemu/
TRACE::2026-03-16.18:52:16::SCWMssOS::Copying the qemu file from  C:/Users/ER250/OneDrive/Documents/ECE520_SOC/ECE520_SandBox/int_gen_soc_re/int_gen_soc_vitis/int_gen_plat/resources/int_gen_plat/standalone_domain/qemu_args.txt To C:/Users/ER250/OneDrive/Documents/ECE520_SOC/ECE520_SandBox/int_gen_soc_re/int_gen_soc_vitis/int_gen_plat/export/int_gen_plat/sw/int_gen_plat/standalone_domain/qemu/
TRACE::2026-03-16.18:52:16::SCWMssOS:: Copying the user libraries. 
TRACE::2026-03-16.18:52:16::SCWPlatform::Trying to open the hw design at C:/Users/ER250/OneDrive/Documents/ECE520_SOC/ECE520_SandBox/int_gen_soc_re/int_gen_soc_vitis/int_gen_plat/hw/int_gen_bd_re_wrapper.xsa
TRACE::2026-03-16.18:52:16::SCWPlatform::DSA given C:/Users/ER250/OneDrive/Documents/ECE520_SOC/ECE520_SandBox/int_gen_soc_re/int_gen_soc_vitis/int_gen_plat/hw/int_gen_bd_re_wrapper.xsa
TRACE::2026-03-16.18:52:16::SCWPlatform::DSA absoulate path C:/Users/ER250/OneDrive/Documents/ECE520_SOC/ECE520_SandBox/int_gen_soc_re/int_gen_soc_vitis/int_gen_plat/hw/int_gen_bd_re_wrapper.xsa
TRACE::2026-03-16.18:52:16::SCWPlatform::DSA directory C:/Users/ER250/OneDrive/Documents/ECE520_SOC/ECE520_SandBox/int_gen_soc_re/int_gen_soc_vitis/int_gen_plat/hw
TRACE::2026-03-16.18:52:16::SCWPlatform:: Platform Path C:/Users/ER250/OneDrive/Documents/ECE520_SOC/ECE520_SandBox/int_gen_soc_re/int_gen_soc_vitis/int_gen_plat/hw/int_gen_bd_re_wrapper.xsa
TRACE::2026-03-16.18:52:16::SCWPlatform:: Unique name xilinx:zybo-z7-10::0.0
TRACE::2026-03-16.18:52:16::SCWPlatform::Trying to set the existing hwdb with name int_gen_bd_re_wrapper_0
TRACE::2026-03-16.18:52:16::SCWPlatform::Opened existing hwdb int_gen_bd_re_wrapper_0
TRACE::2026-03-16.18:52:16::SCWPlatform::Found the Hw Db part of the input DSA
TRACE::2026-03-16.18:52:16::SCWMssOS::Checking the sw design at  C:/Users/ER250/OneDrive/Documents/ECE520_SOC/ECE520_SandBox/int_gen_soc_re/int_gen_soc_vitis/int_gen_plat/ps7_cortexa9_0/standalone_domain/bsp/system.mss
TRACE::2026-03-16.18:52:16::SCWMssOS::DEBUG:  swdes dump  C:/Users/ER250/OneDrive/Documents/ECE520_SOC/ECE520_SandBox/int_gen_soc_re/int_gen_soc_vitis/int_gen_plat/ps7_cortexa9_0/standalone_domain/bsp/system.mss|system_0||
C:/Users/ER250/OneDrive/Documents/ECE520_SOC/ECE520_SandBox/int_gen_soc_re/int_gen_soc_vitis/int_gen_plat/zynq_fsbl/zynq_fsbl_bsp/system.mss|system||

TRACE::2026-03-16.18:52:16::SCWMssOS::Sw design exists and opened at  C:/Users/ER250/OneDrive/Documents/ECE520_SOC/ECE520_SandBox/int_gen_soc_re/int_gen_soc_vitis/int_gen_plat/ps7_cortexa9_0/standalone_domain/bsp/system.mss
TRACE::2026-03-16.18:52:16::SCWMssOS::Completed writing the mss file at C:/Users/ER250/OneDrive/Documents/ECE520_SOC/ECE520_SandBox/int_gen_soc_re/int_gen_soc_vitis/int_gen_plat/ps7_cortexa9_0/standalone_domain/bsp
TRACE::2026-03-16.18:52:16::SCWMssOS::Mss edits present, copying mssfile into export location C:/Users/ER250/OneDrive/Documents/ECE520_SOC/ECE520_SandBox/int_gen_soc_re/int_gen_soc_vitis/int_gen_plat/ps7_cortexa9_0/standalone_domain/bsp/system.mss
TRACE::2026-03-16.18:52:16::SCWMssOS::bsp generated is upto date with the mss file. Skipping bsp generation.
TRACE::2026-03-16.18:52:16::SCWMssOS::BSP is already built. skipping the bsp build ... 
TRACE::2026-03-16.18:52:16::SCWDomain::Skipping the build for domain :  standalone_domain
TRACE::2026-03-16.18:52:16::SCWMssOS::skipping the bsp build ... 
TRACE::2026-03-16.18:52:16::SCWMssOS::Copying to export directory.
TRACE::2026-03-16.18:52:16::SCWMssOS:: Checking if to create the Supporting Applications
TRACE::2026-03-16.18:52:16::SCWMssOS:: No Linux domain exists, trying to generate FSBL 
TRACE::2026-03-16.18:52:16::SCWMssOS:: Completed Standalone Artifacts creation 
LOG::2026-03-16.18:52:16::SCWSystem::Completed Processing the domain standalone_domain
LOG::2026-03-16.18:52:16::SCWSystem::Completed Processing the sysconfig int_gen_plat
LOG::2026-03-16.18:52:16::SCWPlatform::Completed generating the artifacts for system configuration int_gen_plat
TRACE::2026-03-16.18:52:16::SCWPlatform::Started preparing the platform 
TRACE::2026-03-16.18:52:16::SCWSystem::Writing the bif file for system config int_gen_plat
TRACE::2026-03-16.18:52:16::SCWSystem::dir created 
TRACE::2026-03-16.18:52:16::SCWSystem::Writing the bif 
TRACE::2026-03-16.18:52:16::SCWPlatform::Started writing the spfm file 
TRACE::2026-03-16.18:52:16::SCWPlatform::Started writing the xpfm file 
TRACE::2026-03-16.18:52:16::SCWPlatform::Completed generating the platform
TRACE::2026-03-16.18:52:16::SCWMssOS::Saving the mss changes C:/Users/ER250/OneDrive/Documents/ECE520_SOC/ECE520_SandBox/int_gen_soc_re/int_gen_soc_vitis/int_gen_plat/zynq_fsbl/zynq_fsbl_bsp/system.mss
TRACE::2026-03-16.18:52:16::SCWMssOS::Found a swdesign opened with the mssfile.
TRACE::2026-03-16.18:52:16::SCWMssOS::Completed writemss as part of save.
TRACE::2026-03-16.18:52:16::SCWMssOS::Commit changes completed.
TRACE::2026-03-16.18:52:16::SCWMssOS::Saving the mss changes C:/Users/ER250/OneDrive/Documents/ECE520_SOC/ECE520_SandBox/int_gen_soc_re/int_gen_soc_vitis/int_gen_plat/ps7_cortexa9_0/standalone_domain/bsp/system.mss
TRACE::2026-03-16.18:52:16::SCWMssOS::Found a swdesign opened with the mssfile.
TRACE::2026-03-16.18:52:16::SCWMssOS::Completed writemss as part of save.
TRACE::2026-03-16.18:52:16::SCWMssOS::Commit changes completed.
TRACE::2026-03-16.18:52:16::SCWPlatform::Trying to open the hw design at C:/Users/ER250/OneDrive/Documents/ECE520_SOC/ECE520_SandBox/int_gen_soc_re/int_gen_soc_vitis/int_gen_plat/hw/int_gen_bd_re_wrapper.xsa
TRACE::2026-03-16.18:52:16::SCWPlatform::DSA given C:/Users/ER250/OneDrive/Documents/ECE520_SOC/ECE520_SandBox/int_gen_soc_re/int_gen_soc_vitis/int_gen_plat/hw/int_gen_bd_re_wrapper.xsa
TRACE::2026-03-16.18:52:16::SCWPlatform::DSA absoulate path C:/Users/ER250/OneDrive/Documents/ECE520_SOC/ECE520_SandBox/int_gen_soc_re/int_gen_soc_vitis/int_gen_plat/hw/int_gen_bd_re_wrapper.xsa
TRACE::2026-03-16.18:52:16::SCWPlatform::DSA directory C:/Users/ER250/OneDrive/Documents/ECE520_SOC/ECE520_SandBox/int_gen_soc_re/int_gen_soc_vitis/int_gen_plat/hw
TRACE::2026-03-16.18:52:16::SCWPlatform:: Platform Path C:/Users/ER250/OneDrive/Documents/ECE520_SOC/ECE520_SandBox/int_gen_soc_re/int_gen_soc_vitis/int_gen_plat/hw/int_gen_bd_re_wrapper.xsa
TRACE::2026-03-16.18:52:16::SCWPlatform:: Unique name xilinx:zybo-z7-10::0.0
TRACE::2026-03-16.18:52:16::SCWPlatform::Trying to set the existing hwdb with name int_gen_bd_re_wrapper_0
TRACE::2026-03-16.18:52:16::SCWPlatform::Opened existing hwdb int_gen_bd_re_wrapper_0
TRACE::2026-03-16.18:52:16::SCWPlatform::Found the Hw Db part of the input DSA
TRACE::2026-03-16.18:52:16::SCWMssOS::Checking the sw design at  C:/Users/ER250/OneDrive/Documents/ECE520_SOC/ECE520_SandBox/int_gen_soc_re/int_gen_soc_vitis/int_gen_plat/zynq_fsbl/zynq_fsbl_bsp/system.mss
TRACE::2026-03-16.18:52:16::SCWMssOS::DEBUG:  swdes dump  C:/Users/ER250/OneDrive/Documents/ECE520_SOC/ECE520_SandBox/int_gen_soc_re/int_gen_soc_vitis/int_gen_plat/ps7_cortexa9_0/standalone_domain/bsp/system.mss|system_0||
C:/Users/ER250/OneDrive/Documents/ECE520_SOC/ECE520_SandBox/int_gen_soc_re/int_gen_soc_vitis/int_gen_plat/zynq_fsbl/zynq_fsbl_bsp/system.mss|system||

TRACE::2026-03-16.18:52:16::SCWMssOS::Sw design exists and opened at  C:/Users/ER250/OneDrive/Documents/ECE520_SOC/ECE520_SandBox/int_gen_soc_re/int_gen_soc_vitis/int_gen_plat/zynq_fsbl/zynq_fsbl_bsp/system.mss
TRACE::2026-03-16.18:52:16::SCWPlatform::Trying to open the hw design at C:/Users/ER250/OneDrive/Documents/ECE520_SOC/ECE520_SandBox/int_gen_soc_re/int_gen_soc_vitis/int_gen_plat/hw/int_gen_bd_re_wrapper.xsa
TRACE::2026-03-16.18:52:16::SCWPlatform::DSA given C:/Users/ER250/OneDrive/Documents/ECE520_SOC/ECE520_SandBox/int_gen_soc_re/int_gen_soc_vitis/int_gen_plat/hw/int_gen_bd_re_wrapper.xsa
TRACE::2026-03-16.18:52:16::SCWPlatform::DSA absoulate path C:/Users/ER250/OneDrive/Documents/ECE520_SOC/ECE520_SandBox/int_gen_soc_re/int_gen_soc_vitis/int_gen_plat/hw/int_gen_bd_re_wrapper.xsa
TRACE::2026-03-16.18:52:16::SCWPlatform::DSA directory C:/Users/ER250/OneDrive/Documents/ECE520_SOC/ECE520_SandBox/int_gen_soc_re/int_gen_soc_vitis/int_gen_plat/hw
TRACE::2026-03-16.18:52:16::SCWPlatform:: Platform Path C:/Users/ER250/OneDrive/Documents/ECE520_SOC/ECE520_SandBox/int_gen_soc_re/int_gen_soc_vitis/int_gen_plat/hw/int_gen_bd_re_wrapper.xsa
TRACE::2026-03-16.18:52:16::SCWPlatform:: Unique name xilinx:zybo-z7-10::0.0
TRACE::2026-03-16.18:52:16::SCWPlatform::Trying to set the existing hwdb with name int_gen_bd_re_wrapper_0
TRACE::2026-03-16.18:52:16::SCWPlatform::Opened existing hwdb int_gen_bd_re_wrapper_0
TRACE::2026-03-16.18:52:16::SCWPlatform::Found the Hw Db part of the input DSA
TRACE::2026-03-16.18:52:16::SCWMssOS::Checking the sw design at  C:/Users/ER250/OneDrive/Documents/ECE520_SOC/ECE520_SandBox/int_gen_soc_re/int_gen_soc_vitis/int_gen_plat/zynq_fsbl/zynq_fsbl_bsp/system.mss
TRACE::2026-03-16.18:52:16::SCWMssOS::DEBUG:  swdes dump  C:/Users/ER250/OneDrive/Documents/ECE520_SOC/ECE520_SandBox/int_gen_soc_re/int_gen_soc_vitis/int_gen_plat/ps7_cortexa9_0/standalone_domain/bsp/system.mss|system_0||
C:/Users/ER250/OneDrive/Documents/ECE520_SOC/ECE520_SandBox/int_gen_soc_re/int_gen_soc_vitis/int_gen_plat/zynq_fsbl/zynq_fsbl_bsp/system.mss|system||

TRACE::2026-03-16.18:52:16::SCWMssOS::Sw design exists and opened at  C:/Users/ER250/OneDrive/Documents/ECE520_SOC/ECE520_SandBox/int_gen_soc_re/int_gen_soc_vitis/int_gen_plat/zynq_fsbl/zynq_fsbl_bsp/system.mss
TRACE::2026-03-16.18:52:16::SCWPlatform::Trying to open the hw design at C:/Users/ER250/OneDrive/Documents/ECE520_SOC/ECE520_SandBox/int_gen_soc_re/int_gen_soc_vitis/int_gen_plat/hw/int_gen_bd_re_wrapper.xsa
TRACE::2026-03-16.18:52:16::SCWPlatform::DSA given C:/Users/ER250/OneDrive/Documents/ECE520_SOC/ECE520_SandBox/int_gen_soc_re/int_gen_soc_vitis/int_gen_plat/hw/int_gen_bd_re_wrapper.xsa
TRACE::2026-03-16.18:52:16::SCWPlatform::DSA absoulate path C:/Users/ER250/OneDrive/Documents/ECE520_SOC/ECE520_SandBox/int_gen_soc_re/int_gen_soc_vitis/int_gen_plat/hw/int_gen_bd_re_wrapper.xsa
TRACE::2026-03-16.18:52:16::SCWPlatform::DSA directory C:/Users/ER250/OneDrive/Documents/ECE520_SOC/ECE520_SandBox/int_gen_soc_re/int_gen_soc_vitis/int_gen_plat/hw
TRACE::2026-03-16.18:52:16::SCWPlatform:: Platform Path C:/Users/ER250/OneDrive/Documents/ECE520_SOC/ECE520_SandBox/int_gen_soc_re/int_gen_soc_vitis/int_gen_plat/hw/int_gen_bd_re_wrapper.xsa
TRACE::2026-03-16.18:52:16::SCWPlatform:: Unique name xilinx:zybo-z7-10::0.0
TRACE::2026-03-16.18:52:16::SCWPlatform::Trying to set the existing hwdb with name int_gen_bd_re_wrapper_0
TRACE::2026-03-16.18:52:16::SCWPlatform::Opened existing hwdb int_gen_bd_re_wrapper_0
TRACE::2026-03-16.18:52:16::SCWPlatform::Found the Hw Db part of the input DSA
TRACE::2026-03-16.18:52:16::SCWMssOS::Checking the sw design at  C:/Users/ER250/OneDrive/Documents/ECE520_SOC/ECE520_SandBox/int_gen_soc_re/int_gen_soc_vitis/int_gen_plat/zynq_fsbl/zynq_fsbl_bsp/system.mss
TRACE::2026-03-16.18:52:16::SCWMssOS::DEBUG:  swdes dump  C:/Users/ER250/OneDrive/Documents/ECE520_SOC/ECE520_SandBox/int_gen_soc_re/int_gen_soc_vitis/int_gen_plat/ps7_cortexa9_0/standalone_domain/bsp/system.mss|system_0||
C:/Users/ER250/OneDrive/Documents/ECE520_SOC/ECE520_SandBox/int_gen_soc_re/int_gen_soc_vitis/int_gen_plat/zynq_fsbl/zynq_fsbl_bsp/system.mss|system||

TRACE::2026-03-16.18:52:16::SCWMssOS::Sw design exists and opened at  C:/Users/ER250/OneDrive/Documents/ECE520_SOC/ECE520_SandBox/int_gen_soc_re/int_gen_soc_vitis/int_gen_plat/zynq_fsbl/zynq_fsbl_bsp/system.mss
TRACE::2026-03-16.18:52:16::SCWPlatform::Trying to open the hw design at C:/Users/ER250/OneDrive/Documents/ECE520_SOC/ECE520_SandBox/int_gen_soc_re/int_gen_soc_vitis/int_gen_plat/hw/int_gen_bd_re_wrapper.xsa
TRACE::2026-03-16.18:52:16::SCWPlatform::DSA given C:/Users/ER250/OneDrive/Documents/ECE520_SOC/ECE520_SandBox/int_gen_soc_re/int_gen_soc_vitis/int_gen_plat/hw/int_gen_bd_re_wrapper.xsa
TRACE::2026-03-16.18:52:16::SCWPlatform::DSA absoulate path C:/Users/ER250/OneDrive/Documents/ECE520_SOC/ECE520_SandBox/int_gen_soc_re/int_gen_soc_vitis/int_gen_plat/hw/int_gen_bd_re_wrapper.xsa
TRACE::2026-03-16.18:52:16::SCWPlatform::DSA directory C:/Users/ER250/OneDrive/Documents/ECE520_SOC/ECE520_SandBox/int_gen_soc_re/int_gen_soc_vitis/int_gen_plat/hw
TRACE::2026-03-16.18:52:16::SCWPlatform:: Platform Path C:/Users/ER250/OneDrive/Documents/ECE520_SOC/ECE520_SandBox/int_gen_soc_re/int_gen_soc_vitis/int_gen_plat/hw/int_gen_bd_re_wrapper.xsa
TRACE::2026-03-16.18:52:16::SCWPlatform:: Unique name xilinx:zybo-z7-10::0.0
TRACE::2026-03-16.18:52:16::SCWPlatform::Trying to set the existing hwdb with name int_gen_bd_re_wrapper_0
TRACE::2026-03-16.18:52:16::SCWPlatform::Opened existing hwdb int_gen_bd_re_wrapper_0
TRACE::2026-03-16.18:52:16::SCWPlatform::Found the Hw Db part of the input DSA
TRACE::2026-03-16.18:52:16::SCWMssOS::Checking the sw design at  C:/Users/ER250/OneDrive/Documents/ECE520_SOC/ECE520_SandBox/int_gen_soc_re/int_gen_soc_vitis/int_gen_plat/ps7_cortexa9_0/standalone_domain/bsp/system.mss
TRACE::2026-03-16.18:52:16::SCWMssOS::DEBUG:  swdes dump  C:/Users/ER250/OneDrive/Documents/ECE520_SOC/ECE520_SandBox/int_gen_soc_re/int_gen_soc_vitis/int_gen_plat/ps7_cortexa9_0/standalone_domain/bsp/system.mss|system_0||
C:/Users/ER250/OneDrive/Documents/ECE520_SOC/ECE520_SandBox/int_gen_soc_re/int_gen_soc_vitis/int_gen_plat/zynq_fsbl/zynq_fsbl_bsp/system.mss|system||

TRACE::2026-03-16.18:52:16::SCWMssOS::Sw design exists and opened at  C:/Users/ER250/OneDrive/Documents/ECE520_SOC/ECE520_SandBox/int_gen_soc_re/int_gen_soc_vitis/int_gen_plat/ps7_cortexa9_0/standalone_domain/bsp/system.mss
TRACE::2026-03-16.18:52:16::SCWPlatform::Trying to open the hw design at C:/Users/ER250/OneDrive/Documents/ECE520_SOC/ECE520_SandBox/int_gen_soc_re/int_gen_soc_vitis/int_gen_plat/hw/int_gen_bd_re_wrapper.xsa
TRACE::2026-03-16.18:52:16::SCWPlatform::DSA given C:/Users/ER250/OneDrive/Documents/ECE520_SOC/ECE520_SandBox/int_gen_soc_re/int_gen_soc_vitis/int_gen_plat/hw/int_gen_bd_re_wrapper.xsa
TRACE::2026-03-16.18:52:16::SCWPlatform::DSA absoulate path C:/Users/ER250/OneDrive/Documents/ECE520_SOC/ECE520_SandBox/int_gen_soc_re/int_gen_soc_vitis/int_gen_plat/hw/int_gen_bd_re_wrapper.xsa
TRACE::2026-03-16.18:52:16::SCWPlatform::DSA directory C:/Users/ER250/OneDrive/Documents/ECE520_SOC/ECE520_SandBox/int_gen_soc_re/int_gen_soc_vitis/int_gen_plat/hw
TRACE::2026-03-16.18:52:16::SCWPlatform:: Platform Path C:/Users/ER250/OneDrive/Documents/ECE520_SOC/ECE520_SandBox/int_gen_soc_re/int_gen_soc_vitis/int_gen_plat/hw/int_gen_bd_re_wrapper.xsa
TRACE::2026-03-16.18:52:16::SCWPlatform:: Unique name xilinx:zybo-z7-10::0.0
TRACE::2026-03-16.18:52:16::SCWPlatform::Trying to set the existing hwdb with name int_gen_bd_re_wrapper_0
TRACE::2026-03-16.18:52:16::SCWPlatform::Opened existing hwdb int_gen_bd_re_wrapper_0
TRACE::2026-03-16.18:52:16::SCWPlatform::Found the Hw Db part of the input DSA
TRACE::2026-03-16.18:52:16::SCWMssOS::Checking the sw design at  C:/Users/ER250/OneDrive/Documents/ECE520_SOC/ECE520_SandBox/int_gen_soc_re/int_gen_soc_vitis/int_gen_plat/ps7_cortexa9_0/standalone_domain/bsp/system.mss
TRACE::2026-03-16.18:52:16::SCWMssOS::DEBUG:  swdes dump  C:/Users/ER250/OneDrive/Documents/ECE520_SOC/ECE520_SandBox/int_gen_soc_re/int_gen_soc_vitis/int_gen_plat/ps7_cortexa9_0/standalone_domain/bsp/system.mss|system_0||
C:/Users/ER250/OneDrive/Documents/ECE520_SOC/ECE520_SandBox/int_gen_soc_re/int_gen_soc_vitis/int_gen_plat/zynq_fsbl/zynq_fsbl_bsp/system.mss|system||

TRACE::2026-03-16.18:52:16::SCWMssOS::Sw design exists and opened at  C:/Users/ER250/OneDrive/Documents/ECE520_SOC/ECE520_SandBox/int_gen_soc_re/int_gen_soc_vitis/int_gen_plat/ps7_cortexa9_0/standalone_domain/bsp/system.mss
TRACE::2026-03-16.18:52:16::SCWPlatform::Trying to open the hw design at C:/Users/ER250/OneDrive/Documents/ECE520_SOC/ECE520_SandBox/int_gen_soc_re/int_gen_soc_vitis/int_gen_plat/hw/int_gen_bd_re_wrapper.xsa
TRACE::2026-03-16.18:52:16::SCWPlatform::DSA given C:/Users/ER250/OneDrive/Documents/ECE520_SOC/ECE520_SandBox/int_gen_soc_re/int_gen_soc_vitis/int_gen_plat/hw/int_gen_bd_re_wrapper.xsa
TRACE::2026-03-16.18:52:16::SCWPlatform::DSA absoulate path C:/Users/ER250/OneDrive/Documents/ECE520_SOC/ECE520_SandBox/int_gen_soc_re/int_gen_soc_vitis/int_gen_plat/hw/int_gen_bd_re_wrapper.xsa
TRACE::2026-03-16.18:52:16::SCWPlatform::DSA directory C:/Users/ER250/OneDrive/Documents/ECE520_SOC/ECE520_SandBox/int_gen_soc_re/int_gen_soc_vitis/int_gen_plat/hw
TRACE::2026-03-16.18:52:16::SCWPlatform:: Platform Path C:/Users/ER250/OneDrive/Documents/ECE520_SOC/ECE520_SandBox/int_gen_soc_re/int_gen_soc_vitis/int_gen_plat/hw/int_gen_bd_re_wrapper.xsa
TRACE::2026-03-16.18:52:16::SCWPlatform:: Unique name xilinx:zybo-z7-10::0.0
TRACE::2026-03-16.18:52:16::SCWPlatform::Trying to set the existing hwdb with name int_gen_bd_re_wrapper_0
TRACE::2026-03-16.18:52:16::SCWPlatform::Opened existing hwdb int_gen_bd_re_wrapper_0
TRACE::2026-03-16.18:52:16::SCWPlatform::Found the Hw Db part of the input DSA
TRACE::2026-03-16.18:52:16::SCWMssOS::Checking the sw design at  C:/Users/ER250/OneDrive/Documents/ECE520_SOC/ECE520_SandBox/int_gen_soc_re/int_gen_soc_vitis/int_gen_plat/ps7_cortexa9_0/standalone_domain/bsp/system.mss
TRACE::2026-03-16.18:52:16::SCWMssOS::DEBUG:  swdes dump  C:/Users/ER250/OneDrive/Documents/ECE520_SOC/ECE520_SandBox/int_gen_soc_re/int_gen_soc_vitis/int_gen_plat/ps7_cortexa9_0/standalone_domain/bsp/system.mss|system_0||
C:/Users/ER250/OneDrive/Documents/ECE520_SOC/ECE520_SandBox/int_gen_soc_re/int_gen_soc_vitis/int_gen_plat/zynq_fsbl/zynq_fsbl_bsp/system.mss|system||

TRACE::2026-03-16.18:52:16::SCWMssOS::Sw design exists and opened at  C:/Users/ER250/OneDrive/Documents/ECE520_SOC/ECE520_SandBox/int_gen_soc_re/int_gen_soc_vitis/int_gen_plat/ps7_cortexa9_0/standalone_domain/bsp/system.mss
TRACE::2026-03-16.18:52:16::SCWWriter::formatted JSON is {
	"platformName":	"int_gen_plat",
	"sprVersion":	"2.0",
	"mode":	"gui",
	"dsaType":	"Fixed",
	"platformDesc":	"int_gen_plat",
	"platHandOff":	"C:/Users/ER250/OneDrive/Documents/ECE520_SOC/ECE520_SandBox/int_gen_soc_re/int_gen_bd_re_wrapper.xsa",
	"platIntHandOff":	"<platformDir>/hw/int_gen_bd_re_wrapper.xsa",
	"deviceType":	"zynq",
	"platIsPrebuiltAutogen":	"false",
	"platIsNoBootBsp":	"false",
	"platFsblTarget":	"ps7_cortexa9_0",
	"hasFsblMakeHasChanges":	"false",
	"hasPmufwMakeHasChanges":	"false",
	"fsblExtraCompilerFlags":	"-MMD -MP       -mcpu=cortex-a9 -mfpu=vfpv3 -mfloat-abi=hard ",
	"platPreBuiltFlag":	false,
	"platformSamplesDir":	"",
	"platActiveSys":	"int_gen_plat",
	"systems":	[{
			"systemName":	"int_gen_plat",
			"systemDesc":	"int_gen_plat",
			"sysIsBootAutoGen":	"true",
			"systemDispName":	"int_gen_plat",
			"sysActiveDom":	"standalone_domain",
			"sysDefaultDom":	"standalone_domain",
			"domains":	[{
					"domainName":	"zynq_fsbl",
					"domainDispName":	"zynq_fsbl",
					"domainDesc":	"FSBL Application BSP - Auto Generated.",
					"processors":	"ps7_cortexa9_0",
					"os":	"standalone",
					"sdxOs":	"standalone",
					"debugEnable":	"",
					"domRuntimes":	["cpp"],
					"swRepo":	"",
					"mssOsVer":	"8.1",
					"mssFile":	"",
					"md5Digest":	"819e3e5563aa783f4d08453a17e83a4e",
					"compatibleApp":	"zynq_fsbl",
					"domType":	"bootDomain",
					"arch":	"32-bit",
					"appSettings":	{
						"appCompilerFlags":	"",
						"appLinkerFlags":	""
					},
					"addedLibs":	["xilffs:5.0", "xilrsa:1.6"],
					"libOptions":	{
						"libsContainingOptions":	[]
					},
					"prebuiltLibs":	{
						"prebuiltIncPath":	[],
						"prebuiltLibPath":	[]
					},
					"isolation":	{
					}
				}, {
					"domainName":	"standalone_domain",
					"domainDispName":	"standalone_domain",
					"domainDesc":	"standalone_domain",
					"processors":	"ps7_cortexa9_0",
					"os":	"standalone",
					"sdxOs":	"standalone",
					"qemuArgs":	"<platformDir>/resources/int_gen_plat/standalone_domain/qemu_args.txt",
					"qemuData":	"<platformDir>/resources/int_gen_plat/standalone_domain/qemu",
					"debugEnable":	"False",
					"domRuntimes":	["cpp"],
					"swRepo":	"",
					"mssOsVer":	"8.1",
					"mssFile":	"",
					"md5Digest":	"93dc33fda754efcc510cba88207d9a56",
					"compatibleApp":	"",
					"domType":	"mssDomain",
					"appSettings":	{
						"appCompilerFlags":	"",
						"appLinkerFlags":	""
					},
					"addedLibs":	[],
					"libOptions":	{
						"libsContainingOptions":	[]
					},
					"prebuiltLibs":	{
						"prebuiltIncPath":	[],
						"prebuiltLibPath":	[]
					},
					"isolation":	{
					}
				}]
		}]
}
KEYINFO::2026-03-16.18:52:16::SCWPlatform::updated the xpfm file.
TRACE::2026-03-16.18:52:17::SCWPlatform::Trying to open the hw design at C:/Users/ER250/OneDrive/Documents/ECE520_SOC/ECE520_SandBox/int_gen_soc_re/int_gen_soc_vitis/int_gen_plat/hw/int_gen_bd_re_wrapper.xsa
TRACE::2026-03-16.18:52:17::SCWPlatform::DSA given C:/Users/ER250/OneDrive/Documents/ECE520_SOC/ECE520_SandBox/int_gen_soc_re/int_gen_soc_vitis/int_gen_plat/hw/int_gen_bd_re_wrapper.xsa
TRACE::2026-03-16.18:52:17::SCWPlatform::DSA absoulate path C:/Users/ER250/OneDrive/Documents/ECE520_SOC/ECE520_SandBox/int_gen_soc_re/int_gen_soc_vitis/int_gen_plat/hw/int_gen_bd_re_wrapper.xsa
TRACE::2026-03-16.18:52:17::SCWPlatform::DSA directory C:/Users/ER250/OneDrive/Documents/ECE520_SOC/ECE520_SandBox/int_gen_soc_re/int_gen_soc_vitis/int_gen_plat/hw
TRACE::2026-03-16.18:52:17::SCWPlatform:: Platform Path C:/Users/ER250/OneDrive/Documents/ECE520_SOC/ECE520_SandBox/int_gen_soc_re/int_gen_soc_vitis/int_gen_plat/hw/int_gen_bd_re_wrapper.xsa
TRACE::2026-03-16.18:52:17::SCWPlatform:: Unique name xilinx:zybo-z7-10::0.0
TRACE::2026-03-16.18:52:17::SCWPlatform::Trying to set the existing hwdb with name int_gen_bd_re_wrapper_0
TRACE::2026-03-16.18:52:17::SCWPlatform::Opened existing hwdb int_gen_bd_re_wrapper_0
TRACE::2026-03-16.18:52:17::SCWPlatform::Found the Hw Db part of the input DSA
TRACE::2026-03-16.18:52:17::SCWMssOS::Checking the sw design at  C:/Users/ER250/OneDrive/Documents/ECE520_SOC/ECE520_SandBox/int_gen_soc_re/int_gen_soc_vitis/int_gen_plat/ps7_cortexa9_0/standalone_domain/bsp/system.mss
TRACE::2026-03-16.18:52:17::SCWMssOS::DEBUG:  swdes dump  C:/Users/ER250/OneDrive/Documents/ECE520_SOC/ECE520_SandBox/int_gen_soc_re/int_gen_soc_vitis/int_gen_plat/ps7_cortexa9_0/standalone_domain/bsp/system.mss|system_0||
C:/Users/ER250/OneDrive/Documents/ECE520_SOC/ECE520_SandBox/int_gen_soc_re/int_gen_soc_vitis/int_gen_plat/zynq_fsbl/zynq_fsbl_bsp/system.mss|system||

TRACE::2026-03-16.18:52:17::SCWMssOS::Sw design exists and opened at  C:/Users/ER250/OneDrive/Documents/ECE520_SOC/ECE520_SandBox/int_gen_soc_re/int_gen_soc_vitis/int_gen_plat/ps7_cortexa9_0/standalone_domain/bsp/system.mss
TRACE::2026-03-16.18:52:17::SCWMssOS::Saving the mss changes C:/Users/ER250/OneDrive/Documents/ECE520_SOC/ECE520_SandBox/int_gen_soc_re/int_gen_soc_vitis/int_gen_plat/zynq_fsbl/zynq_fsbl_bsp/system.mss
TRACE::2026-03-16.18:52:17::SCWMssOS::Found a swdesign opened with the mssfile.
TRACE::2026-03-16.18:52:17::SCWMssOS::Completed writemss as part of save.
TRACE::2026-03-16.18:52:17::SCWMssOS::Commit changes completed.
TRACE::2026-03-16.18:52:17::SCWMssOS::Saving the mss changes C:/Users/ER250/OneDrive/Documents/ECE520_SOC/ECE520_SandBox/int_gen_soc_re/int_gen_soc_vitis/int_gen_plat/ps7_cortexa9_0/standalone_domain/bsp/system.mss
TRACE::2026-03-16.18:52:17::SCWMssOS::Found a swdesign opened with the mssfile.
TRACE::2026-03-16.18:52:17::SCWMssOS::Completed writemss as part of save.
TRACE::2026-03-16.18:52:17::SCWMssOS::Commit changes completed.
TRACE::2026-03-16.18:52:17::SCWPlatform::Trying to open the hw design at C:/Users/ER250/OneDrive/Documents/ECE520_SOC/ECE520_SandBox/int_gen_soc_re/int_gen_soc_vitis/int_gen_plat/hw/int_gen_bd_re_wrapper.xsa
TRACE::2026-03-16.18:52:17::SCWPlatform::DSA given C:/Users/ER250/OneDrive/Documents/ECE520_SOC/ECE520_SandBox/int_gen_soc_re/int_gen_soc_vitis/int_gen_plat/hw/int_gen_bd_re_wrapper.xsa
TRACE::2026-03-16.18:52:17::SCWPlatform::DSA absoulate path C:/Users/ER250/OneDrive/Documents/ECE520_SOC/ECE520_SandBox/int_gen_soc_re/int_gen_soc_vitis/int_gen_plat/hw/int_gen_bd_re_wrapper.xsa
TRACE::2026-03-16.18:52:17::SCWPlatform::DSA directory C:/Users/ER250/OneDrive/Documents/ECE520_SOC/ECE520_SandBox/int_gen_soc_re/int_gen_soc_vitis/int_gen_plat/hw
TRACE::2026-03-16.18:52:17::SCWPlatform:: Platform Path C:/Users/ER250/OneDrive/Documents/ECE520_SOC/ECE520_SandBox/int_gen_soc_re/int_gen_soc_vitis/int_gen_plat/hw/int_gen_bd_re_wrapper.xsa
TRACE::2026-03-16.18:52:17::SCWPlatform:: Unique name xilinx:zybo-z7-10::0.0
TRACE::2026-03-16.18:52:17::SCWPlatform::Trying to set the existing hwdb with name int_gen_bd_re_wrapper_0
TRACE::2026-03-16.18:52:17::SCWPlatform::Opened existing hwdb int_gen_bd_re_wrapper_0
TRACE::2026-03-16.18:52:17::SCWPlatform::Found the Hw Db part of the input DSA
TRACE::2026-03-16.18:52:17::SCWMssOS::Checking the sw design at  C:/Users/ER250/OneDrive/Documents/ECE520_SOC/ECE520_SandBox/int_gen_soc_re/int_gen_soc_vitis/int_gen_plat/zynq_fsbl/zynq_fsbl_bsp/system.mss
TRACE::2026-03-16.18:52:18::SCWMssOS::DEBUG:  swdes dump  C:/Users/ER250/OneDrive/Documents/ECE520_SOC/ECE520_SandBox/int_gen_soc_re/int_gen_soc_vitis/int_gen_plat/ps7_cortexa9_0/standalone_domain/bsp/system.mss|system_0||
C:/Users/ER250/OneDrive/Documents/ECE520_SOC/ECE520_SandBox/int_gen_soc_re/int_gen_soc_vitis/int_gen_plat/zynq_fsbl/zynq_fsbl_bsp/system.mss|system||

TRACE::2026-03-16.18:52:18::SCWMssOS::Sw design exists and opened at  C:/Users/ER250/OneDrive/Documents/ECE520_SOC/ECE520_SandBox/int_gen_soc_re/int_gen_soc_vitis/int_gen_plat/zynq_fsbl/zynq_fsbl_bsp/system.mss
TRACE::2026-03-16.18:52:18::SCWPlatform::Trying to open the hw design at C:/Users/ER250/OneDrive/Documents/ECE520_SOC/ECE520_SandBox/int_gen_soc_re/int_gen_soc_vitis/int_gen_plat/hw/int_gen_bd_re_wrapper.xsa
TRACE::2026-03-16.18:52:18::SCWPlatform::DSA given C:/Users/ER250/OneDrive/Documents/ECE520_SOC/ECE520_SandBox/int_gen_soc_re/int_gen_soc_vitis/int_gen_plat/hw/int_gen_bd_re_wrapper.xsa
TRACE::2026-03-16.18:52:18::SCWPlatform::DSA absoulate path C:/Users/ER250/OneDrive/Documents/ECE520_SOC/ECE520_SandBox/int_gen_soc_re/int_gen_soc_vitis/int_gen_plat/hw/int_gen_bd_re_wrapper.xsa
TRACE::2026-03-16.18:52:18::SCWPlatform::DSA directory C:/Users/ER250/OneDrive/Documents/ECE520_SOC/ECE520_SandBox/int_gen_soc_re/int_gen_soc_vitis/int_gen_plat/hw
TRACE::2026-03-16.18:52:18::SCWPlatform:: Platform Path C:/Users/ER250/OneDrive/Documents/ECE520_SOC/ECE520_SandBox/int_gen_soc_re/int_gen_soc_vitis/int_gen_plat/hw/int_gen_bd_re_wrapper.xsa
TRACE::2026-03-16.18:52:18::SCWPlatform:: Unique name xilinx:zybo-z7-10::0.0
TRACE::2026-03-16.18:52:18::SCWPlatform::Trying to set the existing hwdb with name int_gen_bd_re_wrapper_0
TRACE::2026-03-16.18:52:18::SCWPlatform::Opened existing hwdb int_gen_bd_re_wrapper_0
TRACE::2026-03-16.18:52:18::SCWPlatform::Found the Hw Db part of the input DSA
TRACE::2026-03-16.18:52:18::SCWMssOS::Checking the sw design at  C:/Users/ER250/OneDrive/Documents/ECE520_SOC/ECE520_SandBox/int_gen_soc_re/int_gen_soc_vitis/int_gen_plat/zynq_fsbl/zynq_fsbl_bsp/system.mss
TRACE::2026-03-16.18:52:18::SCWMssOS::DEBUG:  swdes dump  C:/Users/ER250/OneDrive/Documents/ECE520_SOC/ECE520_SandBox/int_gen_soc_re/int_gen_soc_vitis/int_gen_plat/ps7_cortexa9_0/standalone_domain/bsp/system.mss|system_0||
C:/Users/ER250/OneDrive/Documents/ECE520_SOC/ECE520_SandBox/int_gen_soc_re/int_gen_soc_vitis/int_gen_plat/zynq_fsbl/zynq_fsbl_bsp/system.mss|system||

TRACE::2026-03-16.18:52:18::SCWMssOS::Sw design exists and opened at  C:/Users/ER250/OneDrive/Documents/ECE520_SOC/ECE520_SandBox/int_gen_soc_re/int_gen_soc_vitis/int_gen_plat/zynq_fsbl/zynq_fsbl_bsp/system.mss
TRACE::2026-03-16.18:52:18::SCWPlatform::Trying to open the hw design at C:/Users/ER250/OneDrive/Documents/ECE520_SOC/ECE520_SandBox/int_gen_soc_re/int_gen_soc_vitis/int_gen_plat/hw/int_gen_bd_re_wrapper.xsa
TRACE::2026-03-16.18:52:18::SCWPlatform::DSA given C:/Users/ER250/OneDrive/Documents/ECE520_SOC/ECE520_SandBox/int_gen_soc_re/int_gen_soc_vitis/int_gen_plat/hw/int_gen_bd_re_wrapper.xsa
TRACE::2026-03-16.18:52:18::SCWPlatform::DSA absoulate path C:/Users/ER250/OneDrive/Documents/ECE520_SOC/ECE520_SandBox/int_gen_soc_re/int_gen_soc_vitis/int_gen_plat/hw/int_gen_bd_re_wrapper.xsa
TRACE::2026-03-16.18:52:18::SCWPlatform::DSA directory C:/Users/ER250/OneDrive/Documents/ECE520_SOC/ECE520_SandBox/int_gen_soc_re/int_gen_soc_vitis/int_gen_plat/hw
TRACE::2026-03-16.18:52:18::SCWPlatform:: Platform Path C:/Users/ER250/OneDrive/Documents/ECE520_SOC/ECE520_SandBox/int_gen_soc_re/int_gen_soc_vitis/int_gen_plat/hw/int_gen_bd_re_wrapper.xsa
TRACE::2026-03-16.18:52:18::SCWPlatform:: Unique name xilinx:zybo-z7-10::0.0
TRACE::2026-03-16.18:52:18::SCWPlatform::Trying to set the existing hwdb with name int_gen_bd_re_wrapper_0
TRACE::2026-03-16.18:52:18::SCWPlatform::Opened existing hwdb int_gen_bd_re_wrapper_0
TRACE::2026-03-16.18:52:18::SCWPlatform::Found the Hw Db part of the input DSA
TRACE::2026-03-16.18:52:18::SCWMssOS::Checking the sw design at  C:/Users/ER250/OneDrive/Documents/ECE520_SOC/ECE520_SandBox/int_gen_soc_re/int_gen_soc_vitis/int_gen_plat/zynq_fsbl/zynq_fsbl_bsp/system.mss
TRACE::2026-03-16.18:52:18::SCWMssOS::DEBUG:  swdes dump  C:/Users/ER250/OneDrive/Documents/ECE520_SOC/ECE520_SandBox/int_gen_soc_re/int_gen_soc_vitis/int_gen_plat/ps7_cortexa9_0/standalone_domain/bsp/system.mss|system_0||
C:/Users/ER250/OneDrive/Documents/ECE520_SOC/ECE520_SandBox/int_gen_soc_re/int_gen_soc_vitis/int_gen_plat/zynq_fsbl/zynq_fsbl_bsp/system.mss|system||

TRACE::2026-03-16.18:52:18::SCWMssOS::Sw design exists and opened at  C:/Users/ER250/OneDrive/Documents/ECE520_SOC/ECE520_SandBox/int_gen_soc_re/int_gen_soc_vitis/int_gen_plat/zynq_fsbl/zynq_fsbl_bsp/system.mss
TRACE::2026-03-16.18:52:18::SCWPlatform::Trying to open the hw design at C:/Users/ER250/OneDrive/Documents/ECE520_SOC/ECE520_SandBox/int_gen_soc_re/int_gen_soc_vitis/int_gen_plat/hw/int_gen_bd_re_wrapper.xsa
TRACE::2026-03-16.18:52:18::SCWPlatform::DSA given C:/Users/ER250/OneDrive/Documents/ECE520_SOC/ECE520_SandBox/int_gen_soc_re/int_gen_soc_vitis/int_gen_plat/hw/int_gen_bd_re_wrapper.xsa
TRACE::2026-03-16.18:52:18::SCWPlatform::DSA absoulate path C:/Users/ER250/OneDrive/Documents/ECE520_SOC/ECE520_SandBox/int_gen_soc_re/int_gen_soc_vitis/int_gen_plat/hw/int_gen_bd_re_wrapper.xsa
TRACE::2026-03-16.18:52:18::SCWPlatform::DSA directory C:/Users/ER250/OneDrive/Documents/ECE520_SOC/ECE520_SandBox/int_gen_soc_re/int_gen_soc_vitis/int_gen_plat/hw
TRACE::2026-03-16.18:52:18::SCWPlatform:: Platform Path C:/Users/ER250/OneDrive/Documents/ECE520_SOC/ECE520_SandBox/int_gen_soc_re/int_gen_soc_vitis/int_gen_plat/hw/int_gen_bd_re_wrapper.xsa
TRACE::2026-03-16.18:52:18::SCWPlatform:: Unique name xilinx:zybo-z7-10::0.0
TRACE::2026-03-16.18:52:18::SCWPlatform::Trying to set the existing hwdb with name int_gen_bd_re_wrapper_0
TRACE::2026-03-16.18:52:18::SCWPlatform::Opened existing hwdb int_gen_bd_re_wrapper_0
TRACE::2026-03-16.18:52:18::SCWPlatform::Found the Hw Db part of the input DSA
TRACE::2026-03-16.18:52:18::SCWMssOS::Checking the sw design at  C:/Users/ER250/OneDrive/Documents/ECE520_SOC/ECE520_SandBox/int_gen_soc_re/int_gen_soc_vitis/int_gen_plat/ps7_cortexa9_0/standalone_domain/bsp/system.mss
TRACE::2026-03-16.18:52:18::SCWMssOS::DEBUG:  swdes dump  C:/Users/ER250/OneDrive/Documents/ECE520_SOC/ECE520_SandBox/int_gen_soc_re/int_gen_soc_vitis/int_gen_plat/ps7_cortexa9_0/standalone_domain/bsp/system.mss|system_0||
C:/Users/ER250/OneDrive/Documents/ECE520_SOC/ECE520_SandBox/int_gen_soc_re/int_gen_soc_vitis/int_gen_plat/zynq_fsbl/zynq_fsbl_bsp/system.mss|system||

TRACE::2026-03-16.18:52:18::SCWMssOS::Sw design exists and opened at  C:/Users/ER250/OneDrive/Documents/ECE520_SOC/ECE520_SandBox/int_gen_soc_re/int_gen_soc_vitis/int_gen_plat/ps7_cortexa9_0/standalone_domain/bsp/system.mss
TRACE::2026-03-16.18:52:18::SCWPlatform::Trying to open the hw design at C:/Users/ER250/OneDrive/Documents/ECE520_SOC/ECE520_SandBox/int_gen_soc_re/int_gen_soc_vitis/int_gen_plat/hw/int_gen_bd_re_wrapper.xsa
TRACE::2026-03-16.18:52:18::SCWPlatform::DSA given C:/Users/ER250/OneDrive/Documents/ECE520_SOC/ECE520_SandBox/int_gen_soc_re/int_gen_soc_vitis/int_gen_plat/hw/int_gen_bd_re_wrapper.xsa
TRACE::2026-03-16.18:52:18::SCWPlatform::DSA absoulate path C:/Users/ER250/OneDrive/Documents/ECE520_SOC/ECE520_SandBox/int_gen_soc_re/int_gen_soc_vitis/int_gen_plat/hw/int_gen_bd_re_wrapper.xsa
TRACE::2026-03-16.18:52:18::SCWPlatform::DSA directory C:/Users/ER250/OneDrive/Documents/ECE520_SOC/ECE520_SandBox/int_gen_soc_re/int_gen_soc_vitis/int_gen_plat/hw
TRACE::2026-03-16.18:52:18::SCWPlatform:: Platform Path C:/Users/ER250/OneDrive/Documents/ECE520_SOC/ECE520_SandBox/int_gen_soc_re/int_gen_soc_vitis/int_gen_plat/hw/int_gen_bd_re_wrapper.xsa
TRACE::2026-03-16.18:52:18::SCWPlatform:: Unique name xilinx:zybo-z7-10::0.0
TRACE::2026-03-16.18:52:18::SCWPlatform::Trying to set the existing hwdb with name int_gen_bd_re_wrapper_0
TRACE::2026-03-16.18:52:18::SCWPlatform::Opened existing hwdb int_gen_bd_re_wrapper_0
TRACE::2026-03-16.18:52:18::SCWPlatform::Found the Hw Db part of the input DSA
TRACE::2026-03-16.18:52:18::SCWMssOS::Checking the sw design at  C:/Users/ER250/OneDrive/Documents/ECE520_SOC/ECE520_SandBox/int_gen_soc_re/int_gen_soc_vitis/int_gen_plat/ps7_cortexa9_0/standalone_domain/bsp/system.mss
TRACE::2026-03-16.18:52:18::SCWMssOS::DEBUG:  swdes dump  C:/Users/ER250/OneDrive/Documents/ECE520_SOC/ECE520_SandBox/int_gen_soc_re/int_gen_soc_vitis/int_gen_plat/ps7_cortexa9_0/standalone_domain/bsp/system.mss|system_0||
C:/Users/ER250/OneDrive/Documents/ECE520_SOC/ECE520_SandBox/int_gen_soc_re/int_gen_soc_vitis/int_gen_plat/zynq_fsbl/zynq_fsbl_bsp/system.mss|system||

TRACE::2026-03-16.18:52:18::SCWMssOS::Sw design exists and opened at  C:/Users/ER250/OneDrive/Documents/ECE520_SOC/ECE520_SandBox/int_gen_soc_re/int_gen_soc_vitis/int_gen_plat/ps7_cortexa9_0/standalone_domain/bsp/system.mss
TRACE::2026-03-16.18:52:18::SCWPlatform::Trying to open the hw design at C:/Users/ER250/OneDrive/Documents/ECE520_SOC/ECE520_SandBox/int_gen_soc_re/int_gen_soc_vitis/int_gen_plat/hw/int_gen_bd_re_wrapper.xsa
TRACE::2026-03-16.18:52:18::SCWPlatform::DSA given C:/Users/ER250/OneDrive/Documents/ECE520_SOC/ECE520_SandBox/int_gen_soc_re/int_gen_soc_vitis/int_gen_plat/hw/int_gen_bd_re_wrapper.xsa
TRACE::2026-03-16.18:52:18::SCWPlatform::DSA absoulate path C:/Users/ER250/OneDrive/Documents/ECE520_SOC/ECE520_SandBox/int_gen_soc_re/int_gen_soc_vitis/int_gen_plat/hw/int_gen_bd_re_wrapper.xsa
TRACE::2026-03-16.18:52:18::SCWPlatform::DSA directory C:/Users/ER250/OneDrive/Documents/ECE520_SOC/ECE520_SandBox/int_gen_soc_re/int_gen_soc_vitis/int_gen_plat/hw
TRACE::2026-03-16.18:52:18::SCWPlatform:: Platform Path C:/Users/ER250/OneDrive/Documents/ECE520_SOC/ECE520_SandBox/int_gen_soc_re/int_gen_soc_vitis/int_gen_plat/hw/int_gen_bd_re_wrapper.xsa
TRACE::2026-03-16.18:52:18::SCWPlatform:: Unique name xilinx:zybo-z7-10::0.0
TRACE::2026-03-16.18:52:18::SCWPlatform::Trying to set the existing hwdb with name int_gen_bd_re_wrapper_0
TRACE::2026-03-16.18:52:18::SCWPlatform::Opened existing hwdb int_gen_bd_re_wrapper_0
TRACE::2026-03-16.18:52:18::SCWPlatform::Found the Hw Db part of the input DSA
TRACE::2026-03-16.18:52:18::SCWMssOS::Checking the sw design at  C:/Users/ER250/OneDrive/Documents/ECE520_SOC/ECE520_SandBox/int_gen_soc_re/int_gen_soc_vitis/int_gen_plat/ps7_cortexa9_0/standalone_domain/bsp/system.mss
TRACE::2026-03-16.18:52:18::SCWMssOS::DEBUG:  swdes dump  C:/Users/ER250/OneDrive/Documents/ECE520_SOC/ECE520_SandBox/int_gen_soc_re/int_gen_soc_vitis/int_gen_plat/ps7_cortexa9_0/standalone_domain/bsp/system.mss|system_0||
C:/Users/ER250/OneDrive/Documents/ECE520_SOC/ECE520_SandBox/int_gen_soc_re/int_gen_soc_vitis/int_gen_plat/zynq_fsbl/zynq_fsbl_bsp/system.mss|system||

TRACE::2026-03-16.18:52:18::SCWMssOS::Sw design exists and opened at  C:/Users/ER250/OneDrive/Documents/ECE520_SOC/ECE520_SandBox/int_gen_soc_re/int_gen_soc_vitis/int_gen_plat/ps7_cortexa9_0/standalone_domain/bsp/system.mss
TRACE::2026-03-16.18:52:18::SCWWriter::formatted JSON is {
	"platformName":	"int_gen_plat",
	"sprVersion":	"2.0",
	"mode":	"gui",
	"dsaType":	"Fixed",
	"platformDesc":	"int_gen_plat",
	"platHandOff":	"C:/Users/ER250/OneDrive/Documents/ECE520_SOC/ECE520_SandBox/int_gen_soc_re/int_gen_bd_re_wrapper.xsa",
	"platIntHandOff":	"<platformDir>/hw/int_gen_bd_re_wrapper.xsa",
	"deviceType":	"zynq",
	"platIsPrebuiltAutogen":	"false",
	"platIsNoBootBsp":	"false",
	"platFsblTarget":	"ps7_cortexa9_0",
	"hasFsblMakeHasChanges":	"false",
	"hasPmufwMakeHasChanges":	"false",
	"fsblExtraCompilerFlags":	"-MMD -MP       -mcpu=cortex-a9 -mfpu=vfpv3 -mfloat-abi=hard ",
	"platPreBuiltFlag":	false,
	"platformSamplesDir":	"",
	"platActiveSys":	"int_gen_plat",
	"systems":	[{
			"systemName":	"int_gen_plat",
			"systemDesc":	"int_gen_plat",
			"sysIsBootAutoGen":	"true",
			"systemDispName":	"int_gen_plat",
			"sysActiveDom":	"standalone_domain",
			"sysDefaultDom":	"standalone_domain",
			"domains":	[{
					"domainName":	"zynq_fsbl",
					"domainDispName":	"zynq_fsbl",
					"domainDesc":	"FSBL Application BSP - Auto Generated.",
					"processors":	"ps7_cortexa9_0",
					"os":	"standalone",
					"sdxOs":	"standalone",
					"debugEnable":	"",
					"domRuntimes":	["cpp"],
					"swRepo":	"",
					"mssOsVer":	"8.1",
					"mssFile":	"",
					"md5Digest":	"819e3e5563aa783f4d08453a17e83a4e",
					"compatibleApp":	"zynq_fsbl",
					"domType":	"bootDomain",
					"arch":	"32-bit",
					"appSettings":	{
						"appCompilerFlags":	"",
						"appLinkerFlags":	""
					},
					"addedLibs":	["xilffs:5.0", "xilrsa:1.6"],
					"libOptions":	{
						"libsContainingOptions":	[]
					},
					"prebuiltLibs":	{
						"prebuiltIncPath":	[],
						"prebuiltLibPath":	[]
					},
					"isolation":	{
					}
				}, {
					"domainName":	"standalone_domain",
					"domainDispName":	"standalone_domain",
					"domainDesc":	"standalone_domain",
					"processors":	"ps7_cortexa9_0",
					"os":	"standalone",
					"sdxOs":	"standalone",
					"qemuArgs":	"<platformDir>/resources/int_gen_plat/standalone_domain/qemu_args.txt",
					"qemuData":	"<platformDir>/resources/int_gen_plat/standalone_domain/qemu",
					"debugEnable":	"False",
					"domRuntimes":	["cpp"],
					"swRepo":	"",
					"mssOsVer":	"8.1",
					"mssFile":	"",
					"md5Digest":	"93dc33fda754efcc510cba88207d9a56",
					"compatibleApp":	"",
					"domType":	"mssDomain",
					"appSettings":	{
						"appCompilerFlags":	"",
						"appLinkerFlags":	""
					},
					"addedLibs":	[],
					"libOptions":	{
						"libsContainingOptions":	[]
					},
					"prebuiltLibs":	{
						"prebuiltIncPath":	[],
						"prebuiltLibPath":	[]
					},
					"isolation":	{
					}
				}]
		}]
}
TRACE::2026-03-16.18:52:18::SCWPlatform::Trying to open the hw design at C:/Users/ER250/OneDrive/Documents/ECE520_SOC/ECE520_SandBox/int_gen_soc_re/int_gen_soc_vitis/int_gen_plat/hw/int_gen_bd_re_wrapper.xsa
TRACE::2026-03-16.18:52:18::SCWPlatform::DSA given C:/Users/ER250/OneDrive/Documents/ECE520_SOC/ECE520_SandBox/int_gen_soc_re/int_gen_soc_vitis/int_gen_plat/hw/int_gen_bd_re_wrapper.xsa
TRACE::2026-03-16.18:52:18::SCWPlatform::DSA absoulate path C:/Users/ER250/OneDrive/Documents/ECE520_SOC/ECE520_SandBox/int_gen_soc_re/int_gen_soc_vitis/int_gen_plat/hw/int_gen_bd_re_wrapper.xsa
TRACE::2026-03-16.18:52:18::SCWPlatform::DSA directory C:/Users/ER250/OneDrive/Documents/ECE520_SOC/ECE520_SandBox/int_gen_soc_re/int_gen_soc_vitis/int_gen_plat/hw
TRACE::2026-03-16.18:52:18::SCWPlatform:: Platform Path C:/Users/ER250/OneDrive/Documents/ECE520_SOC/ECE520_SandBox/int_gen_soc_re/int_gen_soc_vitis/int_gen_plat/hw/int_gen_bd_re_wrapper.xsa
TRACE::2026-03-16.18:52:18::SCWPlatform:: Unique name xilinx:zybo-z7-10::0.0
TRACE::2026-03-16.18:52:18::SCWPlatform::Trying to set the existing hwdb with name int_gen_bd_re_wrapper_0
TRACE::2026-03-16.18:52:18::SCWPlatform::Opened existing hwdb int_gen_bd_re_wrapper_0
TRACE::2026-03-16.18:52:18::SCWPlatform::Found the Hw Db part of the input DSA
TRACE::2026-03-16.18:52:18::SCWMssOS::Checking the sw design at  C:/Users/ER250/OneDrive/Documents/ECE520_SOC/ECE520_SandBox/int_gen_soc_re/int_gen_soc_vitis/int_gen_plat/ps7_cortexa9_0/standalone_domain/bsp/system.mss
TRACE::2026-03-16.18:52:18::SCWMssOS::DEBUG:  swdes dump  C:/Users/ER250/OneDrive/Documents/ECE520_SOC/ECE520_SandBox/int_gen_soc_re/int_gen_soc_vitis/int_gen_plat/ps7_cortexa9_0/standalone_domain/bsp/system.mss|system_0||
C:/Users/ER250/OneDrive/Documents/ECE520_SOC/ECE520_SandBox/int_gen_soc_re/int_gen_soc_vitis/int_gen_plat/zynq_fsbl/zynq_fsbl_bsp/system.mss|system||

TRACE::2026-03-16.18:52:18::SCWMssOS::Sw design exists and opened at  C:/Users/ER250/OneDrive/Documents/ECE520_SOC/ECE520_SandBox/int_gen_soc_re/int_gen_soc_vitis/int_gen_plat/ps7_cortexa9_0/standalone_domain/bsp/system.mss
TRACE::2026-03-16.18:52:18::SCWPlatform::Trying to open the hw design at C:/Users/ER250/OneDrive/Documents/ECE520_SOC/ECE520_SandBox/int_gen_soc_re/int_gen_soc_vitis/int_gen_plat/hw/int_gen_bd_re_wrapper.xsa
TRACE::2026-03-16.18:52:18::SCWPlatform::DSA given C:/Users/ER250/OneDrive/Documents/ECE520_SOC/ECE520_SandBox/int_gen_soc_re/int_gen_soc_vitis/int_gen_plat/hw/int_gen_bd_re_wrapper.xsa
TRACE::2026-03-16.18:52:18::SCWPlatform::DSA absoulate path C:/Users/ER250/OneDrive/Documents/ECE520_SOC/ECE520_SandBox/int_gen_soc_re/int_gen_soc_vitis/int_gen_plat/hw/int_gen_bd_re_wrapper.xsa
TRACE::2026-03-16.18:52:18::SCWPlatform::DSA directory C:/Users/ER250/OneDrive/Documents/ECE520_SOC/ECE520_SandBox/int_gen_soc_re/int_gen_soc_vitis/int_gen_plat/hw
TRACE::2026-03-16.18:52:18::SCWPlatform:: Platform Path C:/Users/ER250/OneDrive/Documents/ECE520_SOC/ECE520_SandBox/int_gen_soc_re/int_gen_soc_vitis/int_gen_plat/hw/int_gen_bd_re_wrapper.xsa
TRACE::2026-03-16.18:52:18::SCWPlatform:: Unique name xilinx:zybo-z7-10::0.0
TRACE::2026-03-16.18:52:18::SCWPlatform::Trying to set the existing hwdb with name int_gen_bd_re_wrapper_0
TRACE::2026-03-16.18:52:18::SCWPlatform::Opened existing hwdb int_gen_bd_re_wrapper_0
TRACE::2026-03-16.18:52:18::SCWPlatform::Found the Hw Db part of the input DSA
TRACE::2026-03-16.18:52:18::SCWMssOS::Checking the sw design at  C:/Users/ER250/OneDrive/Documents/ECE520_SOC/ECE520_SandBox/int_gen_soc_re/int_gen_soc_vitis/int_gen_plat/ps7_cortexa9_0/standalone_domain/bsp/system.mss
TRACE::2026-03-16.18:52:18::SCWMssOS::DEBUG:  swdes dump  C:/Users/ER250/OneDrive/Documents/ECE520_SOC/ECE520_SandBox/int_gen_soc_re/int_gen_soc_vitis/int_gen_plat/ps7_cortexa9_0/standalone_domain/bsp/system.mss|system_0||
C:/Users/ER250/OneDrive/Documents/ECE520_SOC/ECE520_SandBox/int_gen_soc_re/int_gen_soc_vitis/int_gen_plat/zynq_fsbl/zynq_fsbl_bsp/system.mss|system||

TRACE::2026-03-16.18:52:18::SCWMssOS::Sw design exists and opened at  C:/Users/ER250/OneDrive/Documents/ECE520_SOC/ECE520_SandBox/int_gen_soc_re/int_gen_soc_vitis/int_gen_plat/ps7_cortexa9_0/standalone_domain/bsp/system.mss
TRACE::2026-03-16.18:52:18::SCWPlatform::Trying to open the hw design at C:/Users/ER250/OneDrive/Documents/ECE520_SOC/ECE520_SandBox/int_gen_soc_re/int_gen_soc_vitis/int_gen_plat/hw/int_gen_bd_re_wrapper.xsa
TRACE::2026-03-16.18:52:18::SCWPlatform::DSA given C:/Users/ER250/OneDrive/Documents/ECE520_SOC/ECE520_SandBox/int_gen_soc_re/int_gen_soc_vitis/int_gen_plat/hw/int_gen_bd_re_wrapper.xsa
TRACE::2026-03-16.18:52:18::SCWPlatform::DSA absoulate path C:/Users/ER250/OneDrive/Documents/ECE520_SOC/ECE520_SandBox/int_gen_soc_re/int_gen_soc_vitis/int_gen_plat/hw/int_gen_bd_re_wrapper.xsa
TRACE::2026-03-16.18:52:18::SCWPlatform::DSA directory C:/Users/ER250/OneDrive/Documents/ECE520_SOC/ECE520_SandBox/int_gen_soc_re/int_gen_soc_vitis/int_gen_plat/hw
TRACE::2026-03-16.18:52:18::SCWPlatform:: Platform Path C:/Users/ER250/OneDrive/Documents/ECE520_SOC/ECE520_SandBox/int_gen_soc_re/int_gen_soc_vitis/int_gen_plat/hw/int_gen_bd_re_wrapper.xsa
TRACE::2026-03-16.18:52:18::SCWPlatform:: Unique name xilinx:zybo-z7-10::0.0
TRACE::2026-03-16.18:52:18::SCWPlatform::Trying to set the existing hwdb with name int_gen_bd_re_wrapper_0
TRACE::2026-03-16.18:52:18::SCWPlatform::Opened existing hwdb int_gen_bd_re_wrapper_0
TRACE::2026-03-16.18:52:18::SCWPlatform::Found the Hw Db part of the input DSA
TRACE::2026-03-16.18:52:18::SCWMssOS::Checking the sw design at  C:/Users/ER250/OneDrive/Documents/ECE520_SOC/ECE520_SandBox/int_gen_soc_re/int_gen_soc_vitis/int_gen_plat/ps7_cortexa9_0/standalone_domain/bsp/system.mss
TRACE::2026-03-16.18:52:18::SCWMssOS::DEBUG:  swdes dump  C:/Users/ER250/OneDrive/Documents/ECE520_SOC/ECE520_SandBox/int_gen_soc_re/int_gen_soc_vitis/int_gen_plat/ps7_cortexa9_0/standalone_domain/bsp/system.mss|system_0||
C:/Users/ER250/OneDrive/Documents/ECE520_SOC/ECE520_SandBox/int_gen_soc_re/int_gen_soc_vitis/int_gen_plat/zynq_fsbl/zynq_fsbl_bsp/system.mss|system||

TRACE::2026-03-16.18:52:18::SCWMssOS::Sw design exists and opened at  C:/Users/ER250/OneDrive/Documents/ECE520_SOC/ECE520_SandBox/int_gen_soc_re/int_gen_soc_vitis/int_gen_plat/ps7_cortexa9_0/standalone_domain/bsp/system.mss
TRACE::2026-03-16.18:52:18::SCWMssOS::Saving the mss changes C:/Users/ER250/OneDrive/Documents/ECE520_SOC/ECE520_SandBox/int_gen_soc_re/int_gen_soc_vitis/int_gen_plat/zynq_fsbl/zynq_fsbl_bsp/system.mss
TRACE::2026-03-16.18:52:18::SCWMssOS::Found a swdesign opened with the mssfile.
TRACE::2026-03-16.18:52:18::SCWMssOS::Completed writemss as part of save.
TRACE::2026-03-16.18:52:18::SCWMssOS::Commit changes completed.
TRACE::2026-03-16.18:52:18::SCWMssOS::Saving the mss changes C:/Users/ER250/OneDrive/Documents/ECE520_SOC/ECE520_SandBox/int_gen_soc_re/int_gen_soc_vitis/int_gen_plat/ps7_cortexa9_0/standalone_domain/bsp/system.mss
TRACE::2026-03-16.18:52:18::SCWMssOS::Found a swdesign opened with the mssfile.
TRACE::2026-03-16.18:52:18::SCWMssOS::Completed writemss as part of save.
TRACE::2026-03-16.18:52:18::SCWMssOS::Commit changes completed.
TRACE::2026-03-16.18:52:18::SCWPlatform::Trying to open the hw design at C:/Users/ER250/OneDrive/Documents/ECE520_SOC/ECE520_SandBox/int_gen_soc_re/int_gen_soc_vitis/int_gen_plat/hw/int_gen_bd_re_wrapper.xsa
TRACE::2026-03-16.18:52:18::SCWPlatform::DSA given C:/Users/ER250/OneDrive/Documents/ECE520_SOC/ECE520_SandBox/int_gen_soc_re/int_gen_soc_vitis/int_gen_plat/hw/int_gen_bd_re_wrapper.xsa
TRACE::2026-03-16.18:52:18::SCWPlatform::DSA absoulate path C:/Users/ER250/OneDrive/Documents/ECE520_SOC/ECE520_SandBox/int_gen_soc_re/int_gen_soc_vitis/int_gen_plat/hw/int_gen_bd_re_wrapper.xsa
TRACE::2026-03-16.18:52:18::SCWPlatform::DSA directory C:/Users/ER250/OneDrive/Documents/ECE520_SOC/ECE520_SandBox/int_gen_soc_re/int_gen_soc_vitis/int_gen_plat/hw
TRACE::2026-03-16.18:52:18::SCWPlatform:: Platform Path C:/Users/ER250/OneDrive/Documents/ECE520_SOC/ECE520_SandBox/int_gen_soc_re/int_gen_soc_vitis/int_gen_plat/hw/int_gen_bd_re_wrapper.xsa
TRACE::2026-03-16.18:52:18::SCWPlatform:: Unique name xilinx:zybo-z7-10::0.0
TRACE::2026-03-16.18:52:18::SCWPlatform::Trying to set the existing hwdb with name int_gen_bd_re_wrapper_0
TRACE::2026-03-16.18:52:18::SCWPlatform::Opened existing hwdb int_gen_bd_re_wrapper_0
TRACE::2026-03-16.18:52:18::SCWPlatform::Found the Hw Db part of the input DSA
TRACE::2026-03-16.18:52:18::SCWMssOS::Checking the sw design at  C:/Users/ER250/OneDrive/Documents/ECE520_SOC/ECE520_SandBox/int_gen_soc_re/int_gen_soc_vitis/int_gen_plat/zynq_fsbl/zynq_fsbl_bsp/system.mss
TRACE::2026-03-16.18:52:18::SCWMssOS::DEBUG:  swdes dump  C:/Users/ER250/OneDrive/Documents/ECE520_SOC/ECE520_SandBox/int_gen_soc_re/int_gen_soc_vitis/int_gen_plat/ps7_cortexa9_0/standalone_domain/bsp/system.mss|system_0||
C:/Users/ER250/OneDrive/Documents/ECE520_SOC/ECE520_SandBox/int_gen_soc_re/int_gen_soc_vitis/int_gen_plat/zynq_fsbl/zynq_fsbl_bsp/system.mss|system||

TRACE::2026-03-16.18:52:18::SCWMssOS::Sw design exists and opened at  C:/Users/ER250/OneDrive/Documents/ECE520_SOC/ECE520_SandBox/int_gen_soc_re/int_gen_soc_vitis/int_gen_plat/zynq_fsbl/zynq_fsbl_bsp/system.mss
TRACE::2026-03-16.18:52:18::SCWPlatform::Trying to open the hw design at C:/Users/ER250/OneDrive/Documents/ECE520_SOC/ECE520_SandBox/int_gen_soc_re/int_gen_soc_vitis/int_gen_plat/hw/int_gen_bd_re_wrapper.xsa
TRACE::2026-03-16.18:52:18::SCWPlatform::DSA given C:/Users/ER250/OneDrive/Documents/ECE520_SOC/ECE520_SandBox/int_gen_soc_re/int_gen_soc_vitis/int_gen_plat/hw/int_gen_bd_re_wrapper.xsa
TRACE::2026-03-16.18:52:18::SCWPlatform::DSA absoulate path C:/Users/ER250/OneDrive/Documents/ECE520_SOC/ECE520_SandBox/int_gen_soc_re/int_gen_soc_vitis/int_gen_plat/hw/int_gen_bd_re_wrapper.xsa
TRACE::2026-03-16.18:52:18::SCWPlatform::DSA directory C:/Users/ER250/OneDrive/Documents/ECE520_SOC/ECE520_SandBox/int_gen_soc_re/int_gen_soc_vitis/int_gen_plat/hw
TRACE::2026-03-16.18:52:18::SCWPlatform:: Platform Path C:/Users/ER250/OneDrive/Documents/ECE520_SOC/ECE520_SandBox/int_gen_soc_re/int_gen_soc_vitis/int_gen_plat/hw/int_gen_bd_re_wrapper.xsa
TRACE::2026-03-16.18:52:18::SCWPlatform:: Unique name xilinx:zybo-z7-10::0.0
TRACE::2026-03-16.18:52:18::SCWPlatform::Trying to set the existing hwdb with name int_gen_bd_re_wrapper_0
TRACE::2026-03-16.18:52:18::SCWPlatform::Opened existing hwdb int_gen_bd_re_wrapper_0
TRACE::2026-03-16.18:52:18::SCWPlatform::Found the Hw Db part of the input DSA
TRACE::2026-03-16.18:52:18::SCWMssOS::Checking the sw design at  C:/Users/ER250/OneDrive/Documents/ECE520_SOC/ECE520_SandBox/int_gen_soc_re/int_gen_soc_vitis/int_gen_plat/zynq_fsbl/zynq_fsbl_bsp/system.mss
TRACE::2026-03-16.18:52:18::SCWMssOS::DEBUG:  swdes dump  C:/Users/ER250/OneDrive/Documents/ECE520_SOC/ECE520_SandBox/int_gen_soc_re/int_gen_soc_vitis/int_gen_plat/ps7_cortexa9_0/standalone_domain/bsp/system.mss|system_0||
C:/Users/ER250/OneDrive/Documents/ECE520_SOC/ECE520_SandBox/int_gen_soc_re/int_gen_soc_vitis/int_gen_plat/zynq_fsbl/zynq_fsbl_bsp/system.mss|system||

TRACE::2026-03-16.18:52:18::SCWMssOS::Sw design exists and opened at  C:/Users/ER250/OneDrive/Documents/ECE520_SOC/ECE520_SandBox/int_gen_soc_re/int_gen_soc_vitis/int_gen_plat/zynq_fsbl/zynq_fsbl_bsp/system.mss
TRACE::2026-03-16.18:52:18::SCWPlatform::Trying to open the hw design at C:/Users/ER250/OneDrive/Documents/ECE520_SOC/ECE520_SandBox/int_gen_soc_re/int_gen_soc_vitis/int_gen_plat/hw/int_gen_bd_re_wrapper.xsa
TRACE::2026-03-16.18:52:18::SCWPlatform::DSA given C:/Users/ER250/OneDrive/Documents/ECE520_SOC/ECE520_SandBox/int_gen_soc_re/int_gen_soc_vitis/int_gen_plat/hw/int_gen_bd_re_wrapper.xsa
TRACE::2026-03-16.18:52:18::SCWPlatform::DSA absoulate path C:/Users/ER250/OneDrive/Documents/ECE520_SOC/ECE520_SandBox/int_gen_soc_re/int_gen_soc_vitis/int_gen_plat/hw/int_gen_bd_re_wrapper.xsa
TRACE::2026-03-16.18:52:18::SCWPlatform::DSA directory C:/Users/ER250/OneDrive/Documents/ECE520_SOC/ECE520_SandBox/int_gen_soc_re/int_gen_soc_vitis/int_gen_plat/hw
TRACE::2026-03-16.18:52:18::SCWPlatform:: Platform Path C:/Users/ER250/OneDrive/Documents/ECE520_SOC/ECE520_SandBox/int_gen_soc_re/int_gen_soc_vitis/int_gen_plat/hw/int_gen_bd_re_wrapper.xsa
TRACE::2026-03-16.18:52:18::SCWPlatform:: Unique name xilinx:zybo-z7-10::0.0
TRACE::2026-03-16.18:52:18::SCWPlatform::Trying to set the existing hwdb with name int_gen_bd_re_wrapper_0
TRACE::2026-03-16.18:52:18::SCWPlatform::Opened existing hwdb int_gen_bd_re_wrapper_0
TRACE::2026-03-16.18:52:18::SCWPlatform::Found the Hw Db part of the input DSA
TRACE::2026-03-16.18:52:18::SCWMssOS::Checking the sw design at  C:/Users/ER250/OneDrive/Documents/ECE520_SOC/ECE520_SandBox/int_gen_soc_re/int_gen_soc_vitis/int_gen_plat/zynq_fsbl/zynq_fsbl_bsp/system.mss
TRACE::2026-03-16.18:52:18::SCWMssOS::DEBUG:  swdes dump  C:/Users/ER250/OneDrive/Documents/ECE520_SOC/ECE520_SandBox/int_gen_soc_re/int_gen_soc_vitis/int_gen_plat/ps7_cortexa9_0/standalone_domain/bsp/system.mss|system_0||
C:/Users/ER250/OneDrive/Documents/ECE520_SOC/ECE520_SandBox/int_gen_soc_re/int_gen_soc_vitis/int_gen_plat/zynq_fsbl/zynq_fsbl_bsp/system.mss|system||

TRACE::2026-03-16.18:52:18::SCWMssOS::Sw design exists and opened at  C:/Users/ER250/OneDrive/Documents/ECE520_SOC/ECE520_SandBox/int_gen_soc_re/int_gen_soc_vitis/int_gen_plat/zynq_fsbl/zynq_fsbl_bsp/system.mss
TRACE::2026-03-16.18:52:18::SCWPlatform::Trying to open the hw design at C:/Users/ER250/OneDrive/Documents/ECE520_SOC/ECE520_SandBox/int_gen_soc_re/int_gen_soc_vitis/int_gen_plat/hw/int_gen_bd_re_wrapper.xsa
TRACE::2026-03-16.18:52:18::SCWPlatform::DSA given C:/Users/ER250/OneDrive/Documents/ECE520_SOC/ECE520_SandBox/int_gen_soc_re/int_gen_soc_vitis/int_gen_plat/hw/int_gen_bd_re_wrapper.xsa
TRACE::2026-03-16.18:52:18::SCWPlatform::DSA absoulate path C:/Users/ER250/OneDrive/Documents/ECE520_SOC/ECE520_SandBox/int_gen_soc_re/int_gen_soc_vitis/int_gen_plat/hw/int_gen_bd_re_wrapper.xsa
TRACE::2026-03-16.18:52:18::SCWPlatform::DSA directory C:/Users/ER250/OneDrive/Documents/ECE520_SOC/ECE520_SandBox/int_gen_soc_re/int_gen_soc_vitis/int_gen_plat/hw
TRACE::2026-03-16.18:52:18::SCWPlatform:: Platform Path C:/Users/ER250/OneDrive/Documents/ECE520_SOC/ECE520_SandBox/int_gen_soc_re/int_gen_soc_vitis/int_gen_plat/hw/int_gen_bd_re_wrapper.xsa
TRACE::2026-03-16.18:52:18::SCWPlatform:: Unique name xilinx:zybo-z7-10::0.0
TRACE::2026-03-16.18:52:18::SCWPlatform::Trying to set the existing hwdb with name int_gen_bd_re_wrapper_0
TRACE::2026-03-16.18:52:18::SCWPlatform::Opened existing hwdb int_gen_bd_re_wrapper_0
TRACE::2026-03-16.18:52:18::SCWPlatform::Found the Hw Db part of the input DSA
TRACE::2026-03-16.18:52:18::SCWMssOS::Checking the sw design at  C:/Users/ER250/OneDrive/Documents/ECE520_SOC/ECE520_SandBox/int_gen_soc_re/int_gen_soc_vitis/int_gen_plat/ps7_cortexa9_0/standalone_domain/bsp/system.mss
TRACE::2026-03-16.18:52:18::SCWMssOS::DEBUG:  swdes dump  C:/Users/ER250/OneDrive/Documents/ECE520_SOC/ECE520_SandBox/int_gen_soc_re/int_gen_soc_vitis/int_gen_plat/ps7_cortexa9_0/standalone_domain/bsp/system.mss|system_0||
C:/Users/ER250/OneDrive/Documents/ECE520_SOC/ECE520_SandBox/int_gen_soc_re/int_gen_soc_vitis/int_gen_plat/zynq_fsbl/zynq_fsbl_bsp/system.mss|system||

TRACE::2026-03-16.18:52:18::SCWMssOS::Sw design exists and opened at  C:/Users/ER250/OneDrive/Documents/ECE520_SOC/ECE520_SandBox/int_gen_soc_re/int_gen_soc_vitis/int_gen_plat/ps7_cortexa9_0/standalone_domain/bsp/system.mss
TRACE::2026-03-16.18:52:18::SCWPlatform::Trying to open the hw design at C:/Users/ER250/OneDrive/Documents/ECE520_SOC/ECE520_SandBox/int_gen_soc_re/int_gen_soc_vitis/int_gen_plat/hw/int_gen_bd_re_wrapper.xsa
TRACE::2026-03-16.18:52:18::SCWPlatform::DSA given C:/Users/ER250/OneDrive/Documents/ECE520_SOC/ECE520_SandBox/int_gen_soc_re/int_gen_soc_vitis/int_gen_plat/hw/int_gen_bd_re_wrapper.xsa
TRACE::2026-03-16.18:52:18::SCWPlatform::DSA absoulate path C:/Users/ER250/OneDrive/Documents/ECE520_SOC/ECE520_SandBox/int_gen_soc_re/int_gen_soc_vitis/int_gen_plat/hw/int_gen_bd_re_wrapper.xsa
TRACE::2026-03-16.18:52:18::SCWPlatform::DSA directory C:/Users/ER250/OneDrive/Documents/ECE520_SOC/ECE520_SandBox/int_gen_soc_re/int_gen_soc_vitis/int_gen_plat/hw
TRACE::2026-03-16.18:52:18::SCWPlatform:: Platform Path C:/Users/ER250/OneDrive/Documents/ECE520_SOC/ECE520_SandBox/int_gen_soc_re/int_gen_soc_vitis/int_gen_plat/hw/int_gen_bd_re_wrapper.xsa
TRACE::2026-03-16.18:52:18::SCWPlatform:: Unique name xilinx:zybo-z7-10::0.0
TRACE::2026-03-16.18:52:18::SCWPlatform::Trying to set the existing hwdb with name int_gen_bd_re_wrapper_0
TRACE::2026-03-16.18:52:18::SCWPlatform::Opened existing hwdb int_gen_bd_re_wrapper_0
TRACE::2026-03-16.18:52:18::SCWPlatform::Found the Hw Db part of the input DSA
TRACE::2026-03-16.18:52:18::SCWMssOS::Checking the sw design at  C:/Users/ER250/OneDrive/Documents/ECE520_SOC/ECE520_SandBox/int_gen_soc_re/int_gen_soc_vitis/int_gen_plat/ps7_cortexa9_0/standalone_domain/bsp/system.mss
TRACE::2026-03-16.18:52:18::SCWMssOS::DEBUG:  swdes dump  C:/Users/ER250/OneDrive/Documents/ECE520_SOC/ECE520_SandBox/int_gen_soc_re/int_gen_soc_vitis/int_gen_plat/ps7_cortexa9_0/standalone_domain/bsp/system.mss|system_0||
C:/Users/ER250/OneDrive/Documents/ECE520_SOC/ECE520_SandBox/int_gen_soc_re/int_gen_soc_vitis/int_gen_plat/zynq_fsbl/zynq_fsbl_bsp/system.mss|system||

TRACE::2026-03-16.18:52:18::SCWMssOS::Sw design exists and opened at  C:/Users/ER250/OneDrive/Documents/ECE520_SOC/ECE520_SandBox/int_gen_soc_re/int_gen_soc_vitis/int_gen_plat/ps7_cortexa9_0/standalone_domain/bsp/system.mss
TRACE::2026-03-16.18:52:18::SCWPlatform::Trying to open the hw design at C:/Users/ER250/OneDrive/Documents/ECE520_SOC/ECE520_SandBox/int_gen_soc_re/int_gen_soc_vitis/int_gen_plat/hw/int_gen_bd_re_wrapper.xsa
TRACE::2026-03-16.18:52:18::SCWPlatform::DSA given C:/Users/ER250/OneDrive/Documents/ECE520_SOC/ECE520_SandBox/int_gen_soc_re/int_gen_soc_vitis/int_gen_plat/hw/int_gen_bd_re_wrapper.xsa
TRACE::2026-03-16.18:52:18::SCWPlatform::DSA absoulate path C:/Users/ER250/OneDrive/Documents/ECE520_SOC/ECE520_SandBox/int_gen_soc_re/int_gen_soc_vitis/int_gen_plat/hw/int_gen_bd_re_wrapper.xsa
TRACE::2026-03-16.18:52:18::SCWPlatform::DSA directory C:/Users/ER250/OneDrive/Documents/ECE520_SOC/ECE520_SandBox/int_gen_soc_re/int_gen_soc_vitis/int_gen_plat/hw
TRACE::2026-03-16.18:52:18::SCWPlatform:: Platform Path C:/Users/ER250/OneDrive/Documents/ECE520_SOC/ECE520_SandBox/int_gen_soc_re/int_gen_soc_vitis/int_gen_plat/hw/int_gen_bd_re_wrapper.xsa
TRACE::2026-03-16.18:52:18::SCWPlatform:: Unique name xilinx:zybo-z7-10::0.0
TRACE::2026-03-16.18:52:18::SCWPlatform::Trying to set the existing hwdb with name int_gen_bd_re_wrapper_0
TRACE::2026-03-16.18:52:18::SCWPlatform::Opened existing hwdb int_gen_bd_re_wrapper_0
TRACE::2026-03-16.18:52:18::SCWPlatform::Found the Hw Db part of the input DSA
TRACE::2026-03-16.18:52:18::SCWMssOS::Checking the sw design at  C:/Users/ER250/OneDrive/Documents/ECE520_SOC/ECE520_SandBox/int_gen_soc_re/int_gen_soc_vitis/int_gen_plat/ps7_cortexa9_0/standalone_domain/bsp/system.mss
TRACE::2026-03-16.18:52:18::SCWMssOS::DEBUG:  swdes dump  C:/Users/ER250/OneDrive/Documents/ECE520_SOC/ECE520_SandBox/int_gen_soc_re/int_gen_soc_vitis/int_gen_plat/ps7_cortexa9_0/standalone_domain/bsp/system.mss|system_0||
C:/Users/ER250/OneDrive/Documents/ECE520_SOC/ECE520_SandBox/int_gen_soc_re/int_gen_soc_vitis/int_gen_plat/zynq_fsbl/zynq_fsbl_bsp/system.mss|system||

TRACE::2026-03-16.18:52:18::SCWMssOS::Sw design exists and opened at  C:/Users/ER250/OneDrive/Documents/ECE520_SOC/ECE520_SandBox/int_gen_soc_re/int_gen_soc_vitis/int_gen_plat/ps7_cortexa9_0/standalone_domain/bsp/system.mss
TRACE::2026-03-16.18:52:18::SCWWriter::formatted JSON is {
	"platformName":	"int_gen_plat",
	"sprVersion":	"2.0",
	"mode":	"gui",
	"dsaType":	"Fixed",
	"platformDesc":	"int_gen_plat",
	"platHandOff":	"C:/Users/ER250/OneDrive/Documents/ECE520_SOC/ECE520_SandBox/int_gen_soc_re/int_gen_bd_re_wrapper.xsa",
	"platIntHandOff":	"<platformDir>/hw/int_gen_bd_re_wrapper.xsa",
	"deviceType":	"zynq",
	"platIsPrebuiltAutogen":	"false",
	"platIsNoBootBsp":	"false",
	"platFsblTarget":	"ps7_cortexa9_0",
	"hasFsblMakeHasChanges":	"false",
	"hasPmufwMakeHasChanges":	"false",
	"fsblExtraCompilerFlags":	"-MMD -MP       -mcpu=cortex-a9 -mfpu=vfpv3 -mfloat-abi=hard ",
	"platPreBuiltFlag":	false,
	"platformSamplesDir":	"",
	"platActiveSys":	"int_gen_plat",
	"systems":	[{
			"systemName":	"int_gen_plat",
			"systemDesc":	"int_gen_plat",
			"sysIsBootAutoGen":	"true",
			"systemDispName":	"int_gen_plat",
			"sysActiveDom":	"standalone_domain",
			"sysDefaultDom":	"standalone_domain",
			"domains":	[{
					"domainName":	"zynq_fsbl",
					"domainDispName":	"zynq_fsbl",
					"domainDesc":	"FSBL Application BSP - Auto Generated.",
					"processors":	"ps7_cortexa9_0",
					"os":	"standalone",
					"sdxOs":	"standalone",
					"debugEnable":	"",
					"domRuntimes":	["cpp"],
					"swRepo":	"",
					"mssOsVer":	"8.1",
					"mssFile":	"",
					"md5Digest":	"819e3e5563aa783f4d08453a17e83a4e",
					"compatibleApp":	"zynq_fsbl",
					"domType":	"bootDomain",
					"arch":	"32-bit",
					"appSettings":	{
						"appCompilerFlags":	"",
						"appLinkerFlags":	""
					},
					"addedLibs":	["xilffs:5.0", "xilrsa:1.6"],
					"libOptions":	{
						"libsContainingOptions":	[]
					},
					"prebuiltLibs":	{
						"prebuiltIncPath":	[],
						"prebuiltLibPath":	[]
					},
					"isolation":	{
					}
				}, {
					"domainName":	"standalone_domain",
					"domainDispName":	"standalone on ps7_cortexa9_0",
					"domainDesc":	"standalone_domain",
					"processors":	"ps7_cortexa9_0",
					"os":	"standalone",
					"sdxOs":	"standalone",
					"qemuArgs":	"<platformDir>/resources/int_gen_plat/standalone_domain/qemu_args.txt",
					"qemuData":	"<platformDir>/resources/int_gen_plat/standalone_domain/qemu",
					"debugEnable":	"False",
					"domRuntimes":	["cpp"],
					"swRepo":	"",
					"mssOsVer":	"8.1",
					"mssFile":	"",
					"md5Digest":	"93dc33fda754efcc510cba88207d9a56",
					"compatibleApp":	"",
					"domType":	"mssDomain",
					"appSettings":	{
						"appCompilerFlags":	"",
						"appLinkerFlags":	""
					},
					"addedLibs":	[],
					"libOptions":	{
						"libsContainingOptions":	[]
					},
					"prebuiltLibs":	{
						"prebuiltIncPath":	[],
						"prebuiltLibPath":	[]
					},
					"isolation":	{
					}
				}]
		}]
}
TRACE::2026-03-16.18:52:18::SCWMssOS::Saving the mss changes C:/Users/ER250/OneDrive/Documents/ECE520_SOC/ECE520_SandBox/int_gen_soc_re/int_gen_soc_vitis/int_gen_plat/zynq_fsbl/zynq_fsbl_bsp/system.mss
TRACE::2026-03-16.18:52:18::SCWMssOS::Found a swdesign opened with the mssfile.
TRACE::2026-03-16.18:52:18::SCWMssOS::Completed writemss as part of save.
TRACE::2026-03-16.18:52:18::SCWMssOS::Commit changes completed.
TRACE::2026-03-16.18:52:18::SCWMssOS::Saving the mss changes C:/Users/ER250/OneDrive/Documents/ECE520_SOC/ECE520_SandBox/int_gen_soc_re/int_gen_soc_vitis/int_gen_plat/ps7_cortexa9_0/standalone_domain/bsp/system.mss
TRACE::2026-03-16.18:52:18::SCWMssOS::Found a swdesign opened with the mssfile.
TRACE::2026-03-16.18:52:18::SCWMssOS::Completed writemss as part of save.
TRACE::2026-03-16.18:52:18::SCWMssOS::Commit changes completed.
TRACE::2026-03-16.18:52:18::SCWPlatform::Trying to open the hw design at C:/Users/ER250/OneDrive/Documents/ECE520_SOC/ECE520_SandBox/int_gen_soc_re/int_gen_soc_vitis/int_gen_plat/hw/int_gen_bd_re_wrapper.xsa
TRACE::2026-03-16.18:52:18::SCWPlatform::DSA given C:/Users/ER250/OneDrive/Documents/ECE520_SOC/ECE520_SandBox/int_gen_soc_re/int_gen_soc_vitis/int_gen_plat/hw/int_gen_bd_re_wrapper.xsa
TRACE::2026-03-16.18:52:18::SCWPlatform::DSA absoulate path C:/Users/ER250/OneDrive/Documents/ECE520_SOC/ECE520_SandBox/int_gen_soc_re/int_gen_soc_vitis/int_gen_plat/hw/int_gen_bd_re_wrapper.xsa
TRACE::2026-03-16.18:52:18::SCWPlatform::DSA directory C:/Users/ER250/OneDrive/Documents/ECE520_SOC/ECE520_SandBox/int_gen_soc_re/int_gen_soc_vitis/int_gen_plat/hw
TRACE::2026-03-16.18:52:18::SCWPlatform:: Platform Path C:/Users/ER250/OneDrive/Documents/ECE520_SOC/ECE520_SandBox/int_gen_soc_re/int_gen_soc_vitis/int_gen_plat/hw/int_gen_bd_re_wrapper.xsa
TRACE::2026-03-16.18:52:18::SCWPlatform:: Unique name xilinx:zybo-z7-10::0.0
TRACE::2026-03-16.18:52:18::SCWPlatform::Trying to set the existing hwdb with name int_gen_bd_re_wrapper_0
TRACE::2026-03-16.18:52:18::SCWPlatform::Opened existing hwdb int_gen_bd_re_wrapper_0
TRACE::2026-03-16.18:52:18::SCWPlatform::Found the Hw Db part of the input DSA
TRACE::2026-03-16.18:52:18::SCWMssOS::Checking the sw design at  C:/Users/ER250/OneDrive/Documents/ECE520_SOC/ECE520_SandBox/int_gen_soc_re/int_gen_soc_vitis/int_gen_plat/zynq_fsbl/zynq_fsbl_bsp/system.mss
TRACE::2026-03-16.18:52:18::SCWMssOS::DEBUG:  swdes dump  C:/Users/ER250/OneDrive/Documents/ECE520_SOC/ECE520_SandBox/int_gen_soc_re/int_gen_soc_vitis/int_gen_plat/ps7_cortexa9_0/standalone_domain/bsp/system.mss|system_0||
C:/Users/ER250/OneDrive/Documents/ECE520_SOC/ECE520_SandBox/int_gen_soc_re/int_gen_soc_vitis/int_gen_plat/zynq_fsbl/zynq_fsbl_bsp/system.mss|system||

TRACE::2026-03-16.18:52:18::SCWMssOS::Sw design exists and opened at  C:/Users/ER250/OneDrive/Documents/ECE520_SOC/ECE520_SandBox/int_gen_soc_re/int_gen_soc_vitis/int_gen_plat/zynq_fsbl/zynq_fsbl_bsp/system.mss
TRACE::2026-03-16.18:52:18::SCWPlatform::Trying to open the hw design at C:/Users/ER250/OneDrive/Documents/ECE520_SOC/ECE520_SandBox/int_gen_soc_re/int_gen_soc_vitis/int_gen_plat/hw/int_gen_bd_re_wrapper.xsa
TRACE::2026-03-16.18:52:18::SCWPlatform::DSA given C:/Users/ER250/OneDrive/Documents/ECE520_SOC/ECE520_SandBox/int_gen_soc_re/int_gen_soc_vitis/int_gen_plat/hw/int_gen_bd_re_wrapper.xsa
TRACE::2026-03-16.18:52:18::SCWPlatform::DSA absoulate path C:/Users/ER250/OneDrive/Documents/ECE520_SOC/ECE520_SandBox/int_gen_soc_re/int_gen_soc_vitis/int_gen_plat/hw/int_gen_bd_re_wrapper.xsa
TRACE::2026-03-16.18:52:18::SCWPlatform::DSA directory C:/Users/ER250/OneDrive/Documents/ECE520_SOC/ECE520_SandBox/int_gen_soc_re/int_gen_soc_vitis/int_gen_plat/hw
TRACE::2026-03-16.18:52:18::SCWPlatform:: Platform Path C:/Users/ER250/OneDrive/Documents/ECE520_SOC/ECE520_SandBox/int_gen_soc_re/int_gen_soc_vitis/int_gen_plat/hw/int_gen_bd_re_wrapper.xsa
TRACE::2026-03-16.18:52:18::SCWPlatform:: Unique name xilinx:zybo-z7-10::0.0
TRACE::2026-03-16.18:52:18::SCWPlatform::Trying to set the existing hwdb with name int_gen_bd_re_wrapper_0
TRACE::2026-03-16.18:52:18::SCWPlatform::Opened existing hwdb int_gen_bd_re_wrapper_0
TRACE::2026-03-16.18:52:18::SCWPlatform::Found the Hw Db part of the input DSA
TRACE::2026-03-16.18:52:18::SCWMssOS::Checking the sw design at  C:/Users/ER250/OneDrive/Documents/ECE520_SOC/ECE520_SandBox/int_gen_soc_re/int_gen_soc_vitis/int_gen_plat/zynq_fsbl/zynq_fsbl_bsp/system.mss
TRACE::2026-03-16.18:52:18::SCWMssOS::DEBUG:  swdes dump  C:/Users/ER250/OneDrive/Documents/ECE520_SOC/ECE520_SandBox/int_gen_soc_re/int_gen_soc_vitis/int_gen_plat/ps7_cortexa9_0/standalone_domain/bsp/system.mss|system_0||
C:/Users/ER250/OneDrive/Documents/ECE520_SOC/ECE520_SandBox/int_gen_soc_re/int_gen_soc_vitis/int_gen_plat/zynq_fsbl/zynq_fsbl_bsp/system.mss|system||

TRACE::2026-03-16.18:52:18::SCWMssOS::Sw design exists and opened at  C:/Users/ER250/OneDrive/Documents/ECE520_SOC/ECE520_SandBox/int_gen_soc_re/int_gen_soc_vitis/int_gen_plat/zynq_fsbl/zynq_fsbl_bsp/system.mss
TRACE::2026-03-16.18:52:18::SCWPlatform::Trying to open the hw design at C:/Users/ER250/OneDrive/Documents/ECE520_SOC/ECE520_SandBox/int_gen_soc_re/int_gen_soc_vitis/int_gen_plat/hw/int_gen_bd_re_wrapper.xsa
TRACE::2026-03-16.18:52:18::SCWPlatform::DSA given C:/Users/ER250/OneDrive/Documents/ECE520_SOC/ECE520_SandBox/int_gen_soc_re/int_gen_soc_vitis/int_gen_plat/hw/int_gen_bd_re_wrapper.xsa
TRACE::2026-03-16.18:52:18::SCWPlatform::DSA absoulate path C:/Users/ER250/OneDrive/Documents/ECE520_SOC/ECE520_SandBox/int_gen_soc_re/int_gen_soc_vitis/int_gen_plat/hw/int_gen_bd_re_wrapper.xsa
TRACE::2026-03-16.18:52:18::SCWPlatform::DSA directory C:/Users/ER250/OneDrive/Documents/ECE520_SOC/ECE520_SandBox/int_gen_soc_re/int_gen_soc_vitis/int_gen_plat/hw
TRACE::2026-03-16.18:52:18::SCWPlatform:: Platform Path C:/Users/ER250/OneDrive/Documents/ECE520_SOC/ECE520_SandBox/int_gen_soc_re/int_gen_soc_vitis/int_gen_plat/hw/int_gen_bd_re_wrapper.xsa
TRACE::2026-03-16.18:52:18::SCWPlatform:: Unique name xilinx:zybo-z7-10::0.0
TRACE::2026-03-16.18:52:18::SCWPlatform::Trying to set the existing hwdb with name int_gen_bd_re_wrapper_0
TRACE::2026-03-16.18:52:18::SCWPlatform::Opened existing hwdb int_gen_bd_re_wrapper_0
TRACE::2026-03-16.18:52:18::SCWPlatform::Found the Hw Db part of the input DSA
TRACE::2026-03-16.18:52:18::SCWMssOS::Checking the sw design at  C:/Users/ER250/OneDrive/Documents/ECE520_SOC/ECE520_SandBox/int_gen_soc_re/int_gen_soc_vitis/int_gen_plat/zynq_fsbl/zynq_fsbl_bsp/system.mss
TRACE::2026-03-16.18:52:18::SCWMssOS::DEBUG:  swdes dump  C:/Users/ER250/OneDrive/Documents/ECE520_SOC/ECE520_SandBox/int_gen_soc_re/int_gen_soc_vitis/int_gen_plat/ps7_cortexa9_0/standalone_domain/bsp/system.mss|system_0||
C:/Users/ER250/OneDrive/Documents/ECE520_SOC/ECE520_SandBox/int_gen_soc_re/int_gen_soc_vitis/int_gen_plat/zynq_fsbl/zynq_fsbl_bsp/system.mss|system||

TRACE::2026-03-16.18:52:18::SCWMssOS::Sw design exists and opened at  C:/Users/ER250/OneDrive/Documents/ECE520_SOC/ECE520_SandBox/int_gen_soc_re/int_gen_soc_vitis/int_gen_plat/zynq_fsbl/zynq_fsbl_bsp/system.mss
TRACE::2026-03-16.18:52:18::SCWPlatform::Trying to open the hw design at C:/Users/ER250/OneDrive/Documents/ECE520_SOC/ECE520_SandBox/int_gen_soc_re/int_gen_soc_vitis/int_gen_plat/hw/int_gen_bd_re_wrapper.xsa
TRACE::2026-03-16.18:52:18::SCWPlatform::DSA given C:/Users/ER250/OneDrive/Documents/ECE520_SOC/ECE520_SandBox/int_gen_soc_re/int_gen_soc_vitis/int_gen_plat/hw/int_gen_bd_re_wrapper.xsa
TRACE::2026-03-16.18:52:18::SCWPlatform::DSA absoulate path C:/Users/ER250/OneDrive/Documents/ECE520_SOC/ECE520_SandBox/int_gen_soc_re/int_gen_soc_vitis/int_gen_plat/hw/int_gen_bd_re_wrapper.xsa
TRACE::2026-03-16.18:52:18::SCWPlatform::DSA directory C:/Users/ER250/OneDrive/Documents/ECE520_SOC/ECE520_SandBox/int_gen_soc_re/int_gen_soc_vitis/int_gen_plat/hw
TRACE::2026-03-16.18:52:18::SCWPlatform:: Platform Path C:/Users/ER250/OneDrive/Documents/ECE520_SOC/ECE520_SandBox/int_gen_soc_re/int_gen_soc_vitis/int_gen_plat/hw/int_gen_bd_re_wrapper.xsa
TRACE::2026-03-16.18:52:18::SCWPlatform:: Unique name xilinx:zybo-z7-10::0.0
TRACE::2026-03-16.18:52:18::SCWPlatform::Trying to set the existing hwdb with name int_gen_bd_re_wrapper_0
TRACE::2026-03-16.18:52:18::SCWPlatform::Opened existing hwdb int_gen_bd_re_wrapper_0
TRACE::2026-03-16.18:52:18::SCWPlatform::Found the Hw Db part of the input DSA
TRACE::2026-03-16.18:52:18::SCWMssOS::Checking the sw design at  C:/Users/ER250/OneDrive/Documents/ECE520_SOC/ECE520_SandBox/int_gen_soc_re/int_gen_soc_vitis/int_gen_plat/ps7_cortexa9_0/standalone_domain/bsp/system.mss
TRACE::2026-03-16.18:52:18::SCWMssOS::DEBUG:  swdes dump  C:/Users/ER250/OneDrive/Documents/ECE520_SOC/ECE520_SandBox/int_gen_soc_re/int_gen_soc_vitis/int_gen_plat/ps7_cortexa9_0/standalone_domain/bsp/system.mss|system_0||
C:/Users/ER250/OneDrive/Documents/ECE520_SOC/ECE520_SandBox/int_gen_soc_re/int_gen_soc_vitis/int_gen_plat/zynq_fsbl/zynq_fsbl_bsp/system.mss|system||

TRACE::2026-03-16.18:52:18::SCWMssOS::Sw design exists and opened at  C:/Users/ER250/OneDrive/Documents/ECE520_SOC/ECE520_SandBox/int_gen_soc_re/int_gen_soc_vitis/int_gen_plat/ps7_cortexa9_0/standalone_domain/bsp/system.mss
TRACE::2026-03-16.18:52:18::SCWPlatform::Trying to open the hw design at C:/Users/ER250/OneDrive/Documents/ECE520_SOC/ECE520_SandBox/int_gen_soc_re/int_gen_soc_vitis/int_gen_plat/hw/int_gen_bd_re_wrapper.xsa
TRACE::2026-03-16.18:52:18::SCWPlatform::DSA given C:/Users/ER250/OneDrive/Documents/ECE520_SOC/ECE520_SandBox/int_gen_soc_re/int_gen_soc_vitis/int_gen_plat/hw/int_gen_bd_re_wrapper.xsa
TRACE::2026-03-16.18:52:18::SCWPlatform::DSA absoulate path C:/Users/ER250/OneDrive/Documents/ECE520_SOC/ECE520_SandBox/int_gen_soc_re/int_gen_soc_vitis/int_gen_plat/hw/int_gen_bd_re_wrapper.xsa
TRACE::2026-03-16.18:52:18::SCWPlatform::DSA directory C:/Users/ER250/OneDrive/Documents/ECE520_SOC/ECE520_SandBox/int_gen_soc_re/int_gen_soc_vitis/int_gen_plat/hw
TRACE::2026-03-16.18:52:18::SCWPlatform:: Platform Path C:/Users/ER250/OneDrive/Documents/ECE520_SOC/ECE520_SandBox/int_gen_soc_re/int_gen_soc_vitis/int_gen_plat/hw/int_gen_bd_re_wrapper.xsa
TRACE::2026-03-16.18:52:18::SCWPlatform:: Unique name xilinx:zybo-z7-10::0.0
TRACE::2026-03-16.18:52:18::SCWPlatform::Trying to set the existing hwdb with name int_gen_bd_re_wrapper_0
TRACE::2026-03-16.18:52:18::SCWPlatform::Opened existing hwdb int_gen_bd_re_wrapper_0
TRACE::2026-03-16.18:52:18::SCWPlatform::Found the Hw Db part of the input DSA
TRACE::2026-03-16.18:52:18::SCWMssOS::Checking the sw design at  C:/Users/ER250/OneDrive/Documents/ECE520_SOC/ECE520_SandBox/int_gen_soc_re/int_gen_soc_vitis/int_gen_plat/ps7_cortexa9_0/standalone_domain/bsp/system.mss
TRACE::2026-03-16.18:52:18::SCWMssOS::DEBUG:  swdes dump  C:/Users/ER250/OneDrive/Documents/ECE520_SOC/ECE520_SandBox/int_gen_soc_re/int_gen_soc_vitis/int_gen_plat/ps7_cortexa9_0/standalone_domain/bsp/system.mss|system_0||
C:/Users/ER250/OneDrive/Documents/ECE520_SOC/ECE520_SandBox/int_gen_soc_re/int_gen_soc_vitis/int_gen_plat/zynq_fsbl/zynq_fsbl_bsp/system.mss|system||

TRACE::2026-03-16.18:52:18::SCWMssOS::Sw design exists and opened at  C:/Users/ER250/OneDrive/Documents/ECE520_SOC/ECE520_SandBox/int_gen_soc_re/int_gen_soc_vitis/int_gen_plat/ps7_cortexa9_0/standalone_domain/bsp/system.mss
TRACE::2026-03-16.18:52:18::SCWPlatform::Trying to open the hw design at C:/Users/ER250/OneDrive/Documents/ECE520_SOC/ECE520_SandBox/int_gen_soc_re/int_gen_soc_vitis/int_gen_plat/hw/int_gen_bd_re_wrapper.xsa
TRACE::2026-03-16.18:52:18::SCWPlatform::DSA given C:/Users/ER250/OneDrive/Documents/ECE520_SOC/ECE520_SandBox/int_gen_soc_re/int_gen_soc_vitis/int_gen_plat/hw/int_gen_bd_re_wrapper.xsa
TRACE::2026-03-16.18:52:18::SCWPlatform::DSA absoulate path C:/Users/ER250/OneDrive/Documents/ECE520_SOC/ECE520_SandBox/int_gen_soc_re/int_gen_soc_vitis/int_gen_plat/hw/int_gen_bd_re_wrapper.xsa
TRACE::2026-03-16.18:52:18::SCWPlatform::DSA directory C:/Users/ER250/OneDrive/Documents/ECE520_SOC/ECE520_SandBox/int_gen_soc_re/int_gen_soc_vitis/int_gen_plat/hw
TRACE::2026-03-16.18:52:18::SCWPlatform:: Platform Path C:/Users/ER250/OneDrive/Documents/ECE520_SOC/ECE520_SandBox/int_gen_soc_re/int_gen_soc_vitis/int_gen_plat/hw/int_gen_bd_re_wrapper.xsa
TRACE::2026-03-16.18:52:18::SCWPlatform:: Unique name xilinx:zybo-z7-10::0.0
TRACE::2026-03-16.18:52:18::SCWPlatform::Trying to set the existing hwdb with name int_gen_bd_re_wrapper_0
TRACE::2026-03-16.18:52:18::SCWPlatform::Opened existing hwdb int_gen_bd_re_wrapper_0
TRACE::2026-03-16.18:52:18::SCWPlatform::Found the Hw Db part of the input DSA
TRACE::2026-03-16.18:52:18::SCWMssOS::Checking the sw design at  C:/Users/ER250/OneDrive/Documents/ECE520_SOC/ECE520_SandBox/int_gen_soc_re/int_gen_soc_vitis/int_gen_plat/ps7_cortexa9_0/standalone_domain/bsp/system.mss
TRACE::2026-03-16.18:52:18::SCWMssOS::DEBUG:  swdes dump  C:/Users/ER250/OneDrive/Documents/ECE520_SOC/ECE520_SandBox/int_gen_soc_re/int_gen_soc_vitis/int_gen_plat/ps7_cortexa9_0/standalone_domain/bsp/system.mss|system_0||
C:/Users/ER250/OneDrive/Documents/ECE520_SOC/ECE520_SandBox/int_gen_soc_re/int_gen_soc_vitis/int_gen_plat/zynq_fsbl/zynq_fsbl_bsp/system.mss|system||

TRACE::2026-03-16.18:52:18::SCWMssOS::Sw design exists and opened at  C:/Users/ER250/OneDrive/Documents/ECE520_SOC/ECE520_SandBox/int_gen_soc_re/int_gen_soc_vitis/int_gen_plat/ps7_cortexa9_0/standalone_domain/bsp/system.mss
TRACE::2026-03-16.18:52:18::SCWWriter::formatted JSON is {
	"platformName":	"int_gen_plat",
	"sprVersion":	"2.0",
	"mode":	"gui",
	"dsaType":	"Fixed",
	"platformDesc":	"int_gen_plat",
	"platHandOff":	"C:/Users/ER250/OneDrive/Documents/ECE520_SOC/ECE520_SandBox/int_gen_soc_re/int_gen_bd_re_wrapper.xsa",
	"platIntHandOff":	"<platformDir>/hw/int_gen_bd_re_wrapper.xsa",
	"deviceType":	"zynq",
	"platIsPrebuiltAutogen":	"false",
	"platIsNoBootBsp":	"false",
	"platFsblTarget":	"ps7_cortexa9_0",
	"hasFsblMakeHasChanges":	"false",
	"hasPmufwMakeHasChanges":	"false",
	"fsblExtraCompilerFlags":	"-MMD -MP       -mcpu=cortex-a9 -mfpu=vfpv3 -mfloat-abi=hard ",
	"platPreBuiltFlag":	false,
	"platformSamplesDir":	"",
	"platActiveSys":	"int_gen_plat",
	"systems":	[{
			"systemName":	"int_gen_plat",
			"systemDesc":	"int_gen_plat",
			"sysIsBootAutoGen":	"true",
			"systemDispName":	"int_gen_plat",
			"sysActiveDom":	"standalone_domain",
			"sysDefaultDom":	"standalone_domain",
			"domains":	[{
					"domainName":	"zynq_fsbl",
					"domainDispName":	"zynq_fsbl",
					"domainDesc":	"FSBL Application BSP - Auto Generated.",
					"processors":	"ps7_cortexa9_0",
					"os":	"standalone",
					"sdxOs":	"standalone",
					"debugEnable":	"",
					"domRuntimes":	["cpp"],
					"swRepo":	"",
					"mssOsVer":	"8.1",
					"mssFile":	"",
					"md5Digest":	"819e3e5563aa783f4d08453a17e83a4e",
					"compatibleApp":	"zynq_fsbl",
					"domType":	"bootDomain",
					"arch":	"32-bit",
					"appSettings":	{
						"appCompilerFlags":	"",
						"appLinkerFlags":	""
					},
					"addedLibs":	["xilffs:5.0", "xilrsa:1.6"],
					"libOptions":	{
						"libsContainingOptions":	[]
					},
					"prebuiltLibs":	{
						"prebuiltIncPath":	[],
						"prebuiltLibPath":	[]
					},
					"isolation":	{
					}
				}, {
					"domainName":	"standalone_domain",
					"domainDispName":	"standalone on ps7_cortexa9_0",
					"domainDesc":	"standalone_domain",
					"processors":	"ps7_cortexa9_0",
					"os":	"standalone",
					"sdxOs":	"standalone",
					"qemuArgs":	"<platformDir>/resources/int_gen_plat/standalone_domain/qemu_args.txt",
					"qemuData":	"<platformDir>/resources/int_gen_plat/standalone_domain/qemu",
					"debugEnable":	"False",
					"domRuntimes":	["cpp"],
					"swRepo":	"",
					"mssOsVer":	"8.1",
					"mssFile":	"",
					"md5Digest":	"93dc33fda754efcc510cba88207d9a56",
					"compatibleApp":	"",
					"domType":	"mssDomain",
					"appSettings":	{
						"appCompilerFlags":	"",
						"appLinkerFlags":	""
					},
					"addedLibs":	[],
					"libOptions":	{
						"libsContainingOptions":	[]
					},
					"prebuiltLibs":	{
						"prebuiltIncPath":	[],
						"prebuiltLibPath":	[]
					},
					"isolation":	{
					}
				}]
		}]
}
TRACE::2026-03-16.18:52:19::SCWPlatform::Clearing the existing platform
TRACE::2026-03-16.18:52:19::SCWSystem::Clearing the existing sysconfig
TRACE::2026-03-16.18:52:19::SCWBDomain::clearing the fsbl build
TRACE::2026-03-16.18:52:19::SCWMssOS::Removing the swdes entry for  C:/Users/ER250/OneDrive/Documents/ECE520_SOC/ECE520_SandBox/int_gen_soc_re/int_gen_soc_vitis/int_gen_plat/zynq_fsbl/zynq_fsbl_bsp/system.mss
TRACE::2026-03-16.18:52:19::SCWMssOS::Removing the swdes entry for  C:/Users/ER250/OneDrive/Documents/ECE520_SOC/ECE520_SandBox/int_gen_soc_re/int_gen_soc_vitis/int_gen_plat/ps7_cortexa9_0/standalone_domain/bsp/system.mss
TRACE::2026-03-16.18:52:19::SCWSystem::Clearing the domains completed.
TRACE::2026-03-16.18:52:19::SCWPlatform::Clearing the opened hw db.
TRACE::2026-03-16.18:52:19::SCWPlatform::DSA given C:/Users/ER250/OneDrive/Documents/ECE520_SOC/ECE520_SandBox/int_gen_soc_re/int_gen_soc_vitis/int_gen_plat/hw/int_gen_bd_re_wrapper.xsa
TRACE::2026-03-16.18:52:19::SCWPlatform::DSA absoulate path C:/Users/ER250/OneDrive/Documents/ECE520_SOC/ECE520_SandBox/int_gen_soc_re/int_gen_soc_vitis/int_gen_plat/hw/int_gen_bd_re_wrapper.xsa
TRACE::2026-03-16.18:52:19::SCWPlatform:: Platform location is C:/Users/ER250/OneDrive/Documents/ECE520_SOC/ECE520_SandBox/int_gen_soc_re/int_gen_soc_vitis/int_gen_plat/hw
TRACE::2026-03-16.18:52:19::SCWPlatform:: Platform Path C:/Users/ER250/OneDrive/Documents/ECE520_SOC/ECE520_SandBox/int_gen_soc_re/int_gen_soc_vitis/int_gen_plat/hw/int_gen_bd_re_wrapper.xsa
TRACE::2026-03-16.18:52:19::SCWPlatform:: Unique name xilinx:zybo-z7-10::0.0
TRACE::2026-03-16.18:52:19::SCWPlatform::Removing the HwDB with name C:/Users/ER250/OneDrive/Documents/ECE520_SOC/ECE520_SandBox/int_gen_soc_re/int_gen_soc_vitis/int_gen_plat/hw/int_gen_bd_re_wrapper.xsa
TRACE::2026-03-16.18:52:19::SCWPlatform::Trying to open the hw design at C:/Users/ER250/OneDrive/Documents/ECE520_SOC/ECE520_SandBox/int_gen_soc_re/int_gen_soc_vitis/int_gen_plat/hw/int_gen_bd_re_wrapper.xsa
TRACE::2026-03-16.18:52:19::SCWPlatform::DSA given C:/Users/ER250/OneDrive/Documents/ECE520_SOC/ECE520_SandBox/int_gen_soc_re/int_gen_soc_vitis/int_gen_plat/hw/int_gen_bd_re_wrapper.xsa
TRACE::2026-03-16.18:52:19::SCWPlatform::DSA absoulate path C:/Users/ER250/OneDrive/Documents/ECE520_SOC/ECE520_SandBox/int_gen_soc_re/int_gen_soc_vitis/int_gen_plat/hw/int_gen_bd_re_wrapper.xsa
TRACE::2026-03-16.18:52:19::SCWPlatform::DSA directory C:/Users/ER250/OneDrive/Documents/ECE520_SOC/ECE520_SandBox/int_gen_soc_re/int_gen_soc_vitis/int_gen_plat/hw
TRACE::2026-03-16.18:52:19::SCWPlatform:: Platform Path C:/Users/ER250/OneDrive/Documents/ECE520_SOC/ECE520_SandBox/int_gen_soc_re/int_gen_soc_vitis/int_gen_plat/hw/int_gen_bd_re_wrapper.xsa
TRACE::2026-03-16.18:52:19::SCWPlatform:: Unique name xilinx:zybo-z7-10::0.0
TRACE::2026-03-16.18:52:19::SCWPlatform::Do not have an existing db opened. 
TRACE::2026-03-16.18:52:25::SCWPlatform::Opened new HwDB with name int_gen_bd_re_wrapper_1
TRACE::2026-03-16.18:52:25::SCWReader::Active system found as  int_gen_plat
TRACE::2026-03-16.18:52:25::SCWReader::Handling sysconfig int_gen_plat
TRACE::2026-03-16.18:52:25::SCWDomain::checking for install qemu data   : 
TRACE::2026-03-16.18:52:25::SCWDomain:: Using the QEMU Data from install at  : C:/Xilinx/Vitis/2023.1/data/emulation/platforms/zynq/sw/a9_standalone/qemu/
TRACE::2026-03-16.18:52:25::SCWDomain:: Using the QEMU args  from install at  : C:/Xilinx/Vitis/2023.1/data/emulation/platforms/zynq/sw/a9_standalone/qemu/qemu_args.txt
TRACE::2026-03-16.18:52:25::SCWPlatform::Trying to open the hw design at C:/Users/ER250/OneDrive/Documents/ECE520_SOC/ECE520_SandBox/int_gen_soc_re/int_gen_soc_vitis/int_gen_plat/hw/int_gen_bd_re_wrapper.xsa
TRACE::2026-03-16.18:52:25::SCWPlatform::DSA given C:/Users/ER250/OneDrive/Documents/ECE520_SOC/ECE520_SandBox/int_gen_soc_re/int_gen_soc_vitis/int_gen_plat/hw/int_gen_bd_re_wrapper.xsa
TRACE::2026-03-16.18:52:25::SCWPlatform::DSA absoulate path C:/Users/ER250/OneDrive/Documents/ECE520_SOC/ECE520_SandBox/int_gen_soc_re/int_gen_soc_vitis/int_gen_plat/hw/int_gen_bd_re_wrapper.xsa
TRACE::2026-03-16.18:52:25::SCWPlatform::DSA directory C:/Users/ER250/OneDrive/Documents/ECE520_SOC/ECE520_SandBox/int_gen_soc_re/int_gen_soc_vitis/int_gen_plat/hw
TRACE::2026-03-16.18:52:25::SCWPlatform:: Platform Path C:/Users/ER250/OneDrive/Documents/ECE520_SOC/ECE520_SandBox/int_gen_soc_re/int_gen_soc_vitis/int_gen_plat/hw/int_gen_bd_re_wrapper.xsa
TRACE::2026-03-16.18:52:25::SCWPlatform:: Unique name xilinx:zybo-z7-10::0.0
TRACE::2026-03-16.18:52:25::SCWPlatform::Trying to set the existing hwdb with name int_gen_bd_re_wrapper_1
TRACE::2026-03-16.18:52:25::SCWPlatform::Opened existing hwdb int_gen_bd_re_wrapper_1
TRACE::2026-03-16.18:52:25::SCWPlatform::Found the Hw Db part of the input DSA
TRACE::2026-03-16.18:52:25::SCWPlatform::Trying to open the hw design at C:/Users/ER250/OneDrive/Documents/ECE520_SOC/ECE520_SandBox/int_gen_soc_re/int_gen_soc_vitis/int_gen_plat/hw/int_gen_bd_re_wrapper.xsa
TRACE::2026-03-16.18:52:25::SCWPlatform::DSA given C:/Users/ER250/OneDrive/Documents/ECE520_SOC/ECE520_SandBox/int_gen_soc_re/int_gen_soc_vitis/int_gen_plat/hw/int_gen_bd_re_wrapper.xsa
TRACE::2026-03-16.18:52:25::SCWPlatform::DSA absoulate path C:/Users/ER250/OneDrive/Documents/ECE520_SOC/ECE520_SandBox/int_gen_soc_re/int_gen_soc_vitis/int_gen_plat/hw/int_gen_bd_re_wrapper.xsa
TRACE::2026-03-16.18:52:25::SCWPlatform::DSA directory C:/Users/ER250/OneDrive/Documents/ECE520_SOC/ECE520_SandBox/int_gen_soc_re/int_gen_soc_vitis/int_gen_plat/hw
TRACE::2026-03-16.18:52:25::SCWPlatform:: Platform Path C:/Users/ER250/OneDrive/Documents/ECE520_SOC/ECE520_SandBox/int_gen_soc_re/int_gen_soc_vitis/int_gen_plat/hw/int_gen_bd_re_wrapper.xsa
TRACE::2026-03-16.18:52:25::SCWPlatform:: Unique name xilinx:zybo-z7-10::0.0
TRACE::2026-03-16.18:52:25::SCWPlatform::Trying to set the existing hwdb with name int_gen_bd_re_wrapper_1
TRACE::2026-03-16.18:52:25::SCWPlatform::Opened existing hwdb int_gen_bd_re_wrapper_1
TRACE::2026-03-16.18:52:25::SCWPlatform::Found the Hw Db part of the input DSA
TRACE::2026-03-16.18:52:25::SCWPlatform::Trying to open the hw design at C:/Users/ER250/OneDrive/Documents/ECE520_SOC/ECE520_SandBox/int_gen_soc_re/int_gen_soc_vitis/int_gen_plat/hw/int_gen_bd_re_wrapper.xsa
TRACE::2026-03-16.18:52:25::SCWPlatform::DSA given C:/Users/ER250/OneDrive/Documents/ECE520_SOC/ECE520_SandBox/int_gen_soc_re/int_gen_soc_vitis/int_gen_plat/hw/int_gen_bd_re_wrapper.xsa
TRACE::2026-03-16.18:52:25::SCWPlatform::DSA absoulate path C:/Users/ER250/OneDrive/Documents/ECE520_SOC/ECE520_SandBox/int_gen_soc_re/int_gen_soc_vitis/int_gen_plat/hw/int_gen_bd_re_wrapper.xsa
TRACE::2026-03-16.18:52:25::SCWPlatform::DSA directory C:/Users/ER250/OneDrive/Documents/ECE520_SOC/ECE520_SandBox/int_gen_soc_re/int_gen_soc_vitis/int_gen_plat/hw
TRACE::2026-03-16.18:52:25::SCWPlatform:: Platform Path C:/Users/ER250/OneDrive/Documents/ECE520_SOC/ECE520_SandBox/int_gen_soc_re/int_gen_soc_vitis/int_gen_plat/hw/int_gen_bd_re_wrapper.xsa
TRACE::2026-03-16.18:52:25::SCWPlatform:: Unique name xilinx:zybo-z7-10::0.0
TRACE::2026-03-16.18:52:25::SCWPlatform::Trying to set the existing hwdb with name int_gen_bd_re_wrapper_1
TRACE::2026-03-16.18:52:25::SCWPlatform::Opened existing hwdb int_gen_bd_re_wrapper_1
TRACE::2026-03-16.18:52:25::SCWPlatform::Found the Hw Db part of the input DSA
TRACE::2026-03-16.18:52:25::SCWReader::Boot application domain added for zynq_fsbl
TRACE::2026-03-16.18:52:25::SCWPlatform::Trying to open the hw design at C:/Users/ER250/OneDrive/Documents/ECE520_SOC/ECE520_SandBox/int_gen_soc_re/int_gen_soc_vitis/int_gen_plat/hw/int_gen_bd_re_wrapper.xsa
TRACE::2026-03-16.18:52:25::SCWPlatform::DSA given C:/Users/ER250/OneDrive/Documents/ECE520_SOC/ECE520_SandBox/int_gen_soc_re/int_gen_soc_vitis/int_gen_plat/hw/int_gen_bd_re_wrapper.xsa
TRACE::2026-03-16.18:52:25::SCWPlatform::DSA absoulate path C:/Users/ER250/OneDrive/Documents/ECE520_SOC/ECE520_SandBox/int_gen_soc_re/int_gen_soc_vitis/int_gen_plat/hw/int_gen_bd_re_wrapper.xsa
TRACE::2026-03-16.18:52:25::SCWPlatform::DSA directory C:/Users/ER250/OneDrive/Documents/ECE520_SOC/ECE520_SandBox/int_gen_soc_re/int_gen_soc_vitis/int_gen_plat/hw
TRACE::2026-03-16.18:52:25::SCWPlatform:: Platform Path C:/Users/ER250/OneDrive/Documents/ECE520_SOC/ECE520_SandBox/int_gen_soc_re/int_gen_soc_vitis/int_gen_plat/hw/int_gen_bd_re_wrapper.xsa
TRACE::2026-03-16.18:52:25::SCWPlatform:: Unique name xilinx:zybo-z7-10::0.0
TRACE::2026-03-16.18:52:25::SCWPlatform::Trying to set the existing hwdb with name int_gen_bd_re_wrapper_1
TRACE::2026-03-16.18:52:25::SCWPlatform::Opened existing hwdb int_gen_bd_re_wrapper_1
TRACE::2026-03-16.18:52:25::SCWPlatform::Found the Hw Db part of the input DSA
TRACE::2026-03-16.18:52:25::SCWMssOS::Checking the sw design at  C:/Users/ER250/OneDrive/Documents/ECE520_SOC/ECE520_SandBox/int_gen_soc_re/int_gen_soc_vitis/int_gen_plat/zynq_fsbl/zynq_fsbl_bsp/system.mss
TRACE::2026-03-16.18:52:25::SCWMssOS::DEBUG:  swdes dump  
TRACE::2026-03-16.18:52:25::SCWMssOS::No sw design opened at  C:/Users/ER250/OneDrive/Documents/ECE520_SOC/ECE520_SandBox/int_gen_soc_re/int_gen_soc_vitis/int_gen_plat/zynq_fsbl/zynq_fsbl_bsp/system.mss
TRACE::2026-03-16.18:52:25::SCWMssOS::mss exists loading the mss file  C:/Users/ER250/OneDrive/Documents/ECE520_SOC/ECE520_SandBox/int_gen_soc_re/int_gen_soc_vitis/int_gen_plat/zynq_fsbl/zynq_fsbl_bsp/system.mss
TRACE::2026-03-16.18:52:25::SCWMssOS::Opened the sw design from mss  C:/Users/ER250/OneDrive/Documents/ECE520_SOC/ECE520_SandBox/int_gen_soc_re/int_gen_soc_vitis/int_gen_plat/zynq_fsbl/zynq_fsbl_bsp/system.mss
TRACE::2026-03-16.18:52:25::SCWMssOS::Adding the swdes entry C:/Users/ER250/OneDrive/Documents/ECE520_SOC/ECE520_SandBox/int_gen_soc_re/int_gen_soc_vitis/int_gen_plat/zynq_fsbl/zynq_fsbl_bsp/system.mss with des name system
TRACE::2026-03-16.18:52:25::SCWMssOS::updating the scw layer about changes
TRACE::2026-03-16.18:52:26::SCWMssOS::Opened the sw design.  C:/Users/ER250/OneDrive/Documents/ECE520_SOC/ECE520_SandBox/int_gen_soc_re/int_gen_soc_vitis/int_gen_plat/zynq_fsbl/zynq_fsbl_bsp/system.mss
TRACE::2026-03-16.18:52:26::SCWPlatform::Trying to open the hw design at C:/Users/ER250/OneDrive/Documents/ECE520_SOC/ECE520_SandBox/int_gen_soc_re/int_gen_soc_vitis/int_gen_plat/hw/int_gen_bd_re_wrapper.xsa
TRACE::2026-03-16.18:52:26::SCWPlatform::DSA given C:/Users/ER250/OneDrive/Documents/ECE520_SOC/ECE520_SandBox/int_gen_soc_re/int_gen_soc_vitis/int_gen_plat/hw/int_gen_bd_re_wrapper.xsa
TRACE::2026-03-16.18:52:26::SCWPlatform::DSA absoulate path C:/Users/ER250/OneDrive/Documents/ECE520_SOC/ECE520_SandBox/int_gen_soc_re/int_gen_soc_vitis/int_gen_plat/hw/int_gen_bd_re_wrapper.xsa
TRACE::2026-03-16.18:52:26::SCWPlatform::DSA directory C:/Users/ER250/OneDrive/Documents/ECE520_SOC/ECE520_SandBox/int_gen_soc_re/int_gen_soc_vitis/int_gen_plat/hw
TRACE::2026-03-16.18:52:26::SCWPlatform:: Platform Path C:/Users/ER250/OneDrive/Documents/ECE520_SOC/ECE520_SandBox/int_gen_soc_re/int_gen_soc_vitis/int_gen_plat/hw/int_gen_bd_re_wrapper.xsa
TRACE::2026-03-16.18:52:26::SCWPlatform:: Unique name xilinx:zybo-z7-10::0.0
TRACE::2026-03-16.18:52:26::SCWPlatform::Trying to set the existing hwdb with name int_gen_bd_re_wrapper_1
TRACE::2026-03-16.18:52:26::SCWPlatform::Opened existing hwdb int_gen_bd_re_wrapper_1
TRACE::2026-03-16.18:52:26::SCWPlatform::Found the Hw Db part of the input DSA
TRACE::2026-03-16.18:52:26::SCWMssOS::Checking the sw design at  C:/Users/ER250/OneDrive/Documents/ECE520_SOC/ECE520_SandBox/int_gen_soc_re/int_gen_soc_vitis/int_gen_plat/zynq_fsbl/zynq_fsbl_bsp/system.mss
TRACE::2026-03-16.18:52:26::SCWMssOS::DEBUG:  swdes dump  C:/Users/ER250/OneDrive/Documents/ECE520_SOC/ECE520_SandBox/int_gen_soc_re/int_gen_soc_vitis/int_gen_plat/zynq_fsbl/zynq_fsbl_bsp/system.mss|system||

TRACE::2026-03-16.18:52:26::SCWMssOS::Sw design exists and opened at  C:/Users/ER250/OneDrive/Documents/ECE520_SOC/ECE520_SandBox/int_gen_soc_re/int_gen_soc_vitis/int_gen_plat/zynq_fsbl/zynq_fsbl_bsp/system.mss
TRACE::2026-03-16.18:52:26::SCWMssOS:: library already available in sw design:  xilffs:5.0
TRACE::2026-03-16.18:52:26::SCWPlatform::Trying to open the hw design at C:/Users/ER250/OneDrive/Documents/ECE520_SOC/ECE520_SandBox/int_gen_soc_re/int_gen_soc_vitis/int_gen_plat/hw/int_gen_bd_re_wrapper.xsa
TRACE::2026-03-16.18:52:26::SCWPlatform::DSA given C:/Users/ER250/OneDrive/Documents/ECE520_SOC/ECE520_SandBox/int_gen_soc_re/int_gen_soc_vitis/int_gen_plat/hw/int_gen_bd_re_wrapper.xsa
TRACE::2026-03-16.18:52:26::SCWPlatform::DSA absoulate path C:/Users/ER250/OneDrive/Documents/ECE520_SOC/ECE520_SandBox/int_gen_soc_re/int_gen_soc_vitis/int_gen_plat/hw/int_gen_bd_re_wrapper.xsa
TRACE::2026-03-16.18:52:26::SCWPlatform::DSA directory C:/Users/ER250/OneDrive/Documents/ECE520_SOC/ECE520_SandBox/int_gen_soc_re/int_gen_soc_vitis/int_gen_plat/hw
TRACE::2026-03-16.18:52:26::SCWPlatform:: Platform Path C:/Users/ER250/OneDrive/Documents/ECE520_SOC/ECE520_SandBox/int_gen_soc_re/int_gen_soc_vitis/int_gen_plat/hw/int_gen_bd_re_wrapper.xsa
TRACE::2026-03-16.18:52:26::SCWPlatform:: Unique name xilinx:zybo-z7-10::0.0
TRACE::2026-03-16.18:52:26::SCWPlatform::Trying to set the existing hwdb with name int_gen_bd_re_wrapper_1
TRACE::2026-03-16.18:52:26::SCWPlatform::Opened existing hwdb int_gen_bd_re_wrapper_1
TRACE::2026-03-16.18:52:26::SCWPlatform::Found the Hw Db part of the input DSA
TRACE::2026-03-16.18:52:26::SCWMssOS::Checking the sw design at  C:/Users/ER250/OneDrive/Documents/ECE520_SOC/ECE520_SandBox/int_gen_soc_re/int_gen_soc_vitis/int_gen_plat/zynq_fsbl/zynq_fsbl_bsp/system.mss
TRACE::2026-03-16.18:52:26::SCWMssOS::DEBUG:  swdes dump  C:/Users/ER250/OneDrive/Documents/ECE520_SOC/ECE520_SandBox/int_gen_soc_re/int_gen_soc_vitis/int_gen_plat/zynq_fsbl/zynq_fsbl_bsp/system.mss|system||

TRACE::2026-03-16.18:52:26::SCWMssOS::Sw design exists and opened at  C:/Users/ER250/OneDrive/Documents/ECE520_SOC/ECE520_SandBox/int_gen_soc_re/int_gen_soc_vitis/int_gen_plat/zynq_fsbl/zynq_fsbl_bsp/system.mss
TRACE::2026-03-16.18:52:26::SCWMssOS:: library already available in sw design:  xilrsa:1.6
TRACE::2026-03-16.18:52:26::SCWMssOS::Saving the mss changes C:/Users/ER250/OneDrive/Documents/ECE520_SOC/ECE520_SandBox/int_gen_soc_re/int_gen_soc_vitis/int_gen_plat/zynq_fsbl/zynq_fsbl_bsp/system.mss
TRACE::2026-03-16.18:52:26::SCWMssOS::Found a swdesign opened with the mssfile.
TRACE::2026-03-16.18:52:26::SCWMssOS::Completed writemss as part of save.
TRACE::2026-03-16.18:52:26::SCWMssOS::Commit changes completed.
TRACE::2026-03-16.18:52:26::SCWReader::Adding prebuilt librarypaths as   
TRACE::2026-03-16.18:52:26::SCWReader::Adding prebuilt incpaths  as   
TRACE::2026-03-16.18:52:26::SCWPlatform::Trying to open the hw design at C:/Users/ER250/OneDrive/Documents/ECE520_SOC/ECE520_SandBox/int_gen_soc_re/int_gen_soc_vitis/int_gen_plat/hw/int_gen_bd_re_wrapper.xsa
TRACE::2026-03-16.18:52:26::SCWPlatform::DSA given C:/Users/ER250/OneDrive/Documents/ECE520_SOC/ECE520_SandBox/int_gen_soc_re/int_gen_soc_vitis/int_gen_plat/hw/int_gen_bd_re_wrapper.xsa
TRACE::2026-03-16.18:52:26::SCWPlatform::DSA absoulate path C:/Users/ER250/OneDrive/Documents/ECE520_SOC/ECE520_SandBox/int_gen_soc_re/int_gen_soc_vitis/int_gen_plat/hw/int_gen_bd_re_wrapper.xsa
TRACE::2026-03-16.18:52:26::SCWPlatform::DSA directory C:/Users/ER250/OneDrive/Documents/ECE520_SOC/ECE520_SandBox/int_gen_soc_re/int_gen_soc_vitis/int_gen_plat/hw
TRACE::2026-03-16.18:52:26::SCWPlatform:: Platform Path C:/Users/ER250/OneDrive/Documents/ECE520_SOC/ECE520_SandBox/int_gen_soc_re/int_gen_soc_vitis/int_gen_plat/hw/int_gen_bd_re_wrapper.xsa
TRACE::2026-03-16.18:52:26::SCWPlatform:: Unique name xilinx:zybo-z7-10::0.0
TRACE::2026-03-16.18:52:26::SCWPlatform::Trying to set the existing hwdb with name int_gen_bd_re_wrapper_1
TRACE::2026-03-16.18:52:26::SCWPlatform::Opened existing hwdb int_gen_bd_re_wrapper_1
TRACE::2026-03-16.18:52:26::SCWPlatform::Found the Hw Db part of the input DSA
TRACE::2026-03-16.18:52:26::SCWMssOS::Checking the sw design at  C:/Users/ER250/OneDrive/Documents/ECE520_SOC/ECE520_SandBox/int_gen_soc_re/int_gen_soc_vitis/int_gen_plat/zynq_fsbl/zynq_fsbl_bsp/system.mss
TRACE::2026-03-16.18:52:26::SCWMssOS::DEBUG:  swdes dump  C:/Users/ER250/OneDrive/Documents/ECE520_SOC/ECE520_SandBox/int_gen_soc_re/int_gen_soc_vitis/int_gen_plat/zynq_fsbl/zynq_fsbl_bsp/system.mss|system||

TRACE::2026-03-16.18:52:26::SCWMssOS::Sw design exists and opened at  C:/Users/ER250/OneDrive/Documents/ECE520_SOC/ECE520_SandBox/int_gen_soc_re/int_gen_soc_vitis/int_gen_plat/zynq_fsbl/zynq_fsbl_bsp/system.mss
TRACE::2026-03-16.18:52:26::SCWReader::No isolation master present  
TRACE::2026-03-16.18:52:26::SCWDomain::checking for install qemu data   : 
TRACE::2026-03-16.18:52:26::SCWDomain:: Using the QEMU Data from install at  : C:/Xilinx/Vitis/2023.1/data/emulation/platforms/zynq/sw/a9_standalone/qemu/
TRACE::2026-03-16.18:52:26::SCWDomain:: Using the QEMU args  from install at  : C:/Xilinx/Vitis/2023.1/data/emulation/platforms/zynq/sw/a9_standalone/qemu/qemu_args.txt
TRACE::2026-03-16.18:52:26::SCWPlatform::Trying to open the hw design at C:/Users/ER250/OneDrive/Documents/ECE520_SOC/ECE520_SandBox/int_gen_soc_re/int_gen_soc_vitis/int_gen_plat/hw/int_gen_bd_re_wrapper.xsa
TRACE::2026-03-16.18:52:26::SCWPlatform::DSA given C:/Users/ER250/OneDrive/Documents/ECE520_SOC/ECE520_SandBox/int_gen_soc_re/int_gen_soc_vitis/int_gen_plat/hw/int_gen_bd_re_wrapper.xsa
TRACE::2026-03-16.18:52:26::SCWPlatform::DSA absoulate path C:/Users/ER250/OneDrive/Documents/ECE520_SOC/ECE520_SandBox/int_gen_soc_re/int_gen_soc_vitis/int_gen_plat/hw/int_gen_bd_re_wrapper.xsa
TRACE::2026-03-16.18:52:26::SCWPlatform::DSA directory C:/Users/ER250/OneDrive/Documents/ECE520_SOC/ECE520_SandBox/int_gen_soc_re/int_gen_soc_vitis/int_gen_plat/hw
TRACE::2026-03-16.18:52:26::SCWPlatform:: Platform Path C:/Users/ER250/OneDrive/Documents/ECE520_SOC/ECE520_SandBox/int_gen_soc_re/int_gen_soc_vitis/int_gen_plat/hw/int_gen_bd_re_wrapper.xsa
TRACE::2026-03-16.18:52:26::SCWPlatform:: Unique name xilinx:zybo-z7-10::0.0
TRACE::2026-03-16.18:52:26::SCWPlatform::Trying to set the existing hwdb with name int_gen_bd_re_wrapper_1
TRACE::2026-03-16.18:52:26::SCWPlatform::Opened existing hwdb int_gen_bd_re_wrapper_1
TRACE::2026-03-16.18:52:26::SCWPlatform::Found the Hw Db part of the input DSA
TRACE::2026-03-16.18:52:26::SCWPlatform::Trying to open the hw design at C:/Users/ER250/OneDrive/Documents/ECE520_SOC/ECE520_SandBox/int_gen_soc_re/int_gen_soc_vitis/int_gen_plat/hw/int_gen_bd_re_wrapper.xsa
TRACE::2026-03-16.18:52:26::SCWPlatform::DSA given C:/Users/ER250/OneDrive/Documents/ECE520_SOC/ECE520_SandBox/int_gen_soc_re/int_gen_soc_vitis/int_gen_plat/hw/int_gen_bd_re_wrapper.xsa
TRACE::2026-03-16.18:52:26::SCWPlatform::DSA absoulate path C:/Users/ER250/OneDrive/Documents/ECE520_SOC/ECE520_SandBox/int_gen_soc_re/int_gen_soc_vitis/int_gen_plat/hw/int_gen_bd_re_wrapper.xsa
TRACE::2026-03-16.18:52:26::SCWPlatform::DSA directory C:/Users/ER250/OneDrive/Documents/ECE520_SOC/ECE520_SandBox/int_gen_soc_re/int_gen_soc_vitis/int_gen_plat/hw
TRACE::2026-03-16.18:52:26::SCWPlatform:: Platform Path C:/Users/ER250/OneDrive/Documents/ECE520_SOC/ECE520_SandBox/int_gen_soc_re/int_gen_soc_vitis/int_gen_plat/hw/int_gen_bd_re_wrapper.xsa
TRACE::2026-03-16.18:52:26::SCWPlatform:: Unique name xilinx:zybo-z7-10::0.0
TRACE::2026-03-16.18:52:26::SCWPlatform::Trying to set the existing hwdb with name int_gen_bd_re_wrapper_1
TRACE::2026-03-16.18:52:26::SCWPlatform::Opened existing hwdb int_gen_bd_re_wrapper_1
TRACE::2026-03-16.18:52:26::SCWPlatform::Found the Hw Db part of the input DSA
TRACE::2026-03-16.18:52:26::SCWPlatform::Trying to open the hw design at C:/Users/ER250/OneDrive/Documents/ECE520_SOC/ECE520_SandBox/int_gen_soc_re/int_gen_soc_vitis/int_gen_plat/hw/int_gen_bd_re_wrapper.xsa
TRACE::2026-03-16.18:52:26::SCWPlatform::DSA given C:/Users/ER250/OneDrive/Documents/ECE520_SOC/ECE520_SandBox/int_gen_soc_re/int_gen_soc_vitis/int_gen_plat/hw/int_gen_bd_re_wrapper.xsa
TRACE::2026-03-16.18:52:26::SCWPlatform::DSA absoulate path C:/Users/ER250/OneDrive/Documents/ECE520_SOC/ECE520_SandBox/int_gen_soc_re/int_gen_soc_vitis/int_gen_plat/hw/int_gen_bd_re_wrapper.xsa
TRACE::2026-03-16.18:52:26::SCWPlatform::DSA directory C:/Users/ER250/OneDrive/Documents/ECE520_SOC/ECE520_SandBox/int_gen_soc_re/int_gen_soc_vitis/int_gen_plat/hw
TRACE::2026-03-16.18:52:26::SCWPlatform:: Platform Path C:/Users/ER250/OneDrive/Documents/ECE520_SOC/ECE520_SandBox/int_gen_soc_re/int_gen_soc_vitis/int_gen_plat/hw/int_gen_bd_re_wrapper.xsa
TRACE::2026-03-16.18:52:26::SCWPlatform:: Unique name xilinx:zybo-z7-10::0.0
TRACE::2026-03-16.18:52:26::SCWPlatform::Trying to set the existing hwdb with name int_gen_bd_re_wrapper_1
TRACE::2026-03-16.18:52:26::SCWPlatform::Opened existing hwdb int_gen_bd_re_wrapper_1
TRACE::2026-03-16.18:52:26::SCWPlatform::Found the Hw Db part of the input DSA
TRACE::2026-03-16.18:52:26::SCWMssOS::Checking the sw design at  C:/Users/ER250/OneDrive/Documents/ECE520_SOC/ECE520_SandBox/int_gen_soc_re/int_gen_soc_vitis/int_gen_plat/ps7_cortexa9_0/standalone_domain/bsp/system.mss
TRACE::2026-03-16.18:52:26::SCWMssOS::DEBUG:  swdes dump  C:/Users/ER250/OneDrive/Documents/ECE520_SOC/ECE520_SandBox/int_gen_soc_re/int_gen_soc_vitis/int_gen_plat/zynq_fsbl/zynq_fsbl_bsp/system.mss|system||

TRACE::2026-03-16.18:52:26::SCWMssOS::No sw design opened at  C:/Users/ER250/OneDrive/Documents/ECE520_SOC/ECE520_SandBox/int_gen_soc_re/int_gen_soc_vitis/int_gen_plat/ps7_cortexa9_0/standalone_domain/bsp/system.mss
TRACE::2026-03-16.18:52:26::SCWMssOS::mss exists loading the mss file  C:/Users/ER250/OneDrive/Documents/ECE520_SOC/ECE520_SandBox/int_gen_soc_re/int_gen_soc_vitis/int_gen_plat/ps7_cortexa9_0/standalone_domain/bsp/system.mss
TRACE::2026-03-16.18:52:26::SCWMssOS::Opened the sw design from mss  C:/Users/ER250/OneDrive/Documents/ECE520_SOC/ECE520_SandBox/int_gen_soc_re/int_gen_soc_vitis/int_gen_plat/ps7_cortexa9_0/standalone_domain/bsp/system.mss
TRACE::2026-03-16.18:52:26::SCWMssOS::Adding the swdes entry C:/Users/ER250/OneDrive/Documents/ECE520_SOC/ECE520_SandBox/int_gen_soc_re/int_gen_soc_vitis/int_gen_plat/ps7_cortexa9_0/standalone_domain/bsp/system.mss with des name system_0
TRACE::2026-03-16.18:52:26::SCWMssOS::updating the scw layer about changes
TRACE::2026-03-16.18:52:26::SCWMssOS::Opened the sw design.  C:/Users/ER250/OneDrive/Documents/ECE520_SOC/ECE520_SandBox/int_gen_soc_re/int_gen_soc_vitis/int_gen_plat/ps7_cortexa9_0/standalone_domain/bsp/system.mss
TRACE::2026-03-16.18:52:26::SCWMssOS::Saving the mss changes C:/Users/ER250/OneDrive/Documents/ECE520_SOC/ECE520_SandBox/int_gen_soc_re/int_gen_soc_vitis/int_gen_plat/ps7_cortexa9_0/standalone_domain/bsp/system.mss
TRACE::2026-03-16.18:52:26::SCWMssOS::Found a swdesign opened with the mssfile.
TRACE::2026-03-16.18:52:26::SCWMssOS::Completed writemss as part of save.
TRACE::2026-03-16.18:52:26::SCWMssOS::Commit changes completed.
TRACE::2026-03-16.18:52:26::SCWReader::Adding prebuilt librarypaths as   
TRACE::2026-03-16.18:52:26::SCWReader::Adding prebuilt incpaths  as   
TRACE::2026-03-16.18:52:26::SCWPlatform::Trying to open the hw design at C:/Users/ER250/OneDrive/Documents/ECE520_SOC/ECE520_SandBox/int_gen_soc_re/int_gen_soc_vitis/int_gen_plat/hw/int_gen_bd_re_wrapper.xsa
TRACE::2026-03-16.18:52:26::SCWPlatform::DSA given C:/Users/ER250/OneDrive/Documents/ECE520_SOC/ECE520_SandBox/int_gen_soc_re/int_gen_soc_vitis/int_gen_plat/hw/int_gen_bd_re_wrapper.xsa
TRACE::2026-03-16.18:52:26::SCWPlatform::DSA absoulate path C:/Users/ER250/OneDrive/Documents/ECE520_SOC/ECE520_SandBox/int_gen_soc_re/int_gen_soc_vitis/int_gen_plat/hw/int_gen_bd_re_wrapper.xsa
TRACE::2026-03-16.18:52:26::SCWPlatform::DSA directory C:/Users/ER250/OneDrive/Documents/ECE520_SOC/ECE520_SandBox/int_gen_soc_re/int_gen_soc_vitis/int_gen_plat/hw
TRACE::2026-03-16.18:52:26::SCWPlatform:: Platform Path C:/Users/ER250/OneDrive/Documents/ECE520_SOC/ECE520_SandBox/int_gen_soc_re/int_gen_soc_vitis/int_gen_plat/hw/int_gen_bd_re_wrapper.xsa
TRACE::2026-03-16.18:52:26::SCWPlatform:: Unique name xilinx:zybo-z7-10::0.0
TRACE::2026-03-16.18:52:26::SCWPlatform::Trying to set the existing hwdb with name int_gen_bd_re_wrapper_1
TRACE::2026-03-16.18:52:26::SCWPlatform::Opened existing hwdb int_gen_bd_re_wrapper_1
TRACE::2026-03-16.18:52:26::SCWPlatform::Found the Hw Db part of the input DSA
TRACE::2026-03-16.18:52:26::SCWMssOS::Checking the sw design at  C:/Users/ER250/OneDrive/Documents/ECE520_SOC/ECE520_SandBox/int_gen_soc_re/int_gen_soc_vitis/int_gen_plat/ps7_cortexa9_0/standalone_domain/bsp/system.mss
TRACE::2026-03-16.18:52:26::SCWMssOS::DEBUG:  swdes dump  C:/Users/ER250/OneDrive/Documents/ECE520_SOC/ECE520_SandBox/int_gen_soc_re/int_gen_soc_vitis/int_gen_plat/ps7_cortexa9_0/standalone_domain/bsp/system.mss|system_0||
C:/Users/ER250/OneDrive/Documents/ECE520_SOC/ECE520_SandBox/int_gen_soc_re/int_gen_soc_vitis/int_gen_plat/zynq_fsbl/zynq_fsbl_bsp/system.mss|system||

TRACE::2026-03-16.18:52:26::SCWMssOS::Sw design exists and opened at  C:/Users/ER250/OneDrive/Documents/ECE520_SOC/ECE520_SandBox/int_gen_soc_re/int_gen_soc_vitis/int_gen_plat/ps7_cortexa9_0/standalone_domain/bsp/system.mss
TRACE::2026-03-16.18:52:26::SCWReader::No isolation master present  
TRACE::2026-03-16.18:54:14::SCWPlatform::Trying to open the hw design at C:/Users/ER250/OneDrive/Documents/ECE520_SOC/ECE520_SandBox/int_gen_soc_re/int_gen_soc_vitis/int_gen_plat/hw/int_gen_bd_re_wrapper.xsa
TRACE::2026-03-16.18:54:14::SCWPlatform::DSA given C:/Users/ER250/OneDrive/Documents/ECE520_SOC/ECE520_SandBox/int_gen_soc_re/int_gen_soc_vitis/int_gen_plat/hw/int_gen_bd_re_wrapper.xsa
TRACE::2026-03-16.18:54:14::SCWPlatform::DSA absoulate path C:/Users/ER250/OneDrive/Documents/ECE520_SOC/ECE520_SandBox/int_gen_soc_re/int_gen_soc_vitis/int_gen_plat/hw/int_gen_bd_re_wrapper.xsa
TRACE::2026-03-16.18:54:14::SCWPlatform::DSA directory C:/Users/ER250/OneDrive/Documents/ECE520_SOC/ECE520_SandBox/int_gen_soc_re/int_gen_soc_vitis/int_gen_plat/hw
TRACE::2026-03-16.18:54:14::SCWPlatform:: Platform Path C:/Users/ER250/OneDrive/Documents/ECE520_SOC/ECE520_SandBox/int_gen_soc_re/int_gen_soc_vitis/int_gen_plat/hw/int_gen_bd_re_wrapper.xsa
TRACE::2026-03-16.18:54:14::SCWPlatform:: Unique name xilinx:zybo-z7-10::0.0
TRACE::2026-03-16.18:54:14::SCWPlatform::Trying to set the existing hwdb with name int_gen_bd_re_wrapper_1
TRACE::2026-03-16.18:54:14::SCWPlatform::Opened existing hwdb int_gen_bd_re_wrapper_1
TRACE::2026-03-16.18:54:14::SCWPlatform::Found the Hw Db part of the input DSA
TRACE::2026-03-16.18:54:14::SCWMssOS::Checking the sw design at  C:/Users/ER250/OneDrive/Documents/ECE520_SOC/ECE520_SandBox/int_gen_soc_re/int_gen_soc_vitis/int_gen_plat/zynq_fsbl/zynq_fsbl_bsp/system.mss
TRACE::2026-03-16.18:54:14::SCWMssOS::DEBUG:  swdes dump  C:/Users/ER250/OneDrive/Documents/ECE520_SOC/ECE520_SandBox/int_gen_soc_re/int_gen_soc_vitis/int_gen_plat/ps7_cortexa9_0/standalone_domain/bsp/system.mss|system_0||
C:/Users/ER250/OneDrive/Documents/ECE520_SOC/ECE520_SandBox/int_gen_soc_re/int_gen_soc_vitis/int_gen_plat/zynq_fsbl/zynq_fsbl_bsp/system.mss|system||

TRACE::2026-03-16.18:54:14::SCWMssOS::Sw design exists and opened at  C:/Users/ER250/OneDrive/Documents/ECE520_SOC/ECE520_SandBox/int_gen_soc_re/int_gen_soc_vitis/int_gen_plat/zynq_fsbl/zynq_fsbl_bsp/system.mss
TRACE::2026-03-16.18:54:16::SCWMssOS::In reload Mss file.
TRACE::2026-03-16.18:54:16::SCWPlatform::Trying to open the hw design at C:/Users/ER250/OneDrive/Documents/ECE520_SOC/ECE520_SandBox/int_gen_soc_re/int_gen_soc_vitis/int_gen_plat/hw/int_gen_bd_re_wrapper.xsa
TRACE::2026-03-16.18:54:16::SCWPlatform::DSA given C:/Users/ER250/OneDrive/Documents/ECE520_SOC/ECE520_SandBox/int_gen_soc_re/int_gen_soc_vitis/int_gen_plat/hw/int_gen_bd_re_wrapper.xsa
TRACE::2026-03-16.18:54:16::SCWPlatform::DSA absoulate path C:/Users/ER250/OneDrive/Documents/ECE520_SOC/ECE520_SandBox/int_gen_soc_re/int_gen_soc_vitis/int_gen_plat/hw/int_gen_bd_re_wrapper.xsa
TRACE::2026-03-16.18:54:16::SCWPlatform::DSA directory C:/Users/ER250/OneDrive/Documents/ECE520_SOC/ECE520_SandBox/int_gen_soc_re/int_gen_soc_vitis/int_gen_plat/hw
TRACE::2026-03-16.18:54:16::SCWPlatform:: Platform Path C:/Users/ER250/OneDrive/Documents/ECE520_SOC/ECE520_SandBox/int_gen_soc_re/int_gen_soc_vitis/int_gen_plat/hw/int_gen_bd_re_wrapper.xsa
TRACE::2026-03-16.18:54:16::SCWPlatform:: Unique name xilinx:zybo-z7-10::0.0
TRACE::2026-03-16.18:54:16::SCWPlatform::Trying to set the existing hwdb with name int_gen_bd_re_wrapper_1
TRACE::2026-03-16.18:54:16::SCWPlatform::Opened existing hwdb int_gen_bd_re_wrapper_1
TRACE::2026-03-16.18:54:16::SCWPlatform::Found the Hw Db part of the input DSA
TRACE::2026-03-16.18:54:16::SCWMssOS::Checking the sw design at  C:/Users/ER250/OneDrive/Documents/ECE520_SOC/ECE520_SandBox/int_gen_soc_re/int_gen_soc_vitis/int_gen_plat/zynq_fsbl/zynq_fsbl_bsp/system.mss
TRACE::2026-03-16.18:54:16::SCWMssOS::DEBUG:  swdes dump  C:/Users/ER250/OneDrive/Documents/ECE520_SOC/ECE520_SandBox/int_gen_soc_re/int_gen_soc_vitis/int_gen_plat/ps7_cortexa9_0/standalone_domain/bsp/system.mss|system_0||

TRACE::2026-03-16.18:54:16::SCWMssOS::No sw design opened at  C:/Users/ER250/OneDrive/Documents/ECE520_SOC/ECE520_SandBox/int_gen_soc_re/int_gen_soc_vitis/int_gen_plat/zynq_fsbl/zynq_fsbl_bsp/system.mss
TRACE::2026-03-16.18:54:16::SCWMssOS::mss exists loading the mss file  C:/Users/ER250/OneDrive/Documents/ECE520_SOC/ECE520_SandBox/int_gen_soc_re/int_gen_soc_vitis/int_gen_plat/zynq_fsbl/zynq_fsbl_bsp/system.mss
TRACE::2026-03-16.18:54:16::SCWMssOS::Opened the sw design from mss  C:/Users/ER250/OneDrive/Documents/ECE520_SOC/ECE520_SandBox/int_gen_soc_re/int_gen_soc_vitis/int_gen_plat/zynq_fsbl/zynq_fsbl_bsp/system.mss
TRACE::2026-03-16.18:54:16::SCWMssOS::Adding the swdes entry C:/Users/ER250/OneDrive/Documents/ECE520_SOC/ECE520_SandBox/int_gen_soc_re/int_gen_soc_vitis/int_gen_plat/zynq_fsbl/zynq_fsbl_bsp/system.mss with des name system
TRACE::2026-03-16.18:54:16::SCWMssOS::updating the scw layer about changes
TRACE::2026-03-16.18:54:16::SCWMssOS::Opened the sw design.  C:/Users/ER250/OneDrive/Documents/ECE520_SOC/ECE520_SandBox/int_gen_soc_re/int_gen_soc_vitis/int_gen_plat/zynq_fsbl/zynq_fsbl_bsp/system.mss
TRACE::2026-03-16.18:54:16::SCWPlatform::Trying to open the hw design at C:/Users/ER250/OneDrive/Documents/ECE520_SOC/ECE520_SandBox/int_gen_soc_re/int_gen_soc_vitis/int_gen_plat/hw/int_gen_bd_re_wrapper.xsa
TRACE::2026-03-16.18:54:16::SCWPlatform::DSA given C:/Users/ER250/OneDrive/Documents/ECE520_SOC/ECE520_SandBox/int_gen_soc_re/int_gen_soc_vitis/int_gen_plat/hw/int_gen_bd_re_wrapper.xsa
TRACE::2026-03-16.18:54:16::SCWPlatform::DSA absoulate path C:/Users/ER250/OneDrive/Documents/ECE520_SOC/ECE520_SandBox/int_gen_soc_re/int_gen_soc_vitis/int_gen_plat/hw/int_gen_bd_re_wrapper.xsa
TRACE::2026-03-16.18:54:16::SCWPlatform::DSA directory C:/Users/ER250/OneDrive/Documents/ECE520_SOC/ECE520_SandBox/int_gen_soc_re/int_gen_soc_vitis/int_gen_plat/hw
TRACE::2026-03-16.18:54:16::SCWPlatform:: Platform Path C:/Users/ER250/OneDrive/Documents/ECE520_SOC/ECE520_SandBox/int_gen_soc_re/int_gen_soc_vitis/int_gen_plat/hw/int_gen_bd_re_wrapper.xsa
TRACE::2026-03-16.18:54:16::SCWPlatform:: Unique name xilinx:zybo-z7-10::0.0
TRACE::2026-03-16.18:54:16::SCWPlatform::Trying to set the existing hwdb with name int_gen_bd_re_wrapper_1
TRACE::2026-03-16.18:54:16::SCWPlatform::Opened existing hwdb int_gen_bd_re_wrapper_1
TRACE::2026-03-16.18:54:16::SCWPlatform::Found the Hw Db part of the input DSA
TRACE::2026-03-16.18:54:16::SCWMssOS::Checking the sw design at  C:/Users/ER250/OneDrive/Documents/ECE520_SOC/ECE520_SandBox/int_gen_soc_re/int_gen_soc_vitis/int_gen_plat/zynq_fsbl/zynq_fsbl_bsp/system.mss
TRACE::2026-03-16.18:54:16::SCWMssOS::DEBUG:  swdes dump  C:/Users/ER250/OneDrive/Documents/ECE520_SOC/ECE520_SandBox/int_gen_soc_re/int_gen_soc_vitis/int_gen_plat/ps7_cortexa9_0/standalone_domain/bsp/system.mss|system_0||
C:/Users/ER250/OneDrive/Documents/ECE520_SOC/ECE520_SandBox/int_gen_soc_re/int_gen_soc_vitis/int_gen_plat/zynq_fsbl/zynq_fsbl_bsp/system.mss|system||

TRACE::2026-03-16.18:54:16::SCWMssOS::Sw design exists and opened at  C:/Users/ER250/OneDrive/Documents/ECE520_SOC/ECE520_SandBox/int_gen_soc_re/int_gen_soc_vitis/int_gen_plat/zynq_fsbl/zynq_fsbl_bsp/system.mss
TRACE::2026-03-16.18:54:16::SCWMssOS:: library already available in sw design:  xilffs:5.0
TRACE::2026-03-16.18:54:16::SCWPlatform::Trying to open the hw design at C:/Users/ER250/OneDrive/Documents/ECE520_SOC/ECE520_SandBox/int_gen_soc_re/int_gen_soc_vitis/int_gen_plat/hw/int_gen_bd_re_wrapper.xsa
TRACE::2026-03-16.18:54:16::SCWPlatform::DSA given C:/Users/ER250/OneDrive/Documents/ECE520_SOC/ECE520_SandBox/int_gen_soc_re/int_gen_soc_vitis/int_gen_plat/hw/int_gen_bd_re_wrapper.xsa
TRACE::2026-03-16.18:54:16::SCWPlatform::DSA absoulate path C:/Users/ER250/OneDrive/Documents/ECE520_SOC/ECE520_SandBox/int_gen_soc_re/int_gen_soc_vitis/int_gen_plat/hw/int_gen_bd_re_wrapper.xsa
TRACE::2026-03-16.18:54:16::SCWPlatform::DSA directory C:/Users/ER250/OneDrive/Documents/ECE520_SOC/ECE520_SandBox/int_gen_soc_re/int_gen_soc_vitis/int_gen_plat/hw
TRACE::2026-03-16.18:54:16::SCWPlatform:: Platform Path C:/Users/ER250/OneDrive/Documents/ECE520_SOC/ECE520_SandBox/int_gen_soc_re/int_gen_soc_vitis/int_gen_plat/hw/int_gen_bd_re_wrapper.xsa
TRACE::2026-03-16.18:54:16::SCWPlatform:: Unique name xilinx:zybo-z7-10::0.0
TRACE::2026-03-16.18:54:16::SCWPlatform::Trying to set the existing hwdb with name int_gen_bd_re_wrapper_1
TRACE::2026-03-16.18:54:16::SCWPlatform::Opened existing hwdb int_gen_bd_re_wrapper_1
TRACE::2026-03-16.18:54:16::SCWPlatform::Found the Hw Db part of the input DSA
TRACE::2026-03-16.18:54:16::SCWMssOS::Checking the sw design at  C:/Users/ER250/OneDrive/Documents/ECE520_SOC/ECE520_SandBox/int_gen_soc_re/int_gen_soc_vitis/int_gen_plat/zynq_fsbl/zynq_fsbl_bsp/system.mss
TRACE::2026-03-16.18:54:16::SCWMssOS::DEBUG:  swdes dump  C:/Users/ER250/OneDrive/Documents/ECE520_SOC/ECE520_SandBox/int_gen_soc_re/int_gen_soc_vitis/int_gen_plat/ps7_cortexa9_0/standalone_domain/bsp/system.mss|system_0||
C:/Users/ER250/OneDrive/Documents/ECE520_SOC/ECE520_SandBox/int_gen_soc_re/int_gen_soc_vitis/int_gen_plat/zynq_fsbl/zynq_fsbl_bsp/system.mss|system||

TRACE::2026-03-16.18:54:16::SCWMssOS::Sw design exists and opened at  C:/Users/ER250/OneDrive/Documents/ECE520_SOC/ECE520_SandBox/int_gen_soc_re/int_gen_soc_vitis/int_gen_plat/zynq_fsbl/zynq_fsbl_bsp/system.mss
TRACE::2026-03-16.18:54:16::SCWMssOS:: library already available in sw design:  xilrsa:1.6
TRACE::2026-03-16.18:54:16::SCWMssOS::Saving the mss changes C:/Users/ER250/OneDrive/Documents/ECE520_SOC/ECE520_SandBox/int_gen_soc_re/int_gen_soc_vitis/int_gen_plat/zynq_fsbl/zynq_fsbl_bsp/system.mss
TRACE::2026-03-16.18:54:16::SCWMssOS::Found a swdesign opened with the mssfile.
TRACE::2026-03-16.18:54:16::SCWMssOS::Completed writemss as part of save.
TRACE::2026-03-16.18:54:16::SCWMssOS::Commit changes completed.
TRACE::2026-03-16.18:54:16::SCWPlatform::Trying to open the hw design at C:/Users/ER250/OneDrive/Documents/ECE520_SOC/ECE520_SandBox/int_gen_soc_re/int_gen_soc_vitis/int_gen_plat/hw/int_gen_bd_re_wrapper.xsa
TRACE::2026-03-16.18:54:16::SCWPlatform::DSA given C:/Users/ER250/OneDrive/Documents/ECE520_SOC/ECE520_SandBox/int_gen_soc_re/int_gen_soc_vitis/int_gen_plat/hw/int_gen_bd_re_wrapper.xsa
TRACE::2026-03-16.18:54:16::SCWPlatform::DSA absoulate path C:/Users/ER250/OneDrive/Documents/ECE520_SOC/ECE520_SandBox/int_gen_soc_re/int_gen_soc_vitis/int_gen_plat/hw/int_gen_bd_re_wrapper.xsa
TRACE::2026-03-16.18:54:16::SCWPlatform::DSA directory C:/Users/ER250/OneDrive/Documents/ECE520_SOC/ECE520_SandBox/int_gen_soc_re/int_gen_soc_vitis/int_gen_plat/hw
TRACE::2026-03-16.18:54:16::SCWPlatform:: Platform Path C:/Users/ER250/OneDrive/Documents/ECE520_SOC/ECE520_SandBox/int_gen_soc_re/int_gen_soc_vitis/int_gen_plat/hw/int_gen_bd_re_wrapper.xsa
TRACE::2026-03-16.18:54:16::SCWPlatform:: Unique name xilinx:zybo-z7-10::0.0
TRACE::2026-03-16.18:54:16::SCWPlatform::Trying to set the existing hwdb with name int_gen_bd_re_wrapper_1
TRACE::2026-03-16.18:54:16::SCWPlatform::Opened existing hwdb int_gen_bd_re_wrapper_1
TRACE::2026-03-16.18:54:16::SCWPlatform::Found the Hw Db part of the input DSA
TRACE::2026-03-16.18:54:16::SCWMssOS::Checking the sw design at  C:/Users/ER250/OneDrive/Documents/ECE520_SOC/ECE520_SandBox/int_gen_soc_re/int_gen_soc_vitis/int_gen_plat/zynq_fsbl/zynq_fsbl_bsp/system.mss
TRACE::2026-03-16.18:54:16::SCWMssOS::DEBUG:  swdes dump  C:/Users/ER250/OneDrive/Documents/ECE520_SOC/ECE520_SandBox/int_gen_soc_re/int_gen_soc_vitis/int_gen_plat/ps7_cortexa9_0/standalone_domain/bsp/system.mss|system_0||
C:/Users/ER250/OneDrive/Documents/ECE520_SOC/ECE520_SandBox/int_gen_soc_re/int_gen_soc_vitis/int_gen_plat/zynq_fsbl/zynq_fsbl_bsp/system.mss|system||

TRACE::2026-03-16.18:54:16::SCWMssOS::Sw design exists and opened at  C:/Users/ER250/OneDrive/Documents/ECE520_SOC/ECE520_SandBox/int_gen_soc_re/int_gen_soc_vitis/int_gen_plat/zynq_fsbl/zynq_fsbl_bsp/system.mss
TRACE::2026-03-16.18:54:16::SCWMssOS::Removing the swdes entry for  C:/Users/ER250/OneDrive/Documents/ECE520_SOC/ECE520_SandBox/int_gen_soc_re/int_gen_soc_vitis/int_gen_plat/zynq_fsbl/zynq_fsbl_bsp/system.mss
TRACE::2026-03-16.18:54:30::SCWPlatform::Trying to open the hw design at C:/Users/ER250/OneDrive/Documents/ECE520_SOC/ECE520_SandBox/int_gen_soc_re/int_gen_soc_vitis/int_gen_plat/hw/int_gen_bd_re_wrapper.xsa
TRACE::2026-03-16.18:54:30::SCWPlatform::DSA given C:/Users/ER250/OneDrive/Documents/ECE520_SOC/ECE520_SandBox/int_gen_soc_re/int_gen_soc_vitis/int_gen_plat/hw/int_gen_bd_re_wrapper.xsa
TRACE::2026-03-16.18:54:30::SCWPlatform::DSA absoulate path C:/Users/ER250/OneDrive/Documents/ECE520_SOC/ECE520_SandBox/int_gen_soc_re/int_gen_soc_vitis/int_gen_plat/hw/int_gen_bd_re_wrapper.xsa
TRACE::2026-03-16.18:54:30::SCWPlatform::DSA directory C:/Users/ER250/OneDrive/Documents/ECE520_SOC/ECE520_SandBox/int_gen_soc_re/int_gen_soc_vitis/int_gen_plat/hw
TRACE::2026-03-16.18:54:30::SCWPlatform:: Platform Path C:/Users/ER250/OneDrive/Documents/ECE520_SOC/ECE520_SandBox/int_gen_soc_re/int_gen_soc_vitis/int_gen_plat/hw/int_gen_bd_re_wrapper.xsa
TRACE::2026-03-16.18:54:30::SCWPlatform:: Unique name xilinx:zybo-z7-10::0.0
TRACE::2026-03-16.18:54:30::SCWPlatform::Trying to set the existing hwdb with name int_gen_bd_re_wrapper_1
TRACE::2026-03-16.18:54:30::SCWPlatform::Opened existing hwdb int_gen_bd_re_wrapper_1
TRACE::2026-03-16.18:54:30::SCWPlatform::Found the Hw Db part of the input DSA
TRACE::2026-03-16.18:54:30::SCWMssOS::Checking the sw design at  C:/Users/ER250/OneDrive/Documents/ECE520_SOC/ECE520_SandBox/int_gen_soc_re/int_gen_soc_vitis/int_gen_plat/zynq_fsbl/zynq_fsbl_bsp/system.mss
TRACE::2026-03-16.18:54:30::SCWMssOS::DEBUG:  swdes dump  C:/Users/ER250/OneDrive/Documents/ECE520_SOC/ECE520_SandBox/int_gen_soc_re/int_gen_soc_vitis/int_gen_plat/ps7_cortexa9_0/standalone_domain/bsp/system.mss|system_0||

TRACE::2026-03-16.18:54:30::SCWMssOS::No sw design opened at  C:/Users/ER250/OneDrive/Documents/ECE520_SOC/ECE520_SandBox/int_gen_soc_re/int_gen_soc_vitis/int_gen_plat/zynq_fsbl/zynq_fsbl_bsp/system.mss
TRACE::2026-03-16.18:54:30::SCWMssOS::mss exists loading the mss file  C:/Users/ER250/OneDrive/Documents/ECE520_SOC/ECE520_SandBox/int_gen_soc_re/int_gen_soc_vitis/int_gen_plat/zynq_fsbl/zynq_fsbl_bsp/system.mss
TRACE::2026-03-16.18:54:30::SCWMssOS::Opened the sw design from mss  C:/Users/ER250/OneDrive/Documents/ECE520_SOC/ECE520_SandBox/int_gen_soc_re/int_gen_soc_vitis/int_gen_plat/zynq_fsbl/zynq_fsbl_bsp/system.mss
TRACE::2026-03-16.18:54:30::SCWMssOS::Adding the swdes entry C:/Users/ER250/OneDrive/Documents/ECE520_SOC/ECE520_SandBox/int_gen_soc_re/int_gen_soc_vitis/int_gen_plat/zynq_fsbl/zynq_fsbl_bsp/system.mss with des name system
TRACE::2026-03-16.18:54:30::SCWMssOS::updating the scw layer about changes
TRACE::2026-03-16.18:54:30::SCWMssOS::Opened the sw design.  C:/Users/ER250/OneDrive/Documents/ECE520_SOC/ECE520_SandBox/int_gen_soc_re/int_gen_soc_vitis/int_gen_plat/zynq_fsbl/zynq_fsbl_bsp/system.mss
TRACE::2026-03-16.18:54:56::SCWPlatform::Trying to open the hw design at C:/Users/ER250/OneDrive/Documents/ECE520_SOC/ECE520_SandBox/int_gen_soc_re/int_gen_soc_vitis/int_gen_plat/hw/int_gen_bd_re_wrapper.xsa
TRACE::2026-03-16.18:54:56::SCWPlatform::DSA given C:/Users/ER250/OneDrive/Documents/ECE520_SOC/ECE520_SandBox/int_gen_soc_re/int_gen_soc_vitis/int_gen_plat/hw/int_gen_bd_re_wrapper.xsa
TRACE::2026-03-16.18:54:56::SCWPlatform::DSA absoulate path C:/Users/ER250/OneDrive/Documents/ECE520_SOC/ECE520_SandBox/int_gen_soc_re/int_gen_soc_vitis/int_gen_plat/hw/int_gen_bd_re_wrapper.xsa
TRACE::2026-03-16.18:54:56::SCWPlatform::DSA directory C:/Users/ER250/OneDrive/Documents/ECE520_SOC/ECE520_SandBox/int_gen_soc_re/int_gen_soc_vitis/int_gen_plat/hw
TRACE::2026-03-16.18:54:56::SCWPlatform:: Platform Path C:/Users/ER250/OneDrive/Documents/ECE520_SOC/ECE520_SandBox/int_gen_soc_re/int_gen_soc_vitis/int_gen_plat/hw/int_gen_bd_re_wrapper.xsa
TRACE::2026-03-16.18:54:56::SCWPlatform:: Unique name xilinx:zybo-z7-10::0.0
TRACE::2026-03-16.18:54:56::SCWPlatform::Trying to set the existing hwdb with name int_gen_bd_re_wrapper_1
TRACE::2026-03-16.18:54:56::SCWPlatform::Opened existing hwdb int_gen_bd_re_wrapper_1
TRACE::2026-03-16.18:54:56::SCWPlatform::Found the Hw Db part of the input DSA
TRACE::2026-03-16.18:54:56::SCWMssOS::Checking the sw design at  C:/Users/ER250/OneDrive/Documents/ECE520_SOC/ECE520_SandBox/int_gen_soc_re/int_gen_soc_vitis/int_gen_plat/zynq_fsbl/zynq_fsbl_bsp/system.mss
TRACE::2026-03-16.18:54:56::SCWMssOS::DEBUG:  swdes dump  C:/Users/ER250/OneDrive/Documents/ECE520_SOC/ECE520_SandBox/int_gen_soc_re/int_gen_soc_vitis/int_gen_plat/ps7_cortexa9_0/standalone_domain/bsp/system.mss|system_0||
C:/Users/ER250/OneDrive/Documents/ECE520_SOC/ECE520_SandBox/int_gen_soc_re/int_gen_soc_vitis/int_gen_plat/zynq_fsbl/zynq_fsbl_bsp/system.mss|system||

TRACE::2026-03-16.18:54:56::SCWMssOS::Sw design exists and opened at  C:/Users/ER250/OneDrive/Documents/ECE520_SOC/ECE520_SandBox/int_gen_soc_re/int_gen_soc_vitis/int_gen_plat/zynq_fsbl/zynq_fsbl_bsp/system.mss
TRACE::2026-03-16.18:55:07::SCWMssOS::Saving the mss changes C:/Users/ER250/OneDrive/Documents/ECE520_SOC/ECE520_SandBox/int_gen_soc_re/int_gen_soc_vitis/int_gen_plat/zynq_fsbl/zynq_fsbl_bsp/system.mss
TRACE::2026-03-16.18:55:07::SCWMssOS::Found a swdesign opened with the mssfile.
TRACE::2026-03-16.18:55:07::SCWMssOS::Completed writemss as part of save.
TRACE::2026-03-16.18:55:07::SCWMssOS::Commit changes completed.
TRACE::2026-03-16.18:55:07::SCWMssOS::Saving the mss changes C:/Users/ER250/OneDrive/Documents/ECE520_SOC/ECE520_SandBox/int_gen_soc_re/int_gen_soc_vitis/int_gen_plat/ps7_cortexa9_0/standalone_domain/bsp/system.mss
TRACE::2026-03-16.18:55:07::SCWMssOS::Found a swdesign opened with the mssfile.
TRACE::2026-03-16.18:55:07::SCWMssOS::Completed writemss as part of save.
TRACE::2026-03-16.18:55:07::SCWMssOS::Commit changes completed.
TRACE::2026-03-16.18:55:07::SCWPlatform::Trying to open the hw design at C:/Users/ER250/OneDrive/Documents/ECE520_SOC/ECE520_SandBox/int_gen_soc_re/int_gen_soc_vitis/int_gen_plat/hw/int_gen_bd_re_wrapper.xsa
TRACE::2026-03-16.18:55:07::SCWPlatform::DSA given C:/Users/ER250/OneDrive/Documents/ECE520_SOC/ECE520_SandBox/int_gen_soc_re/int_gen_soc_vitis/int_gen_plat/hw/int_gen_bd_re_wrapper.xsa
TRACE::2026-03-16.18:55:07::SCWPlatform::DSA absoulate path C:/Users/ER250/OneDrive/Documents/ECE520_SOC/ECE520_SandBox/int_gen_soc_re/int_gen_soc_vitis/int_gen_plat/hw/int_gen_bd_re_wrapper.xsa
TRACE::2026-03-16.18:55:07::SCWPlatform::DSA directory C:/Users/ER250/OneDrive/Documents/ECE520_SOC/ECE520_SandBox/int_gen_soc_re/int_gen_soc_vitis/int_gen_plat/hw
TRACE::2026-03-16.18:55:07::SCWPlatform:: Platform Path C:/Users/ER250/OneDrive/Documents/ECE520_SOC/ECE520_SandBox/int_gen_soc_re/int_gen_soc_vitis/int_gen_plat/hw/int_gen_bd_re_wrapper.xsa
TRACE::2026-03-16.18:55:07::SCWPlatform:: Unique name xilinx:zybo-z7-10::0.0
TRACE::2026-03-16.18:55:07::SCWPlatform::Trying to set the existing hwdb with name int_gen_bd_re_wrapper_1
TRACE::2026-03-16.18:55:07::SCWPlatform::Opened existing hwdb int_gen_bd_re_wrapper_1
TRACE::2026-03-16.18:55:07::SCWPlatform::Found the Hw Db part of the input DSA
TRACE::2026-03-16.18:55:07::SCWMssOS::Checking the sw design at  C:/Users/ER250/OneDrive/Documents/ECE520_SOC/ECE520_SandBox/int_gen_soc_re/int_gen_soc_vitis/int_gen_plat/zynq_fsbl/zynq_fsbl_bsp/system.mss
TRACE::2026-03-16.18:55:07::SCWMssOS::DEBUG:  swdes dump  C:/Users/ER250/OneDrive/Documents/ECE520_SOC/ECE520_SandBox/int_gen_soc_re/int_gen_soc_vitis/int_gen_plat/ps7_cortexa9_0/standalone_domain/bsp/system.mss|system_0||
C:/Users/ER250/OneDrive/Documents/ECE520_SOC/ECE520_SandBox/int_gen_soc_re/int_gen_soc_vitis/int_gen_plat/zynq_fsbl/zynq_fsbl_bsp/system.mss|system||

TRACE::2026-03-16.18:55:07::SCWMssOS::Sw design exists and opened at  C:/Users/ER250/OneDrive/Documents/ECE520_SOC/ECE520_SandBox/int_gen_soc_re/int_gen_soc_vitis/int_gen_plat/zynq_fsbl/zynq_fsbl_bsp/system.mss
TRACE::2026-03-16.18:55:07::SCWPlatform::Trying to open the hw design at C:/Users/ER250/OneDrive/Documents/ECE520_SOC/ECE520_SandBox/int_gen_soc_re/int_gen_soc_vitis/int_gen_plat/hw/int_gen_bd_re_wrapper.xsa
TRACE::2026-03-16.18:55:07::SCWPlatform::DSA given C:/Users/ER250/OneDrive/Documents/ECE520_SOC/ECE520_SandBox/int_gen_soc_re/int_gen_soc_vitis/int_gen_plat/hw/int_gen_bd_re_wrapper.xsa
TRACE::2026-03-16.18:55:07::SCWPlatform::DSA absoulate path C:/Users/ER250/OneDrive/Documents/ECE520_SOC/ECE520_SandBox/int_gen_soc_re/int_gen_soc_vitis/int_gen_plat/hw/int_gen_bd_re_wrapper.xsa
TRACE::2026-03-16.18:55:07::SCWPlatform::DSA directory C:/Users/ER250/OneDrive/Documents/ECE520_SOC/ECE520_SandBox/int_gen_soc_re/int_gen_soc_vitis/int_gen_plat/hw
TRACE::2026-03-16.18:55:07::SCWPlatform:: Platform Path C:/Users/ER250/OneDrive/Documents/ECE520_SOC/ECE520_SandBox/int_gen_soc_re/int_gen_soc_vitis/int_gen_plat/hw/int_gen_bd_re_wrapper.xsa
TRACE::2026-03-16.18:55:07::SCWPlatform:: Unique name xilinx:zybo-z7-10::0.0
TRACE::2026-03-16.18:55:07::SCWPlatform::Trying to set the existing hwdb with name int_gen_bd_re_wrapper_1
TRACE::2026-03-16.18:55:07::SCWPlatform::Opened existing hwdb int_gen_bd_re_wrapper_1
TRACE::2026-03-16.18:55:07::SCWPlatform::Found the Hw Db part of the input DSA
TRACE::2026-03-16.18:55:07::SCWMssOS::Checking the sw design at  C:/Users/ER250/OneDrive/Documents/ECE520_SOC/ECE520_SandBox/int_gen_soc_re/int_gen_soc_vitis/int_gen_plat/ps7_cortexa9_0/standalone_domain/bsp/system.mss
TRACE::2026-03-16.18:55:07::SCWMssOS::DEBUG:  swdes dump  C:/Users/ER250/OneDrive/Documents/ECE520_SOC/ECE520_SandBox/int_gen_soc_re/int_gen_soc_vitis/int_gen_plat/ps7_cortexa9_0/standalone_domain/bsp/system.mss|system_0||
C:/Users/ER250/OneDrive/Documents/ECE520_SOC/ECE520_SandBox/int_gen_soc_re/int_gen_soc_vitis/int_gen_plat/zynq_fsbl/zynq_fsbl_bsp/system.mss|system||

TRACE::2026-03-16.18:55:07::SCWMssOS::Sw design exists and opened at  C:/Users/ER250/OneDrive/Documents/ECE520_SOC/ECE520_SandBox/int_gen_soc_re/int_gen_soc_vitis/int_gen_plat/ps7_cortexa9_0/standalone_domain/bsp/system.mss
TRACE::2026-03-16.18:55:07::SCWWriter::formatted JSON is {
	"platformName":	"int_gen_plat",
	"sprVersion":	"2.0",
	"mode":	"gui",
	"dsaType":	"Fixed",
	"platformDesc":	"int_gen_plat",
	"platHandOff":	"C:/Users/ER250/OneDrive/Documents/ECE520_SOC/ECE520_SandBox/int_gen_soc_re/int_gen_bd_re_wrapper.xsa",
	"platIntHandOff":	"<platformDir>/hw/int_gen_bd_re_wrapper.xsa",
	"deviceType":	"zynq",
	"platIsPrebuiltAutogen":	"false",
	"platIsNoBootBsp":	"false",
	"hasFsblMakeHasChanges":	"false",
	"hasPmufwMakeHasChanges":	"false",
	"fsblExtraCompilerFlags":	"-MMD -MP       -mcpu=cortex-a9 -mfpu=vfpv3 -mfloat-abi=hard ",
	"platPreBuiltFlag":	false,
	"platformSamplesDir":	"",
	"platActiveSys":	"int_gen_plat",
	"systems":	[{
			"systemName":	"int_gen_plat",
			"systemDesc":	"int_gen_plat",
			"sysIsBootAutoGen":	"true",
			"systemDispName":	"int_gen_plat",
			"sysActiveDom":	"zynq_fsbl",
			"sysDefaultDom":	"standalone_domain",
			"domains":	[{
					"domainName":	"zynq_fsbl",
					"domainDispName":	"zynq_fsbl",
					"domainDesc":	"FSBL Application BSP - Auto Generated.",
					"processors":	"ps7_cortexa9_0",
					"os":	"standalone",
					"sdxOs":	"standalone",
					"debugEnable":	"",
					"domRuntimes":	["cpp"],
					"swRepo":	"",
					"mssOsVer":	"8.1",
					"mssFile":	"",
					"md5Digest":	"819e3e5563aa783f4d08453a17e83a4e",
					"compatibleApp":	"zynq_fsbl",
					"domType":	"bootDomain",
					"arch":	"32-bit",
					"appSettings":	{
						"appCompilerFlags":	"",
						"appLinkerFlags":	""
					},
					"addedLibs":	["xilffs:5.0", "xilrsa:1.6"],
					"libOptions":	{
						"libsContainingOptions":	[]
					},
					"changedDrivers":	{
						"interrupt_generator_0":	"none:",
						"changedCells":	["interrupt_generator_0"]
					},
					"prebuiltLibs":	{
						"prebuiltIncPath":	[],
						"prebuiltLibPath":	[]
					},
					"isolation":	{
					}
				}, {
					"domainName":	"standalone_domain",
					"domainDispName":	"standalone on ps7_cortexa9_0",
					"domainDesc":	"standalone_domain",
					"processors":	"ps7_cortexa9_0",
					"os":	"standalone",
					"sdxOs":	"standalone",
					"qemuArgs":	"<platformDir>/resources/int_gen_plat/standalone_domain/qemu_args.txt",
					"qemuData":	"<platformDir>/resources/int_gen_plat/standalone_domain/qemu",
					"debugEnable":	"False",
					"domRuntimes":	["cpp"],
					"swRepo":	"",
					"mssOsVer":	"8.1",
					"mssFile":	"",
					"md5Digest":	"93dc33fda754efcc510cba88207d9a56",
					"compatibleApp":	"",
					"domType":	"mssDomain",
					"appSettings":	{
						"appCompilerFlags":	"",
						"appLinkerFlags":	""
					},
					"addedLibs":	[],
					"libOptions":	{
						"libsContainingOptions":	[]
					},
					"prebuiltLibs":	{
						"prebuiltIncPath":	[],
						"prebuiltLibPath":	[]
					},
					"isolation":	{
					}
				}]
		}]
}
TRACE::2026-03-16.18:55:07::SCWMssOS::Saving the mss changes C:/Users/ER250/OneDrive/Documents/ECE520_SOC/ECE520_SandBox/int_gen_soc_re/int_gen_soc_vitis/int_gen_plat/zynq_fsbl/zynq_fsbl_bsp/system.mss
TRACE::2026-03-16.18:55:07::SCWMssOS::Found a swdesign opened with the mssfile.
TRACE::2026-03-16.18:55:07::SCWMssOS::Completed writemss as part of save.
TRACE::2026-03-16.18:55:07::SCWMssOS::Commit changes completed.
TRACE::2026-03-16.18:55:07::SCWPlatform::Trying to open the hw design at C:/Users/ER250/OneDrive/Documents/ECE520_SOC/ECE520_SandBox/int_gen_soc_re/int_gen_soc_vitis/int_gen_plat/hw/int_gen_bd_re_wrapper.xsa
TRACE::2026-03-16.18:55:07::SCWPlatform::DSA given C:/Users/ER250/OneDrive/Documents/ECE520_SOC/ECE520_SandBox/int_gen_soc_re/int_gen_soc_vitis/int_gen_plat/hw/int_gen_bd_re_wrapper.xsa
TRACE::2026-03-16.18:55:07::SCWPlatform::DSA absoulate path C:/Users/ER250/OneDrive/Documents/ECE520_SOC/ECE520_SandBox/int_gen_soc_re/int_gen_soc_vitis/int_gen_plat/hw/int_gen_bd_re_wrapper.xsa
TRACE::2026-03-16.18:55:07::SCWPlatform::DSA directory C:/Users/ER250/OneDrive/Documents/ECE520_SOC/ECE520_SandBox/int_gen_soc_re/int_gen_soc_vitis/int_gen_plat/hw
TRACE::2026-03-16.18:55:07::SCWPlatform:: Platform Path C:/Users/ER250/OneDrive/Documents/ECE520_SOC/ECE520_SandBox/int_gen_soc_re/int_gen_soc_vitis/int_gen_plat/hw/int_gen_bd_re_wrapper.xsa
TRACE::2026-03-16.18:55:07::SCWPlatform:: Unique name xilinx:zybo-z7-10::0.0
TRACE::2026-03-16.18:55:07::SCWPlatform::Trying to set the existing hwdb with name int_gen_bd_re_wrapper_1
TRACE::2026-03-16.18:55:07::SCWPlatform::Opened existing hwdb int_gen_bd_re_wrapper_1
TRACE::2026-03-16.18:55:07::SCWPlatform::Found the Hw Db part of the input DSA
TRACE::2026-03-16.18:55:07::SCWMssOS::Checking the sw design at  C:/Users/ER250/OneDrive/Documents/ECE520_SOC/ECE520_SandBox/int_gen_soc_re/int_gen_soc_vitis/int_gen_plat/zynq_fsbl/zynq_fsbl_bsp/system.mss
TRACE::2026-03-16.18:55:07::SCWMssOS::DEBUG:  swdes dump  C:/Users/ER250/OneDrive/Documents/ECE520_SOC/ECE520_SandBox/int_gen_soc_re/int_gen_soc_vitis/int_gen_plat/ps7_cortexa9_0/standalone_domain/bsp/system.mss|system_0||
C:/Users/ER250/OneDrive/Documents/ECE520_SOC/ECE520_SandBox/int_gen_soc_re/int_gen_soc_vitis/int_gen_plat/zynq_fsbl/zynq_fsbl_bsp/system.mss|system||

TRACE::2026-03-16.18:55:07::SCWMssOS::Sw design exists and opened at  C:/Users/ER250/OneDrive/Documents/ECE520_SOC/ECE520_SandBox/int_gen_soc_re/int_gen_soc_vitis/int_gen_plat/zynq_fsbl/zynq_fsbl_bsp/system.mss
TRACE::2026-03-16.18:55:07::SCWMssOS::Removing the swdes entry for  C:/Users/ER250/OneDrive/Documents/ECE520_SOC/ECE520_SandBox/int_gen_soc_re/int_gen_soc_vitis/int_gen_plat/zynq_fsbl/zynq_fsbl_bsp/system.mss
TRACE::2026-03-16.18:55:07::SCWMssOS::In reload Mss file.
TRACE::2026-03-16.18:55:07::SCWPlatform::Trying to open the hw design at C:/Users/ER250/OneDrive/Documents/ECE520_SOC/ECE520_SandBox/int_gen_soc_re/int_gen_soc_vitis/int_gen_plat/hw/int_gen_bd_re_wrapper.xsa
TRACE::2026-03-16.18:55:07::SCWPlatform::DSA given C:/Users/ER250/OneDrive/Documents/ECE520_SOC/ECE520_SandBox/int_gen_soc_re/int_gen_soc_vitis/int_gen_plat/hw/int_gen_bd_re_wrapper.xsa
TRACE::2026-03-16.18:55:07::SCWPlatform::DSA absoulate path C:/Users/ER250/OneDrive/Documents/ECE520_SOC/ECE520_SandBox/int_gen_soc_re/int_gen_soc_vitis/int_gen_plat/hw/int_gen_bd_re_wrapper.xsa
TRACE::2026-03-16.18:55:07::SCWPlatform::DSA directory C:/Users/ER250/OneDrive/Documents/ECE520_SOC/ECE520_SandBox/int_gen_soc_re/int_gen_soc_vitis/int_gen_plat/hw
TRACE::2026-03-16.18:55:07::SCWPlatform:: Platform Path C:/Users/ER250/OneDrive/Documents/ECE520_SOC/ECE520_SandBox/int_gen_soc_re/int_gen_soc_vitis/int_gen_plat/hw/int_gen_bd_re_wrapper.xsa
TRACE::2026-03-16.18:55:07::SCWPlatform:: Unique name xilinx:zybo-z7-10::0.0
TRACE::2026-03-16.18:55:07::SCWPlatform::Trying to set the existing hwdb with name int_gen_bd_re_wrapper_1
TRACE::2026-03-16.18:55:07::SCWPlatform::Opened existing hwdb int_gen_bd_re_wrapper_1
TRACE::2026-03-16.18:55:07::SCWPlatform::Found the Hw Db part of the input DSA
TRACE::2026-03-16.18:55:07::SCWMssOS::Checking the sw design at  C:/Users/ER250/OneDrive/Documents/ECE520_SOC/ECE520_SandBox/int_gen_soc_re/int_gen_soc_vitis/int_gen_plat/zynq_fsbl/zynq_fsbl_bsp/system.mss
TRACE::2026-03-16.18:55:07::SCWMssOS::DEBUG:  swdes dump  C:/Users/ER250/OneDrive/Documents/ECE520_SOC/ECE520_SandBox/int_gen_soc_re/int_gen_soc_vitis/int_gen_plat/ps7_cortexa9_0/standalone_domain/bsp/system.mss|system_0||

TRACE::2026-03-16.18:55:07::SCWMssOS::No sw design opened at  C:/Users/ER250/OneDrive/Documents/ECE520_SOC/ECE520_SandBox/int_gen_soc_re/int_gen_soc_vitis/int_gen_plat/zynq_fsbl/zynq_fsbl_bsp/system.mss
TRACE::2026-03-16.18:55:07::SCWMssOS::mss exists loading the mss file  C:/Users/ER250/OneDrive/Documents/ECE520_SOC/ECE520_SandBox/int_gen_soc_re/int_gen_soc_vitis/int_gen_plat/zynq_fsbl/zynq_fsbl_bsp/system.mss
TRACE::2026-03-16.18:55:07::SCWMssOS::Opened the sw design from mss  C:/Users/ER250/OneDrive/Documents/ECE520_SOC/ECE520_SandBox/int_gen_soc_re/int_gen_soc_vitis/int_gen_plat/zynq_fsbl/zynq_fsbl_bsp/system.mss
TRACE::2026-03-16.18:55:07::SCWMssOS::Adding the swdes entry C:/Users/ER250/OneDrive/Documents/ECE520_SOC/ECE520_SandBox/int_gen_soc_re/int_gen_soc_vitis/int_gen_plat/zynq_fsbl/zynq_fsbl_bsp/system.mss with des name system
TRACE::2026-03-16.18:55:07::SCWMssOS::updating the scw layer about changes
TRACE::2026-03-16.18:55:07::SCWMssOS::Opened the sw design.  C:/Users/ER250/OneDrive/Documents/ECE520_SOC/ECE520_SandBox/int_gen_soc_re/int_gen_soc_vitis/int_gen_plat/zynq_fsbl/zynq_fsbl_bsp/system.mss
TRACE::2026-03-16.18:55:07::SCWPlatform::Trying to open the hw design at C:/Users/ER250/OneDrive/Documents/ECE520_SOC/ECE520_SandBox/int_gen_soc_re/int_gen_soc_vitis/int_gen_plat/hw/int_gen_bd_re_wrapper.xsa
TRACE::2026-03-16.18:55:07::SCWPlatform::DSA given C:/Users/ER250/OneDrive/Documents/ECE520_SOC/ECE520_SandBox/int_gen_soc_re/int_gen_soc_vitis/int_gen_plat/hw/int_gen_bd_re_wrapper.xsa
TRACE::2026-03-16.18:55:07::SCWPlatform::DSA absoulate path C:/Users/ER250/OneDrive/Documents/ECE520_SOC/ECE520_SandBox/int_gen_soc_re/int_gen_soc_vitis/int_gen_plat/hw/int_gen_bd_re_wrapper.xsa
TRACE::2026-03-16.18:55:07::SCWPlatform::DSA directory C:/Users/ER250/OneDrive/Documents/ECE520_SOC/ECE520_SandBox/int_gen_soc_re/int_gen_soc_vitis/int_gen_plat/hw
TRACE::2026-03-16.18:55:07::SCWPlatform:: Platform Path C:/Users/ER250/OneDrive/Documents/ECE520_SOC/ECE520_SandBox/int_gen_soc_re/int_gen_soc_vitis/int_gen_plat/hw/int_gen_bd_re_wrapper.xsa
TRACE::2026-03-16.18:55:07::SCWPlatform:: Unique name xilinx:zybo-z7-10::0.0
TRACE::2026-03-16.18:55:07::SCWPlatform::Trying to set the existing hwdb with name int_gen_bd_re_wrapper_1
TRACE::2026-03-16.18:55:07::SCWPlatform::Opened existing hwdb int_gen_bd_re_wrapper_1
TRACE::2026-03-16.18:55:07::SCWPlatform::Found the Hw Db part of the input DSA
TRACE::2026-03-16.18:55:07::SCWMssOS::Checking the sw design at  C:/Users/ER250/OneDrive/Documents/ECE520_SOC/ECE520_SandBox/int_gen_soc_re/int_gen_soc_vitis/int_gen_plat/zynq_fsbl/zynq_fsbl_bsp/system.mss
TRACE::2026-03-16.18:55:07::SCWMssOS::DEBUG:  swdes dump  C:/Users/ER250/OneDrive/Documents/ECE520_SOC/ECE520_SandBox/int_gen_soc_re/int_gen_soc_vitis/int_gen_plat/ps7_cortexa9_0/standalone_domain/bsp/system.mss|system_0||
C:/Users/ER250/OneDrive/Documents/ECE520_SOC/ECE520_SandBox/int_gen_soc_re/int_gen_soc_vitis/int_gen_plat/zynq_fsbl/zynq_fsbl_bsp/system.mss|system||

TRACE::2026-03-16.18:55:07::SCWMssOS::Sw design exists and opened at  C:/Users/ER250/OneDrive/Documents/ECE520_SOC/ECE520_SandBox/int_gen_soc_re/int_gen_soc_vitis/int_gen_plat/zynq_fsbl/zynq_fsbl_bsp/system.mss
TRACE::2026-03-16.18:55:07::SCWMssOS:: library already available in sw design:  xilffs:5.0
TRACE::2026-03-16.18:55:07::SCWPlatform::Trying to open the hw design at C:/Users/ER250/OneDrive/Documents/ECE520_SOC/ECE520_SandBox/int_gen_soc_re/int_gen_soc_vitis/int_gen_plat/hw/int_gen_bd_re_wrapper.xsa
TRACE::2026-03-16.18:55:07::SCWPlatform::DSA given C:/Users/ER250/OneDrive/Documents/ECE520_SOC/ECE520_SandBox/int_gen_soc_re/int_gen_soc_vitis/int_gen_plat/hw/int_gen_bd_re_wrapper.xsa
TRACE::2026-03-16.18:55:07::SCWPlatform::DSA absoulate path C:/Users/ER250/OneDrive/Documents/ECE520_SOC/ECE520_SandBox/int_gen_soc_re/int_gen_soc_vitis/int_gen_plat/hw/int_gen_bd_re_wrapper.xsa
TRACE::2026-03-16.18:55:07::SCWPlatform::DSA directory C:/Users/ER250/OneDrive/Documents/ECE520_SOC/ECE520_SandBox/int_gen_soc_re/int_gen_soc_vitis/int_gen_plat/hw
TRACE::2026-03-16.18:55:07::SCWPlatform:: Platform Path C:/Users/ER250/OneDrive/Documents/ECE520_SOC/ECE520_SandBox/int_gen_soc_re/int_gen_soc_vitis/int_gen_plat/hw/int_gen_bd_re_wrapper.xsa
TRACE::2026-03-16.18:55:07::SCWPlatform:: Unique name xilinx:zybo-z7-10::0.0
TRACE::2026-03-16.18:55:07::SCWPlatform::Trying to set the existing hwdb with name int_gen_bd_re_wrapper_1
TRACE::2026-03-16.18:55:07::SCWPlatform::Opened existing hwdb int_gen_bd_re_wrapper_1
TRACE::2026-03-16.18:55:07::SCWPlatform::Found the Hw Db part of the input DSA
TRACE::2026-03-16.18:55:07::SCWMssOS::Checking the sw design at  C:/Users/ER250/OneDrive/Documents/ECE520_SOC/ECE520_SandBox/int_gen_soc_re/int_gen_soc_vitis/int_gen_plat/zynq_fsbl/zynq_fsbl_bsp/system.mss
TRACE::2026-03-16.18:55:07::SCWMssOS::DEBUG:  swdes dump  C:/Users/ER250/OneDrive/Documents/ECE520_SOC/ECE520_SandBox/int_gen_soc_re/int_gen_soc_vitis/int_gen_plat/ps7_cortexa9_0/standalone_domain/bsp/system.mss|system_0||
C:/Users/ER250/OneDrive/Documents/ECE520_SOC/ECE520_SandBox/int_gen_soc_re/int_gen_soc_vitis/int_gen_plat/zynq_fsbl/zynq_fsbl_bsp/system.mss|system||

TRACE::2026-03-16.18:55:07::SCWMssOS::Sw design exists and opened at  C:/Users/ER250/OneDrive/Documents/ECE520_SOC/ECE520_SandBox/int_gen_soc_re/int_gen_soc_vitis/int_gen_plat/zynq_fsbl/zynq_fsbl_bsp/system.mss
TRACE::2026-03-16.18:55:07::SCWMssOS:: library already available in sw design:  xilrsa:1.6
TRACE::2026-03-16.18:55:07::SCWPlatform::Trying to open the hw design at C:/Users/ER250/OneDrive/Documents/ECE520_SOC/ECE520_SandBox/int_gen_soc_re/int_gen_soc_vitis/int_gen_plat/hw/int_gen_bd_re_wrapper.xsa
TRACE::2026-03-16.18:55:07::SCWPlatform::DSA given C:/Users/ER250/OneDrive/Documents/ECE520_SOC/ECE520_SandBox/int_gen_soc_re/int_gen_soc_vitis/int_gen_plat/hw/int_gen_bd_re_wrapper.xsa
TRACE::2026-03-16.18:55:07::SCWPlatform::DSA absoulate path C:/Users/ER250/OneDrive/Documents/ECE520_SOC/ECE520_SandBox/int_gen_soc_re/int_gen_soc_vitis/int_gen_plat/hw/int_gen_bd_re_wrapper.xsa
TRACE::2026-03-16.18:55:07::SCWPlatform::DSA directory C:/Users/ER250/OneDrive/Documents/ECE520_SOC/ECE520_SandBox/int_gen_soc_re/int_gen_soc_vitis/int_gen_plat/hw
TRACE::2026-03-16.18:55:07::SCWPlatform:: Platform Path C:/Users/ER250/OneDrive/Documents/ECE520_SOC/ECE520_SandBox/int_gen_soc_re/int_gen_soc_vitis/int_gen_plat/hw/int_gen_bd_re_wrapper.xsa
TRACE::2026-03-16.18:55:07::SCWPlatform:: Unique name xilinx:zybo-z7-10::0.0
TRACE::2026-03-16.18:55:07::SCWPlatform::Trying to set the existing hwdb with name int_gen_bd_re_wrapper_1
TRACE::2026-03-16.18:55:07::SCWPlatform::Opened existing hwdb int_gen_bd_re_wrapper_1
TRACE::2026-03-16.18:55:07::SCWPlatform::Found the Hw Db part of the input DSA
TRACE::2026-03-16.18:55:07::SCWMssOS::Checking the sw design at  C:/Users/ER250/OneDrive/Documents/ECE520_SOC/ECE520_SandBox/int_gen_soc_re/int_gen_soc_vitis/int_gen_plat/zynq_fsbl/zynq_fsbl_bsp/system.mss
TRACE::2026-03-16.18:55:07::SCWMssOS::DEBUG:  swdes dump  C:/Users/ER250/OneDrive/Documents/ECE520_SOC/ECE520_SandBox/int_gen_soc_re/int_gen_soc_vitis/int_gen_plat/ps7_cortexa9_0/standalone_domain/bsp/system.mss|system_0||
C:/Users/ER250/OneDrive/Documents/ECE520_SOC/ECE520_SandBox/int_gen_soc_re/int_gen_soc_vitis/int_gen_plat/zynq_fsbl/zynq_fsbl_bsp/system.mss|system||

TRACE::2026-03-16.18:55:07::SCWMssOS::Sw design exists and opened at  C:/Users/ER250/OneDrive/Documents/ECE520_SOC/ECE520_SandBox/int_gen_soc_re/int_gen_soc_vitis/int_gen_plat/zynq_fsbl/zynq_fsbl_bsp/system.mss
TRACE::2026-03-16.18:55:07::SCWMssOS::Saving the mss changes C:/Users/ER250/OneDrive/Documents/ECE520_SOC/ECE520_SandBox/int_gen_soc_re/int_gen_soc_vitis/int_gen_plat/zynq_fsbl/zynq_fsbl_bsp/system.mss
TRACE::2026-03-16.18:55:07::SCWMssOS::Found a swdesign opened with the mssfile.
TRACE::2026-03-16.18:55:07::SCWMssOS::Completed writemss as part of save.
TRACE::2026-03-16.18:55:07::SCWMssOS::Commit changes completed.
TRACE::2026-03-16.18:55:07::SCWPlatform::Trying to open the hw design at C:/Users/ER250/OneDrive/Documents/ECE520_SOC/ECE520_SandBox/int_gen_soc_re/int_gen_soc_vitis/int_gen_plat/hw/int_gen_bd_re_wrapper.xsa
TRACE::2026-03-16.18:55:07::SCWPlatform::DSA given C:/Users/ER250/OneDrive/Documents/ECE520_SOC/ECE520_SandBox/int_gen_soc_re/int_gen_soc_vitis/int_gen_plat/hw/int_gen_bd_re_wrapper.xsa
TRACE::2026-03-16.18:55:07::SCWPlatform::DSA absoulate path C:/Users/ER250/OneDrive/Documents/ECE520_SOC/ECE520_SandBox/int_gen_soc_re/int_gen_soc_vitis/int_gen_plat/hw/int_gen_bd_re_wrapper.xsa
TRACE::2026-03-16.18:55:07::SCWPlatform::DSA directory C:/Users/ER250/OneDrive/Documents/ECE520_SOC/ECE520_SandBox/int_gen_soc_re/int_gen_soc_vitis/int_gen_plat/hw
TRACE::2026-03-16.18:55:07::SCWPlatform:: Platform Path C:/Users/ER250/OneDrive/Documents/ECE520_SOC/ECE520_SandBox/int_gen_soc_re/int_gen_soc_vitis/int_gen_plat/hw/int_gen_bd_re_wrapper.xsa
TRACE::2026-03-16.18:55:07::SCWPlatform:: Unique name xilinx:zybo-z7-10::0.0
TRACE::2026-03-16.18:55:07::SCWPlatform::Trying to set the existing hwdb with name int_gen_bd_re_wrapper_1
TRACE::2026-03-16.18:55:07::SCWPlatform::Opened existing hwdb int_gen_bd_re_wrapper_1
TRACE::2026-03-16.18:55:07::SCWPlatform::Found the Hw Db part of the input DSA
TRACE::2026-03-16.18:55:07::SCWMssOS::Checking the sw design at  C:/Users/ER250/OneDrive/Documents/ECE520_SOC/ECE520_SandBox/int_gen_soc_re/int_gen_soc_vitis/int_gen_plat/zynq_fsbl/zynq_fsbl_bsp/system.mss
TRACE::2026-03-16.18:55:07::SCWMssOS::DEBUG:  swdes dump  C:/Users/ER250/OneDrive/Documents/ECE520_SOC/ECE520_SandBox/int_gen_soc_re/int_gen_soc_vitis/int_gen_plat/ps7_cortexa9_0/standalone_domain/bsp/system.mss|system_0||
C:/Users/ER250/OneDrive/Documents/ECE520_SOC/ECE520_SandBox/int_gen_soc_re/int_gen_soc_vitis/int_gen_plat/zynq_fsbl/zynq_fsbl_bsp/system.mss|system||

TRACE::2026-03-16.18:55:07::SCWMssOS::Sw design exists and opened at  C:/Users/ER250/OneDrive/Documents/ECE520_SOC/ECE520_SandBox/int_gen_soc_re/int_gen_soc_vitis/int_gen_plat/zynq_fsbl/zynq_fsbl_bsp/system.mss
TRACE::2026-03-16.18:55:07::SCWMssOS::Removing the swdes entry for  C:/Users/ER250/OneDrive/Documents/ECE520_SOC/ECE520_SandBox/int_gen_soc_re/int_gen_soc_vitis/int_gen_plat/zynq_fsbl/zynq_fsbl_bsp/system.mss
TRACE::2026-03-16.18:55:07::SCWPlatform::Trying to open the hw design at C:/Users/ER250/OneDrive/Documents/ECE520_SOC/ECE520_SandBox/int_gen_soc_re/int_gen_soc_vitis/int_gen_plat/hw/int_gen_bd_re_wrapper.xsa
TRACE::2026-03-16.18:55:07::SCWPlatform::DSA given C:/Users/ER250/OneDrive/Documents/ECE520_SOC/ECE520_SandBox/int_gen_soc_re/int_gen_soc_vitis/int_gen_plat/hw/int_gen_bd_re_wrapper.xsa
TRACE::2026-03-16.18:55:07::SCWPlatform::DSA absoulate path C:/Users/ER250/OneDrive/Documents/ECE520_SOC/ECE520_SandBox/int_gen_soc_re/int_gen_soc_vitis/int_gen_plat/hw/int_gen_bd_re_wrapper.xsa
TRACE::2026-03-16.18:55:07::SCWPlatform::DSA directory C:/Users/ER250/OneDrive/Documents/ECE520_SOC/ECE520_SandBox/int_gen_soc_re/int_gen_soc_vitis/int_gen_plat/hw
TRACE::2026-03-16.18:55:07::SCWPlatform:: Platform Path C:/Users/ER250/OneDrive/Documents/ECE520_SOC/ECE520_SandBox/int_gen_soc_re/int_gen_soc_vitis/int_gen_plat/hw/int_gen_bd_re_wrapper.xsa
TRACE::2026-03-16.18:55:07::SCWPlatform:: Unique name xilinx:zybo-z7-10::0.0
TRACE::2026-03-16.18:55:07::SCWPlatform::Trying to set the existing hwdb with name int_gen_bd_re_wrapper_1
TRACE::2026-03-16.18:55:07::SCWPlatform::Opened existing hwdb int_gen_bd_re_wrapper_1
TRACE::2026-03-16.18:55:07::SCWPlatform::Found the Hw Db part of the input DSA
TRACE::2026-03-16.18:55:07::SCWMssOS::Checking the sw design at  C:/Users/ER250/OneDrive/Documents/ECE520_SOC/ECE520_SandBox/int_gen_soc_re/int_gen_soc_vitis/int_gen_plat/zynq_fsbl/zynq_fsbl_bsp/system.mss
TRACE::2026-03-16.18:55:07::SCWMssOS::DEBUG:  swdes dump  C:/Users/ER250/OneDrive/Documents/ECE520_SOC/ECE520_SandBox/int_gen_soc_re/int_gen_soc_vitis/int_gen_plat/ps7_cortexa9_0/standalone_domain/bsp/system.mss|system_0||

TRACE::2026-03-16.18:55:07::SCWMssOS::No sw design opened at  C:/Users/ER250/OneDrive/Documents/ECE520_SOC/ECE520_SandBox/int_gen_soc_re/int_gen_soc_vitis/int_gen_plat/zynq_fsbl/zynq_fsbl_bsp/system.mss
TRACE::2026-03-16.18:55:07::SCWMssOS::mss exists loading the mss file  C:/Users/ER250/OneDrive/Documents/ECE520_SOC/ECE520_SandBox/int_gen_soc_re/int_gen_soc_vitis/int_gen_plat/zynq_fsbl/zynq_fsbl_bsp/system.mss
TRACE::2026-03-16.18:55:07::SCWMssOS::Opened the sw design from mss  C:/Users/ER250/OneDrive/Documents/ECE520_SOC/ECE520_SandBox/int_gen_soc_re/int_gen_soc_vitis/int_gen_plat/zynq_fsbl/zynq_fsbl_bsp/system.mss
TRACE::2026-03-16.18:55:07::SCWMssOS::Adding the swdes entry C:/Users/ER250/OneDrive/Documents/ECE520_SOC/ECE520_SandBox/int_gen_soc_re/int_gen_soc_vitis/int_gen_plat/zynq_fsbl/zynq_fsbl_bsp/system.mss with des name system
TRACE::2026-03-16.18:55:07::SCWMssOS::updating the scw layer about changes
TRACE::2026-03-16.18:55:07::SCWMssOS::Opened the sw design.  C:/Users/ER250/OneDrive/Documents/ECE520_SOC/ECE520_SandBox/int_gen_soc_re/int_gen_soc_vitis/int_gen_plat/zynq_fsbl/zynq_fsbl_bsp/system.mss
TRACE::2026-03-16.18:55:07::SCWBDomain::Completed writing the mss file at C:/Users/ER250/OneDrive/Documents/ECE520_SOC/ECE520_SandBox/int_gen_soc_re/int_gen_soc_vitis/int_gen_plat/zynq_fsbl/zynq_fsbl_bsp
TRACE::2026-03-16.18:55:08::SCWBDomain::Forcing BSP Sources regeneration.
TRACE::2026-03-16.18:55:11::SCWBDomain::Updating the makefile used for building the Application zynq_fsbl
TRACE::2026-03-16.18:55:11::SCWPlatform::Trying to open the hw design at C:/Users/ER250/OneDrive/Documents/ECE520_SOC/ECE520_SandBox/int_gen_soc_re/int_gen_soc_vitis/int_gen_plat/hw/int_gen_bd_re_wrapper.xsa
TRACE::2026-03-16.18:55:11::SCWPlatform::DSA given C:/Users/ER250/OneDrive/Documents/ECE520_SOC/ECE520_SandBox/int_gen_soc_re/int_gen_soc_vitis/int_gen_plat/hw/int_gen_bd_re_wrapper.xsa
TRACE::2026-03-16.18:55:11::SCWPlatform::DSA absoulate path C:/Users/ER250/OneDrive/Documents/ECE520_SOC/ECE520_SandBox/int_gen_soc_re/int_gen_soc_vitis/int_gen_plat/hw/int_gen_bd_re_wrapper.xsa
TRACE::2026-03-16.18:55:11::SCWPlatform::DSA directory C:/Users/ER250/OneDrive/Documents/ECE520_SOC/ECE520_SandBox/int_gen_soc_re/int_gen_soc_vitis/int_gen_plat/hw
TRACE::2026-03-16.18:55:11::SCWPlatform:: Platform Path C:/Users/ER250/OneDrive/Documents/ECE520_SOC/ECE520_SandBox/int_gen_soc_re/int_gen_soc_vitis/int_gen_plat/hw/int_gen_bd_re_wrapper.xsa
TRACE::2026-03-16.18:55:11::SCWPlatform:: Unique name xilinx:zybo-z7-10::0.0
TRACE::2026-03-16.18:55:11::SCWPlatform::Trying to set the existing hwdb with name int_gen_bd_re_wrapper_1
TRACE::2026-03-16.18:55:11::SCWPlatform::Opened existing hwdb int_gen_bd_re_wrapper_1
TRACE::2026-03-16.18:55:11::SCWPlatform::Found the Hw Db part of the input DSA
TRACE::2026-03-16.18:55:11::SCWMssOS::Checking the sw design at  C:/Users/ER250/OneDrive/Documents/ECE520_SOC/ECE520_SandBox/int_gen_soc_re/int_gen_soc_vitis/int_gen_plat/zynq_fsbl/zynq_fsbl_bsp/system.mss
TRACE::2026-03-16.18:55:11::SCWMssOS::DEBUG:  swdes dump  C:/Users/ER250/OneDrive/Documents/ECE520_SOC/ECE520_SandBox/int_gen_soc_re/int_gen_soc_vitis/int_gen_plat/ps7_cortexa9_0/standalone_domain/bsp/system.mss|system_0||

TRACE::2026-03-16.18:55:11::SCWMssOS::No sw design opened at  C:/Users/ER250/OneDrive/Documents/ECE520_SOC/ECE520_SandBox/int_gen_soc_re/int_gen_soc_vitis/int_gen_plat/zynq_fsbl/zynq_fsbl_bsp/system.mss
TRACE::2026-03-16.18:55:11::SCWMssOS::mss exists loading the mss file  C:/Users/ER250/OneDrive/Documents/ECE520_SOC/ECE520_SandBox/int_gen_soc_re/int_gen_soc_vitis/int_gen_plat/zynq_fsbl/zynq_fsbl_bsp/system.mss
TRACE::2026-03-16.18:55:11::SCWMssOS::Opened the sw design from mss  C:/Users/ER250/OneDrive/Documents/ECE520_SOC/ECE520_SandBox/int_gen_soc_re/int_gen_soc_vitis/int_gen_plat/zynq_fsbl/zynq_fsbl_bsp/system.mss
TRACE::2026-03-16.18:55:11::SCWMssOS::Adding the swdes entry C:/Users/ER250/OneDrive/Documents/ECE520_SOC/ECE520_SandBox/int_gen_soc_re/int_gen_soc_vitis/int_gen_plat/zynq_fsbl/zynq_fsbl_bsp/system.mss with des name system
TRACE::2026-03-16.18:55:11::SCWMssOS::updating the scw layer about changes
TRACE::2026-03-16.18:55:12::SCWMssOS::Opened the sw design.  C:/Users/ER250/OneDrive/Documents/ECE520_SOC/ECE520_SandBox/int_gen_soc_re/int_gen_soc_vitis/int_gen_plat/zynq_fsbl/zynq_fsbl_bsp/system.mss
TRACE::2026-03-16.18:55:30::SCWBDomain::removing the temporary location in _platform.
TRACE::2026-03-16.18:55:30::SCWBDomain::Makefile is Updated.
TRACE::2026-03-16.18:55:30::SCWBDomain::doing clean.
TRACE::2026-03-16.18:55:30::SCWBDomain::System Command Ran  C:&  cd  C:/Users/ER250/OneDrive/Documents/ECE520_SOC/ECE520_SandBox/int_gen_soc_re/int_gen_soc_vitis/int_gen_plat/zynq_fsbl & make clean
TRACE::2026-03-16.18:55:31::SCWBDomain::rm -rf  sd.o  nand.o  nor.o  image_mover.o  md5.o  fsbl_hooks.o  main.o  rsa.o  qspi.o  ps7_init.o  pcap.o  fsbl_handoff.o zynq
TRACE::2026-03-16.18:55:31::SCWBDomain::_fsbl_bsp/ps7_cortexa9_0/lib/libxil.a fsbl.elf *.o

TRACE::2026-03-16.18:55:41::SCWPlatform::Trying to open the hw design at C:/Users/ER250/OneDrive/Documents/ECE520_SOC/ECE520_SandBox/int_gen_soc_re/int_gen_soc_vitis/int_gen_plat/hw/int_gen_bd_re_wrapper.xsa
TRACE::2026-03-16.18:55:41::SCWPlatform::DSA given C:/Users/ER250/OneDrive/Documents/ECE520_SOC/ECE520_SandBox/int_gen_soc_re/int_gen_soc_vitis/int_gen_plat/hw/int_gen_bd_re_wrapper.xsa
TRACE::2026-03-16.18:55:41::SCWPlatform::DSA absoulate path C:/Users/ER250/OneDrive/Documents/ECE520_SOC/ECE520_SandBox/int_gen_soc_re/int_gen_soc_vitis/int_gen_plat/hw/int_gen_bd_re_wrapper.xsa
TRACE::2026-03-16.18:55:41::SCWPlatform::DSA directory C:/Users/ER250/OneDrive/Documents/ECE520_SOC/ECE520_SandBox/int_gen_soc_re/int_gen_soc_vitis/int_gen_plat/hw
TRACE::2026-03-16.18:55:41::SCWPlatform:: Platform Path C:/Users/ER250/OneDrive/Documents/ECE520_SOC/ECE520_SandBox/int_gen_soc_re/int_gen_soc_vitis/int_gen_plat/hw/int_gen_bd_re_wrapper.xsa
TRACE::2026-03-16.18:55:41::SCWPlatform:: Unique name xilinx:zybo-z7-10::0.0
TRACE::2026-03-16.18:55:41::SCWPlatform::Trying to set the existing hwdb with name int_gen_bd_re_wrapper_1
TRACE::2026-03-16.18:55:41::SCWPlatform::Opened existing hwdb int_gen_bd_re_wrapper_1
TRACE::2026-03-16.18:55:41::SCWPlatform::Found the Hw Db part of the input DSA
TRACE::2026-03-16.18:55:41::SCWMssOS::Checking the sw design at  C:/Users/ER250/OneDrive/Documents/ECE520_SOC/ECE520_SandBox/int_gen_soc_re/int_gen_soc_vitis/int_gen_plat/ps7_cortexa9_0/standalone_domain/bsp/system.mss
TRACE::2026-03-16.18:55:41::SCWMssOS::DEBUG:  swdes dump  C:/Users/ER250/OneDrive/Documents/ECE520_SOC/ECE520_SandBox/int_gen_soc_re/int_gen_soc_vitis/int_gen_plat/ps7_cortexa9_0/standalone_domain/bsp/system.mss|system_0||
C:/Users/ER250/OneDrive/Documents/ECE520_SOC/ECE520_SandBox/int_gen_soc_re/int_gen_soc_vitis/int_gen_plat/zynq_fsbl/zynq_fsbl_bsp/system.mss|system||

TRACE::2026-03-16.18:55:41::SCWMssOS::Sw design exists and opened at  C:/Users/ER250/OneDrive/Documents/ECE520_SOC/ECE520_SandBox/int_gen_soc_re/int_gen_soc_vitis/int_gen_plat/ps7_cortexa9_0/standalone_domain/bsp/system.mss
TRACE::2026-03-16.18:55:42::SCWMssOS::In reload Mss file.
TRACE::2026-03-16.18:55:42::SCWPlatform::Trying to open the hw design at C:/Users/ER250/OneDrive/Documents/ECE520_SOC/ECE520_SandBox/int_gen_soc_re/int_gen_soc_vitis/int_gen_plat/hw/int_gen_bd_re_wrapper.xsa
TRACE::2026-03-16.18:55:42::SCWPlatform::DSA given C:/Users/ER250/OneDrive/Documents/ECE520_SOC/ECE520_SandBox/int_gen_soc_re/int_gen_soc_vitis/int_gen_plat/hw/int_gen_bd_re_wrapper.xsa
TRACE::2026-03-16.18:55:42::SCWPlatform::DSA absoulate path C:/Users/ER250/OneDrive/Documents/ECE520_SOC/ECE520_SandBox/int_gen_soc_re/int_gen_soc_vitis/int_gen_plat/hw/int_gen_bd_re_wrapper.xsa
TRACE::2026-03-16.18:55:42::SCWPlatform::DSA directory C:/Users/ER250/OneDrive/Documents/ECE520_SOC/ECE520_SandBox/int_gen_soc_re/int_gen_soc_vitis/int_gen_plat/hw
TRACE::2026-03-16.18:55:42::SCWPlatform:: Platform Path C:/Users/ER250/OneDrive/Documents/ECE520_SOC/ECE520_SandBox/int_gen_soc_re/int_gen_soc_vitis/int_gen_plat/hw/int_gen_bd_re_wrapper.xsa
TRACE::2026-03-16.18:55:42::SCWPlatform:: Unique name xilinx:zybo-z7-10::0.0
TRACE::2026-03-16.18:55:42::SCWPlatform::Trying to set the existing hwdb with name int_gen_bd_re_wrapper_1
TRACE::2026-03-16.18:55:42::SCWPlatform::Opened existing hwdb int_gen_bd_re_wrapper_1
TRACE::2026-03-16.18:55:42::SCWPlatform::Found the Hw Db part of the input DSA
TRACE::2026-03-16.18:55:42::SCWMssOS::Checking the sw design at  C:/Users/ER250/OneDrive/Documents/ECE520_SOC/ECE520_SandBox/int_gen_soc_re/int_gen_soc_vitis/int_gen_plat/ps7_cortexa9_0/standalone_domain/bsp/system.mss
TRACE::2026-03-16.18:55:42::SCWMssOS::DEBUG:  swdes dump  C:/Users/ER250/OneDrive/Documents/ECE520_SOC/ECE520_SandBox/int_gen_soc_re/int_gen_soc_vitis/int_gen_plat/zynq_fsbl/zynq_fsbl_bsp/system.mss|system||

TRACE::2026-03-16.18:55:42::SCWMssOS::No sw design opened at  C:/Users/ER250/OneDrive/Documents/ECE520_SOC/ECE520_SandBox/int_gen_soc_re/int_gen_soc_vitis/int_gen_plat/ps7_cortexa9_0/standalone_domain/bsp/system.mss
TRACE::2026-03-16.18:55:42::SCWMssOS::mss exists loading the mss file  C:/Users/ER250/OneDrive/Documents/ECE520_SOC/ECE520_SandBox/int_gen_soc_re/int_gen_soc_vitis/int_gen_plat/ps7_cortexa9_0/standalone_domain/bsp/system.mss
TRACE::2026-03-16.18:55:42::SCWMssOS::Opened the sw design from mss  C:/Users/ER250/OneDrive/Documents/ECE520_SOC/ECE520_SandBox/int_gen_soc_re/int_gen_soc_vitis/int_gen_plat/ps7_cortexa9_0/standalone_domain/bsp/system.mss
TRACE::2026-03-16.18:55:42::SCWMssOS::Adding the swdes entry C:/Users/ER250/OneDrive/Documents/ECE520_SOC/ECE520_SandBox/int_gen_soc_re/int_gen_soc_vitis/int_gen_plat/ps7_cortexa9_0/standalone_domain/bsp/system.mss with des name system
TRACE::2026-03-16.18:55:42::SCWMssOS::updating the scw layer about changes
TRACE::2026-03-16.18:55:42::SCWMssOS::Opened the sw design.  C:/Users/ER250/OneDrive/Documents/ECE520_SOC/ECE520_SandBox/int_gen_soc_re/int_gen_soc_vitis/int_gen_plat/ps7_cortexa9_0/standalone_domain/bsp/system.mss
TRACE::2026-03-16.18:55:42::SCWMssOS::Saving the mss changes C:/Users/ER250/OneDrive/Documents/ECE520_SOC/ECE520_SandBox/int_gen_soc_re/int_gen_soc_vitis/int_gen_plat/ps7_cortexa9_0/standalone_domain/bsp/system.mss
TRACE::2026-03-16.18:55:42::SCWMssOS::Found a swdesign opened with the mssfile.
TRACE::2026-03-16.18:55:42::SCWMssOS::Completed writemss as part of save.
TRACE::2026-03-16.18:55:42::SCWMssOS::Commit changes completed.
TRACE::2026-03-16.18:55:42::SCWPlatform::Trying to open the hw design at C:/Users/ER250/OneDrive/Documents/ECE520_SOC/ECE520_SandBox/int_gen_soc_re/int_gen_soc_vitis/int_gen_plat/hw/int_gen_bd_re_wrapper.xsa
TRACE::2026-03-16.18:55:42::SCWPlatform::DSA given C:/Users/ER250/OneDrive/Documents/ECE520_SOC/ECE520_SandBox/int_gen_soc_re/int_gen_soc_vitis/int_gen_plat/hw/int_gen_bd_re_wrapper.xsa
TRACE::2026-03-16.18:55:42::SCWPlatform::DSA absoulate path C:/Users/ER250/OneDrive/Documents/ECE520_SOC/ECE520_SandBox/int_gen_soc_re/int_gen_soc_vitis/int_gen_plat/hw/int_gen_bd_re_wrapper.xsa
TRACE::2026-03-16.18:55:42::SCWPlatform::DSA directory C:/Users/ER250/OneDrive/Documents/ECE520_SOC/ECE520_SandBox/int_gen_soc_re/int_gen_soc_vitis/int_gen_plat/hw
TRACE::2026-03-16.18:55:42::SCWPlatform:: Platform Path C:/Users/ER250/OneDrive/Documents/ECE520_SOC/ECE520_SandBox/int_gen_soc_re/int_gen_soc_vitis/int_gen_plat/hw/int_gen_bd_re_wrapper.xsa
TRACE::2026-03-16.18:55:42::SCWPlatform:: Unique name xilinx:zybo-z7-10::0.0
TRACE::2026-03-16.18:55:42::SCWPlatform::Trying to set the existing hwdb with name int_gen_bd_re_wrapper_1
TRACE::2026-03-16.18:55:42::SCWPlatform::Opened existing hwdb int_gen_bd_re_wrapper_1
TRACE::2026-03-16.18:55:42::SCWPlatform::Found the Hw Db part of the input DSA
TRACE::2026-03-16.18:55:42::SCWMssOS::Checking the sw design at  C:/Users/ER250/OneDrive/Documents/ECE520_SOC/ECE520_SandBox/int_gen_soc_re/int_gen_soc_vitis/int_gen_plat/ps7_cortexa9_0/standalone_domain/bsp/system.mss
TRACE::2026-03-16.18:55:42::SCWMssOS::DEBUG:  swdes dump  C:/Users/ER250/OneDrive/Documents/ECE520_SOC/ECE520_SandBox/int_gen_soc_re/int_gen_soc_vitis/int_gen_plat/ps7_cortexa9_0/standalone_domain/bsp/system.mss|system||

TRACE::2026-03-16.18:55:42::SCWMssOS::Sw design exists and opened at  C:/Users/ER250/OneDrive/Documents/ECE520_SOC/ECE520_SandBox/int_gen_soc_re/int_gen_soc_vitis/int_gen_plat/ps7_cortexa9_0/standalone_domain/bsp/system.mss
TRACE::2026-03-16.18:55:42::SCWMssOS::Removing the swdes entry for  C:/Users/ER250/OneDrive/Documents/ECE520_SOC/ECE520_SandBox/int_gen_soc_re/int_gen_soc_vitis/int_gen_plat/ps7_cortexa9_0/standalone_domain/bsp/system.mss
TRACE::2026-03-16.18:55:43::SCWPlatform::Trying to open the hw design at C:/Users/ER250/OneDrive/Documents/ECE520_SOC/ECE520_SandBox/int_gen_soc_re/int_gen_soc_vitis/int_gen_plat/hw/int_gen_bd_re_wrapper.xsa
TRACE::2026-03-16.18:55:43::SCWPlatform::DSA given C:/Users/ER250/OneDrive/Documents/ECE520_SOC/ECE520_SandBox/int_gen_soc_re/int_gen_soc_vitis/int_gen_plat/hw/int_gen_bd_re_wrapper.xsa
TRACE::2026-03-16.18:55:43::SCWPlatform::DSA absoulate path C:/Users/ER250/OneDrive/Documents/ECE520_SOC/ECE520_SandBox/int_gen_soc_re/int_gen_soc_vitis/int_gen_plat/hw/int_gen_bd_re_wrapper.xsa
TRACE::2026-03-16.18:55:43::SCWPlatform::DSA directory C:/Users/ER250/OneDrive/Documents/ECE520_SOC/ECE520_SandBox/int_gen_soc_re/int_gen_soc_vitis/int_gen_plat/hw
TRACE::2026-03-16.18:55:43::SCWPlatform:: Platform Path C:/Users/ER250/OneDrive/Documents/ECE520_SOC/ECE520_SandBox/int_gen_soc_re/int_gen_soc_vitis/int_gen_plat/hw/int_gen_bd_re_wrapper.xsa
TRACE::2026-03-16.18:55:43::SCWPlatform:: Unique name xilinx:zybo-z7-10::0.0
TRACE::2026-03-16.18:55:43::SCWPlatform::Trying to set the existing hwdb with name int_gen_bd_re_wrapper_1
TRACE::2026-03-16.18:55:43::SCWPlatform::Opened existing hwdb int_gen_bd_re_wrapper_1
TRACE::2026-03-16.18:55:43::SCWPlatform::Found the Hw Db part of the input DSA
TRACE::2026-03-16.18:55:43::SCWMssOS::Checking the sw design at  C:/Users/ER250/OneDrive/Documents/ECE520_SOC/ECE520_SandBox/int_gen_soc_re/int_gen_soc_vitis/int_gen_plat/ps7_cortexa9_0/standalone_domain/bsp/system.mss
TRACE::2026-03-16.18:55:43::SCWMssOS::DEBUG:  swdes dump  
TRACE::2026-03-16.18:55:43::SCWMssOS::No sw design opened at  C:/Users/ER250/OneDrive/Documents/ECE520_SOC/ECE520_SandBox/int_gen_soc_re/int_gen_soc_vitis/int_gen_plat/ps7_cortexa9_0/standalone_domain/bsp/system.mss
TRACE::2026-03-16.18:55:43::SCWMssOS::mss exists loading the mss file  C:/Users/ER250/OneDrive/Documents/ECE520_SOC/ECE520_SandBox/int_gen_soc_re/int_gen_soc_vitis/int_gen_plat/ps7_cortexa9_0/standalone_domain/bsp/system.mss
TRACE::2026-03-16.18:55:43::SCWMssOS::Opened the sw design from mss  C:/Users/ER250/OneDrive/Documents/ECE520_SOC/ECE520_SandBox/int_gen_soc_re/int_gen_soc_vitis/int_gen_plat/ps7_cortexa9_0/standalone_domain/bsp/system.mss
TRACE::2026-03-16.18:55:43::SCWMssOS::Adding the swdes entry C:/Users/ER250/OneDrive/Documents/ECE520_SOC/ECE520_SandBox/int_gen_soc_re/int_gen_soc_vitis/int_gen_plat/ps7_cortexa9_0/standalone_domain/bsp/system.mss with des name system
TRACE::2026-03-16.18:55:43::SCWMssOS::updating the scw layer about changes
TRACE::2026-03-16.18:55:43::SCWMssOS::Opened the sw design.  C:/Users/ER250/OneDrive/Documents/ECE520_SOC/ECE520_SandBox/int_gen_soc_re/int_gen_soc_vitis/int_gen_plat/ps7_cortexa9_0/standalone_domain/bsp/system.mss
TRACE::2026-03-16.18:56:20::SCWPlatform::Trying to open the hw design at C:/Users/ER250/OneDrive/Documents/ECE520_SOC/ECE520_SandBox/int_gen_soc_re/int_gen_soc_vitis/int_gen_plat/hw/int_gen_bd_re_wrapper.xsa
TRACE::2026-03-16.18:56:20::SCWPlatform::DSA given C:/Users/ER250/OneDrive/Documents/ECE520_SOC/ECE520_SandBox/int_gen_soc_re/int_gen_soc_vitis/int_gen_plat/hw/int_gen_bd_re_wrapper.xsa
TRACE::2026-03-16.18:56:20::SCWPlatform::DSA absoulate path C:/Users/ER250/OneDrive/Documents/ECE520_SOC/ECE520_SandBox/int_gen_soc_re/int_gen_soc_vitis/int_gen_plat/hw/int_gen_bd_re_wrapper.xsa
TRACE::2026-03-16.18:56:20::SCWPlatform::DSA directory C:/Users/ER250/OneDrive/Documents/ECE520_SOC/ECE520_SandBox/int_gen_soc_re/int_gen_soc_vitis/int_gen_plat/hw
TRACE::2026-03-16.18:56:20::SCWPlatform:: Platform Path C:/Users/ER250/OneDrive/Documents/ECE520_SOC/ECE520_SandBox/int_gen_soc_re/int_gen_soc_vitis/int_gen_plat/hw/int_gen_bd_re_wrapper.xsa
TRACE::2026-03-16.18:56:20::SCWPlatform:: Unique name xilinx:zybo-z7-10::0.0
TRACE::2026-03-16.18:56:20::SCWPlatform::Trying to set the existing hwdb with name int_gen_bd_re_wrapper_1
TRACE::2026-03-16.18:56:20::SCWPlatform::Opened existing hwdb int_gen_bd_re_wrapper_1
TRACE::2026-03-16.18:56:20::SCWPlatform::Found the Hw Db part of the input DSA
TRACE::2026-03-16.18:56:20::SCWMssOS::Checking the sw design at  C:/Users/ER250/OneDrive/Documents/ECE520_SOC/ECE520_SandBox/int_gen_soc_re/int_gen_soc_vitis/int_gen_plat/ps7_cortexa9_0/standalone_domain/bsp/system.mss
TRACE::2026-03-16.18:56:20::SCWMssOS::DEBUG:  swdes dump  C:/Users/ER250/OneDrive/Documents/ECE520_SOC/ECE520_SandBox/int_gen_soc_re/int_gen_soc_vitis/int_gen_plat/ps7_cortexa9_0/standalone_domain/bsp/system.mss|system||

TRACE::2026-03-16.18:56:20::SCWMssOS::Sw design exists and opened at  C:/Users/ER250/OneDrive/Documents/ECE520_SOC/ECE520_SandBox/int_gen_soc_re/int_gen_soc_vitis/int_gen_plat/ps7_cortexa9_0/standalone_domain/bsp/system.mss
TRACE::2026-03-16.18:56:20::SCWMssOS::Saving the mss changes C:/Users/ER250/OneDrive/Documents/ECE520_SOC/ECE520_SandBox/int_gen_soc_re/int_gen_soc_vitis/int_gen_plat/zynq_fsbl/zynq_fsbl_bsp/system.mss
TRACE::2026-03-16.18:56:20::SCWMssOS::Adding the swdes entry, mss present, able to open swdb C:/Users/ER250/OneDrive/Documents/ECE520_SOC/ECE520_SandBox/int_gen_soc_re/int_gen_soc_vitis/int_gen_plat/zynq_fsbl/zynq_fsbl_bsp/system.mss with des name system_0
TRACE::2026-03-16.18:56:20::SCWMssOS::Writing the mss file completed C:/Users/ER250/OneDrive/Documents/ECE520_SOC/ECE520_SandBox/int_gen_soc_re/int_gen_soc_vitis/int_gen_plat/zynq_fsbl/zynq_fsbl_bsp/system.mss
TRACE::2026-03-16.18:56:20::SCWMssOS::Commit changes completed.
TRACE::2026-03-16.18:56:20::SCWMssOS::Saving the mss changes C:/Users/ER250/OneDrive/Documents/ECE520_SOC/ECE520_SandBox/int_gen_soc_re/int_gen_soc_vitis/int_gen_plat/ps7_cortexa9_0/standalone_domain/bsp/system.mss
TRACE::2026-03-16.18:56:20::SCWMssOS::Found a swdesign opened with the mssfile.
TRACE::2026-03-16.18:56:20::SCWMssOS::Completed writemss as part of save.
TRACE::2026-03-16.18:56:20::SCWMssOS::Commit changes completed.
TRACE::2026-03-16.18:56:20::SCWPlatform::Trying to open the hw design at C:/Users/ER250/OneDrive/Documents/ECE520_SOC/ECE520_SandBox/int_gen_soc_re/int_gen_soc_vitis/int_gen_plat/hw/int_gen_bd_re_wrapper.xsa
TRACE::2026-03-16.18:56:20::SCWPlatform::DSA given C:/Users/ER250/OneDrive/Documents/ECE520_SOC/ECE520_SandBox/int_gen_soc_re/int_gen_soc_vitis/int_gen_plat/hw/int_gen_bd_re_wrapper.xsa
TRACE::2026-03-16.18:56:20::SCWPlatform::DSA absoulate path C:/Users/ER250/OneDrive/Documents/ECE520_SOC/ECE520_SandBox/int_gen_soc_re/int_gen_soc_vitis/int_gen_plat/hw/int_gen_bd_re_wrapper.xsa
TRACE::2026-03-16.18:56:20::SCWPlatform::DSA directory C:/Users/ER250/OneDrive/Documents/ECE520_SOC/ECE520_SandBox/int_gen_soc_re/int_gen_soc_vitis/int_gen_plat/hw
TRACE::2026-03-16.18:56:20::SCWPlatform:: Platform Path C:/Users/ER250/OneDrive/Documents/ECE520_SOC/ECE520_SandBox/int_gen_soc_re/int_gen_soc_vitis/int_gen_plat/hw/int_gen_bd_re_wrapper.xsa
TRACE::2026-03-16.18:56:20::SCWPlatform:: Unique name xilinx:zybo-z7-10::0.0
TRACE::2026-03-16.18:56:20::SCWPlatform::Trying to set the existing hwdb with name int_gen_bd_re_wrapper_1
TRACE::2026-03-16.18:56:20::SCWPlatform::Opened existing hwdb int_gen_bd_re_wrapper_1
TRACE::2026-03-16.18:56:20::SCWPlatform::Found the Hw Db part of the input DSA
TRACE::2026-03-16.18:56:20::SCWMssOS::Checking the sw design at  C:/Users/ER250/OneDrive/Documents/ECE520_SOC/ECE520_SandBox/int_gen_soc_re/int_gen_soc_vitis/int_gen_plat/zynq_fsbl/zynq_fsbl_bsp/system.mss
TRACE::2026-03-16.18:56:20::SCWMssOS::DEBUG:  swdes dump  C:/Users/ER250/OneDrive/Documents/ECE520_SOC/ECE520_SandBox/int_gen_soc_re/int_gen_soc_vitis/int_gen_plat/ps7_cortexa9_0/standalone_domain/bsp/system.mss|system||
C:/Users/ER250/OneDrive/Documents/ECE520_SOC/ECE520_SandBox/int_gen_soc_re/int_gen_soc_vitis/int_gen_plat/zynq_fsbl/zynq_fsbl_bsp/system.mss|system_0||

TRACE::2026-03-16.18:56:20::SCWMssOS::Sw design exists and opened at  C:/Users/ER250/OneDrive/Documents/ECE520_SOC/ECE520_SandBox/int_gen_soc_re/int_gen_soc_vitis/int_gen_plat/zynq_fsbl/zynq_fsbl_bsp/system.mss
TRACE::2026-03-16.18:56:20::SCWPlatform::Trying to open the hw design at C:/Users/ER250/OneDrive/Documents/ECE520_SOC/ECE520_SandBox/int_gen_soc_re/int_gen_soc_vitis/int_gen_plat/hw/int_gen_bd_re_wrapper.xsa
TRACE::2026-03-16.18:56:20::SCWPlatform::DSA given C:/Users/ER250/OneDrive/Documents/ECE520_SOC/ECE520_SandBox/int_gen_soc_re/int_gen_soc_vitis/int_gen_plat/hw/int_gen_bd_re_wrapper.xsa
TRACE::2026-03-16.18:56:20::SCWPlatform::DSA absoulate path C:/Users/ER250/OneDrive/Documents/ECE520_SOC/ECE520_SandBox/int_gen_soc_re/int_gen_soc_vitis/int_gen_plat/hw/int_gen_bd_re_wrapper.xsa
TRACE::2026-03-16.18:56:20::SCWPlatform::DSA directory C:/Users/ER250/OneDrive/Documents/ECE520_SOC/ECE520_SandBox/int_gen_soc_re/int_gen_soc_vitis/int_gen_plat/hw
TRACE::2026-03-16.18:56:20::SCWPlatform:: Platform Path C:/Users/ER250/OneDrive/Documents/ECE520_SOC/ECE520_SandBox/int_gen_soc_re/int_gen_soc_vitis/int_gen_plat/hw/int_gen_bd_re_wrapper.xsa
TRACE::2026-03-16.18:56:20::SCWPlatform:: Unique name xilinx:zybo-z7-10::0.0
TRACE::2026-03-16.18:56:20::SCWPlatform::Trying to set the existing hwdb with name int_gen_bd_re_wrapper_1
TRACE::2026-03-16.18:56:20::SCWPlatform::Opened existing hwdb int_gen_bd_re_wrapper_1
TRACE::2026-03-16.18:56:20::SCWPlatform::Found the Hw Db part of the input DSA
TRACE::2026-03-16.18:56:20::SCWMssOS::Checking the sw design at  C:/Users/ER250/OneDrive/Documents/ECE520_SOC/ECE520_SandBox/int_gen_soc_re/int_gen_soc_vitis/int_gen_plat/ps7_cortexa9_0/standalone_domain/bsp/system.mss
TRACE::2026-03-16.18:56:20::SCWMssOS::DEBUG:  swdes dump  C:/Users/ER250/OneDrive/Documents/ECE520_SOC/ECE520_SandBox/int_gen_soc_re/int_gen_soc_vitis/int_gen_plat/ps7_cortexa9_0/standalone_domain/bsp/system.mss|system||
C:/Users/ER250/OneDrive/Documents/ECE520_SOC/ECE520_SandBox/int_gen_soc_re/int_gen_soc_vitis/int_gen_plat/zynq_fsbl/zynq_fsbl_bsp/system.mss|system_0||

TRACE::2026-03-16.18:56:20::SCWMssOS::Sw design exists and opened at  C:/Users/ER250/OneDrive/Documents/ECE520_SOC/ECE520_SandBox/int_gen_soc_re/int_gen_soc_vitis/int_gen_plat/ps7_cortexa9_0/standalone_domain/bsp/system.mss
TRACE::2026-03-16.18:56:20::SCWWriter::formatted JSON is {
	"platformName":	"int_gen_plat",
	"sprVersion":	"2.0",
	"mode":	"gui",
	"dsaType":	"Fixed",
	"platformDesc":	"int_gen_plat",
	"platHandOff":	"C:/Users/ER250/OneDrive/Documents/ECE520_SOC/ECE520_SandBox/int_gen_soc_re/int_gen_bd_re_wrapper.xsa",
	"platIntHandOff":	"<platformDir>/hw/int_gen_bd_re_wrapper.xsa",
	"deviceType":	"zynq",
	"platIsPrebuiltAutogen":	"false",
	"platIsNoBootBsp":	"false",
	"hasFsblMakeHasChanges":	"false",
	"hasPmufwMakeHasChanges":	"false",
	"fsblExtraCompilerFlags":	"-MMD -MP       -mcpu=cortex-a9 -mfpu=vfpv3 -mfloat-abi=hard ",
	"platPreBuiltFlag":	false,
	"platformSamplesDir":	"",
	"platActiveSys":	"int_gen_plat",
	"systems":	[{
			"systemName":	"int_gen_plat",
			"systemDesc":	"int_gen_plat",
			"sysIsBootAutoGen":	"true",
			"systemDispName":	"int_gen_plat",
			"sysActiveDom":	"standalone_domain",
			"sysDefaultDom":	"standalone_domain",
			"domains":	[{
					"domainName":	"zynq_fsbl",
					"domainDispName":	"zynq_fsbl",
					"domainDesc":	"FSBL Application BSP - Auto Generated.",
					"processors":	"ps7_cortexa9_0",
					"os":	"standalone",
					"sdxOs":	"standalone",
					"debugEnable":	"",
					"domRuntimes":	["cpp"],
					"swRepo":	"",
					"mssOsVer":	"8.1",
					"mssFile":	"",
					"md5Digest":	"710bbb872de411420e38ee1f9a6d73dd",
					"compatibleApp":	"zynq_fsbl",
					"domType":	"bootDomain",
					"arch":	"32-bit",
					"appSettings":	{
						"appCompilerFlags":	"",
						"appLinkerFlags":	""
					},
					"addedLibs":	["xilffs:5.0", "xilrsa:1.6"],
					"libOptions":	{
						"libsContainingOptions":	[]
					},
					"changedDrivers":	{
						"interrupt_generator_0":	"none:",
						"changedCells":	["interrupt_generator_0"]
					},
					"prebuiltLibs":	{
						"prebuiltIncPath":	[],
						"prebuiltLibPath":	[]
					},
					"isolation":	{
					}
				}, {
					"domainName":	"standalone_domain",
					"domainDispName":	"standalone on ps7_cortexa9_0",
					"domainDesc":	"standalone_domain",
					"processors":	"ps7_cortexa9_0",
					"os":	"standalone",
					"sdxOs":	"standalone",
					"qemuArgs":	"<platformDir>/resources/int_gen_plat/standalone_domain/qemu_args.txt",
					"qemuData":	"<platformDir>/resources/int_gen_plat/standalone_domain/qemu",
					"debugEnable":	"False",
					"domRuntimes":	["cpp"],
					"swRepo":	"",
					"mssOsVer":	"8.1",
					"mssFile":	"",
					"md5Digest":	"93dc33fda754efcc510cba88207d9a56",
					"compatibleApp":	"",
					"domType":	"mssDomain",
					"appSettings":	{
						"appCompilerFlags":	"",
						"appLinkerFlags":	""
					},
					"addedLibs":	[],
					"libOptions":	{
						"libsContainingOptions":	[]
					},
					"changedDrivers":	{
						"interrupt_generator_0":	"none:",
						"changedCells":	["interrupt_generator_0"]
					},
					"prebuiltLibs":	{
						"prebuiltIncPath":	[],
						"prebuiltLibPath":	[]
					},
					"isolation":	{
					}
				}]
		}]
}
TRACE::2026-03-16.18:56:20::SCWMssOS::Saving the mss changes C:/Users/ER250/OneDrive/Documents/ECE520_SOC/ECE520_SandBox/int_gen_soc_re/int_gen_soc_vitis/int_gen_plat/ps7_cortexa9_0/standalone_domain/bsp/system.mss
TRACE::2026-03-16.18:56:20::SCWMssOS::Found a swdesign opened with the mssfile.
TRACE::2026-03-16.18:56:20::SCWMssOS::Completed writemss as part of save.
TRACE::2026-03-16.18:56:20::SCWMssOS::Commit changes completed.
TRACE::2026-03-16.18:56:20::SCWPlatform::Trying to open the hw design at C:/Users/ER250/OneDrive/Documents/ECE520_SOC/ECE520_SandBox/int_gen_soc_re/int_gen_soc_vitis/int_gen_plat/hw/int_gen_bd_re_wrapper.xsa
TRACE::2026-03-16.18:56:20::SCWPlatform::DSA given C:/Users/ER250/OneDrive/Documents/ECE520_SOC/ECE520_SandBox/int_gen_soc_re/int_gen_soc_vitis/int_gen_plat/hw/int_gen_bd_re_wrapper.xsa
TRACE::2026-03-16.18:56:20::SCWPlatform::DSA absoulate path C:/Users/ER250/OneDrive/Documents/ECE520_SOC/ECE520_SandBox/int_gen_soc_re/int_gen_soc_vitis/int_gen_plat/hw/int_gen_bd_re_wrapper.xsa
TRACE::2026-03-16.18:56:20::SCWPlatform::DSA directory C:/Users/ER250/OneDrive/Documents/ECE520_SOC/ECE520_SandBox/int_gen_soc_re/int_gen_soc_vitis/int_gen_plat/hw
TRACE::2026-03-16.18:56:20::SCWPlatform:: Platform Path C:/Users/ER250/OneDrive/Documents/ECE520_SOC/ECE520_SandBox/int_gen_soc_re/int_gen_soc_vitis/int_gen_plat/hw/int_gen_bd_re_wrapper.xsa
TRACE::2026-03-16.18:56:20::SCWPlatform:: Unique name xilinx:zybo-z7-10::0.0
TRACE::2026-03-16.18:56:20::SCWPlatform::Trying to set the existing hwdb with name int_gen_bd_re_wrapper_1
TRACE::2026-03-16.18:56:20::SCWPlatform::Opened existing hwdb int_gen_bd_re_wrapper_1
TRACE::2026-03-16.18:56:20::SCWPlatform::Found the Hw Db part of the input DSA
TRACE::2026-03-16.18:56:20::SCWMssOS::Checking the sw design at  C:/Users/ER250/OneDrive/Documents/ECE520_SOC/ECE520_SandBox/int_gen_soc_re/int_gen_soc_vitis/int_gen_plat/ps7_cortexa9_0/standalone_domain/bsp/system.mss
TRACE::2026-03-16.18:56:20::SCWMssOS::DEBUG:  swdes dump  C:/Users/ER250/OneDrive/Documents/ECE520_SOC/ECE520_SandBox/int_gen_soc_re/int_gen_soc_vitis/int_gen_plat/ps7_cortexa9_0/standalone_domain/bsp/system.mss|system||
C:/Users/ER250/OneDrive/Documents/ECE520_SOC/ECE520_SandBox/int_gen_soc_re/int_gen_soc_vitis/int_gen_plat/zynq_fsbl/zynq_fsbl_bsp/system.mss|system_0||

TRACE::2026-03-16.18:56:20::SCWMssOS::Sw design exists and opened at  C:/Users/ER250/OneDrive/Documents/ECE520_SOC/ECE520_SandBox/int_gen_soc_re/int_gen_soc_vitis/int_gen_plat/ps7_cortexa9_0/standalone_domain/bsp/system.mss
TRACE::2026-03-16.18:56:20::SCWMssOS::Removing the swdes entry for  C:/Users/ER250/OneDrive/Documents/ECE520_SOC/ECE520_SandBox/int_gen_soc_re/int_gen_soc_vitis/int_gen_plat/ps7_cortexa9_0/standalone_domain/bsp/system.mss
TRACE::2026-03-16.18:56:20::SCWMssOS::In reload Mss file.
TRACE::2026-03-16.18:56:20::SCWPlatform::Trying to open the hw design at C:/Users/ER250/OneDrive/Documents/ECE520_SOC/ECE520_SandBox/int_gen_soc_re/int_gen_soc_vitis/int_gen_plat/hw/int_gen_bd_re_wrapper.xsa
TRACE::2026-03-16.18:56:20::SCWPlatform::DSA given C:/Users/ER250/OneDrive/Documents/ECE520_SOC/ECE520_SandBox/int_gen_soc_re/int_gen_soc_vitis/int_gen_plat/hw/int_gen_bd_re_wrapper.xsa
TRACE::2026-03-16.18:56:20::SCWPlatform::DSA absoulate path C:/Users/ER250/OneDrive/Documents/ECE520_SOC/ECE520_SandBox/int_gen_soc_re/int_gen_soc_vitis/int_gen_plat/hw/int_gen_bd_re_wrapper.xsa
TRACE::2026-03-16.18:56:20::SCWPlatform::DSA directory C:/Users/ER250/OneDrive/Documents/ECE520_SOC/ECE520_SandBox/int_gen_soc_re/int_gen_soc_vitis/int_gen_plat/hw
TRACE::2026-03-16.18:56:20::SCWPlatform:: Platform Path C:/Users/ER250/OneDrive/Documents/ECE520_SOC/ECE520_SandBox/int_gen_soc_re/int_gen_soc_vitis/int_gen_plat/hw/int_gen_bd_re_wrapper.xsa
TRACE::2026-03-16.18:56:20::SCWPlatform:: Unique name xilinx:zybo-z7-10::0.0
TRACE::2026-03-16.18:56:20::SCWPlatform::Trying to set the existing hwdb with name int_gen_bd_re_wrapper_1
TRACE::2026-03-16.18:56:20::SCWPlatform::Opened existing hwdb int_gen_bd_re_wrapper_1
TRACE::2026-03-16.18:56:20::SCWPlatform::Found the Hw Db part of the input DSA
TRACE::2026-03-16.18:56:20::SCWMssOS::Checking the sw design at  C:/Users/ER250/OneDrive/Documents/ECE520_SOC/ECE520_SandBox/int_gen_soc_re/int_gen_soc_vitis/int_gen_plat/ps7_cortexa9_0/standalone_domain/bsp/system.mss
TRACE::2026-03-16.18:56:20::SCWMssOS::DEBUG:  swdes dump  C:/Users/ER250/OneDrive/Documents/ECE520_SOC/ECE520_SandBox/int_gen_soc_re/int_gen_soc_vitis/int_gen_plat/zynq_fsbl/zynq_fsbl_bsp/system.mss|system_0||

TRACE::2026-03-16.18:56:20::SCWMssOS::No sw design opened at  C:/Users/ER250/OneDrive/Documents/ECE520_SOC/ECE520_SandBox/int_gen_soc_re/int_gen_soc_vitis/int_gen_plat/ps7_cortexa9_0/standalone_domain/bsp/system.mss
TRACE::2026-03-16.18:56:20::SCWMssOS::mss exists loading the mss file  C:/Users/ER250/OneDrive/Documents/ECE520_SOC/ECE520_SandBox/int_gen_soc_re/int_gen_soc_vitis/int_gen_plat/ps7_cortexa9_0/standalone_domain/bsp/system.mss
TRACE::2026-03-16.18:56:20::SCWMssOS::Opened the sw design from mss  C:/Users/ER250/OneDrive/Documents/ECE520_SOC/ECE520_SandBox/int_gen_soc_re/int_gen_soc_vitis/int_gen_plat/ps7_cortexa9_0/standalone_domain/bsp/system.mss
TRACE::2026-03-16.18:56:20::SCWMssOS::Adding the swdes entry C:/Users/ER250/OneDrive/Documents/ECE520_SOC/ECE520_SandBox/int_gen_soc_re/int_gen_soc_vitis/int_gen_plat/ps7_cortexa9_0/standalone_domain/bsp/system.mss with des name system
TRACE::2026-03-16.18:56:20::SCWMssOS::updating the scw layer about changes
TRACE::2026-03-16.18:56:21::SCWMssOS::Opened the sw design.  C:/Users/ER250/OneDrive/Documents/ECE520_SOC/ECE520_SandBox/int_gen_soc_re/int_gen_soc_vitis/int_gen_plat/ps7_cortexa9_0/standalone_domain/bsp/system.mss
TRACE::2026-03-16.18:56:21::SCWPlatform::Trying to open the hw design at C:/Users/ER250/OneDrive/Documents/ECE520_SOC/ECE520_SandBox/int_gen_soc_re/int_gen_soc_vitis/int_gen_plat/hw/int_gen_bd_re_wrapper.xsa
TRACE::2026-03-16.18:56:21::SCWPlatform::DSA given C:/Users/ER250/OneDrive/Documents/ECE520_SOC/ECE520_SandBox/int_gen_soc_re/int_gen_soc_vitis/int_gen_plat/hw/int_gen_bd_re_wrapper.xsa
TRACE::2026-03-16.18:56:21::SCWPlatform::DSA absoulate path C:/Users/ER250/OneDrive/Documents/ECE520_SOC/ECE520_SandBox/int_gen_soc_re/int_gen_soc_vitis/int_gen_plat/hw/int_gen_bd_re_wrapper.xsa
TRACE::2026-03-16.18:56:21::SCWPlatform::DSA directory C:/Users/ER250/OneDrive/Documents/ECE520_SOC/ECE520_SandBox/int_gen_soc_re/int_gen_soc_vitis/int_gen_plat/hw
TRACE::2026-03-16.18:56:21::SCWPlatform:: Platform Path C:/Users/ER250/OneDrive/Documents/ECE520_SOC/ECE520_SandBox/int_gen_soc_re/int_gen_soc_vitis/int_gen_plat/hw/int_gen_bd_re_wrapper.xsa
TRACE::2026-03-16.18:56:21::SCWPlatform:: Unique name xilinx:zybo-z7-10::0.0
TRACE::2026-03-16.18:56:21::SCWPlatform::Trying to set the existing hwdb with name int_gen_bd_re_wrapper_1
TRACE::2026-03-16.18:56:21::SCWPlatform::Opened existing hwdb int_gen_bd_re_wrapper_1
TRACE::2026-03-16.18:56:21::SCWPlatform::Found the Hw Db part of the input DSA
TRACE::2026-03-16.18:56:21::SCWMssOS::Checking the sw design at  C:/Users/ER250/OneDrive/Documents/ECE520_SOC/ECE520_SandBox/int_gen_soc_re/int_gen_soc_vitis/int_gen_plat/ps7_cortexa9_0/standalone_domain/bsp/system.mss
TRACE::2026-03-16.18:56:21::SCWMssOS::DEBUG:  swdes dump  C:/Users/ER250/OneDrive/Documents/ECE520_SOC/ECE520_SandBox/int_gen_soc_re/int_gen_soc_vitis/int_gen_plat/ps7_cortexa9_0/standalone_domain/bsp/system.mss|system||
C:/Users/ER250/OneDrive/Documents/ECE520_SOC/ECE520_SandBox/int_gen_soc_re/int_gen_soc_vitis/int_gen_plat/zynq_fsbl/zynq_fsbl_bsp/system.mss|system_0||

TRACE::2026-03-16.18:56:21::SCWMssOS::Sw design exists and opened at  C:/Users/ER250/OneDrive/Documents/ECE520_SOC/ECE520_SandBox/int_gen_soc_re/int_gen_soc_vitis/int_gen_plat/ps7_cortexa9_0/standalone_domain/bsp/system.mss
TRACE::2026-03-16.18:56:21::SCWMssOS::Saving the mss changes C:/Users/ER250/OneDrive/Documents/ECE520_SOC/ECE520_SandBox/int_gen_soc_re/int_gen_soc_vitis/int_gen_plat/ps7_cortexa9_0/standalone_domain/bsp/system.mss
TRACE::2026-03-16.18:56:21::SCWMssOS::Found a swdesign opened with the mssfile.
TRACE::2026-03-16.18:56:21::SCWMssOS::Completed writemss as part of save.
TRACE::2026-03-16.18:56:21::SCWMssOS::Commit changes completed.
TRACE::2026-03-16.18:56:21::SCWPlatform::Trying to open the hw design at C:/Users/ER250/OneDrive/Documents/ECE520_SOC/ECE520_SandBox/int_gen_soc_re/int_gen_soc_vitis/int_gen_plat/hw/int_gen_bd_re_wrapper.xsa
TRACE::2026-03-16.18:56:21::SCWPlatform::DSA given C:/Users/ER250/OneDrive/Documents/ECE520_SOC/ECE520_SandBox/int_gen_soc_re/int_gen_soc_vitis/int_gen_plat/hw/int_gen_bd_re_wrapper.xsa
TRACE::2026-03-16.18:56:21::SCWPlatform::DSA absoulate path C:/Users/ER250/OneDrive/Documents/ECE520_SOC/ECE520_SandBox/int_gen_soc_re/int_gen_soc_vitis/int_gen_plat/hw/int_gen_bd_re_wrapper.xsa
TRACE::2026-03-16.18:56:21::SCWPlatform::DSA directory C:/Users/ER250/OneDrive/Documents/ECE520_SOC/ECE520_SandBox/int_gen_soc_re/int_gen_soc_vitis/int_gen_plat/hw
TRACE::2026-03-16.18:56:21::SCWPlatform:: Platform Path C:/Users/ER250/OneDrive/Documents/ECE520_SOC/ECE520_SandBox/int_gen_soc_re/int_gen_soc_vitis/int_gen_plat/hw/int_gen_bd_re_wrapper.xsa
TRACE::2026-03-16.18:56:21::SCWPlatform:: Unique name xilinx:zybo-z7-10::0.0
TRACE::2026-03-16.18:56:21::SCWPlatform::Trying to set the existing hwdb with name int_gen_bd_re_wrapper_1
TRACE::2026-03-16.18:56:21::SCWPlatform::Opened existing hwdb int_gen_bd_re_wrapper_1
TRACE::2026-03-16.18:56:21::SCWPlatform::Found the Hw Db part of the input DSA
TRACE::2026-03-16.18:56:21::SCWMssOS::Checking the sw design at  C:/Users/ER250/OneDrive/Documents/ECE520_SOC/ECE520_SandBox/int_gen_soc_re/int_gen_soc_vitis/int_gen_plat/ps7_cortexa9_0/standalone_domain/bsp/system.mss
TRACE::2026-03-16.18:56:21::SCWMssOS::DEBUG:  swdes dump  C:/Users/ER250/OneDrive/Documents/ECE520_SOC/ECE520_SandBox/int_gen_soc_re/int_gen_soc_vitis/int_gen_plat/ps7_cortexa9_0/standalone_domain/bsp/system.mss|system||
C:/Users/ER250/OneDrive/Documents/ECE520_SOC/ECE520_SandBox/int_gen_soc_re/int_gen_soc_vitis/int_gen_plat/zynq_fsbl/zynq_fsbl_bsp/system.mss|system_0||

TRACE::2026-03-16.18:56:21::SCWMssOS::Sw design exists and opened at  C:/Users/ER250/OneDrive/Documents/ECE520_SOC/ECE520_SandBox/int_gen_soc_re/int_gen_soc_vitis/int_gen_plat/ps7_cortexa9_0/standalone_domain/bsp/system.mss
TRACE::2026-03-16.18:56:21::SCWMssOS::Removing the swdes entry for  C:/Users/ER250/OneDrive/Documents/ECE520_SOC/ECE520_SandBox/int_gen_soc_re/int_gen_soc_vitis/int_gen_plat/ps7_cortexa9_0/standalone_domain/bsp/system.mss
TRACE::2026-03-16.18:56:21::SCWPlatform::Trying to open the hw design at C:/Users/ER250/OneDrive/Documents/ECE520_SOC/ECE520_SandBox/int_gen_soc_re/int_gen_soc_vitis/int_gen_plat/hw/int_gen_bd_re_wrapper.xsa
TRACE::2026-03-16.18:56:21::SCWPlatform::DSA given C:/Users/ER250/OneDrive/Documents/ECE520_SOC/ECE520_SandBox/int_gen_soc_re/int_gen_soc_vitis/int_gen_plat/hw/int_gen_bd_re_wrapper.xsa
TRACE::2026-03-16.18:56:21::SCWPlatform::DSA absoulate path C:/Users/ER250/OneDrive/Documents/ECE520_SOC/ECE520_SandBox/int_gen_soc_re/int_gen_soc_vitis/int_gen_plat/hw/int_gen_bd_re_wrapper.xsa
TRACE::2026-03-16.18:56:21::SCWPlatform::DSA directory C:/Users/ER250/OneDrive/Documents/ECE520_SOC/ECE520_SandBox/int_gen_soc_re/int_gen_soc_vitis/int_gen_plat/hw
TRACE::2026-03-16.18:56:21::SCWPlatform:: Platform Path C:/Users/ER250/OneDrive/Documents/ECE520_SOC/ECE520_SandBox/int_gen_soc_re/int_gen_soc_vitis/int_gen_plat/hw/int_gen_bd_re_wrapper.xsa
TRACE::2026-03-16.18:56:21::SCWPlatform:: Unique name xilinx:zybo-z7-10::0.0
TRACE::2026-03-16.18:56:21::SCWPlatform::Trying to set the existing hwdb with name int_gen_bd_re_wrapper_1
TRACE::2026-03-16.18:56:21::SCWPlatform::Opened existing hwdb int_gen_bd_re_wrapper_1
TRACE::2026-03-16.18:56:21::SCWPlatform::Found the Hw Db part of the input DSA
TRACE::2026-03-16.18:56:21::SCWMssOS::Checking the sw design at  C:/Users/ER250/OneDrive/Documents/ECE520_SOC/ECE520_SandBox/int_gen_soc_re/int_gen_soc_vitis/int_gen_plat/ps7_cortexa9_0/standalone_domain/bsp/system.mss
TRACE::2026-03-16.18:56:21::SCWMssOS::DEBUG:  swdes dump  C:/Users/ER250/OneDrive/Documents/ECE520_SOC/ECE520_SandBox/int_gen_soc_re/int_gen_soc_vitis/int_gen_plat/zynq_fsbl/zynq_fsbl_bsp/system.mss|system_0||

TRACE::2026-03-16.18:56:21::SCWMssOS::No sw design opened at  C:/Users/ER250/OneDrive/Documents/ECE520_SOC/ECE520_SandBox/int_gen_soc_re/int_gen_soc_vitis/int_gen_plat/ps7_cortexa9_0/standalone_domain/bsp/system.mss
TRACE::2026-03-16.18:56:21::SCWMssOS::mss exists loading the mss file  C:/Users/ER250/OneDrive/Documents/ECE520_SOC/ECE520_SandBox/int_gen_soc_re/int_gen_soc_vitis/int_gen_plat/ps7_cortexa9_0/standalone_domain/bsp/system.mss
TRACE::2026-03-16.18:56:21::SCWMssOS::Opened the sw design from mss  C:/Users/ER250/OneDrive/Documents/ECE520_SOC/ECE520_SandBox/int_gen_soc_re/int_gen_soc_vitis/int_gen_plat/ps7_cortexa9_0/standalone_domain/bsp/system.mss
TRACE::2026-03-16.18:56:21::SCWMssOS::Adding the swdes entry C:/Users/ER250/OneDrive/Documents/ECE520_SOC/ECE520_SandBox/int_gen_soc_re/int_gen_soc_vitis/int_gen_plat/ps7_cortexa9_0/standalone_domain/bsp/system.mss with des name system
TRACE::2026-03-16.18:56:21::SCWMssOS::updating the scw layer about changes
TRACE::2026-03-16.18:56:21::SCWMssOS::Opened the sw design.  C:/Users/ER250/OneDrive/Documents/ECE520_SOC/ECE520_SandBox/int_gen_soc_re/int_gen_soc_vitis/int_gen_plat/ps7_cortexa9_0/standalone_domain/bsp/system.mss
TRACE::2026-03-16.18:56:21::SCWMssOS::Completed writing the mss file at C:/Users/ER250/OneDrive/Documents/ECE520_SOC/ECE520_SandBox/int_gen_soc_re/int_gen_soc_vitis/int_gen_plat/ps7_cortexa9_0/standalone_domain/bsp
TRACE::2026-03-16.18:56:21::SCWMssOS::Forcing BSP Sources regeneration.
LOG::2026-03-16.18:57:03::SCWPlatform::Started generating the artifacts platform int_gen_plat
TRACE::2026-03-16.18:57:03::SCWPlatform::Sanity checking of platform is completed
LOG::2026-03-16.18:57:03::SCWPlatform::Started generating the artifacts for system configuration int_gen_plat
LOG::2026-03-16.18:57:03::SCWSystem::Checking the domain zynq_fsbl
LOG::2026-03-16.18:57:03::SCWSystem::Doing application build for :  zynq_fsbl
TRACE::2026-03-16.18:57:03::SCWBDomain::Not a forced makefile updation, No changes are present. 
TRACE::2026-03-16.18:57:03::SCWDomain::Building the domain as part of full build :  zynq_fsbl
TRACE::2026-03-16.18:57:03::SCWPlatform::Trying to open the hw design at C:/Users/ER250/OneDrive/Documents/ECE520_SOC/ECE520_SandBox/int_gen_soc_re/int_gen_soc_vitis/int_gen_plat/hw/int_gen_bd_re_wrapper.xsa
TRACE::2026-03-16.18:57:03::SCWPlatform::DSA given C:/Users/ER250/OneDrive/Documents/ECE520_SOC/ECE520_SandBox/int_gen_soc_re/int_gen_soc_vitis/int_gen_plat/hw/int_gen_bd_re_wrapper.xsa
TRACE::2026-03-16.18:57:03::SCWPlatform::DSA absoulate path C:/Users/ER250/OneDrive/Documents/ECE520_SOC/ECE520_SandBox/int_gen_soc_re/int_gen_soc_vitis/int_gen_plat/hw/int_gen_bd_re_wrapper.xsa
TRACE::2026-03-16.18:57:03::SCWPlatform::DSA directory C:/Users/ER250/OneDrive/Documents/ECE520_SOC/ECE520_SandBox/int_gen_soc_re/int_gen_soc_vitis/int_gen_plat/hw
TRACE::2026-03-16.18:57:03::SCWPlatform:: Platform Path C:/Users/ER250/OneDrive/Documents/ECE520_SOC/ECE520_SandBox/int_gen_soc_re/int_gen_soc_vitis/int_gen_plat/hw/int_gen_bd_re_wrapper.xsa
TRACE::2026-03-16.18:57:03::SCWPlatform:: Unique name xilinx:zybo-z7-10::0.0
TRACE::2026-03-16.18:57:03::SCWPlatform::Trying to set the existing hwdb with name int_gen_bd_re_wrapper_1
TRACE::2026-03-16.18:57:03::SCWPlatform::Opened existing hwdb int_gen_bd_re_wrapper_1
TRACE::2026-03-16.18:57:03::SCWPlatform::Found the Hw Db part of the input DSA
TRACE::2026-03-16.18:57:03::SCWMssOS::Checking the sw design at  C:/Users/ER250/OneDrive/Documents/ECE520_SOC/ECE520_SandBox/int_gen_soc_re/int_gen_soc_vitis/int_gen_plat/zynq_fsbl/zynq_fsbl_bsp/system.mss
TRACE::2026-03-16.18:57:03::SCWMssOS::DEBUG:  swdes dump  C:/Users/ER250/OneDrive/Documents/ECE520_SOC/ECE520_SandBox/int_gen_soc_re/int_gen_soc_vitis/int_gen_plat/zynq_fsbl/zynq_fsbl_bsp/system.mss|system_0||

TRACE::2026-03-16.18:57:03::SCWMssOS::Sw design exists and opened at  C:/Users/ER250/OneDrive/Documents/ECE520_SOC/ECE520_SandBox/int_gen_soc_re/int_gen_soc_vitis/int_gen_plat/zynq_fsbl/zynq_fsbl_bsp/system.mss
TRACE::2026-03-16.18:57:03::SCWBDomain::Completed writing the mss file at C:/Users/ER250/OneDrive/Documents/ECE520_SOC/ECE520_SandBox/int_gen_soc_re/int_gen_soc_vitis/int_gen_plat/zynq_fsbl/zynq_fsbl_bsp
TRACE::2026-03-16.18:57:03::SCWBDomain::bsp generated is upto date with the mss file. Skipping bsp generation.
TRACE::2026-03-16.18:57:03::SCWBDomain::Not a forced makefile updation, No changes are present. 
TRACE::2026-03-16.18:57:03::SCWBDomain::System Command Ran  C:&  cd  C:/Users/ER250/OneDrive/Documents/ECE520_SOC/ECE520_SandBox/int_gen_soc_re/int_gen_soc_vitis/int_gen_plat/zynq_fsbl& make -C  zynq_fsbl_bsp & make 
TRACE::2026-03-16.18:57:03::SCWBDomain::make: Entering directory 'C:/Users/ER250/OneDrive/Documents/ECE520_SOC/ECE520_SandBox/int_gen_soc_re/int_gen_soc_vitis/int_gen_
TRACE::2026-03-16.18:57:03::SCWBDomain::plat/zynq_fsbl/zynq_fsbl_bsp'

TRACE::2026-03-16.18:57:03::SCWBDomain::make --no-print-directory seq_libs

TRACE::2026-03-16.18:57:03::SCWBDomain::"Running Make include in ps7_cortexa9_0/libsrc/coresightps_dcc_v1_8/src"

TRACE::2026-03-16.18:57:03::SCWBDomain::make -C ps7_cortexa9_0/libsrc/coresightps_dcc_v1_8/src -s include  "SHELL=CMD" "COMPILER=arm-none-eabi-gcc" "ASSEMBLER=arm-none
TRACE::2026-03-16.18:57:03::SCWBDomain::-eabi-as" "ARCHIVER=arm-none-eabi-ar" "COMPILER_FLAGS=  -O2 -c" "EXTRA_COMPILER_FLAGS=-mcpu=cortex-a9 -mfpu=vfpv3 -mfloat-abi=h
TRACE::2026-03-16.18:57:03::SCWBDomain::ard -nostartfiles -g -Wall -Wextra -fno-tree-loop-distribute-patterns"

TRACE::2026-03-16.18:57:04::SCWBDomain::"Running Make include in ps7_cortexa9_0/libsrc/cpu_cortexa9_v2_11/src"

TRACE::2026-03-16.18:57:04::SCWBDomain::make -C ps7_cortexa9_0/libsrc/cpu_cortexa9_v2_11/src -s include  "SHELL=CMD" "COMPILER=arm-none-eabi-gcc" "ASSEMBLER=arm-none-e
TRACE::2026-03-16.18:57:04::SCWBDomain::abi-as" "ARCHIVER=arm-none-eabi-ar" "COMPILER_FLAGS=  -O2 -c" "EXTRA_COMPILER_FLAGS=-mcpu=cortex-a9 -mfpu=vfpv3 -mfloat-abi=har
TRACE::2026-03-16.18:57:04::SCWBDomain::d -nostartfiles -g -Wall -Wextra -fno-tree-loop-distribute-patterns"

TRACE::2026-03-16.18:57:05::SCWBDomain::"Running Make include in ps7_cortexa9_0/libsrc/ddrps_v1_2/src"

TRACE::2026-03-16.18:57:05::SCWBDomain::make -C ps7_cortexa9_0/libsrc/ddrps_v1_2/src -s include  "SHELL=CMD" "COMPILER=arm-none-eabi-gcc" "ASSEMBLER=arm-none-eabi-as" 
TRACE::2026-03-16.18:57:05::SCWBDomain::"ARCHIVER=arm-none-eabi-ar" "COMPILER_FLAGS=  -O2 -c" "EXTRA_COMPILER_FLAGS=-mcpu=cortex-a9 -mfpu=vfpv3 -mfloat-abi=hard -nosta
TRACE::2026-03-16.18:57:05::SCWBDomain::rtfiles -g -Wall -Wextra -fno-tree-loop-distribute-patterns"

TRACE::2026-03-16.18:57:05::SCWBDomain::"Running Make include in ps7_cortexa9_0/libsrc/devcfg_v3_7/src"

TRACE::2026-03-16.18:57:05::SCWBDomain::make -C ps7_cortexa9_0/libsrc/devcfg_v3_7/src -s include  "SHELL=CMD" "COMPILER=arm-none-eabi-gcc" "ASSEMBLER=arm-none-eabi-as"
TRACE::2026-03-16.18:57:05::SCWBDomain:: "ARCHIVER=arm-none-eabi-ar" "COMPILER_FLAGS=  -O2 -c" "EXTRA_COMPILER_FLAGS=-mcpu=cortex-a9 -mfpu=vfpv3 -mfloat-abi=hard -nost
TRACE::2026-03-16.18:57:05::SCWBDomain::artfiles -g -Wall -Wextra -fno-tree-loop-distribute-patterns"

TRACE::2026-03-16.18:57:06::SCWBDomain::"Running Make include in ps7_cortexa9_0/libsrc/dmaps_v2_8/src"

TRACE::2026-03-16.18:57:06::SCWBDomain::make -C ps7_cortexa9_0/libsrc/dmaps_v2_8/src -s include  "SHELL=CMD" "COMPILER=arm-none-eabi-gcc" "ASSEMBLER=arm-none-eabi-as" 
TRACE::2026-03-16.18:57:06::SCWBDomain::"ARCHIVER=arm-none-eabi-ar" "COMPILER_FLAGS=  -O2 -c" "EXTRA_COMPILER_FLAGS=-mcpu=cortex-a9 -mfpu=vfpv3 -mfloat-abi=hard -nosta
TRACE::2026-03-16.18:57:06::SCWBDomain::rtfiles -g -Wall -Wextra -fno-tree-loop-distribute-patterns"

TRACE::2026-03-16.18:57:06::SCWBDomain::"Running Make include in ps7_cortexa9_0/libsrc/emacps_v3_18/src"

TRACE::2026-03-16.18:57:06::SCWBDomain::make -C ps7_cortexa9_0/libsrc/emacps_v3_18/src -s include  "SHELL=CMD" "COMPILER=arm-none-eabi-gcc" "ASSEMBLER=arm-none-eabi-as
TRACE::2026-03-16.18:57:06::SCWBDomain::" "ARCHIVER=arm-none-eabi-ar" "COMPILER_FLAGS=  -O2 -c" "EXTRA_COMPILER_FLAGS=-mcpu=cortex-a9 -mfpu=vfpv3 -mfloat-abi=hard -nos
TRACE::2026-03-16.18:57:06::SCWBDomain::tartfiles -g -Wall -Wextra -fno-tree-loop-distribute-patterns"

TRACE::2026-03-16.18:57:07::SCWBDomain::"Running Make include in ps7_cortexa9_0/libsrc/gpiops_v3_11/src"

TRACE::2026-03-16.18:57:07::SCWBDomain::make -C ps7_cortexa9_0/libsrc/gpiops_v3_11/src -s include  "SHELL=CMD" "COMPILER=arm-none-eabi-gcc" "ASSEMBLER=arm-none-eabi-as
TRACE::2026-03-16.18:57:07::SCWBDomain::" "ARCHIVER=arm-none-eabi-ar" "COMPILER_FLAGS=  -O2 -c" "EXTRA_COMPILER_FLAGS=-mcpu=cortex-a9 -mfpu=vfpv3 -mfloat-abi=hard -nos
TRACE::2026-03-16.18:57:07::SCWBDomain::tartfiles -g -Wall -Wextra -fno-tree-loop-distribute-patterns"

TRACE::2026-03-16.18:57:08::SCWBDomain::"Running Make include in ps7_cortexa9_0/libsrc/qspips_v3_10/src"

TRACE::2026-03-16.18:57:08::SCWBDomain::make -C ps7_cortexa9_0/libsrc/qspips_v3_10/src -s include  "SHELL=CMD" "COMPILER=arm-none-eabi-gcc" "ASSEMBLER=arm-none-eabi-as
TRACE::2026-03-16.18:57:08::SCWBDomain::" "ARCHIVER=arm-none-eabi-ar" "COMPILER_FLAGS=  -O2 -c" "EXTRA_COMPILER_FLAGS=-mcpu=cortex-a9 -mfpu=vfpv3 -mfloat-abi=hard -nos
TRACE::2026-03-16.18:57:08::SCWBDomain::tartfiles -g -Wall -Wextra -fno-tree-loop-distribute-patterns"

TRACE::2026-03-16.18:57:08::SCWBDomain::"Running Make include in ps7_cortexa9_0/libsrc/scugic_v5_1/src"

TRACE::2026-03-16.18:57:08::SCWBDomain::make -C ps7_cortexa9_0/libsrc/scugic_v5_1/src -s include  "SHELL=CMD" "COMPILER=arm-none-eabi-gcc" "ASSEMBLER=arm-none-eabi-as"
TRACE::2026-03-16.18:57:08::SCWBDomain:: "ARCHIVER=arm-none-eabi-ar" "COMPILER_FLAGS=  -O2 -c" "EXTRA_COMPILER_FLAGS=-mcpu=cortex-a9 -mfpu=vfpv3 -mfloat-abi=hard -nost
TRACE::2026-03-16.18:57:08::SCWBDomain::artfiles -g -Wall -Wextra -fno-tree-loop-distribute-patterns"

TRACE::2026-03-16.18:57:09::SCWBDomain::"Running Make include in ps7_cortexa9_0/libsrc/scutimer_v2_4/src"

TRACE::2026-03-16.18:57:09::SCWBDomain::make -C ps7_cortexa9_0/libsrc/scutimer_v2_4/src -s include  "SHELL=CMD" "COMPILER=arm-none-eabi-gcc" "ASSEMBLER=arm-none-eabi-a
TRACE::2026-03-16.18:57:09::SCWBDomain::s" "ARCHIVER=arm-none-eabi-ar" "COMPILER_FLAGS=  -O2 -c" "EXTRA_COMPILER_FLAGS=-mcpu=cortex-a9 -mfpu=vfpv3 -mfloat-abi=hard -no
TRACE::2026-03-16.18:57:09::SCWBDomain::startfiles -g -Wall -Wextra -fno-tree-loop-distribute-patterns"

TRACE::2026-03-16.18:57:09::SCWBDomain::"Running Make include in ps7_cortexa9_0/libsrc/scuwdt_v2_4/src"

TRACE::2026-03-16.18:57:09::SCWBDomain::make -C ps7_cortexa9_0/libsrc/scuwdt_v2_4/src -s include  "SHELL=CMD" "COMPILER=arm-none-eabi-gcc" "ASSEMBLER=arm-none-eabi-as"
TRACE::2026-03-16.18:57:09::SCWBDomain:: "ARCHIVER=arm-none-eabi-ar" "COMPILER_FLAGS=  -O2 -c" "EXTRA_COMPILER_FLAGS=-mcpu=cortex-a9 -mfpu=vfpv3 -mfloat-abi=hard -nost
TRACE::2026-03-16.18:57:09::SCWBDomain::artfiles -g -Wall -Wextra -fno-tree-loop-distribute-patterns"

TRACE::2026-03-16.18:57:10::SCWBDomain::"Running Make include in ps7_cortexa9_0/libsrc/sdps_v4_1/src"

TRACE::2026-03-16.18:57:10::SCWBDomain::make -C ps7_cortexa9_0/libsrc/sdps_v4_1/src -s include  "SHELL=CMD" "COMPILER=arm-none-eabi-gcc" "ASSEMBLER=arm-none-eabi-as" "
TRACE::2026-03-16.18:57:10::SCWBDomain::ARCHIVER=arm-none-eabi-ar" "COMPILER_FLAGS=  -O2 -c" "EXTRA_COMPILER_FLAGS=-mcpu=cortex-a9 -mfpu=vfpv3 -mfloat-abi=hard -nostar
TRACE::2026-03-16.18:57:10::SCWBDomain::tfiles -g -Wall -Wextra -fno-tree-loop-distribute-patterns"

TRACE::2026-03-16.18:57:11::SCWBDomain::"Running Make include in ps7_cortexa9_0/libsrc/standalone_v8_1/src"

TRACE::2026-03-16.18:57:11::SCWBDomain::make -C ps7_cortexa9_0/libsrc/standalone_v8_1/src -s include  "SHELL=CMD" "COMPILER=arm-none-eabi-gcc" "ASSEMBLER=arm-none-eabi
TRACE::2026-03-16.18:57:11::SCWBDomain::-as" "ARCHIVER=arm-none-eabi-ar" "COMPILER_FLAGS=  -O2 -c" "EXTRA_COMPILER_FLAGS=-mcpu=cortex-a9 -mfpu=vfpv3 -mfloat-abi=hard -
TRACE::2026-03-16.18:57:11::SCWBDomain::nostartfiles -g -Wall -Wextra -fno-tree-loop-distribute-patterns"

TRACE::2026-03-16.18:57:17::SCWBDomain::"Running Make include in ps7_cortexa9_0/libsrc/uartps_v3_12/src"

TRACE::2026-03-16.18:57:17::SCWBDomain::make -C ps7_cortexa9_0/libsrc/uartps_v3_12/src -s include  "SHELL=CMD" "COMPILER=arm-none-eabi-gcc" "ASSEMBLER=arm-none-eabi-as
TRACE::2026-03-16.18:57:17::SCWBDomain::" "ARCHIVER=arm-none-eabi-ar" "COMPILER_FLAGS=  -O2 -c" "EXTRA_COMPILER_FLAGS=-mcpu=cortex-a9 -mfpu=vfpv3 -mfloat-abi=hard -nos
TRACE::2026-03-16.18:57:17::SCWBDomain::tartfiles -g -Wall -Wextra -fno-tree-loop-distribute-patterns"

TRACE::2026-03-16.18:57:17::SCWBDomain::"Running Make include in ps7_cortexa9_0/libsrc/usbps_v2_7/src"

TRACE::2026-03-16.18:57:17::SCWBDomain::make -C ps7_cortexa9_0/libsrc/usbps_v2_7/src -s include  "SHELL=CMD" "COMPILER=arm-none-eabi-gcc" "ASSEMBLER=arm-none-eabi-as" 
TRACE::2026-03-16.18:57:17::SCWBDomain::"ARCHIVER=arm-none-eabi-ar" "COMPILER_FLAGS=  -O2 -c" "EXTRA_COMPILER_FLAGS=-mcpu=cortex-a9 -mfpu=vfpv3 -mfloat-abi=hard -nosta
TRACE::2026-03-16.18:57:17::SCWBDomain::rtfiles -g -Wall -Wextra -fno-tree-loop-distribute-patterns"

TRACE::2026-03-16.18:57:18::SCWBDomain::"Running Make include in ps7_cortexa9_0/libsrc/xadcps_v2_6/src"

TRACE::2026-03-16.18:57:18::SCWBDomain::make -C ps7_cortexa9_0/libsrc/xadcps_v2_6/src -s include  "SHELL=CMD" "COMPILER=arm-none-eabi-gcc" "ASSEMBLER=arm-none-eabi-as"
TRACE::2026-03-16.18:57:18::SCWBDomain:: "ARCHIVER=arm-none-eabi-ar" "COMPILER_FLAGS=  -O2 -c" "EXTRA_COMPILER_FLAGS=-mcpu=cortex-a9 -mfpu=vfpv3 -mfloat-abi=hard -nost
TRACE::2026-03-16.18:57:18::SCWBDomain::artfiles -g -Wall -Wextra -fno-tree-loop-distribute-patterns"

TRACE::2026-03-16.18:57:19::SCWBDomain::"Running Make include in ps7_cortexa9_0/libsrc/xilffs_v5_0/src"

TRACE::2026-03-16.18:57:19::SCWBDomain::make -C ps7_cortexa9_0/libsrc/xilffs_v5_0/src -s include  "SHELL=CMD" "COMPILER=arm-none-eabi-gcc" "ASSEMBLER=arm-none-eabi-as"
TRACE::2026-03-16.18:57:19::SCWBDomain:: "ARCHIVER=arm-none-eabi-ar" "COMPILER_FLAGS=  -O2 -c" "EXTRA_COMPILER_FLAGS=-mcpu=cortex-a9 -mfpu=vfpv3 -mfloat-abi=hard -nost
TRACE::2026-03-16.18:57:19::SCWBDomain::artfiles -g -Wall -Wextra -fno-tree-loop-distribute-patterns"

TRACE::2026-03-16.18:57:19::SCWBDomain::"Running Make include in ps7_cortexa9_0/libsrc/xilrsa_v1_6/src"

TRACE::2026-03-16.18:57:19::SCWBDomain::make -C ps7_cortexa9_0/libsrc/xilrsa_v1_6/src -s include  "SHELL=CMD" "COMPILER=arm-none-eabi-gcc" "ASSEMBLER=arm-none-eabi-as"
TRACE::2026-03-16.18:57:19::SCWBDomain:: "ARCHIVER=arm-none-eabi-ar" "COMPILER_FLAGS=  -O2 -c" "EXTRA_COMPILER_FLAGS=-mcpu=cortex-a9 -mfpu=vfpv3 -mfloat-abi=hard -nost
TRACE::2026-03-16.18:57:19::SCWBDomain::artfiles -g -Wall -Wextra -fno-tree-loop-distribute-patterns"

TRACE::2026-03-16.18:57:19::SCWBDomain::"Running Make libs in ps7_cortexa9_0/libsrc/xilrsa_v1_6/src"

TRACE::2026-03-16.18:57:19::SCWBDomain::make -C ps7_cortexa9_0/libsrc/xilrsa_v1_6/src -s libs  "SHELL=CMD" "COMPILER=arm-none-eabi-gcc" "ASSEMBLER=arm-none-eabi-as" "A
TRACE::2026-03-16.18:57:19::SCWBDomain::RCHIVER=arm-none-eabi-ar" "COMPILER_FLAGS=  -O2 -c" "EXTRA_COMPILER_FLAGS=-mcpu=cortex-a9 -mfpu=vfpv3 -mfloat-abi=hard -nostart
TRACE::2026-03-16.18:57:19::SCWBDomain::files -g -Wall -Wextra -fno-tree-loop-distribute-patterns"

TRACE::2026-03-16.18:57:20::SCWBDomain::'Finished building libraries sequentially.'

TRACE::2026-03-16.18:57:20::SCWBDomain::make -j 10 --no-print-directory par_libs

TRACE::2026-03-16.18:57:20::SCWBDomain::"Running Make include in ps7_cortexa9_0/libsrc/coresightps_dcc_v1_8/src"

TRACE::2026-03-16.18:57:20::SCWBDomain::make -C ps7_cortexa9_0/libsrc/coresightps_dcc_v1_8/src -s include  "SHELL=CMD" "COMPILER=arm-none-eabi-gcc" "ASSEMBLER=arm-none
TRACE::2026-03-16.18:57:20::SCWBDomain::-eabi-as" "ARCHIVER=arm-none-eabi-ar" "COMPILER_FLAGS=  -O2 -c" "EXTRA_COMPILER_FLAGS=-mcpu=cortex-a9 -mfpu=vfpv3 -mfloat-abi=h
TRACE::2026-03-16.18:57:20::SCWBDomain::ard -nostartfiles -g -Wall -Wextra -fno-tree-loop-distribute-patterns"

TRACE::2026-03-16.18:57:20::SCWBDomain::"Running Make include in ps7_cortexa9_0/libsrc/cpu_cortexa9_v2_11/src"

TRACE::2026-03-16.18:57:20::SCWBDomain::make -C ps7_cortexa9_0/libsrc/cpu_cortexa9_v2_11/src -s include  "SHELL=CMD" "COMPILER=arm-none-eabi-gcc" "ASSEMBLER=arm-none-e
TRACE::2026-03-16.18:57:20::SCWBDomain::abi-as" "ARCHIVER=arm-none-eabi-ar" "COMPILER_FLAGS=  -O2 -c" "EXTRA_COMPILER_FLAGS=-mcpu=cortex-a9 -mfpu=vfpv3 -mfloat-abi=har
TRACE::2026-03-16.18:57:20::SCWBDomain::d -nostartfiles -g -Wall -Wextra -fno-tree-loop-distribute-patterns"

TRACE::2026-03-16.18:57:20::SCWBDomain::"Running Make include in ps7_cortexa9_0/libsrc/ddrps_v1_2/src"

TRACE::2026-03-16.18:57:20::SCWBDomain::make -C ps7_cortexa9_0/libsrc/ddrps_v1_2/src -s include  "SHELL=CMD" "COMPILER=arm-none-eabi-gcc" "ASSEMBLER=arm-none-eabi-as" 
TRACE::2026-03-16.18:57:20::SCWBDomain::"ARCHIVER=arm-none-eabi-ar" "COMPILER_FLAGS=  -O2 -c" "EXTRA_COMPILER_FLAGS=-mcpu=cortex-a9 -mfpu=vfpv3 -mfloat-abi=hard -nosta
TRACE::2026-03-16.18:57:20::SCWBDomain::rtfiles -g -Wall -Wextra -fno-tree-loop-distribute-patterns"

TRACE::2026-03-16.18:57:20::SCWBDomain::"Running Make include in ps7_cortexa9_0/libsrc/devcfg_v3_7/src"

TRACE::2026-03-16.18:57:21::SCWBDomain::make -C ps7_cortexa9_0/libsrc/devcfg_v3_7/src -s include  "SHELL=CMD" "COMPILER=arm-none-eabi-gcc" "ASSEMBLER=arm-none-eabi-as"
TRACE::2026-03-16.18:57:21::SCWBDomain:: "ARCHIVER=arm-none-eabi-ar" "COMPILER_FLAGS=  -O2 -c" "EXTRA_COMPILER_FLAGS=-mcpu=cortex-a9 -mfpu=vfpv3 -mfloat-abi=hard -nost
TRACE::2026-03-16.18:57:21::SCWBDomain::artfiles -g -Wall -Wextra -fno-tree-loop-distribute-patterns"

TRACE::2026-03-16.18:57:21::SCWBDomain::"Running Make include in ps7_cortexa9_0/libsrc/dmaps_v2_8/src"

TRACE::2026-03-16.18:57:21::SCWBDomain::"Running Make include in ps7_cortexa9_0/libsrc/emacps_v3_18/src"

TRACE::2026-03-16.18:57:21::SCWBDomain::make -C ps7_cortexa9_0/libsrc/dmaps_v2_8/src -s include  "SHELL=CMD" "COMPILER=arm-none-eabi-gcc" "ASSEMBLER=arm-none-eabi-as" 
TRACE::2026-03-16.18:57:21::SCWBDomain::"ARCHIVER=arm-none-eabi-ar" "COMPILER_FLAGS=  -O2 -c" "EXTRA_COMPILER_FLAGS=-mcpu=cortex-a9 -mfpu=vfpv3 -mfloat-abi=hard -nosta
TRACE::2026-03-16.18:57:21::SCWBDomain::rtfiles -g -Wall -Wextra -fno-tree-loop-distribute-patterns"

TRACE::2026-03-16.18:57:21::SCWBDomain::make -C ps7_cortexa9_0/libsrc/emacps_v3_18/src -s include  "SHELL=CMD" "COMPILER=arm-none-eabi-gcc" "ASSEMBLER=arm-none-eabi-as
TRACE::2026-03-16.18:57:21::SCWBDomain::" "ARCHIVER=arm-none-eabi-ar" "COMPILER_FLAGS=  -O2 -c" "EXTRA_COMPILER_FLAGS=-mcpu=cortex-a9 -mfpu=vfpv3 -mfloat-abi=hard -nos
TRACE::2026-03-16.18:57:21::SCWBDomain::tartfiles -g -Wall -Wextra -fno-tree-loop-distribute-patterns"

TRACE::2026-03-16.18:57:21::SCWBDomain::"Running Make include in ps7_cortexa9_0/libsrc/gpiops_v3_11/src"

TRACE::2026-03-16.18:57:21::SCWBDomain::make -C ps7_cortexa9_0/libsrc/gpiops_v3_11/src -s include  "SHELL=CMD" "COMPILER=arm-none-eabi-gcc" "ASSEMBLER=arm-none-eabi-as
TRACE::2026-03-16.18:57:21::SCWBDomain::" "ARCHIVER=arm-none-eabi-ar" "COMPILER_FLAGS=  -O2 -c" "EXTRA_COMPILER_FLAGS=-mcpu=cortex-a9 -mfpu=vfpv3 -mfloat-abi=hard -nos
TRACE::2026-03-16.18:57:21::SCWBDomain::tartfiles -g -Wall -Wextra -fno-tree-loop-distribute-patterns"

TRACE::2026-03-16.18:57:21::SCWBDomain::"Running Make include in ps7_cortexa9_0/libsrc/qspips_v3_10/src"

TRACE::2026-03-16.18:57:21::SCWBDomain::make -C ps7_cortexa9_0/libsrc/qspips_v3_10/src -s include  "SHELL=CMD" "COMPILER=arm-none-eabi-gcc" "ASSEMBLER=arm-none-eabi-as
TRACE::2026-03-16.18:57:21::SCWBDomain::" "ARCHIVER=arm-none-eabi-ar" "COMPILER_FLAGS=  -O2 -c" "EXTRA_COMPILER_FLAGS=-mcpu=cortex-a9 -mfpu=vfpv3 -mfloat-abi=hard -nos
TRACE::2026-03-16.18:57:21::SCWBDomain::tartfiles -g -Wall -Wextra -fno-tree-loop-distribute-patterns"

TRACE::2026-03-16.18:57:21::SCWBDomain::"Running Make include in ps7_cortexa9_0/libsrc/scugic_v5_1/src"

TRACE::2026-03-16.18:57:21::SCWBDomain::make -C ps7_cortexa9_0/libsrc/scugic_v5_1/src -s include  "SHELL=CMD" "COMPILER=arm-none-eabi-gcc" "ASSEMBLER=arm-none-eabi-as"
TRACE::2026-03-16.18:57:21::SCWBDomain:: "ARCHIVER=arm-none-eabi-ar" "COMPILER_FLAGS=  -O2 -c" "EXTRA_COMPILER_FLAGS=-mcpu=cortex-a9 -mfpu=vfpv3 -mfloat-abi=hard -nost
TRACE::2026-03-16.18:57:21::SCWBDomain::artfiles -g -Wall -Wextra -fno-tree-loop-distribute-patterns"

TRACE::2026-03-16.18:57:21::SCWBDomain::"Running Make include in ps7_cortexa9_0/libsrc/scutimer_v2_4/src"

TRACE::2026-03-16.18:57:21::SCWBDomain::make -C ps7_cortexa9_0/libsrc/scutimer_v2_4/src -s include  "SHELL=CMD" "COMPILER=arm-none-eabi-gcc" "ASSEMBLER=arm-none-eabi-a
TRACE::2026-03-16.18:57:21::SCWBDomain::s" "ARCHIVER=arm-none-eabi-ar" "COMPILER_FLAGS=  -O2 -c" "EXTRA_COMPILER_FLAGS=-mcpu=cortex-a9 -mfpu=vfpv3 -mfloat-abi=hard -no
TRACE::2026-03-16.18:57:21::SCWBDomain::startfiles -g -Wall -Wextra -fno-tree-loop-distribute-patterns"

TRACE::2026-03-16.18:57:21::SCWBDomain::"Running Make include in ps7_cortexa9_0/libsrc/scuwdt_v2_4/src"

TRACE::2026-03-16.18:57:21::SCWBDomain::make -C ps7_cortexa9_0/libsrc/scuwdt_v2_4/src -s include  "SHELL=CMD" "COMPILER=arm-none-eabi-gcc" "ASSEMBLER=arm-none-eabi-as"
TRACE::2026-03-16.18:57:21::SCWBDomain:: "ARCHIVER=arm-none-eabi-ar" "COMPILER_FLAGS=  -O2 -c" "EXTRA_COMPILER_FLAGS=-mcpu=cortex-a9 -mfpu=vfpv3 -mfloat-abi=hard -nost
TRACE::2026-03-16.18:57:21::SCWBDomain::artfiles -g -Wall -Wextra -fno-tree-loop-distribute-patterns"

TRACE::2026-03-16.18:57:21::SCWBDomain::"Running Make include in ps7_cortexa9_0/libsrc/sdps_v4_1/src"

TRACE::2026-03-16.18:57:21::SCWBDomain::make -C ps7_cortexa9_0/libsrc/sdps_v4_1/src -s include  "SHELL=CMD" "COMPILER=arm-none-eabi-gcc" "ASSEMBLER=arm-none-eabi-as" "
TRACE::2026-03-16.18:57:21::SCWBDomain::ARCHIVER=arm-none-eabi-ar" "COMPILER_FLAGS=  -O2 -c" "EXTRA_COMPILER_FLAGS=-mcpu=cortex-a9 -mfpu=vfpv3 -mfloat-abi=hard -nostar
TRACE::2026-03-16.18:57:21::SCWBDomain::tfiles -g -Wall -Wextra -fno-tree-loop-distribute-patterns"

TRACE::2026-03-16.18:57:21::SCWBDomain::"Running Make include in ps7_cortexa9_0/libsrc/standalone_v8_1/src"

TRACE::2026-03-16.18:57:21::SCWBDomain::make -C ps7_cortexa9_0/libsrc/standalone_v8_1/src -s include  "SHELL=CMD" "COMPILER=arm-none-eabi-gcc" "ASSEMBLER=arm-none-eabi
TRACE::2026-03-16.18:57:21::SCWBDomain::-as" "ARCHIVER=arm-none-eabi-ar" "COMPILER_FLAGS=  -O2 -c" "EXTRA_COMPILER_FLAGS=-mcpu=cortex-a9 -mfpu=vfpv3 -mfloat-abi=hard -
TRACE::2026-03-16.18:57:21::SCWBDomain::nostartfiles -g -Wall -Wextra -fno-tree-loop-distribute-patterns"

TRACE::2026-03-16.18:57:21::SCWBDomain::"Running Make include in ps7_cortexa9_0/libsrc/uartps_v3_12/src"

TRACE::2026-03-16.18:57:21::SCWBDomain::make -C ps7_cortexa9_0/libsrc/uartps_v3_12/src -s include  "SHELL=CMD" "COMPILER=arm-none-eabi-gcc" "ASSEMBLER=arm-none-eabi-as
TRACE::2026-03-16.18:57:21::SCWBDomain::" "ARCHIVER=arm-none-eabi-ar" "COMPILER_FLAGS=  -O2 -c" "EXTRA_COMPILER_FLAGS=-mcpu=cortex-a9 -mfpu=vfpv3 -mfloat-abi=hard -nos
TRACE::2026-03-16.18:57:21::SCWBDomain::tartfiles -g -Wall -Wextra -fno-tree-loop-distribute-patterns"

TRACE::2026-03-16.18:57:21::SCWBDomain::"Running Make include in ps7_cortexa9_0/libsrc/usbps_v2_7/src"

TRACE::2026-03-16.18:57:22::SCWBDomain::make -C ps7_cortexa9_0/libsrc/usbps_v2_7/src -s include  "SHELL=CMD" "COMPILER=arm-none-eabi-gcc" "ASSEMBLER=arm-none-eabi-as" 
TRACE::2026-03-16.18:57:22::SCWBDomain::"ARCHIVER=arm-none-eabi-ar" "COMPILER_FLAGS=  -O2 -c" "EXTRA_COMPILER_FLAGS=-mcpu=cortex-a9 -mfpu=vfpv3 -mfloat-abi=hard -nosta
TRACE::2026-03-16.18:57:22::SCWBDomain::rtfiles -g -Wall -Wextra -fno-tree-loop-distribute-patterns"

TRACE::2026-03-16.18:57:22::SCWBDomain::"Running Make include in ps7_cortexa9_0/libsrc/xadcps_v2_6/src"

TRACE::2026-03-16.18:57:22::SCWBDomain::make -C ps7_cortexa9_0/libsrc/xadcps_v2_6/src -s include  "SHELL=CMD" "COMPILER=arm-none-eabi-gcc" "ASSEMBLER=arm-none-eabi-as"
TRACE::2026-03-16.18:57:22::SCWBDomain:: "ARCHIVER=arm-none-eabi-ar" "COMPILER_FLAGS=  -O2 -c" "EXTRA_COMPILER_FLAGS=-mcpu=cortex-a9 -mfpu=vfpv3 -mfloat-abi=hard -nost
TRACE::2026-03-16.18:57:22::SCWBDomain::artfiles -g -Wall -Wextra -fno-tree-loop-distribute-patterns"

TRACE::2026-03-16.18:57:22::SCWBDomain::"Running Make include in ps7_cortexa9_0/libsrc/xilffs_v5_0/src"

TRACE::2026-03-16.18:57:22::SCWBDomain::make -C ps7_cortexa9_0/libsrc/xilffs_v5_0/src -s include  "SHELL=CMD" "COMPILER=arm-none-eabi-gcc" "ASSEMBLER=arm-none-eabi-as"
TRACE::2026-03-16.18:57:22::SCWBDomain:: "ARCHIVER=arm-none-eabi-ar" "COMPILER_FLAGS=  -O2 -c" "EXTRA_COMPILER_FLAGS=-mcpu=cortex-a9 -mfpu=vfpv3 -mfloat-abi=hard -nost
TRACE::2026-03-16.18:57:22::SCWBDomain::artfiles -g -Wall -Wextra -fno-tree-loop-distribute-patterns"

TRACE::2026-03-16.18:57:22::SCWBDomain::"Running Make include in ps7_cortexa9_0/libsrc/xilrsa_v1_6/src"

TRACE::2026-03-16.18:57:22::SCWBDomain::make -C ps7_cortexa9_0/libsrc/xilrsa_v1_6/src -s include  "SHELL=CMD" "COMPILER=arm-none-eabi-gcc" "ASSEMBLER=arm-none-eabi-as"
TRACE::2026-03-16.18:57:22::SCWBDomain:: "ARCHIVER=arm-none-eabi-ar" "COMPILER_FLAGS=  -O2 -c" "EXTRA_COMPILER_FLAGS=-mcpu=cortex-a9 -mfpu=vfpv3 -mfloat-abi=hard -nost
TRACE::2026-03-16.18:57:22::SCWBDomain::artfiles -g -Wall -Wextra -fno-tree-loop-distribute-patterns"

TRACE::2026-03-16.18:57:22::SCWBDomain::"Running Make libs in ps7_cortexa9_0/libsrc/coresightps_dcc_v1_8/src"

TRACE::2026-03-16.18:57:22::SCWBDomain::"Running Make libs in ps7_cortexa9_0/libsrc/cpu_cortexa9_v2_11/src"

TRACE::2026-03-16.18:57:22::SCWBDomain::make -C ps7_cortexa9_0/libsrc/coresightps_dcc_v1_8/src -s libs  "SHELL=CMD" "COMPILER=arm-none-eabi-gcc" "ASSEMBLER=arm-none-ea
TRACE::2026-03-16.18:57:22::SCWBDomain::bi-as" "ARCHIVER=arm-none-eabi-ar" "COMPILER_FLAGS=  -O2 -c" "EXTRA_COMPILER_FLAGS=-mcpu=cortex-a9 -mfpu=vfpv3 -mfloat-abi=hard
TRACE::2026-03-16.18:57:22::SCWBDomain:: -nostartfiles -g -Wall -Wextra -fno-tree-loop-distribute-patterns"

TRACE::2026-03-16.18:57:22::SCWBDomain::make -C ps7_cortexa9_0/libsrc/cpu_cortexa9_v2_11/src -s libs  "SHELL=CMD" "COMPILER=arm-none-eabi-gcc" "ASSEMBLER=arm-none-eabi
TRACE::2026-03-16.18:57:22::SCWBDomain::-as" "ARCHIVER=arm-none-eabi-ar" "COMPILER_FLAGS=  -O2 -c" "EXTRA_COMPILER_FLAGS=-mcpu=cortex-a9 -mfpu=vfpv3 -mfloat-abi=hard -
TRACE::2026-03-16.18:57:22::SCWBDomain::nostartfiles -g -Wall -Wextra -fno-tree-loop-distribute-patterns"

TRACE::2026-03-16.18:57:22::SCWBDomain::"Running Make libs in ps7_cortexa9_0/libsrc/ddrps_v1_2/src"

TRACE::2026-03-16.18:57:22::SCWBDomain::make -C ps7_cortexa9_0/libsrc/ddrps_v1_2/src -s libs  "SHELL=CMD" "COMPILER=arm-none-eabi-gcc" "ASSEMBLER=arm-none-eabi-as" "AR
TRACE::2026-03-16.18:57:22::SCWBDomain::CHIVER=arm-none-eabi-ar" "COMPILER_FLAGS=  -O2 -c" "EXTRA_COMPILER_FLAGS=-mcpu=cortex-a9 -mfpu=vfpv3 -mfloat-abi=hard -nostartf
TRACE::2026-03-16.18:57:22::SCWBDomain::iles -g -Wall -Wextra -fno-tree-loop-distribute-patterns"

TRACE::2026-03-16.18:57:23::SCWBDomain::"Running Make libs in ps7_cortexa9_0/libsrc/devcfg_v3_7/src"

TRACE::2026-03-16.18:57:23::SCWBDomain::make -C ps7_cortexa9_0/libsrc/devcfg_v3_7/src -s libs  "SHELL=CMD" "COMPILER=arm-none-eabi-gcc" "ASSEMBLER=arm-none-eabi-as" "A
TRACE::2026-03-16.18:57:23::SCWBDomain::RCHIVER=arm-none-eabi-ar" "COMPILER_FLAGS=  -O2 -c" "EXTRA_COMPILER_FLAGS=-mcpu=cortex-a9 -mfpu=vfpv3 -mfloat-abi=hard -nostart
TRACE::2026-03-16.18:57:23::SCWBDomain::files -g -Wall -Wextra -fno-tree-loop-distribute-patterns"

TRACE::2026-03-16.18:57:23::SCWBDomain::"Running Make libs in ps7_cortexa9_0/libsrc/dmaps_v2_8/src"

TRACE::2026-03-16.18:57:23::SCWBDomain::make -C ps7_cortexa9_0/libsrc/dmaps_v2_8/src -s libs  "SHELL=CMD" "COMPILER=arm-none-eabi-gcc" "ASSEMBLER=arm-none-eabi-as" "AR
TRACE::2026-03-16.18:57:23::SCWBDomain::CHIVER=arm-none-eabi-ar" "COMPILER_FLAGS=  -O2 -c" "EXTRA_COMPILER_FLAGS=-mcpu=cortex-a9 -mfpu=vfpv3 -mfloat-abi=hard -nostartf
TRACE::2026-03-16.18:57:23::SCWBDomain::iles -g -Wall -Wextra -fno-tree-loop-distribute-patterns"

TRACE::2026-03-16.18:57:23::SCWBDomain::"Running Make libs in ps7_cortexa9_0/libsrc/emacps_v3_18/src"

TRACE::2026-03-16.18:57:23::SCWBDomain::make -C ps7_cortexa9_0/libsrc/emacps_v3_18/src -s libs  "SHELL=CMD" "COMPILER=arm-none-eabi-gcc" "ASSEMBLER=arm-none-eabi-as" "
TRACE::2026-03-16.18:57:23::SCWBDomain::ARCHIVER=arm-none-eabi-ar" "COMPILER_FLAGS=  -O2 -c" "EXTRA_COMPILER_FLAGS=-mcpu=cortex-a9 -mfpu=vfpv3 -mfloat-abi=hard -nostar
TRACE::2026-03-16.18:57:23::SCWBDomain::tfiles -g -Wall -Wextra -fno-tree-loop-distribute-patterns"

TRACE::2026-03-16.18:57:24::SCWBDomain::"Running Make libs in ps7_cortexa9_0/libsrc/gpiops_v3_11/src"

TRACE::2026-03-16.18:57:24::SCWBDomain::make -C ps7_cortexa9_0/libsrc/gpiops_v3_11/src -s libs  "SHELL=CMD" "COMPILER=arm-none-eabi-gcc" "ASSEMBLER=arm-none-eabi-as" "
TRACE::2026-03-16.18:57:24::SCWBDomain::ARCHIVER=arm-none-eabi-ar" "COMPILER_FLAGS=  -O2 -c" "EXTRA_COMPILER_FLAGS=-mcpu=cortex-a9 -mfpu=vfpv3 -mfloat-abi=hard -nostar
TRACE::2026-03-16.18:57:24::SCWBDomain::tfiles -g -Wall -Wextra -fno-tree-loop-distribute-patterns"

TRACE::2026-03-16.18:57:26::SCWBDomain::"Running Make libs in ps7_cortexa9_0/libsrc/qspips_v3_10/src"

TRACE::2026-03-16.18:57:26::SCWBDomain::make -C ps7_cortexa9_0/libsrc/qspips_v3_10/src -s libs  "SHELL=CMD" "COMPILER=arm-none-eabi-gcc" "ASSEMBLER=arm-none-eabi-as" "
TRACE::2026-03-16.18:57:26::SCWBDomain::ARCHIVER=arm-none-eabi-ar" "COMPILER_FLAGS=  -O2 -c" "EXTRA_COMPILER_FLAGS=-mcpu=cortex-a9 -mfpu=vfpv3 -mfloat-abi=hard -nostar
TRACE::2026-03-16.18:57:26::SCWBDomain::tfiles -g -Wall -Wextra -fno-tree-loop-distribute-patterns"

TRACE::2026-03-16.18:57:27::SCWBDomain::"Running Make libs in ps7_cortexa9_0/libsrc/scugic_v5_1/src"

TRACE::2026-03-16.18:57:27::SCWBDomain::make -C ps7_cortexa9_0/libsrc/scugic_v5_1/src -s libs  "SHELL=CMD" "COMPILER=arm-none-eabi-gcc" "ASSEMBLER=arm-none-eabi-as" "A
TRACE::2026-03-16.18:57:27::SCWBDomain::RCHIVER=arm-none-eabi-ar" "COMPILER_FLAGS=  -O2 -c" "EXTRA_COMPILER_FLAGS=-mcpu=cortex-a9 -mfpu=vfpv3 -mfloat-abi=hard -nostart
TRACE::2026-03-16.18:57:27::SCWBDomain::files -g -Wall -Wextra -fno-tree-loop-distribute-patterns"

TRACE::2026-03-16.18:57:27::SCWBDomain::"Running Make libs in ps7_cortexa9_0/libsrc/scutimer_v2_4/src"

TRACE::2026-03-16.18:57:27::SCWBDomain::make -C ps7_cortexa9_0/libsrc/scutimer_v2_4/src -s libs  "SHELL=CMD" "COMPILER=arm-none-eabi-gcc" "ASSEMBLER=arm-none-eabi-as" 
TRACE::2026-03-16.18:57:27::SCWBDomain::"ARCHIVER=arm-none-eabi-ar" "COMPILER_FLAGS=  -O2 -c" "EXTRA_COMPILER_FLAGS=-mcpu=cortex-a9 -mfpu=vfpv3 -mfloat-abi=hard -nosta
TRACE::2026-03-16.18:57:27::SCWBDomain::rtfiles -g -Wall -Wextra -fno-tree-loop-distribute-patterns"

TRACE::2026-03-16.18:57:28::SCWBDomain::"Running Make libs in ps7_cortexa9_0/libsrc/scuwdt_v2_4/src"

TRACE::2026-03-16.18:57:28::SCWBDomain::make -C ps7_cortexa9_0/libsrc/scuwdt_v2_4/src -s libs  "SHELL=CMD" "COMPILER=arm-none-eabi-gcc" "ASSEMBLER=arm-none-eabi-as" "A
TRACE::2026-03-16.18:57:28::SCWBDomain::RCHIVER=arm-none-eabi-ar" "COMPILER_FLAGS=  -O2 -c" "EXTRA_COMPILER_FLAGS=-mcpu=cortex-a9 -mfpu=vfpv3 -mfloat-abi=hard -nostart
TRACE::2026-03-16.18:57:28::SCWBDomain::files -g -Wall -Wextra -fno-tree-loop-distribute-patterns"

TRACE::2026-03-16.18:57:29::SCWBDomain::"Running Make libs in ps7_cortexa9_0/libsrc/sdps_v4_1/src"

TRACE::2026-03-16.18:57:29::SCWBDomain::make -C ps7_cortexa9_0/libsrc/sdps_v4_1/src -s libs  "SHELL=CMD" "COMPILER=arm-none-eabi-gcc" "ASSEMBLER=arm-none-eabi-as" "ARC
TRACE::2026-03-16.18:57:29::SCWBDomain::HIVER=arm-none-eabi-ar" "COMPILER_FLAGS=  -O2 -c" "EXTRA_COMPILER_FLAGS=-mcpu=cortex-a9 -mfpu=vfpv3 -mfloat-abi=hard -nostartfi
TRACE::2026-03-16.18:57:29::SCWBDomain::les -g -Wall -Wextra -fno-tree-loop-distribute-patterns"

TRACE::2026-03-16.18:57:31::SCWBDomain::"Running Make libs in ps7_cortexa9_0/libsrc/standalone_v8_1/src"

TRACE::2026-03-16.18:57:31::SCWBDomain::make -C ps7_cortexa9_0/libsrc/standalone_v8_1/src -s libs  "SHELL=CMD" "COMPILER=arm-none-eabi-gcc" "ASSEMBLER=arm-none-eabi-as
TRACE::2026-03-16.18:57:31::SCWBDomain::" "ARCHIVER=arm-none-eabi-ar" "COMPILER_FLAGS=  -O2 -c" "EXTRA_COMPILER_FLAGS=-mcpu=cortex-a9 -mfpu=vfpv3 -mfloat-abi=hard -nos
TRACE::2026-03-16.18:57:31::SCWBDomain::tartfiles -g -Wall -Wextra -fno-tree-loop-distribute-patterns"

TRACE::2026-03-16.18:57:31::SCWBDomain::"Running Make libs in ps7_cortexa9_0/libsrc/uartps_v3_12/src"

TRACE::2026-03-16.18:57:31::SCWBDomain::make -C ps7_cortexa9_0/libsrc/uartps_v3_12/src -s libs  "SHELL=CMD" "COMPILER=arm-none-eabi-gcc" "ASSEMBLER=arm-none-eabi-as" "
TRACE::2026-03-16.18:57:31::SCWBDomain::ARCHIVER=arm-none-eabi-ar" "COMPILER_FLAGS=  -O2 -c" "EXTRA_COMPILER_FLAGS=-mcpu=cortex-a9 -mfpu=vfpv3 -mfloat-abi=hard -nostar
TRACE::2026-03-16.18:57:31::SCWBDomain::tfiles -g -Wall -Wextra -fno-tree-loop-distribute-patterns"

TRACE::2026-03-16.18:57:31::SCWBDomain::"Running Make libs in ps7_cortexa9_0/libsrc/usbps_v2_7/src"

TRACE::2026-03-16.18:57:31::SCWBDomain::make -C ps7_cortexa9_0/libsrc/usbps_v2_7/src -s libs  "SHELL=CMD" "COMPILER=arm-none-eabi-gcc" "ASSEMBLER=arm-none-eabi-as" "AR
TRACE::2026-03-16.18:57:31::SCWBDomain::CHIVER=arm-none-eabi-ar" "COMPILER_FLAGS=  -O2 -c" "EXTRA_COMPILER_FLAGS=-mcpu=cortex-a9 -mfpu=vfpv3 -mfloat-abi=hard -nostartf
TRACE::2026-03-16.18:57:31::SCWBDomain::iles -g -Wall -Wextra -fno-tree-loop-distribute-patterns"

TRACE::2026-03-16.18:57:32::SCWBDomain::"Running Make libs in ps7_cortexa9_0/libsrc/xadcps_v2_6/src"

TRACE::2026-03-16.18:57:32::SCWBDomain::make -C ps7_cortexa9_0/libsrc/xadcps_v2_6/src -s libs  "SHELL=CMD" "COMPILER=arm-none-eabi-gcc" "ASSEMBLER=arm-none-eabi-as" "A
TRACE::2026-03-16.18:57:32::SCWBDomain::RCHIVER=arm-none-eabi-ar" "COMPILER_FLAGS=  -O2 -c" "EXTRA_COMPILER_FLAGS=-mcpu=cortex-a9 -mfpu=vfpv3 -mfloat-abi=hard -nostart
TRACE::2026-03-16.18:57:32::SCWBDomain::files -g -Wall -Wextra -fno-tree-loop-distribute-patterns"

TRACE::2026-03-16.18:57:33::SCWBDomain::"Running Make libs in ps7_cortexa9_0/libsrc/xilffs_v5_0/src"

TRACE::2026-03-16.18:57:33::SCWBDomain::make -C ps7_cortexa9_0/libsrc/xilffs_v5_0/src -s libs  "SHELL=CMD" "COMPILER=arm-none-eabi-gcc" "ASSEMBLER=arm-none-eabi-as" "A
TRACE::2026-03-16.18:57:33::SCWBDomain::RCHIVER=arm-none-eabi-ar" "COMPILER_FLAGS=  -O2 -c" "EXTRA_COMPILER_FLAGS=-mcpu=cortex-a9 -mfpu=vfpv3 -mfloat-abi=hard -nostart
TRACE::2026-03-16.18:57:33::SCWBDomain::files -g -Wall -Wextra -fno-tree-loop-distribute-patterns"

TRACE::2026-03-16.18:57:45::SCWBDomain::'Finished building libraries parallelly.'

TRACE::2026-03-16.18:57:45::SCWBDomain::make --no-print-directory archive

TRACE::2026-03-16.18:57:45::SCWBDomain::arm-none-eabi-ar -r  ps7_cortexa9_0/lib/libxil.a ps7_cortexa9_0/lib/_exit.o ps7_cortexa9_0/lib/_open.o ps7_cortexa9_0/lib/_sbrk
TRACE::2026-03-16.18:57:45::SCWBDomain::.o ps7_cortexa9_0/lib/abort.o ps7_cortexa9_0/lib/asm_vectors.o ps7_cortexa9_0/lib/boot.o ps7_cortexa9_0/lib/close.o ps7_cortexa
TRACE::2026-03-16.18:57:45::SCWBDomain::9_0/lib/cpputest_time.o ps7_cortexa9_0/lib/cpu_init.o ps7_cortexa9_0/lib/errno.o ps7_cortexa9_0/lib/fcntl.o ps7_cortexa9_0/lib/
TRACE::2026-03-16.18:57:45::SCWBDomain::fstat.o ps7_cortexa9_0/lib/getentropy.o ps7_cortexa9_0/lib/getpid.o ps7_cortexa9_0/lib/inbyte.o ps7_cortexa9_0/lib/isatty.o ps7
TRACE::2026-03-16.18:57:45::SCWBDomain::_cortexa9_0/lib/kill.o ps7_cortexa9_0/lib/lseek.o ps7_cortexa9_0/lib/open.o ps7_cortexa9_0/lib/outbyte.o ps7_cortexa9_0/lib/pri
TRACE::2026-03-16.18:57:45::SCWBDomain::nt.o ps7_cortexa9_0/lib/putnum.o ps7_cortexa9_0/lib/read.o ps7_cortexa9_0/lib/sbrk.o ps7_cortexa9_0/lib/sleep.o ps7_cortexa9_0/
TRACE::2026-03-16.18:57:45::SCWBDomain::lib/time.o ps7_cortexa9_0/lib/translation_table.o ps7_cortexa9_0/lib/unlink.o ps7_cortexa9_0/lib/usleep.o ps7_cortexa9_0/lib/ve
TRACE::2026-03-16.18:57:45::SCWBDomain::ctors.o ps7_cortexa9_0/lib/write.o ps7_cortexa9_0/lib/xadcps.o ps7_cortexa9_0/lib/xadcps_g.o ps7_cortexa9_0/lib/xadcps_intr.o p
TRACE::2026-03-16.18:57:45::SCWBDomain::s7_cortexa9_0/lib/xadcps_selftest.o ps7_cortexa9_0/lib/xadcps_sinit.o ps7_cortexa9_0/lib/xcoresightpsdcc.o ps7_cortexa9_0/lib/x
TRACE::2026-03-16.18:57:45::SCWBDomain::devcfg.o ps7_cortexa9_0/lib/xdevcfg_g.o ps7_cortexa9_0/lib/xdevcfg_hw.o ps7_cortexa9_0/lib/xdevcfg_intr.o ps7_cortexa9_0/lib/xd
TRACE::2026-03-16.18:57:45::SCWBDomain::evcfg_selftest.o ps7_cortexa9_0/lib/xdevcfg_sinit.o ps7_cortexa9_0/lib/xdmaps.o ps7_cortexa9_0/lib/xdmaps_g.o ps7_cortexa9_0/li
TRACE::2026-03-16.18:57:45::SCWBDomain::b/xdmaps_hw.o ps7_cortexa9_0/lib/xdmaps_selftest.o ps7_cortexa9_0/lib/xdmaps_sinit.o ps7_cortexa9_0/lib/xemacps.o ps7_cortexa9_
TRACE::2026-03-16.18:57:45::SCWBDomain::0/lib/xemacps_bdring.o ps7_cortexa9_0/lib/xemacps_control.o ps7_cortexa9_0/lib/xemacps_g.o ps7_cortexa9_0/lib/xemacps_hw.o ps7_
TRACE::2026-03-16.18:57:45::SCWBDomain::cortexa9_0/lib/xemacps_intr.o ps7_cortexa9_0/lib/xemacps_sinit.o ps7_cortexa9_0/lib/xgpiops.o ps7_cortexa9_0/lib/xgpiops_g.o ps
TRACE::2026-03-16.18:57:45::SCWBDomain::7_cortexa9_0/lib/xgpiops_hw.o ps7_cortexa9_0/lib/xgpiops_intr.o ps7_cortexa9_0/lib/xgpiops_selftest.o ps7_cortexa9_0/lib/xgpiop
TRACE::2026-03-16.18:57:45::SCWBDomain::s_sinit.o ps7_cortexa9_0/lib/xil-crt0.o ps7_cortexa9_0/lib/xil_assert.o ps7_cortexa9_0/lib/xil_cache.o ps7_cortexa9_0/lib/xil_c
TRACE::2026-03-16.18:57:45::SCWBDomain::locking.o ps7_cortexa9_0/lib/xil_exception.o ps7_cortexa9_0/lib/xil_mem.o ps7_cortexa9_0/lib/xil_misc_psreset_api.o ps7_cortexa
TRACE::2026-03-16.18:57:45::SCWBDomain::9_0/lib/xil_mmu.o ps7_cortexa9_0/lib/xil_printf.o ps7_cortexa9_0/lib/xil_sleepcommon.o ps7_cortexa9_0/lib/xil_sleeptimer.o ps7_
TRACE::2026-03-16.18:57:45::SCWBDomain::cortexa9_0/lib/xil_spinlock.o ps7_cortexa9_0/lib/xil_testcache.o ps7_cortexa9_0/lib/xil_testio.o ps7_cortexa9_0/lib/xil_testmem
TRACE::2026-03-16.18:57:45::SCWBDomain::.o ps7_cortexa9_0/lib/xil_util.o ps7_cortexa9_0/lib/xinterrupt_wrap.o ps7_cortexa9_0/lib/xl2cc_counter.o ps7_cortexa9_0/lib/xpl
TRACE::2026-03-16.18:57:45::SCWBDomain::atform_info.o ps7_cortexa9_0/lib/xpm_counter.o ps7_cortexa9_0/lib/xqspips.o ps7_cortexa9_0/lib/xqspips_g.o ps7_cortexa9_0/lib/x
TRACE::2026-03-16.18:57:45::SCWBDomain::qspips_hw.o ps7_cortexa9_0/lib/xqspips_options.o ps7_cortexa9_0/lib/xqspips_selftest.o ps7_cortexa9_0/lib/xqspips_sinit.o ps7_c
TRACE::2026-03-16.18:57:45::SCWBDomain::ortexa9_0/lib/xscugic.o ps7_cortexa9_0/lib/xscugic_g.o ps7_cortexa9_0/lib/xscugic_hw.o ps7_cortexa9_0/lib/xscugic_intr.o ps7_co
TRACE::2026-03-16.18:57:45::SCWBDomain::rtexa9_0/lib/xscugic_selftest.o ps7_cortexa9_0/lib/xscugic_sinit.o ps7_cortexa9_0/lib/xscutimer.o ps7_cortexa9_0/lib/xscutimer_
TRACE::2026-03-16.18:57:45::SCWBDomain::g.o ps7_cortexa9_0/lib/xscutimer_selftest.o ps7_cortexa9_0/lib/xscutimer_sinit.o ps7_cortexa9_0/lib/xscuwdt.o ps7_cortexa9_0/li
TRACE::2026-03-16.18:57:45::SCWBDomain::b/xscuwdt_g.o ps7_cortexa9_0/lib/xscuwdt_selftest.o ps7_cortexa9_0/lib/xscuwdt_sinit.o ps7_cortexa9_0/lib/xsdps.o ps7_cortexa9_
TRACE::2026-03-16.18:57:45::SCWBDomain::0/lib/xsdps_card.o ps7_cortexa9_0/lib/xsdps_g.o ps7_cortexa9_0/lib/xsdps_host.o ps7_cortexa9_0/lib/xsdps_options.o ps7_cortexa9
TRACE::2026-03-16.18:57:45::SCWBDomain::_0/lib/xsdps_sinit.o ps7_cortexa9_0/lib/xtime_l.o ps7_cortexa9_0/lib/xuartps.o ps7_cortexa9_0/lib/xuartps_g.o ps7_cortexa9_0/li
TRACE::2026-03-16.18:57:45::SCWBDomain::b/xuartps_hw.o ps7_cortexa9_0/lib/xuartps_intr.o ps7_cortexa9_0/lib/xuartps_options.o ps7_cortexa9_0/lib/xuartps_selftest.o ps7
TRACE::2026-03-16.18:57:45::SCWBDomain::_cortexa9_0/lib/xuartps_sinit.o ps7_cortexa9_0/lib/xusbps.o ps7_cortexa9_0/lib/xusbps_endpoint.o ps7_cortexa9_0/lib/xusbps_g.o 
TRACE::2026-03-16.18:57:45::SCWBDomain::ps7_cortexa9_0/lib/xusbps_hw.o ps7_cortexa9_0/lib/xusbps_intr.o ps7_cortexa9_0/lib/xusbps_sinit.o

TRACE::2026-03-16.18:57:46::SCWBDomain::'Finished building libraries'

TRACE::2026-03-16.18:57:46::SCWBDomain::make: Leaving directory 'C:/Users/ER250/OneDrive/Documents/ECE520_SOC/ECE520_SandBox/int_gen_soc_re/int_gen_soc_vitis/int_gen_p
TRACE::2026-03-16.18:57:46::SCWBDomain::lat/zynq_fsbl/zynq_fsbl_bsp'

TRACE::2026-03-16.18:57:46::SCWBDomain::arm-none-eabi-gcc  -O2 -c -MMD -MP       -mcpu=cortex-a9 -mfpu=vfpv3 -mfloat-abi=hard  -c sd.c -o sd.o -Izynq_fsbl_bsp/ps7_cort
TRACE::2026-03-16.18:57:46::SCWBDomain::exa9_0/include -I.

TRACE::2026-03-16.18:57:46::SCWBDomain::arm-none-eabi-gcc  -O2 -c -MMD -MP       -mcpu=cortex-a9 -mfpu=vfpv3 -mfloat-abi=hard  -c nand.c -o nand.o -Izynq_fsbl_bsp/ps7_
TRACE::2026-03-16.18:57:46::SCWBDomain::cortexa9_0/include -I.

TRACE::2026-03-16.18:57:47::SCWBDomain::arm-none-eabi-gcc  -O2 -c -MMD -MP       -mcpu=cortex-a9 -mfpu=vfpv3 -mfloat-abi=hard  -c nor.c -o nor.o -Izynq_fsbl_bsp/ps7_co
TRACE::2026-03-16.18:57:47::SCWBDomain::rtexa9_0/include -I.

TRACE::2026-03-16.18:57:47::SCWBDomain::arm-none-eabi-gcc  -O2 -c -MMD -MP       -mcpu=cortex-a9 -mfpu=vfpv3 -mfloat-abi=hard  -c image_mover.c -o image_mover.o -Izynq
TRACE::2026-03-16.18:57:47::SCWBDomain::_fsbl_bsp/ps7_cortexa9_0/include -I.

TRACE::2026-03-16.18:57:48::SCWBDomain::arm-none-eabi-gcc  -O2 -c -MMD -MP       -mcpu=cortex-a9 -mfpu=vfpv3 -mfloat-abi=hard  -c md5.c -o md5.o -Izynq_fsbl_bsp/ps7_co
TRACE::2026-03-16.18:57:48::SCWBDomain::rtexa9_0/include -I.

TRACE::2026-03-16.18:57:49::SCWBDomain::arm-none-eabi-gcc  -O2 -c -MMD -MP       -mcpu=cortex-a9 -mfpu=vfpv3 -mfloat-abi=hard  -c fsbl_hooks.c -o fsbl_hooks.o -Izynq_f
TRACE::2026-03-16.18:57:49::SCWBDomain::sbl_bsp/ps7_cortexa9_0/include -I.

TRACE::2026-03-16.18:57:49::SCWBDomain::arm-none-eabi-gcc  -O2 -c -MMD -MP       -mcpu=cortex-a9 -mfpu=vfpv3 -mfloat-abi=hard  -c main.c -o main.o -Izynq_fsbl_bsp/ps7_
TRACE::2026-03-16.18:57:49::SCWBDomain::cortexa9_0/include -I.

TRACE::2026-03-16.18:57:50::SCWBDomain::arm-none-eabi-gcc  -O2 -c -MMD -MP       -mcpu=cortex-a9 -mfpu=vfpv3 -mfloat-abi=hard  -c rsa.c -o rsa.o -Izynq_fsbl_bsp/ps7_co
TRACE::2026-03-16.18:57:50::SCWBDomain::rtexa9_0/include -I.

TRACE::2026-03-16.18:57:50::SCWBDomain::arm-none-eabi-gcc  -O2 -c -MMD -MP       -mcpu=cortex-a9 -mfpu=vfpv3 -mfloat-abi=hard  -c qspi.c -o qspi.o -Izynq_fsbl_bsp/ps7_
TRACE::2026-03-16.18:57:50::SCWBDomain::cortexa9_0/include -I.

TRACE::2026-03-16.18:57:51::SCWBDomain::arm-none-eabi-gcc  -O2 -c -MMD -MP       -mcpu=cortex-a9 -mfpu=vfpv3 -mfloat-abi=hard  -c ps7_init.c -o ps7_init.o -Izynq_fsbl_
TRACE::2026-03-16.18:57:51::SCWBDomain::bsp/ps7_cortexa9_0/include -I.

TRACE::2026-03-16.18:57:51::SCWBDomain::arm-none-eabi-gcc  -O2 -c -MMD -MP       -mcpu=cortex-a9 -mfpu=vfpv3 -mfloat-abi=hard  -c pcap.c -o pcap.o -Izynq_fsbl_bsp/ps7_
TRACE::2026-03-16.18:57:51::SCWBDomain::cortexa9_0/include -I.

TRACE::2026-03-16.18:57:52::SCWBDomain::arm-none-eabi-gcc  -O2 -c -MMD -MP       -mcpu=cortex-a9 -mfpu=vfpv3 -mfloat-abi=hard  -c fsbl_handoff.S -o fsbl_handoff.o -Izy
TRACE::2026-03-16.18:57:52::SCWBDomain::nq_fsbl_bsp/ps7_cortexa9_0/include -I.

TRACE::2026-03-16.18:57:52::SCWBDomain::arm-none-eabi-gcc -o fsbl.elf fsbl_handoff.o fsbl_hooks.o image_mover.o main.o md5.o nand.o nor.o pcap.o ps7_init.o qspi.o rsa.
TRACE::2026-03-16.18:57:52::SCWBDomain::o sd.o -MMD -MP       -mcpu=cortex-a9 -mfpu=vfpv3 -mfloat-abi=hard   -mcpu=cortex-a9 -mfpu=vfpv3 -mfloat-abi=hard -Wl,-build-id
TRACE::2026-03-16.18:57:52::SCWBDomain::=none -specs=Xilinx.spec  -lrsa -Wl,--start-group,-lxil,-lgcc,-lc,--end-group -Wl,--start-group,-lxilffs,-lxil,-lgcc,-lc,--end-
TRACE::2026-03-16.18:57:52::SCWBDomain::group -Wl,--start-group,-lrsa,-lxil,-lgcc,-lc,--end-group                                   -Wl,--gc-sections -Lzynq_fsbl_bsp/p
TRACE::2026-03-16.18:57:52::SCWBDomain::s7_cortexa9_0/lib -L./ -Tlscript.ld

LOG::2026-03-16.18:57:54::SCWSystem::Checking the domain standalone_domain
LOG::2026-03-16.18:57:54::SCWSystem::Not a boot domain 
LOG::2026-03-16.18:57:54::SCWSystem::Started Processing the domain standalone_domain
TRACE::2026-03-16.18:57:54::SCWDomain::Generating domain artifcats
TRACE::2026-03-16.18:57:54::SCWMssOS::Generating standalone artifcats
TRACE::2026-03-16.18:57:54::SCWMssOS::Copying the qemu file from  C:/Users/ER250/OneDrive/Documents/ECE520_SOC/ECE520_SandBox/int_gen_soc_re/int_gen_soc_vitis/int_gen_plat/resources/int_gen_plat/standalone_domain/qemu_args.txt To C:/Users/ER250/OneDrive/Documents/ECE520_SOC/ECE520_SandBox/int_gen_soc_re/int_gen_soc_vitis/int_gen_plat/export/int_gen_plat/sw/int_gen_plat/qemu/
TRACE::2026-03-16.18:57:54::SCWMssOS::Copying the qemu file from  C:/Users/ER250/OneDrive/Documents/ECE520_SOC/ECE520_SandBox/int_gen_soc_re/int_gen_soc_vitis/int_gen_plat/resources/int_gen_plat/standalone_domain/qemu_args.txt To C:/Users/ER250/OneDrive/Documents/ECE520_SOC/ECE520_SandBox/int_gen_soc_re/int_gen_soc_vitis/int_gen_plat/export/int_gen_plat/sw/int_gen_plat/standalone_domain/qemu/
TRACE::2026-03-16.18:57:54::SCWMssOS:: Copying the user libraries. 
TRACE::2026-03-16.18:57:54::SCWPlatform::Trying to open the hw design at C:/Users/ER250/OneDrive/Documents/ECE520_SOC/ECE520_SandBox/int_gen_soc_re/int_gen_soc_vitis/int_gen_plat/hw/int_gen_bd_re_wrapper.xsa
TRACE::2026-03-16.18:57:54::SCWPlatform::DSA given C:/Users/ER250/OneDrive/Documents/ECE520_SOC/ECE520_SandBox/int_gen_soc_re/int_gen_soc_vitis/int_gen_plat/hw/int_gen_bd_re_wrapper.xsa
TRACE::2026-03-16.18:57:54::SCWPlatform::DSA absoulate path C:/Users/ER250/OneDrive/Documents/ECE520_SOC/ECE520_SandBox/int_gen_soc_re/int_gen_soc_vitis/int_gen_plat/hw/int_gen_bd_re_wrapper.xsa
TRACE::2026-03-16.18:57:54::SCWPlatform::DSA directory C:/Users/ER250/OneDrive/Documents/ECE520_SOC/ECE520_SandBox/int_gen_soc_re/int_gen_soc_vitis/int_gen_plat/hw
TRACE::2026-03-16.18:57:54::SCWPlatform:: Platform Path C:/Users/ER250/OneDrive/Documents/ECE520_SOC/ECE520_SandBox/int_gen_soc_re/int_gen_soc_vitis/int_gen_plat/hw/int_gen_bd_re_wrapper.xsa
TRACE::2026-03-16.18:57:54::SCWPlatform:: Unique name xilinx:zybo-z7-10::0.0
TRACE::2026-03-16.18:57:54::SCWPlatform::Trying to set the existing hwdb with name int_gen_bd_re_wrapper_1
TRACE::2026-03-16.18:57:54::SCWPlatform::Opened existing hwdb int_gen_bd_re_wrapper_1
TRACE::2026-03-16.18:57:54::SCWPlatform::Found the Hw Db part of the input DSA
TRACE::2026-03-16.18:57:54::SCWMssOS::Checking the sw design at  C:/Users/ER250/OneDrive/Documents/ECE520_SOC/ECE520_SandBox/int_gen_soc_re/int_gen_soc_vitis/int_gen_plat/ps7_cortexa9_0/standalone_domain/bsp/system.mss
TRACE::2026-03-16.18:57:54::SCWMssOS::DEBUG:  swdes dump  C:/Users/ER250/OneDrive/Documents/ECE520_SOC/ECE520_SandBox/int_gen_soc_re/int_gen_soc_vitis/int_gen_plat/zynq_fsbl/zynq_fsbl_bsp/system.mss|system_0||

TRACE::2026-03-16.18:57:54::SCWMssOS::No sw design opened at  C:/Users/ER250/OneDrive/Documents/ECE520_SOC/ECE520_SandBox/int_gen_soc_re/int_gen_soc_vitis/int_gen_plat/ps7_cortexa9_0/standalone_domain/bsp/system.mss
TRACE::2026-03-16.18:57:54::SCWMssOS::mss exists loading the mss file  C:/Users/ER250/OneDrive/Documents/ECE520_SOC/ECE520_SandBox/int_gen_soc_re/int_gen_soc_vitis/int_gen_plat/ps7_cortexa9_0/standalone_domain/bsp/system.mss
TRACE::2026-03-16.18:57:54::SCWMssOS::Opened the sw design from mss  C:/Users/ER250/OneDrive/Documents/ECE520_SOC/ECE520_SandBox/int_gen_soc_re/int_gen_soc_vitis/int_gen_plat/ps7_cortexa9_0/standalone_domain/bsp/system.mss
TRACE::2026-03-16.18:57:54::SCWMssOS::Adding the swdes entry C:/Users/ER250/OneDrive/Documents/ECE520_SOC/ECE520_SandBox/int_gen_soc_re/int_gen_soc_vitis/int_gen_plat/ps7_cortexa9_0/standalone_domain/bsp/system.mss with des name system
TRACE::2026-03-16.18:57:54::SCWMssOS::updating the scw layer about changes
TRACE::2026-03-16.18:57:54::SCWMssOS::Opened the sw design.  C:/Users/ER250/OneDrive/Documents/ECE520_SOC/ECE520_SandBox/int_gen_soc_re/int_gen_soc_vitis/int_gen_plat/ps7_cortexa9_0/standalone_domain/bsp/system.mss
TRACE::2026-03-16.18:57:54::SCWMssOS::Completed writing the mss file at C:/Users/ER250/OneDrive/Documents/ECE520_SOC/ECE520_SandBox/int_gen_soc_re/int_gen_soc_vitis/int_gen_plat/ps7_cortexa9_0/standalone_domain/bsp
TRACE::2026-03-16.18:57:54::SCWMssOS::Mss edits present, copying mssfile into export location C:/Users/ER250/OneDrive/Documents/ECE520_SOC/ECE520_SandBox/int_gen_soc_re/int_gen_soc_vitis/int_gen_plat/ps7_cortexa9_0/standalone_domain/bsp/system.mss
TRACE::2026-03-16.18:57:54::SCWMssOS::bsp generated is upto date with the mss file. Skipping bsp generation.
TRACE::2026-03-16.18:57:54::SCWMssOS::BSP is already built. skipping the bsp build ... 
TRACE::2026-03-16.18:57:54::SCWDomain::Building the domain as part of full build :  standalone_domain
TRACE::2026-03-16.18:57:54::SCWMssOS::doing bsp build ... 
TRACE::2026-03-16.18:57:54::SCWMssOS::System Command Ran  C: & cd  C:/Users/ER250/OneDrive/Documents/ECE520_SOC/ECE520_SandBox/int_gen_soc_re/int_gen_soc_vitis/int_gen_plat/ps7_cortexa9_0/standalone_domain/bsp & make 
TRACE::2026-03-16.18:57:54::SCWMssOS::make --no-print-directory seq_libs

TRACE::2026-03-16.18:57:55::SCWMssOS::'Finished building libraries sequentially.'

TRACE::2026-03-16.18:57:55::SCWMssOS::make -j 10 --no-print-directory par_libs

TRACE::2026-03-16.18:57:55::SCWMssOS::"Running Make include in ps7_cortexa9_0/libsrc/coresightps_dcc_v1_8/src"

TRACE::2026-03-16.18:57:55::SCWMssOS::make -C ps7_cortexa9_0/libsrc/coresightps_dcc_v1_8/src -s include  "SHELL=CMD" "COMPILER=arm-none-eabi-gcc" "ASSEMBLER=arm-none
TRACE::2026-03-16.18:57:55::SCWMssOS::-eabi-as" "ARCHIVER=arm-none-eabi-ar" "COMPILER_FLAGS=  -O2 -c" "EXTRA_COMPILER_FLAGS=-mcpu=cortex-a9 -mfpu=vfpv3 -mfloat-abi=h
TRACE::2026-03-16.18:57:55::SCWMssOS::ard -nostartfiles -g -Wall -Wextra -fno-tree-loop-distribute-patterns"

TRACE::2026-03-16.18:57:55::SCWMssOS::"Running Make include in ps7_cortexa9_0/libsrc/cpu_cortexa9_v2_11/src"

TRACE::2026-03-16.18:57:55::SCWMssOS::make -C ps7_cortexa9_0/libsrc/cpu_cortexa9_v2_11/src -s include  "SHELL=CMD" "COMPILER=arm-none-eabi-gcc" "ASSEMBLER=arm-none-e
TRACE::2026-03-16.18:57:55::SCWMssOS::abi-as" "ARCHIVER=arm-none-eabi-ar" "COMPILER_FLAGS=  -O2 -c" "EXTRA_COMPILER_FLAGS=-mcpu=cortex-a9 -mfpu=vfpv3 -mfloat-abi=har
TRACE::2026-03-16.18:57:55::SCWMssOS::d -nostartfiles -g -Wall -Wextra -fno-tree-loop-distribute-patterns"

TRACE::2026-03-16.18:57:55::SCWMssOS::"Running Make include in ps7_cortexa9_0/libsrc/ddrps_v1_2/src"

TRACE::2026-03-16.18:57:55::SCWMssOS::make -C ps7_cortexa9_0/libsrc/ddrps_v1_2/src -s include  "SHELL=CMD" "COMPILER=arm-none-eabi-gcc" "ASSEMBLER=arm-none-eabi-as" 
TRACE::2026-03-16.18:57:55::SCWMssOS::"ARCHIVER=arm-none-eabi-ar" "COMPILER_FLAGS=  -O2 -c" "EXTRA_COMPILER_FLAGS=-mcpu=cortex-a9 -mfpu=vfpv3 -mfloat-abi=hard -nosta
TRACE::2026-03-16.18:57:55::SCWMssOS::rtfiles -g -Wall -Wextra -fno-tree-loop-distribute-patterns"

TRACE::2026-03-16.18:57:56::SCWMssOS::"Running Make include in ps7_cortexa9_0/libsrc/devcfg_v3_7/src"

TRACE::2026-03-16.18:57:56::SCWMssOS::make -C ps7_cortexa9_0/libsrc/devcfg_v3_7/src -s include  "SHELL=CMD" "COMPILER=arm-none-eabi-gcc" "ASSEMBLER=arm-none-eabi-as"
TRACE::2026-03-16.18:57:56::SCWMssOS:: "ARCHIVER=arm-none-eabi-ar" "COMPILER_FLAGS=  -O2 -c" "EXTRA_COMPILER_FLAGS=-mcpu=cortex-a9 -mfpu=vfpv3 -mfloat-abi=hard -nost
TRACE::2026-03-16.18:57:56::SCWMssOS::artfiles -g -Wall -Wextra -fno-tree-loop-distribute-patterns"

TRACE::2026-03-16.18:57:56::SCWMssOS::"Running Make include in ps7_cortexa9_0/libsrc/dmaps_v2_8/src"

TRACE::2026-03-16.18:57:56::SCWMssOS::make -C ps7_cortexa9_0/libsrc/dmaps_v2_8/src -s include  "SHELL=CMD" "COMPILER=arm-none-eabi-gcc" "ASSEMBLER=arm-none-eabi-as" 
TRACE::2026-03-16.18:57:56::SCWMssOS::"ARCHIVER=arm-none-eabi-ar" "COMPILER_FLAGS=  -O2 -c" "EXTRA_COMPILER_FLAGS=-mcpu=cortex-a9 -mfpu=vfpv3 -mfloat-abi=hard -nosta
TRACE::2026-03-16.18:57:56::SCWMssOS::rtfiles -g -Wall -Wextra -fno-tree-loop-distribute-patterns"

TRACE::2026-03-16.18:57:56::SCWMssOS::"Running Make include in ps7_cortexa9_0/libsrc/emacps_v3_18/src"

TRACE::2026-03-16.18:57:56::SCWMssOS::make -C ps7_cortexa9_0/libsrc/emacps_v3_18/src -s include  "SHELL=CMD" "COMPILER=arm-none-eabi-gcc" "ASSEMBLER=arm-none-eabi-as
TRACE::2026-03-16.18:57:56::SCWMssOS::" "ARCHIVER=arm-none-eabi-ar" "COMPILER_FLAGS=  -O2 -c" "EXTRA_COMPILER_FLAGS=-mcpu=cortex-a9 -mfpu=vfpv3 -mfloat-abi=hard -nos
TRACE::2026-03-16.18:57:56::SCWMssOS::tartfiles -g -Wall -Wextra -fno-tree-loop-distribute-patterns"

TRACE::2026-03-16.18:57:56::SCWMssOS::"Running Make include in ps7_cortexa9_0/libsrc/gpiops_v3_11/src"

TRACE::2026-03-16.18:57:56::SCWMssOS::make -C ps7_cortexa9_0/libsrc/gpiops_v3_11/src -s include  "SHELL=CMD" "COMPILER=arm-none-eabi-gcc" "ASSEMBLER=arm-none-eabi-as
TRACE::2026-03-16.18:57:56::SCWMssOS::" "ARCHIVER=arm-none-eabi-ar" "COMPILER_FLAGS=  -O2 -c" "EXTRA_COMPILER_FLAGS=-mcpu=cortex-a9 -mfpu=vfpv3 -mfloat-abi=hard -nos
TRACE::2026-03-16.18:57:56::SCWMssOS::tartfiles -g -Wall -Wextra -fno-tree-loop-distribute-patterns"

TRACE::2026-03-16.18:57:56::SCWMssOS::"Running Make include in ps7_cortexa9_0/libsrc/qspips_v3_10/src"

TRACE::2026-03-16.18:57:56::SCWMssOS::make -C ps7_cortexa9_0/libsrc/qspips_v3_10/src -s include  "SHELL=CMD" "COMPILER=arm-none-eabi-gcc" "ASSEMBLER=arm-none-eabi-as
TRACE::2026-03-16.18:57:56::SCWMssOS::" "ARCHIVER=arm-none-eabi-ar" "COMPILER_FLAGS=  -O2 -c" "EXTRA_COMPILER_FLAGS=-mcpu=cortex-a9 -mfpu=vfpv3 -mfloat-abi=hard -nos
TRACE::2026-03-16.18:57:56::SCWMssOS::tartfiles -g -Wall -Wextra -fno-tree-loop-distribute-patterns"

TRACE::2026-03-16.18:57:56::SCWMssOS::"Running Make include in ps7_cortexa9_0/libsrc/scugic_v5_1/src"

TRACE::2026-03-16.18:57:56::SCWMssOS::make -C ps7_cortexa9_0/libsrc/scugic_v5_1/src -s include  "SHELL=CMD" "COMPILER=arm-none-eabi-gcc" "ASSEMBLER=arm-none-eabi-as"
TRACE::2026-03-16.18:57:56::SCWMssOS:: "ARCHIVER=arm-none-eabi-ar" "COMPILER_FLAGS=  -O2 -c" "EXTRA_COMPILER_FLAGS=-mcpu=cortex-a9 -mfpu=vfpv3 -mfloat-abi=hard -nost
TRACE::2026-03-16.18:57:56::SCWMssOS::artfiles -g -Wall -Wextra -fno-tree-loop-distribute-patterns"

TRACE::2026-03-16.18:57:56::SCWMssOS::"Running Make include in ps7_cortexa9_0/libsrc/scutimer_v2_4/src"

TRACE::2026-03-16.18:57:56::SCWMssOS::make -C ps7_cortexa9_0/libsrc/scutimer_v2_4/src -s include  "SHELL=CMD" "COMPILER=arm-none-eabi-gcc" "ASSEMBLER=arm-none-eabi-a
TRACE::2026-03-16.18:57:56::SCWMssOS::s" "ARCHIVER=arm-none-eabi-ar" "COMPILER_FLAGS=  -O2 -c" "EXTRA_COMPILER_FLAGS=-mcpu=cortex-a9 -mfpu=vfpv3 -mfloat-abi=hard -no
TRACE::2026-03-16.18:57:56::SCWMssOS::startfiles -g -Wall -Wextra -fno-tree-loop-distribute-patterns"

TRACE::2026-03-16.18:57:56::SCWMssOS::"Running Make include in ps7_cortexa9_0/libsrc/scuwdt_v2_4/src"

TRACE::2026-03-16.18:57:56::SCWMssOS::make -C ps7_cortexa9_0/libsrc/scuwdt_v2_4/src -s include  "SHELL=CMD" "COMPILER=arm-none-eabi-gcc" "ASSEMBLER=arm-none-eabi-as"
TRACE::2026-03-16.18:57:56::SCWMssOS:: "ARCHIVER=arm-none-eabi-ar" "COMPILER_FLAGS=  -O2 -c" "EXTRA_COMPILER_FLAGS=-mcpu=cortex-a9 -mfpu=vfpv3 -mfloat-abi=hard -nost
TRACE::2026-03-16.18:57:56::SCWMssOS::artfiles -g -Wall -Wextra -fno-tree-loop-distribute-patterns"

TRACE::2026-03-16.18:57:57::SCWMssOS::"Running Make include in ps7_cortexa9_0/libsrc/sdps_v4_1/src"

TRACE::2026-03-16.18:57:57::SCWMssOS::make -C ps7_cortexa9_0/libsrc/sdps_v4_1/src -s include  "SHELL=CMD" "COMPILER=arm-none-eabi-gcc" "ASSEMBLER=arm-none-eabi-as" "
TRACE::2026-03-16.18:57:57::SCWMssOS::ARCHIVER=arm-none-eabi-ar" "COMPILER_FLAGS=  -O2 -c" "EXTRA_COMPILER_FLAGS=-mcpu=cortex-a9 -mfpu=vfpv3 -mfloat-abi=hard -nostar
TRACE::2026-03-16.18:57:57::SCWMssOS::tfiles -g -Wall -Wextra -fno-tree-loop-distribute-patterns"

TRACE::2026-03-16.18:57:57::SCWMssOS::"Running Make include in ps7_cortexa9_0/libsrc/standalone_v8_1/src"

TRACE::2026-03-16.18:57:57::SCWMssOS::"Running Make include in ps7_cortexa9_0/libsrc/uartps_v3_12/src"

TRACE::2026-03-16.18:57:57::SCWMssOS::make -C ps7_cortexa9_0/libsrc/standalone_v8_1/src -s include  "SHELL=CMD" "COMPILER=arm-none-eabi-gcc" "ASSEMBLER=arm-none-eabi
TRACE::2026-03-16.18:57:57::SCWMssOS::-as" "ARCHIVER=arm-none-eabi-ar" "COMPILER_FLAGS=  -O2 -c" "EXTRA_COMPILER_FLAGS=-mcpu=cortex-a9 -mfpu=vfpv3 -mfloat-abi=hard -
TRACE::2026-03-16.18:57:57::SCWMssOS::nostartfiles -g -Wall -Wextra -fno-tree-loop-distribute-patterns"

TRACE::2026-03-16.18:57:57::SCWMssOS::make -C ps7_cortexa9_0/libsrc/uartps_v3_12/src -s include  "SHELL=CMD" "COMPILER=arm-none-eabi-gcc" "ASSEMBLER=arm-none-eabi-as
TRACE::2026-03-16.18:57:57::SCWMssOS::" "ARCHIVER=arm-none-eabi-ar" "COMPILER_FLAGS=  -O2 -c" "EXTRA_COMPILER_FLAGS=-mcpu=cortex-a9 -mfpu=vfpv3 -mfloat-abi=hard -nos
TRACE::2026-03-16.18:57:57::SCWMssOS::tartfiles -g -Wall -Wextra -fno-tree-loop-distribute-patterns"

TRACE::2026-03-16.18:57:57::SCWMssOS::"Running Make include in ps7_cortexa9_0/libsrc/usbps_v2_7/src"

TRACE::2026-03-16.18:57:57::SCWMssOS::make -C ps7_cortexa9_0/libsrc/usbps_v2_7/src -s include  "SHELL=CMD" "COMPILER=arm-none-eabi-gcc" "ASSEMBLER=arm-none-eabi-as" 
TRACE::2026-03-16.18:57:57::SCWMssOS::"ARCHIVER=arm-none-eabi-ar" "COMPILER_FLAGS=  -O2 -c" "EXTRA_COMPILER_FLAGS=-mcpu=cortex-a9 -mfpu=vfpv3 -mfloat-abi=hard -nosta
TRACE::2026-03-16.18:57:57::SCWMssOS::rtfiles -g -Wall -Wextra -fno-tree-loop-distribute-patterns"

TRACE::2026-03-16.18:57:57::SCWMssOS::"Running Make include in ps7_cortexa9_0/libsrc/xadcps_v2_6/src"

TRACE::2026-03-16.18:57:57::SCWMssOS::make -C ps7_cortexa9_0/libsrc/xadcps_v2_6/src -s include  "SHELL=CMD" "COMPILER=arm-none-eabi-gcc" "ASSEMBLER=arm-none-eabi-as"
TRACE::2026-03-16.18:57:57::SCWMssOS:: "ARCHIVER=arm-none-eabi-ar" "COMPILER_FLAGS=  -O2 -c" "EXTRA_COMPILER_FLAGS=-mcpu=cortex-a9 -mfpu=vfpv3 -mfloat-abi=hard -nost
TRACE::2026-03-16.18:57:57::SCWMssOS::artfiles -g -Wall -Wextra -fno-tree-loop-distribute-patterns"

TRACE::2026-03-16.18:58:03::SCWMssOS::"Running Make libs in ps7_cortexa9_0/libsrc/coresightps_dcc_v1_8/src"

TRACE::2026-03-16.18:58:03::SCWMssOS::make -C ps7_cortexa9_0/libsrc/coresightps_dcc_v1_8/src -s libs  "SHELL=CMD" "COMPILER=arm-none-eabi-gcc" "ASSEMBLER=arm-none-ea
TRACE::2026-03-16.18:58:03::SCWMssOS::bi-as" "ARCHIVER=arm-none-eabi-ar" "COMPILER_FLAGS=  -O2 -c" "EXTRA_COMPILER_FLAGS=-mcpu=cortex-a9 -mfpu=vfpv3 -mfloat-abi=hard
TRACE::2026-03-16.18:58:03::SCWMssOS:: -nostartfiles -g -Wall -Wextra -fno-tree-loop-distribute-patterns"

TRACE::2026-03-16.18:58:03::SCWMssOS::"Running Make libs in ps7_cortexa9_0/libsrc/cpu_cortexa9_v2_11/src"

TRACE::2026-03-16.18:58:03::SCWMssOS::"Running Make libs in ps7_cortexa9_0/libsrc/ddrps_v1_2/src"

TRACE::2026-03-16.18:58:03::SCWMssOS::make -C ps7_cortexa9_0/libsrc/cpu_cortexa9_v2_11/src -s libs  "SHELL=CMD" "COMPILER=arm-none-eabi-gcc" "ASSEMBLER=arm-none-eabi
TRACE::2026-03-16.18:58:03::SCWMssOS::-as" "ARCHIVER=arm-none-eabi-ar" "COMPILER_FLAGS=  -O2 -c" "EXTRA_COMPILER_FLAGS=-mcpu=cortex-a9 -mfpu=vfpv3 -mfloat-abi=hard -
TRACE::2026-03-16.18:58:03::SCWMssOS::nostartfiles -g -Wall -Wextra -fno-tree-loop-distribute-patterns"

TRACE::2026-03-16.18:58:03::SCWMssOS::make -C ps7_cortexa9_0/libsrc/ddrps_v1_2/src -s libs  "SHELL=CMD" "COMPILER=arm-none-eabi-gcc" "ASSEMBLER=arm-none-eabi-as" "AR
TRACE::2026-03-16.18:58:03::SCWMssOS::CHIVER=arm-none-eabi-ar" "COMPILER_FLAGS=  -O2 -c" "EXTRA_COMPILER_FLAGS=-mcpu=cortex-a9 -mfpu=vfpv3 -mfloat-abi=hard -nostartf
TRACE::2026-03-16.18:58:03::SCWMssOS::iles -g -Wall -Wextra -fno-tree-loop-distribute-patterns"

TRACE::2026-03-16.18:58:03::SCWMssOS::"Running Make libs in ps7_cortexa9_0/libsrc/devcfg_v3_7/src"

TRACE::2026-03-16.18:58:03::SCWMssOS::make -C ps7_cortexa9_0/libsrc/devcfg_v3_7/src -s libs  "SHELL=CMD" "COMPILER=arm-none-eabi-gcc" "ASSEMBLER=arm-none-eabi-as" "A
TRACE::2026-03-16.18:58:03::SCWMssOS::RCHIVER=arm-none-eabi-ar" "COMPILER_FLAGS=  -O2 -c" "EXTRA_COMPILER_FLAGS=-mcpu=cortex-a9 -mfpu=vfpv3 -mfloat-abi=hard -nostart
TRACE::2026-03-16.18:58:03::SCWMssOS::files -g -Wall -Wextra -fno-tree-loop-distribute-patterns"

TRACE::2026-03-16.18:58:03::SCWMssOS::"Running Make libs in ps7_cortexa9_0/libsrc/dmaps_v2_8/src"

TRACE::2026-03-16.18:58:03::SCWMssOS::"Running Make libs in ps7_cortexa9_0/libsrc/emacps_v3_18/src"

TRACE::2026-03-16.18:58:03::SCWMssOS::make -C ps7_cortexa9_0/libsrc/dmaps_v2_8/src -s libs  "SHELL=CMD" "COMPILER=arm-none-eabi-gcc" "ASSEMBLER=arm-none-eabi-as" "AR
TRACE::2026-03-16.18:58:03::SCWMssOS::CHIVER=arm-none-eabi-ar" "COMPILER_FLAGS=  -O2 -c" "EXTRA_COMPILER_FLAGS=-mcpu=cortex-a9 -mfpu=vfpv3 -mfloat-abi=hard -nostartf
TRACE::2026-03-16.18:58:03::SCWMssOS::iles -g -Wall -Wextra -fno-tree-loop-distribute-patterns"

TRACE::2026-03-16.18:58:03::SCWMssOS::make -C ps7_cortexa9_0/libsrc/emacps_v3_18/src -s libs  "SHELL=CMD" "COMPILER=arm-none-eabi-gcc" "ASSEMBLER=arm-none-eabi-as" "
TRACE::2026-03-16.18:58:03::SCWMssOS::ARCHIVER=arm-none-eabi-ar" "COMPILER_FLAGS=  -O2 -c" "EXTRA_COMPILER_FLAGS=-mcpu=cortex-a9 -mfpu=vfpv3 -mfloat-abi=hard -nostar
TRACE::2026-03-16.18:58:03::SCWMssOS::tfiles -g -Wall -Wextra -fno-tree-loop-distribute-patterns"

TRACE::2026-03-16.18:58:03::SCWMssOS::"Running Make libs in ps7_cortexa9_0/libsrc/gpiops_v3_11/src"

TRACE::2026-03-16.18:58:03::SCWMssOS::make -C ps7_cortexa9_0/libsrc/gpiops_v3_11/src -s libs  "SHELL=CMD" "COMPILER=arm-none-eabi-gcc" "ASSEMBLER=arm-none-eabi-as" "
TRACE::2026-03-16.18:58:03::SCWMssOS::ARCHIVER=arm-none-eabi-ar" "COMPILER_FLAGS=  -O2 -c" "EXTRA_COMPILER_FLAGS=-mcpu=cortex-a9 -mfpu=vfpv3 -mfloat-abi=hard -nostar
TRACE::2026-03-16.18:58:03::SCWMssOS::tfiles -g -Wall -Wextra -fno-tree-loop-distribute-patterns"

TRACE::2026-03-16.18:58:04::SCWMssOS::"Running Make libs in ps7_cortexa9_0/libsrc/qspips_v3_10/src"

TRACE::2026-03-16.18:58:04::SCWMssOS::make -C ps7_cortexa9_0/libsrc/qspips_v3_10/src -s libs  "SHELL=CMD" "COMPILER=arm-none-eabi-gcc" "ASSEMBLER=arm-none-eabi-as" "
TRACE::2026-03-16.18:58:04::SCWMssOS::ARCHIVER=arm-none-eabi-ar" "COMPILER_FLAGS=  -O2 -c" "EXTRA_COMPILER_FLAGS=-mcpu=cortex-a9 -mfpu=vfpv3 -mfloat-abi=hard -nostar
TRACE::2026-03-16.18:58:04::SCWMssOS::tfiles -g -Wall -Wextra -fno-tree-loop-distribute-patterns"

TRACE::2026-03-16.18:58:05::SCWMssOS::"Running Make libs in ps7_cortexa9_0/libsrc/scugic_v5_1/src"

TRACE::2026-03-16.18:58:05::SCWMssOS::make -C ps7_cortexa9_0/libsrc/scugic_v5_1/src -s libs  "SHELL=CMD" "COMPILER=arm-none-eabi-gcc" "ASSEMBLER=arm-none-eabi-as" "A
TRACE::2026-03-16.18:58:05::SCWMssOS::RCHIVER=arm-none-eabi-ar" "COMPILER_FLAGS=  -O2 -c" "EXTRA_COMPILER_FLAGS=-mcpu=cortex-a9 -mfpu=vfpv3 -mfloat-abi=hard -nostart
TRACE::2026-03-16.18:58:05::SCWMssOS::files -g -Wall -Wextra -fno-tree-loop-distribute-patterns"

TRACE::2026-03-16.18:58:05::SCWMssOS::"Running Make libs in ps7_cortexa9_0/libsrc/scutimer_v2_4/src"

TRACE::2026-03-16.18:58:05::SCWMssOS::make -C ps7_cortexa9_0/libsrc/scutimer_v2_4/src -s libs  "SHELL=CMD" "COMPILER=arm-none-eabi-gcc" "ASSEMBLER=arm-none-eabi-as" 
TRACE::2026-03-16.18:58:05::SCWMssOS::"ARCHIVER=arm-none-eabi-ar" "COMPILER_FLAGS=  -O2 -c" "EXTRA_COMPILER_FLAGS=-mcpu=cortex-a9 -mfpu=vfpv3 -mfloat-abi=hard -nosta
TRACE::2026-03-16.18:58:05::SCWMssOS::rtfiles -g -Wall -Wextra -fno-tree-loop-distribute-patterns"

TRACE::2026-03-16.18:58:06::SCWMssOS::"Running Make libs in ps7_cortexa9_0/libsrc/scuwdt_v2_4/src"

TRACE::2026-03-16.18:58:06::SCWMssOS::make -C ps7_cortexa9_0/libsrc/scuwdt_v2_4/src -s libs  "SHELL=CMD" "COMPILER=arm-none-eabi-gcc" "ASSEMBLER=arm-none-eabi-as" "A
TRACE::2026-03-16.18:58:06::SCWMssOS::RCHIVER=arm-none-eabi-ar" "COMPILER_FLAGS=  -O2 -c" "EXTRA_COMPILER_FLAGS=-mcpu=cortex-a9 -mfpu=vfpv3 -mfloat-abi=hard -nostart
TRACE::2026-03-16.18:58:06::SCWMssOS::files -g -Wall -Wextra -fno-tree-loop-distribute-patterns"

TRACE::2026-03-16.18:58:08::SCWMssOS::"Running Make libs in ps7_cortexa9_0/libsrc/sdps_v4_1/src"

TRACE::2026-03-16.18:58:08::SCWMssOS::make -C ps7_cortexa9_0/libsrc/sdps_v4_1/src -s libs  "SHELL=CMD" "COMPILER=arm-none-eabi-gcc" "ASSEMBLER=arm-none-eabi-as" "ARC
TRACE::2026-03-16.18:58:08::SCWMssOS::HIVER=arm-none-eabi-ar" "COMPILER_FLAGS=  -O2 -c" "EXTRA_COMPILER_FLAGS=-mcpu=cortex-a9 -mfpu=vfpv3 -mfloat-abi=hard -nostartfi
TRACE::2026-03-16.18:58:08::SCWMssOS::les -g -Wall -Wextra -fno-tree-loop-distribute-patterns"

TRACE::2026-03-16.18:58:09::SCWMssOS::"Running Make libs in ps7_cortexa9_0/libsrc/standalone_v8_1/src"

TRACE::2026-03-16.18:58:09::SCWMssOS::make -C ps7_cortexa9_0/libsrc/standalone_v8_1/src -s libs  "SHELL=CMD" "COMPILER=arm-none-eabi-gcc" "ASSEMBLER=arm-none-eabi-as
TRACE::2026-03-16.18:58:09::SCWMssOS::" "ARCHIVER=arm-none-eabi-ar" "COMPILER_FLAGS=  -O2 -c" "EXTRA_COMPILER_FLAGS=-mcpu=cortex-a9 -mfpu=vfpv3 -mfloat-abi=hard -nos
TRACE::2026-03-16.18:58:09::SCWMssOS::tartfiles -g -Wall -Wextra -fno-tree-loop-distribute-patterns"

TRACE::2026-03-16.18:58:09::SCWMssOS::"Running Make libs in ps7_cortexa9_0/libsrc/uartps_v3_12/src"

TRACE::2026-03-16.18:58:09::SCWMssOS::make -C ps7_cortexa9_0/libsrc/uartps_v3_12/src -s libs  "SHELL=CMD" "COMPILER=arm-none-eabi-gcc" "ASSEMBLER=arm-none-eabi-as" "
TRACE::2026-03-16.18:58:09::SCWMssOS::ARCHIVER=arm-none-eabi-ar" "COMPILER_FLAGS=  -O2 -c" "EXTRA_COMPILER_FLAGS=-mcpu=cortex-a9 -mfpu=vfpv3 -mfloat-abi=hard -nostar
TRACE::2026-03-16.18:58:09::SCWMssOS::tfiles -g -Wall -Wextra -fno-tree-loop-distribute-patterns"

TRACE::2026-03-16.18:58:11::SCWMssOS::"Running Make libs in ps7_cortexa9_0/libsrc/usbps_v2_7/src"

TRACE::2026-03-16.18:58:11::SCWMssOS::make -C ps7_cortexa9_0/libsrc/usbps_v2_7/src -s libs  "SHELL=CMD" "COMPILER=arm-none-eabi-gcc" "ASSEMBLER=arm-none-eabi-as" "AR
TRACE::2026-03-16.18:58:11::SCWMssOS::CHIVER=arm-none-eabi-ar" "COMPILER_FLAGS=  -O2 -c" "EXTRA_COMPILER_FLAGS=-mcpu=cortex-a9 -mfpu=vfpv3 -mfloat-abi=hard -nostartf
TRACE::2026-03-16.18:58:11::SCWMssOS::iles -g -Wall -Wextra -fno-tree-loop-distribute-patterns"

TRACE::2026-03-16.18:58:11::SCWMssOS::"Running Make libs in ps7_cortexa9_0/libsrc/xadcps_v2_6/src"

TRACE::2026-03-16.18:58:11::SCWMssOS::make -C ps7_cortexa9_0/libsrc/xadcps_v2_6/src -s libs  "SHELL=CMD" "COMPILER=arm-none-eabi-gcc" "ASSEMBLER=arm-none-eabi-as" "A
TRACE::2026-03-16.18:58:11::SCWMssOS::RCHIVER=arm-none-eabi-ar" "COMPILER_FLAGS=  -O2 -c" "EXTRA_COMPILER_FLAGS=-mcpu=cortex-a9 -mfpu=vfpv3 -mfloat-abi=hard -nostart
TRACE::2026-03-16.18:58:11::SCWMssOS::files -g -Wall -Wextra -fno-tree-loop-distribute-patterns"

TRACE::2026-03-16.18:58:22::SCWMssOS::'Finished building libraries parallelly.'

TRACE::2026-03-16.18:58:22::SCWMssOS::make --no-print-directory archive

TRACE::2026-03-16.18:58:22::SCWMssOS::arm-none-eabi-ar -r  ps7_cortexa9_0/lib/libxil.a ps7_cortexa9_0/lib/_exit.o ps7_cortexa9_0/lib/_open.o ps7_cortexa9_0/lib/_sbrk
TRACE::2026-03-16.18:58:22::SCWMssOS::.o ps7_cortexa9_0/lib/abort.o ps7_cortexa9_0/lib/asm_vectors.o ps7_cortexa9_0/lib/boot.o ps7_cortexa9_0/lib/close.o ps7_cortexa
TRACE::2026-03-16.18:58:22::SCWMssOS::9_0/lib/cpputest_time.o ps7_cortexa9_0/lib/cpu_init.o ps7_cortexa9_0/lib/errno.o ps7_cortexa9_0/lib/fcntl.o ps7_cortexa9_0/lib/
TRACE::2026-03-16.18:58:22::SCWMssOS::fstat.o ps7_cortexa9_0/lib/getentropy.o ps7_cortexa9_0/lib/getpid.o ps7_cortexa9_0/lib/inbyte.o ps7_cortexa9_0/lib/isatty.o ps7
TRACE::2026-03-16.18:58:22::SCWMssOS::_cortexa9_0/lib/kill.o ps7_cortexa9_0/lib/lseek.o ps7_cortexa9_0/lib/open.o ps7_cortexa9_0/lib/outbyte.o ps7_cortexa9_0/lib/pri
TRACE::2026-03-16.18:58:22::SCWMssOS::nt.o ps7_cortexa9_0/lib/putnum.o ps7_cortexa9_0/lib/read.o ps7_cortexa9_0/lib/sbrk.o ps7_cortexa9_0/lib/sleep.o ps7_cortexa9_0/
TRACE::2026-03-16.18:58:22::SCWMssOS::lib/time.o ps7_cortexa9_0/lib/translation_table.o ps7_cortexa9_0/lib/unlink.o ps7_cortexa9_0/lib/usleep.o ps7_cortexa9_0/lib/ve
TRACE::2026-03-16.18:58:22::SCWMssOS::ctors.o ps7_cortexa9_0/lib/write.o ps7_cortexa9_0/lib/xadcps.o ps7_cortexa9_0/lib/xadcps_g.o ps7_cortexa9_0/lib/xadcps_intr.o p
TRACE::2026-03-16.18:58:22::SCWMssOS::s7_cortexa9_0/lib/xadcps_selftest.o ps7_cortexa9_0/lib/xadcps_sinit.o ps7_cortexa9_0/lib/xcoresightpsdcc.o ps7_cortexa9_0/lib/x
TRACE::2026-03-16.18:58:22::SCWMssOS::devcfg.o ps7_cortexa9_0/lib/xdevcfg_g.o ps7_cortexa9_0/lib/xdevcfg_hw.o ps7_cortexa9_0/lib/xdevcfg_intr.o ps7_cortexa9_0/lib/xd
TRACE::2026-03-16.18:58:22::SCWMssOS::evcfg_selftest.o ps7_cortexa9_0/lib/xdevcfg_sinit.o ps7_cortexa9_0/lib/xdmaps.o ps7_cortexa9_0/lib/xdmaps_g.o ps7_cortexa9_0/li
TRACE::2026-03-16.18:58:22::SCWMssOS::b/xdmaps_hw.o ps7_cortexa9_0/lib/xdmaps_selftest.o ps7_cortexa9_0/lib/xdmaps_sinit.o ps7_cortexa9_0/lib/xemacps.o ps7_cortexa9_
TRACE::2026-03-16.18:58:22::SCWMssOS::0/lib/xemacps_bdring.o ps7_cortexa9_0/lib/xemacps_control.o ps7_cortexa9_0/lib/xemacps_g.o ps7_cortexa9_0/lib/xemacps_hw.o ps7_
TRACE::2026-03-16.18:58:22::SCWMssOS::cortexa9_0/lib/xemacps_intr.o ps7_cortexa9_0/lib/xemacps_sinit.o ps7_cortexa9_0/lib/xgpiops.o ps7_cortexa9_0/lib/xgpiops_g.o ps
TRACE::2026-03-16.18:58:22::SCWMssOS::7_cortexa9_0/lib/xgpiops_hw.o ps7_cortexa9_0/lib/xgpiops_intr.o ps7_cortexa9_0/lib/xgpiops_selftest.o ps7_cortexa9_0/lib/xgpiop
TRACE::2026-03-16.18:58:22::SCWMssOS::s_sinit.o ps7_cortexa9_0/lib/xil-crt0.o ps7_cortexa9_0/lib/xil_assert.o ps7_cortexa9_0/lib/xil_cache.o ps7_cortexa9_0/lib/xil_c
TRACE::2026-03-16.18:58:22::SCWMssOS::locking.o ps7_cortexa9_0/lib/xil_exception.o ps7_cortexa9_0/lib/xil_mem.o ps7_cortexa9_0/lib/xil_misc_psreset_api.o ps7_cortexa
TRACE::2026-03-16.18:58:22::SCWMssOS::9_0/lib/xil_mmu.o ps7_cortexa9_0/lib/xil_printf.o ps7_cortexa9_0/lib/xil_sleepcommon.o ps7_cortexa9_0/lib/xil_sleeptimer.o ps7_
TRACE::2026-03-16.18:58:22::SCWMssOS::cortexa9_0/lib/xil_spinlock.o ps7_cortexa9_0/lib/xil_testcache.o ps7_cortexa9_0/lib/xil_testio.o ps7_cortexa9_0/lib/xil_testmem
TRACE::2026-03-16.18:58:22::SCWMssOS::.o ps7_cortexa9_0/lib/xil_util.o ps7_cortexa9_0/lib/xinterrupt_wrap.o ps7_cortexa9_0/lib/xl2cc_counter.o ps7_cortexa9_0/lib/xpl
TRACE::2026-03-16.18:58:22::SCWMssOS::atform_info.o ps7_cortexa9_0/lib/xpm_counter.o ps7_cortexa9_0/lib/xqspips.o ps7_cortexa9_0/lib/xqspips_g.o ps7_cortexa9_0/lib/x
TRACE::2026-03-16.18:58:22::SCWMssOS::qspips_hw.o ps7_cortexa9_0/lib/xqspips_options.o ps7_cortexa9_0/lib/xqspips_selftest.o ps7_cortexa9_0/lib/xqspips_sinit.o ps7_c
TRACE::2026-03-16.18:58:22::SCWMssOS::ortexa9_0/lib/xscugic.o ps7_cortexa9_0/lib/xscugic_g.o ps7_cortexa9_0/lib/xscugic_hw.o ps7_cortexa9_0/lib/xscugic_intr.o ps7_co
TRACE::2026-03-16.18:58:22::SCWMssOS::rtexa9_0/lib/xscugic_selftest.o ps7_cortexa9_0/lib/xscugic_sinit.o ps7_cortexa9_0/lib/xscutimer.o ps7_cortexa9_0/lib/xscutimer_
TRACE::2026-03-16.18:58:22::SCWMssOS::g.o ps7_cortexa9_0/lib/xscutimer_selftest.o ps7_cortexa9_0/lib/xscutimer_sinit.o ps7_cortexa9_0/lib/xscuwdt.o ps7_cortexa9_0/li
TRACE::2026-03-16.18:58:22::SCWMssOS::b/xscuwdt_g.o ps7_cortexa9_0/lib/xscuwdt_selftest.o ps7_cortexa9_0/lib/xscuwdt_sinit.o ps7_cortexa9_0/lib/xsdps.o ps7_cortexa9_
TRACE::2026-03-16.18:58:22::SCWMssOS::0/lib/xsdps_card.o ps7_cortexa9_0/lib/xsdps_g.o ps7_cortexa9_0/lib/xsdps_host.o ps7_cortexa9_0/lib/xsdps_options.o ps7_cortexa9
TRACE::2026-03-16.18:58:22::SCWMssOS::_0/lib/xsdps_sinit.o ps7_cortexa9_0/lib/xtime_l.o ps7_cortexa9_0/lib/xuartps.o ps7_cortexa9_0/lib/xuartps_g.o ps7_cortexa9_0/li
TRACE::2026-03-16.18:58:22::SCWMssOS::b/xuartps_hw.o ps7_cortexa9_0/lib/xuartps_intr.o ps7_cortexa9_0/lib/xuartps_options.o ps7_cortexa9_0/lib/xuartps_selftest.o ps7
TRACE::2026-03-16.18:58:22::SCWMssOS::_cortexa9_0/lib/xuartps_sinit.o ps7_cortexa9_0/lib/xusbps.o ps7_cortexa9_0/lib/xusbps_endpoint.o ps7_cortexa9_0/lib/xusbps_g.o 
TRACE::2026-03-16.18:58:22::SCWMssOS::ps7_cortexa9_0/lib/xusbps_hw.o ps7_cortexa9_0/lib/xusbps_intr.o ps7_cortexa9_0/lib/xusbps_sinit.o

TRACE::2026-03-16.18:58:23::SCWMssOS::'Finished building libraries'

TRACE::2026-03-16.18:58:23::SCWMssOS::Copying to export directory.
TRACE::2026-03-16.18:58:24::SCWMssOS:: Checking if to create the Supporting Applications
TRACE::2026-03-16.18:58:24::SCWMssOS:: No Linux domain exists, trying to generate FSBL 
LOG::2026-03-16.18:58:24::SCWSystem::Completed Processing the domain standalone_domain
LOG::2026-03-16.18:58:24::SCWSystem::Completed Processing the sysconfig int_gen_plat
LOG::2026-03-16.18:58:24::SCWPlatform::Completed generating the artifacts for system configuration int_gen_plat
TRACE::2026-03-16.18:58:24::SCWPlatform::Started preparing the platform 
TRACE::2026-03-16.18:58:24::SCWSystem::Writing the bif file for system config int_gen_plat
TRACE::2026-03-16.18:58:24::SCWSystem::dir created 
TRACE::2026-03-16.18:58:24::SCWSystem::Writing the bif 
TRACE::2026-03-16.18:58:24::SCWPlatform::Started writing the spfm file 
TRACE::2026-03-16.18:58:24::SCWPlatform::Started writing the xpfm file 
TRACE::2026-03-16.18:58:24::SCWPlatform::Completed generating the platform
TRACE::2026-03-16.18:58:24::SCWMssOS::Saving the mss changes C:/Users/ER250/OneDrive/Documents/ECE520_SOC/ECE520_SandBox/int_gen_soc_re/int_gen_soc_vitis/int_gen_plat/zynq_fsbl/zynq_fsbl_bsp/system.mss
TRACE::2026-03-16.18:58:24::SCWMssOS::Found a swdesign opened with the mssfile.
TRACE::2026-03-16.18:58:24::SCWMssOS::Completed writemss as part of save.
TRACE::2026-03-16.18:58:24::SCWMssOS::Commit changes completed.
TRACE::2026-03-16.18:58:24::SCWMssOS::Saving the mss changes C:/Users/ER250/OneDrive/Documents/ECE520_SOC/ECE520_SandBox/int_gen_soc_re/int_gen_soc_vitis/int_gen_plat/ps7_cortexa9_0/standalone_domain/bsp/system.mss
TRACE::2026-03-16.18:58:24::SCWMssOS::Found a swdesign opened with the mssfile.
TRACE::2026-03-16.18:58:24::SCWMssOS::Completed writemss as part of save.
TRACE::2026-03-16.18:58:24::SCWMssOS::Commit changes completed.
TRACE::2026-03-16.18:58:24::SCWPlatform::Trying to open the hw design at C:/Users/ER250/OneDrive/Documents/ECE520_SOC/ECE520_SandBox/int_gen_soc_re/int_gen_soc_vitis/int_gen_plat/hw/int_gen_bd_re_wrapper.xsa
TRACE::2026-03-16.18:58:24::SCWPlatform::DSA given C:/Users/ER250/OneDrive/Documents/ECE520_SOC/ECE520_SandBox/int_gen_soc_re/int_gen_soc_vitis/int_gen_plat/hw/int_gen_bd_re_wrapper.xsa
TRACE::2026-03-16.18:58:24::SCWPlatform::DSA absoulate path C:/Users/ER250/OneDrive/Documents/ECE520_SOC/ECE520_SandBox/int_gen_soc_re/int_gen_soc_vitis/int_gen_plat/hw/int_gen_bd_re_wrapper.xsa
TRACE::2026-03-16.18:58:24::SCWPlatform::DSA directory C:/Users/ER250/OneDrive/Documents/ECE520_SOC/ECE520_SandBox/int_gen_soc_re/int_gen_soc_vitis/int_gen_plat/hw
TRACE::2026-03-16.18:58:24::SCWPlatform:: Platform Path C:/Users/ER250/OneDrive/Documents/ECE520_SOC/ECE520_SandBox/int_gen_soc_re/int_gen_soc_vitis/int_gen_plat/hw/int_gen_bd_re_wrapper.xsa
TRACE::2026-03-16.18:58:24::SCWPlatform:: Unique name xilinx:zybo-z7-10::0.0
TRACE::2026-03-16.18:58:24::SCWPlatform::Trying to set the existing hwdb with name int_gen_bd_re_wrapper_1
TRACE::2026-03-16.18:58:24::SCWPlatform::Opened existing hwdb int_gen_bd_re_wrapper_1
TRACE::2026-03-16.18:58:24::SCWPlatform::Found the Hw Db part of the input DSA
TRACE::2026-03-16.18:58:24::SCWMssOS::Checking the sw design at  C:/Users/ER250/OneDrive/Documents/ECE520_SOC/ECE520_SandBox/int_gen_soc_re/int_gen_soc_vitis/int_gen_plat/zynq_fsbl/zynq_fsbl_bsp/system.mss
TRACE::2026-03-16.18:58:24::SCWMssOS::DEBUG:  swdes dump  C:/Users/ER250/OneDrive/Documents/ECE520_SOC/ECE520_SandBox/int_gen_soc_re/int_gen_soc_vitis/int_gen_plat/ps7_cortexa9_0/standalone_domain/bsp/system.mss|system||
C:/Users/ER250/OneDrive/Documents/ECE520_SOC/ECE520_SandBox/int_gen_soc_re/int_gen_soc_vitis/int_gen_plat/zynq_fsbl/zynq_fsbl_bsp/system.mss|system_0||

TRACE::2026-03-16.18:58:24::SCWMssOS::Sw design exists and opened at  C:/Users/ER250/OneDrive/Documents/ECE520_SOC/ECE520_SandBox/int_gen_soc_re/int_gen_soc_vitis/int_gen_plat/zynq_fsbl/zynq_fsbl_bsp/system.mss
TRACE::2026-03-16.18:58:24::SCWPlatform::Trying to open the hw design at C:/Users/ER250/OneDrive/Documents/ECE520_SOC/ECE520_SandBox/int_gen_soc_re/int_gen_soc_vitis/int_gen_plat/hw/int_gen_bd_re_wrapper.xsa
TRACE::2026-03-16.18:58:24::SCWPlatform::DSA given C:/Users/ER250/OneDrive/Documents/ECE520_SOC/ECE520_SandBox/int_gen_soc_re/int_gen_soc_vitis/int_gen_plat/hw/int_gen_bd_re_wrapper.xsa
TRACE::2026-03-16.18:58:24::SCWPlatform::DSA absoulate path C:/Users/ER250/OneDrive/Documents/ECE520_SOC/ECE520_SandBox/int_gen_soc_re/int_gen_soc_vitis/int_gen_plat/hw/int_gen_bd_re_wrapper.xsa
TRACE::2026-03-16.18:58:24::SCWPlatform::DSA directory C:/Users/ER250/OneDrive/Documents/ECE520_SOC/ECE520_SandBox/int_gen_soc_re/int_gen_soc_vitis/int_gen_plat/hw
TRACE::2026-03-16.18:58:24::SCWPlatform:: Platform Path C:/Users/ER250/OneDrive/Documents/ECE520_SOC/ECE520_SandBox/int_gen_soc_re/int_gen_soc_vitis/int_gen_plat/hw/int_gen_bd_re_wrapper.xsa
TRACE::2026-03-16.18:58:24::SCWPlatform:: Unique name xilinx:zybo-z7-10::0.0
TRACE::2026-03-16.18:58:24::SCWPlatform::Trying to set the existing hwdb with name int_gen_bd_re_wrapper_1
TRACE::2026-03-16.18:58:24::SCWPlatform::Opened existing hwdb int_gen_bd_re_wrapper_1
TRACE::2026-03-16.18:58:24::SCWPlatform::Found the Hw Db part of the input DSA
TRACE::2026-03-16.18:58:24::SCWMssOS::Checking the sw design at  C:/Users/ER250/OneDrive/Documents/ECE520_SOC/ECE520_SandBox/int_gen_soc_re/int_gen_soc_vitis/int_gen_plat/ps7_cortexa9_0/standalone_domain/bsp/system.mss
TRACE::2026-03-16.18:58:24::SCWMssOS::DEBUG:  swdes dump  C:/Users/ER250/OneDrive/Documents/ECE520_SOC/ECE520_SandBox/int_gen_soc_re/int_gen_soc_vitis/int_gen_plat/ps7_cortexa9_0/standalone_domain/bsp/system.mss|system||
C:/Users/ER250/OneDrive/Documents/ECE520_SOC/ECE520_SandBox/int_gen_soc_re/int_gen_soc_vitis/int_gen_plat/zynq_fsbl/zynq_fsbl_bsp/system.mss|system_0||

TRACE::2026-03-16.18:58:24::SCWMssOS::Sw design exists and opened at  C:/Users/ER250/OneDrive/Documents/ECE520_SOC/ECE520_SandBox/int_gen_soc_re/int_gen_soc_vitis/int_gen_plat/ps7_cortexa9_0/standalone_domain/bsp/system.mss
TRACE::2026-03-16.18:58:24::SCWWriter::formatted JSON is {
	"platformName":	"int_gen_plat",
	"sprVersion":	"2.0",
	"mode":	"gui",
	"dsaType":	"Fixed",
	"platformDesc":	"int_gen_plat",
	"platHandOff":	"C:/Users/ER250/OneDrive/Documents/ECE520_SOC/ECE520_SandBox/int_gen_soc_re/int_gen_bd_re_wrapper.xsa",
	"platIntHandOff":	"<platformDir>/hw/int_gen_bd_re_wrapper.xsa",
	"deviceType":	"zynq",
	"platIsPrebuiltAutogen":	"false",
	"platIsNoBootBsp":	"false",
	"hasFsblMakeHasChanges":	"false",
	"hasPmufwMakeHasChanges":	"false",
	"fsblExtraCompilerFlags":	"-MMD -MP       -mcpu=cortex-a9 -mfpu=vfpv3 -mfloat-abi=hard ",
	"platPreBuiltFlag":	false,
	"platformSamplesDir":	"",
	"platActiveSys":	"int_gen_plat",
	"systems":	[{
			"systemName":	"int_gen_plat",
			"systemDesc":	"int_gen_plat",
			"sysIsBootAutoGen":	"true",
			"systemDispName":	"int_gen_plat",
			"sysActiveDom":	"standalone_domain",
			"sysDefaultDom":	"standalone_domain",
			"domains":	[{
					"domainName":	"zynq_fsbl",
					"domainDispName":	"zynq_fsbl",
					"domainDesc":	"FSBL Application BSP - Auto Generated.",
					"processors":	"ps7_cortexa9_0",
					"os":	"standalone",
					"sdxOs":	"standalone",
					"debugEnable":	"",
					"domRuntimes":	["cpp"],
					"swRepo":	"",
					"mssOsVer":	"8.1",
					"mssFile":	"",
					"md5Digest":	"710bbb872de411420e38ee1f9a6d73dd",
					"compatibleApp":	"zynq_fsbl",
					"domType":	"bootDomain",
					"arch":	"32-bit",
					"appSettings":	{
						"appCompilerFlags":	"",
						"appLinkerFlags":	""
					},
					"addedLibs":	["xilffs:5.0", "xilrsa:1.6"],
					"libOptions":	{
						"libsContainingOptions":	[]
					},
					"changedDrivers":	{
						"interrupt_generator_0":	"none:",
						"changedCells":	["interrupt_generator_0"]
					},
					"prebuiltLibs":	{
						"prebuiltIncPath":	[],
						"prebuiltLibPath":	[]
					},
					"isolation":	{
					}
				}, {
					"domainName":	"standalone_domain",
					"domainDispName":	"standalone on ps7_cortexa9_0",
					"domainDesc":	"standalone_domain",
					"processors":	"ps7_cortexa9_0",
					"os":	"standalone",
					"sdxOs":	"standalone",
					"qemuArgs":	"<platformDir>/resources/int_gen_plat/standalone_domain/qemu_args.txt",
					"qemuData":	"<platformDir>/resources/int_gen_plat/standalone_domain/qemu",
					"debugEnable":	"False",
					"domRuntimes":	["cpp"],
					"swRepo":	"",
					"mssOsVer":	"8.1",
					"mssFile":	"",
					"md5Digest":	"afe1403ea604de9520c811a3fdd9c4f7",
					"compatibleApp":	"",
					"domType":	"mssDomain",
					"appSettings":	{
						"appCompilerFlags":	"",
						"appLinkerFlags":	""
					},
					"addedLibs":	[],
					"libOptions":	{
						"libsContainingOptions":	[]
					},
					"changedDrivers":	{
						"interrupt_generator_0":	"none:",
						"changedCells":	["interrupt_generator_0"]
					},
					"prebuiltLibs":	{
						"prebuiltIncPath":	[],
						"prebuiltLibPath":	[]
					},
					"isolation":	{
					}
				}]
		}]
}
KEYINFO::2026-03-16.18:58:24::SCWPlatform::updated the xpfm file.
TRACE::2026-03-16.18:58:25::SCWPlatform::Trying to open the hw design at C:/Users/ER250/OneDrive/Documents/ECE520_SOC/ECE520_SandBox/int_gen_soc_re/int_gen_soc_vitis/int_gen_plat/hw/int_gen_bd_re_wrapper.xsa
TRACE::2026-03-16.18:58:25::SCWPlatform::DSA given C:/Users/ER250/OneDrive/Documents/ECE520_SOC/ECE520_SandBox/int_gen_soc_re/int_gen_soc_vitis/int_gen_plat/hw/int_gen_bd_re_wrapper.xsa
TRACE::2026-03-16.18:58:25::SCWPlatform::DSA absoulate path C:/Users/ER250/OneDrive/Documents/ECE520_SOC/ECE520_SandBox/int_gen_soc_re/int_gen_soc_vitis/int_gen_plat/hw/int_gen_bd_re_wrapper.xsa
TRACE::2026-03-16.18:58:25::SCWPlatform::DSA directory C:/Users/ER250/OneDrive/Documents/ECE520_SOC/ECE520_SandBox/int_gen_soc_re/int_gen_soc_vitis/int_gen_plat/hw
TRACE::2026-03-16.18:58:25::SCWPlatform:: Platform Path C:/Users/ER250/OneDrive/Documents/ECE520_SOC/ECE520_SandBox/int_gen_soc_re/int_gen_soc_vitis/int_gen_plat/hw/int_gen_bd_re_wrapper.xsa
TRACE::2026-03-16.18:58:25::SCWPlatform:: Unique name xilinx:zybo-z7-10::0.0
TRACE::2026-03-16.18:58:25::SCWPlatform::Trying to set the existing hwdb with name int_gen_bd_re_wrapper_1
TRACE::2026-03-16.18:58:25::SCWPlatform::Opened existing hwdb int_gen_bd_re_wrapper_1
TRACE::2026-03-16.18:58:25::SCWPlatform::Found the Hw Db part of the input DSA
TRACE::2026-03-16.18:58:25::SCWMssOS::Checking the sw design at  C:/Users/ER250/OneDrive/Documents/ECE520_SOC/ECE520_SandBox/int_gen_soc_re/int_gen_soc_vitis/int_gen_plat/ps7_cortexa9_0/standalone_domain/bsp/system.mss
TRACE::2026-03-16.18:58:25::SCWMssOS::DEBUG:  swdes dump  C:/Users/ER250/OneDrive/Documents/ECE520_SOC/ECE520_SandBox/int_gen_soc_re/int_gen_soc_vitis/int_gen_plat/ps7_cortexa9_0/standalone_domain/bsp/system.mss|system||
C:/Users/ER250/OneDrive/Documents/ECE520_SOC/ECE520_SandBox/int_gen_soc_re/int_gen_soc_vitis/int_gen_plat/zynq_fsbl/zynq_fsbl_bsp/system.mss|system_0||

TRACE::2026-03-16.18:58:25::SCWMssOS::Sw design exists and opened at  C:/Users/ER250/OneDrive/Documents/ECE520_SOC/ECE520_SandBox/int_gen_soc_re/int_gen_soc_vitis/int_gen_plat/ps7_cortexa9_0/standalone_domain/bsp/system.mss
TRACE::2026-03-16.21:23:00::SCWPlatform::Trying to open the hw design at C:/Users/ER250/OneDrive/Documents/ECE520_SOC/ECE520_SandBox/int_gen_soc_re/int_gen_soc_vitis/int_gen_plat/hw/int_gen_bd_re_wrapper.xsa
TRACE::2026-03-16.21:23:00::SCWPlatform::DSA given C:/Users/ER250/OneDrive/Documents/ECE520_SOC/ECE520_SandBox/int_gen_soc_re/int_gen_soc_vitis/int_gen_plat/hw/int_gen_bd_re_wrapper.xsa
TRACE::2026-03-16.21:23:00::SCWPlatform::DSA absoulate path C:/Users/ER250/OneDrive/Documents/ECE520_SOC/ECE520_SandBox/int_gen_soc_re/int_gen_soc_vitis/int_gen_plat/hw/int_gen_bd_re_wrapper.xsa
TRACE::2026-03-16.21:23:00::SCWPlatform::DSA directory C:/Users/ER250/OneDrive/Documents/ECE520_SOC/ECE520_SandBox/int_gen_soc_re/int_gen_soc_vitis/int_gen_plat/hw
TRACE::2026-03-16.21:23:00::SCWPlatform:: Platform Path C:/Users/ER250/OneDrive/Documents/ECE520_SOC/ECE520_SandBox/int_gen_soc_re/int_gen_soc_vitis/int_gen_plat/hw/int_gen_bd_re_wrapper.xsa
TRACE::2026-03-16.21:23:00::SCWPlatform:: Unique name xilinx:zybo-z7-10::0.0
TRACE::2026-03-16.21:23:00::SCWPlatform::Do not have an existing db opened. 
TRACE::2026-03-16.21:23:03::SCWPlatform::Opened new HwDB with name int_gen_bd_re_wrapper
TRACE::2026-03-16.21:23:03::SCWReader::Active system found as  int_gen_plat
TRACE::2026-03-16.21:23:03::SCWReader::Handling sysconfig int_gen_plat
TRACE::2026-03-16.21:23:03::SCWDomain::checking for install qemu data   : 
TRACE::2026-03-16.21:23:03::SCWDomain:: Using the QEMU Data from install at  : C:/Xilinx/Vitis/2023.1/data/emulation/platforms/zynq/sw/a9_standalone/qemu/
TRACE::2026-03-16.21:23:03::SCWDomain:: Using the QEMU args  from install at  : C:/Xilinx/Vitis/2023.1/data/emulation/platforms/zynq/sw/a9_standalone/qemu/qemu_args.txt
TRACE::2026-03-16.21:23:03::SCWPlatform::Trying to open the hw design at C:/Users/ER250/OneDrive/Documents/ECE520_SOC/ECE520_SandBox/int_gen_soc_re/int_gen_soc_vitis/int_gen_plat/hw/int_gen_bd_re_wrapper.xsa
TRACE::2026-03-16.21:23:03::SCWPlatform::DSA given C:/Users/ER250/OneDrive/Documents/ECE520_SOC/ECE520_SandBox/int_gen_soc_re/int_gen_soc_vitis/int_gen_plat/hw/int_gen_bd_re_wrapper.xsa
TRACE::2026-03-16.21:23:03::SCWPlatform::DSA absoulate path C:/Users/ER250/OneDrive/Documents/ECE520_SOC/ECE520_SandBox/int_gen_soc_re/int_gen_soc_vitis/int_gen_plat/hw/int_gen_bd_re_wrapper.xsa
TRACE::2026-03-16.21:23:03::SCWPlatform::DSA directory C:/Users/ER250/OneDrive/Documents/ECE520_SOC/ECE520_SandBox/int_gen_soc_re/int_gen_soc_vitis/int_gen_plat/hw
TRACE::2026-03-16.21:23:03::SCWPlatform:: Platform Path C:/Users/ER250/OneDrive/Documents/ECE520_SOC/ECE520_SandBox/int_gen_soc_re/int_gen_soc_vitis/int_gen_plat/hw/int_gen_bd_re_wrapper.xsa
TRACE::2026-03-16.21:23:03::SCWPlatform:: Unique name xilinx:zybo-z7-10::0.0
TRACE::2026-03-16.21:23:03::SCWPlatform::Trying to set the existing hwdb with name int_gen_bd_re_wrapper
TRACE::2026-03-16.21:23:03::SCWPlatform::Opened existing hwdb int_gen_bd_re_wrapper
TRACE::2026-03-16.21:23:03::SCWPlatform::Found the Hw Db part of the input DSA
TRACE::2026-03-16.21:23:03::SCWPlatform::Trying to open the hw design at C:/Users/ER250/OneDrive/Documents/ECE520_SOC/ECE520_SandBox/int_gen_soc_re/int_gen_soc_vitis/int_gen_plat/hw/int_gen_bd_re_wrapper.xsa
TRACE::2026-03-16.21:23:03::SCWPlatform::DSA given C:/Users/ER250/OneDrive/Documents/ECE520_SOC/ECE520_SandBox/int_gen_soc_re/int_gen_soc_vitis/int_gen_plat/hw/int_gen_bd_re_wrapper.xsa
TRACE::2026-03-16.21:23:03::SCWPlatform::DSA absoulate path C:/Users/ER250/OneDrive/Documents/ECE520_SOC/ECE520_SandBox/int_gen_soc_re/int_gen_soc_vitis/int_gen_plat/hw/int_gen_bd_re_wrapper.xsa
TRACE::2026-03-16.21:23:03::SCWPlatform::DSA directory C:/Users/ER250/OneDrive/Documents/ECE520_SOC/ECE520_SandBox/int_gen_soc_re/int_gen_soc_vitis/int_gen_plat/hw
TRACE::2026-03-16.21:23:03::SCWPlatform:: Platform Path C:/Users/ER250/OneDrive/Documents/ECE520_SOC/ECE520_SandBox/int_gen_soc_re/int_gen_soc_vitis/int_gen_plat/hw/int_gen_bd_re_wrapper.xsa
TRACE::2026-03-16.21:23:03::SCWPlatform:: Unique name xilinx:zybo-z7-10::0.0
TRACE::2026-03-16.21:23:03::SCWPlatform::Trying to set the existing hwdb with name int_gen_bd_re_wrapper
TRACE::2026-03-16.21:23:03::SCWPlatform::Opened existing hwdb int_gen_bd_re_wrapper
TRACE::2026-03-16.21:23:03::SCWPlatform::Found the Hw Db part of the input DSA
TRACE::2026-03-16.21:23:03::SCWPlatform::Trying to open the hw design at C:/Users/ER250/OneDrive/Documents/ECE520_SOC/ECE520_SandBox/int_gen_soc_re/int_gen_soc_vitis/int_gen_plat/hw/int_gen_bd_re_wrapper.xsa
TRACE::2026-03-16.21:23:03::SCWPlatform::DSA given C:/Users/ER250/OneDrive/Documents/ECE520_SOC/ECE520_SandBox/int_gen_soc_re/int_gen_soc_vitis/int_gen_plat/hw/int_gen_bd_re_wrapper.xsa
TRACE::2026-03-16.21:23:03::SCWPlatform::DSA absoulate path C:/Users/ER250/OneDrive/Documents/ECE520_SOC/ECE520_SandBox/int_gen_soc_re/int_gen_soc_vitis/int_gen_plat/hw/int_gen_bd_re_wrapper.xsa
TRACE::2026-03-16.21:23:03::SCWPlatform::DSA directory C:/Users/ER250/OneDrive/Documents/ECE520_SOC/ECE520_SandBox/int_gen_soc_re/int_gen_soc_vitis/int_gen_plat/hw
TRACE::2026-03-16.21:23:03::SCWPlatform:: Platform Path C:/Users/ER250/OneDrive/Documents/ECE520_SOC/ECE520_SandBox/int_gen_soc_re/int_gen_soc_vitis/int_gen_plat/hw/int_gen_bd_re_wrapper.xsa
TRACE::2026-03-16.21:23:03::SCWPlatform:: Unique name xilinx:zybo-z7-10::0.0
TRACE::2026-03-16.21:23:03::SCWPlatform::Trying to set the existing hwdb with name int_gen_bd_re_wrapper
TRACE::2026-03-16.21:23:03::SCWPlatform::Opened existing hwdb int_gen_bd_re_wrapper
TRACE::2026-03-16.21:23:03::SCWPlatform::Found the Hw Db part of the input DSA
TRACE::2026-03-16.21:23:03::SCWReader::Boot application domain added for zynq_fsbl
TRACE::2026-03-16.21:23:03::SCWPlatform::Trying to open the hw design at C:/Users/ER250/OneDrive/Documents/ECE520_SOC/ECE520_SandBox/int_gen_soc_re/int_gen_soc_vitis/int_gen_plat/hw/int_gen_bd_re_wrapper.xsa
TRACE::2026-03-16.21:23:03::SCWPlatform::DSA given C:/Users/ER250/OneDrive/Documents/ECE520_SOC/ECE520_SandBox/int_gen_soc_re/int_gen_soc_vitis/int_gen_plat/hw/int_gen_bd_re_wrapper.xsa
TRACE::2026-03-16.21:23:03::SCWPlatform::DSA absoulate path C:/Users/ER250/OneDrive/Documents/ECE520_SOC/ECE520_SandBox/int_gen_soc_re/int_gen_soc_vitis/int_gen_plat/hw/int_gen_bd_re_wrapper.xsa
TRACE::2026-03-16.21:23:03::SCWPlatform::DSA directory C:/Users/ER250/OneDrive/Documents/ECE520_SOC/ECE520_SandBox/int_gen_soc_re/int_gen_soc_vitis/int_gen_plat/hw
TRACE::2026-03-16.21:23:03::SCWPlatform:: Platform Path C:/Users/ER250/OneDrive/Documents/ECE520_SOC/ECE520_SandBox/int_gen_soc_re/int_gen_soc_vitis/int_gen_plat/hw/int_gen_bd_re_wrapper.xsa
TRACE::2026-03-16.21:23:03::SCWPlatform:: Unique name xilinx:zybo-z7-10::0.0
TRACE::2026-03-16.21:23:03::SCWPlatform::Trying to set the existing hwdb with name int_gen_bd_re_wrapper
TRACE::2026-03-16.21:23:03::SCWPlatform::Opened existing hwdb int_gen_bd_re_wrapper
TRACE::2026-03-16.21:23:03::SCWPlatform::Found the Hw Db part of the input DSA
TRACE::2026-03-16.21:23:03::SCWMssOS::Checking the sw design at  C:/Users/ER250/OneDrive/Documents/ECE520_SOC/ECE520_SandBox/int_gen_soc_re/int_gen_soc_vitis/int_gen_plat/zynq_fsbl/zynq_fsbl_bsp/system.mss
TRACE::2026-03-16.21:23:03::SCWMssOS::DEBUG:  swdes dump  
TRACE::2026-03-16.21:23:03::SCWMssOS::No sw design opened at  C:/Users/ER250/OneDrive/Documents/ECE520_SOC/ECE520_SandBox/int_gen_soc_re/int_gen_soc_vitis/int_gen_plat/zynq_fsbl/zynq_fsbl_bsp/system.mss
TRACE::2026-03-16.21:23:03::SCWMssOS::mss exists loading the mss file  C:/Users/ER250/OneDrive/Documents/ECE520_SOC/ECE520_SandBox/int_gen_soc_re/int_gen_soc_vitis/int_gen_plat/zynq_fsbl/zynq_fsbl_bsp/system.mss
TRACE::2026-03-16.21:23:03::SCWMssOS::Opened the sw design from mss  C:/Users/ER250/OneDrive/Documents/ECE520_SOC/ECE520_SandBox/int_gen_soc_re/int_gen_soc_vitis/int_gen_plat/zynq_fsbl/zynq_fsbl_bsp/system.mss
TRACE::2026-03-16.21:23:03::SCWMssOS::Adding the swdes entry C:/Users/ER250/OneDrive/Documents/ECE520_SOC/ECE520_SandBox/int_gen_soc_re/int_gen_soc_vitis/int_gen_plat/zynq_fsbl/zynq_fsbl_bsp/system.mss with des name system
TRACE::2026-03-16.21:23:03::SCWMssOS::updating the scw layer about changes
TRACE::2026-03-16.21:23:03::SCWMssOS::Opened the sw design.  C:/Users/ER250/OneDrive/Documents/ECE520_SOC/ECE520_SandBox/int_gen_soc_re/int_gen_soc_vitis/int_gen_plat/zynq_fsbl/zynq_fsbl_bsp/system.mss
TRACE::2026-03-16.21:23:03::SCWPlatform::Trying to open the hw design at C:/Users/ER250/OneDrive/Documents/ECE520_SOC/ECE520_SandBox/int_gen_soc_re/int_gen_soc_vitis/int_gen_plat/hw/int_gen_bd_re_wrapper.xsa
TRACE::2026-03-16.21:23:03::SCWPlatform::DSA given C:/Users/ER250/OneDrive/Documents/ECE520_SOC/ECE520_SandBox/int_gen_soc_re/int_gen_soc_vitis/int_gen_plat/hw/int_gen_bd_re_wrapper.xsa
TRACE::2026-03-16.21:23:03::SCWPlatform::DSA absoulate path C:/Users/ER250/OneDrive/Documents/ECE520_SOC/ECE520_SandBox/int_gen_soc_re/int_gen_soc_vitis/int_gen_plat/hw/int_gen_bd_re_wrapper.xsa
TRACE::2026-03-16.21:23:03::SCWPlatform::DSA directory C:/Users/ER250/OneDrive/Documents/ECE520_SOC/ECE520_SandBox/int_gen_soc_re/int_gen_soc_vitis/int_gen_plat/hw
TRACE::2026-03-16.21:23:03::SCWPlatform:: Platform Path C:/Users/ER250/OneDrive/Documents/ECE520_SOC/ECE520_SandBox/int_gen_soc_re/int_gen_soc_vitis/int_gen_plat/hw/int_gen_bd_re_wrapper.xsa
TRACE::2026-03-16.21:23:03::SCWPlatform:: Unique name xilinx:zybo-z7-10::0.0
TRACE::2026-03-16.21:23:03::SCWPlatform::Trying to set the existing hwdb with name int_gen_bd_re_wrapper
TRACE::2026-03-16.21:23:03::SCWPlatform::Opened existing hwdb int_gen_bd_re_wrapper
TRACE::2026-03-16.21:23:03::SCWPlatform::Found the Hw Db part of the input DSA
TRACE::2026-03-16.21:23:03::SCWMssOS::Checking the sw design at  C:/Users/ER250/OneDrive/Documents/ECE520_SOC/ECE520_SandBox/int_gen_soc_re/int_gen_soc_vitis/int_gen_plat/zynq_fsbl/zynq_fsbl_bsp/system.mss
TRACE::2026-03-16.21:23:03::SCWMssOS::DEBUG:  swdes dump  C:/Users/ER250/OneDrive/Documents/ECE520_SOC/ECE520_SandBox/int_gen_soc_re/int_gen_soc_vitis/int_gen_plat/zynq_fsbl/zynq_fsbl_bsp/system.mss|system||

TRACE::2026-03-16.21:23:03::SCWMssOS::Sw design exists and opened at  C:/Users/ER250/OneDrive/Documents/ECE520_SOC/ECE520_SandBox/int_gen_soc_re/int_gen_soc_vitis/int_gen_plat/zynq_fsbl/zynq_fsbl_bsp/system.mss
TRACE::2026-03-16.21:23:03::SCWMssOS:: library already available in sw design:  xilffs:5.0
TRACE::2026-03-16.21:23:03::SCWPlatform::Trying to open the hw design at C:/Users/ER250/OneDrive/Documents/ECE520_SOC/ECE520_SandBox/int_gen_soc_re/int_gen_soc_vitis/int_gen_plat/hw/int_gen_bd_re_wrapper.xsa
TRACE::2026-03-16.21:23:03::SCWPlatform::DSA given C:/Users/ER250/OneDrive/Documents/ECE520_SOC/ECE520_SandBox/int_gen_soc_re/int_gen_soc_vitis/int_gen_plat/hw/int_gen_bd_re_wrapper.xsa
TRACE::2026-03-16.21:23:03::SCWPlatform::DSA absoulate path C:/Users/ER250/OneDrive/Documents/ECE520_SOC/ECE520_SandBox/int_gen_soc_re/int_gen_soc_vitis/int_gen_plat/hw/int_gen_bd_re_wrapper.xsa
TRACE::2026-03-16.21:23:03::SCWPlatform::DSA directory C:/Users/ER250/OneDrive/Documents/ECE520_SOC/ECE520_SandBox/int_gen_soc_re/int_gen_soc_vitis/int_gen_plat/hw
TRACE::2026-03-16.21:23:03::SCWPlatform:: Platform Path C:/Users/ER250/OneDrive/Documents/ECE520_SOC/ECE520_SandBox/int_gen_soc_re/int_gen_soc_vitis/int_gen_plat/hw/int_gen_bd_re_wrapper.xsa
TRACE::2026-03-16.21:23:03::SCWPlatform:: Unique name xilinx:zybo-z7-10::0.0
TRACE::2026-03-16.21:23:03::SCWPlatform::Trying to set the existing hwdb with name int_gen_bd_re_wrapper
TRACE::2026-03-16.21:23:03::SCWPlatform::Opened existing hwdb int_gen_bd_re_wrapper
TRACE::2026-03-16.21:23:03::SCWPlatform::Found the Hw Db part of the input DSA
TRACE::2026-03-16.21:23:03::SCWMssOS::Checking the sw design at  C:/Users/ER250/OneDrive/Documents/ECE520_SOC/ECE520_SandBox/int_gen_soc_re/int_gen_soc_vitis/int_gen_plat/zynq_fsbl/zynq_fsbl_bsp/system.mss
TRACE::2026-03-16.21:23:03::SCWMssOS::DEBUG:  swdes dump  C:/Users/ER250/OneDrive/Documents/ECE520_SOC/ECE520_SandBox/int_gen_soc_re/int_gen_soc_vitis/int_gen_plat/zynq_fsbl/zynq_fsbl_bsp/system.mss|system||

TRACE::2026-03-16.21:23:03::SCWMssOS::Sw design exists and opened at  C:/Users/ER250/OneDrive/Documents/ECE520_SOC/ECE520_SandBox/int_gen_soc_re/int_gen_soc_vitis/int_gen_plat/zynq_fsbl/zynq_fsbl_bsp/system.mss
TRACE::2026-03-16.21:23:03::SCWMssOS:: library already available in sw design:  xilrsa:1.6
TRACE::2026-03-16.21:23:03::SCWPlatform::Trying to open the hw design at C:/Users/ER250/OneDrive/Documents/ECE520_SOC/ECE520_SandBox/int_gen_soc_re/int_gen_soc_vitis/int_gen_plat/hw/int_gen_bd_re_wrapper.xsa
TRACE::2026-03-16.21:23:03::SCWPlatform::DSA given C:/Users/ER250/OneDrive/Documents/ECE520_SOC/ECE520_SandBox/int_gen_soc_re/int_gen_soc_vitis/int_gen_plat/hw/int_gen_bd_re_wrapper.xsa
TRACE::2026-03-16.21:23:03::SCWPlatform::DSA absoulate path C:/Users/ER250/OneDrive/Documents/ECE520_SOC/ECE520_SandBox/int_gen_soc_re/int_gen_soc_vitis/int_gen_plat/hw/int_gen_bd_re_wrapper.xsa
TRACE::2026-03-16.21:23:03::SCWPlatform::DSA directory C:/Users/ER250/OneDrive/Documents/ECE520_SOC/ECE520_SandBox/int_gen_soc_re/int_gen_soc_vitis/int_gen_plat/hw
TRACE::2026-03-16.21:23:03::SCWPlatform:: Platform Path C:/Users/ER250/OneDrive/Documents/ECE520_SOC/ECE520_SandBox/int_gen_soc_re/int_gen_soc_vitis/int_gen_plat/hw/int_gen_bd_re_wrapper.xsa
TRACE::2026-03-16.21:23:03::SCWPlatform:: Unique name xilinx:zybo-z7-10::0.0
TRACE::2026-03-16.21:23:03::SCWPlatform::Trying to set the existing hwdb with name int_gen_bd_re_wrapper
TRACE::2026-03-16.21:23:03::SCWPlatform::Opened existing hwdb int_gen_bd_re_wrapper
TRACE::2026-03-16.21:23:03::SCWPlatform::Found the Hw Db part of the input DSA
TRACE::2026-03-16.21:23:03::SCWMssOS::Checking the sw design at  C:/Users/ER250/OneDrive/Documents/ECE520_SOC/ECE520_SandBox/int_gen_soc_re/int_gen_soc_vitis/int_gen_plat/zynq_fsbl/zynq_fsbl_bsp/system.mss
TRACE::2026-03-16.21:23:03::SCWMssOS::DEBUG:  swdes dump  C:/Users/ER250/OneDrive/Documents/ECE520_SOC/ECE520_SandBox/int_gen_soc_re/int_gen_soc_vitis/int_gen_plat/zynq_fsbl/zynq_fsbl_bsp/system.mss|system||

TRACE::2026-03-16.21:23:03::SCWMssOS::Sw design exists and opened at  C:/Users/ER250/OneDrive/Documents/ECE520_SOC/ECE520_SandBox/int_gen_soc_re/int_gen_soc_vitis/int_gen_plat/zynq_fsbl/zynq_fsbl_bsp/system.mss
TRACE::2026-03-16.21:23:03::SCWMssOS::Saving the mss changes C:/Users/ER250/OneDrive/Documents/ECE520_SOC/ECE520_SandBox/int_gen_soc_re/int_gen_soc_vitis/int_gen_plat/zynq_fsbl/zynq_fsbl_bsp/system.mss
TRACE::2026-03-16.21:23:03::SCWMssOS::Found a swdesign opened with the mssfile.
TRACE::2026-03-16.21:23:03::SCWMssOS::Completed writemss as part of save.
TRACE::2026-03-16.21:23:03::SCWMssOS::Commit changes completed.
TRACE::2026-03-16.21:23:03::SCWReader::Adding prebuilt librarypaths as   
TRACE::2026-03-16.21:23:03::SCWReader::Adding prebuilt incpaths  as   
TRACE::2026-03-16.21:23:03::SCWPlatform::Trying to open the hw design at C:/Users/ER250/OneDrive/Documents/ECE520_SOC/ECE520_SandBox/int_gen_soc_re/int_gen_soc_vitis/int_gen_plat/hw/int_gen_bd_re_wrapper.xsa
TRACE::2026-03-16.21:23:03::SCWPlatform::DSA given C:/Users/ER250/OneDrive/Documents/ECE520_SOC/ECE520_SandBox/int_gen_soc_re/int_gen_soc_vitis/int_gen_plat/hw/int_gen_bd_re_wrapper.xsa
TRACE::2026-03-16.21:23:03::SCWPlatform::DSA absoulate path C:/Users/ER250/OneDrive/Documents/ECE520_SOC/ECE520_SandBox/int_gen_soc_re/int_gen_soc_vitis/int_gen_plat/hw/int_gen_bd_re_wrapper.xsa
TRACE::2026-03-16.21:23:03::SCWPlatform::DSA directory C:/Users/ER250/OneDrive/Documents/ECE520_SOC/ECE520_SandBox/int_gen_soc_re/int_gen_soc_vitis/int_gen_plat/hw
TRACE::2026-03-16.21:23:03::SCWPlatform:: Platform Path C:/Users/ER250/OneDrive/Documents/ECE520_SOC/ECE520_SandBox/int_gen_soc_re/int_gen_soc_vitis/int_gen_plat/hw/int_gen_bd_re_wrapper.xsa
TRACE::2026-03-16.21:23:03::SCWPlatform:: Unique name xilinx:zybo-z7-10::0.0
TRACE::2026-03-16.21:23:03::SCWPlatform::Trying to set the existing hwdb with name int_gen_bd_re_wrapper
TRACE::2026-03-16.21:23:03::SCWPlatform::Opened existing hwdb int_gen_bd_re_wrapper
TRACE::2026-03-16.21:23:03::SCWPlatform::Found the Hw Db part of the input DSA
TRACE::2026-03-16.21:23:03::SCWMssOS::Checking the sw design at  C:/Users/ER250/OneDrive/Documents/ECE520_SOC/ECE520_SandBox/int_gen_soc_re/int_gen_soc_vitis/int_gen_plat/zynq_fsbl/zynq_fsbl_bsp/system.mss
TRACE::2026-03-16.21:23:03::SCWMssOS::DEBUG:  swdes dump  C:/Users/ER250/OneDrive/Documents/ECE520_SOC/ECE520_SandBox/int_gen_soc_re/int_gen_soc_vitis/int_gen_plat/zynq_fsbl/zynq_fsbl_bsp/system.mss|system||

TRACE::2026-03-16.21:23:03::SCWMssOS::Sw design exists and opened at  C:/Users/ER250/OneDrive/Documents/ECE520_SOC/ECE520_SandBox/int_gen_soc_re/int_gen_soc_vitis/int_gen_plat/zynq_fsbl/zynq_fsbl_bsp/system.mss
TRACE::2026-03-16.21:23:03::SCWReader::No isolation master present  
TRACE::2026-03-16.21:23:03::SCWDomain::checking for install qemu data   : 
TRACE::2026-03-16.21:23:03::SCWDomain:: Using the QEMU Data from install at  : C:/Xilinx/Vitis/2023.1/data/emulation/platforms/zynq/sw/a9_standalone/qemu/
TRACE::2026-03-16.21:23:03::SCWDomain:: Using the QEMU args  from install at  : C:/Xilinx/Vitis/2023.1/data/emulation/platforms/zynq/sw/a9_standalone/qemu/qemu_args.txt
TRACE::2026-03-16.21:23:03::SCWPlatform::Trying to open the hw design at C:/Users/ER250/OneDrive/Documents/ECE520_SOC/ECE520_SandBox/int_gen_soc_re/int_gen_soc_vitis/int_gen_plat/hw/int_gen_bd_re_wrapper.xsa
TRACE::2026-03-16.21:23:03::SCWPlatform::DSA given C:/Users/ER250/OneDrive/Documents/ECE520_SOC/ECE520_SandBox/int_gen_soc_re/int_gen_soc_vitis/int_gen_plat/hw/int_gen_bd_re_wrapper.xsa
TRACE::2026-03-16.21:23:03::SCWPlatform::DSA absoulate path C:/Users/ER250/OneDrive/Documents/ECE520_SOC/ECE520_SandBox/int_gen_soc_re/int_gen_soc_vitis/int_gen_plat/hw/int_gen_bd_re_wrapper.xsa
TRACE::2026-03-16.21:23:03::SCWPlatform::DSA directory C:/Users/ER250/OneDrive/Documents/ECE520_SOC/ECE520_SandBox/int_gen_soc_re/int_gen_soc_vitis/int_gen_plat/hw
TRACE::2026-03-16.21:23:03::SCWPlatform:: Platform Path C:/Users/ER250/OneDrive/Documents/ECE520_SOC/ECE520_SandBox/int_gen_soc_re/int_gen_soc_vitis/int_gen_plat/hw/int_gen_bd_re_wrapper.xsa
TRACE::2026-03-16.21:23:03::SCWPlatform:: Unique name xilinx:zybo-z7-10::0.0
TRACE::2026-03-16.21:23:03::SCWPlatform::Trying to set the existing hwdb with name int_gen_bd_re_wrapper
TRACE::2026-03-16.21:23:03::SCWPlatform::Opened existing hwdb int_gen_bd_re_wrapper
TRACE::2026-03-16.21:23:03::SCWPlatform::Found the Hw Db part of the input DSA
TRACE::2026-03-16.21:23:03::SCWPlatform::Trying to open the hw design at C:/Users/ER250/OneDrive/Documents/ECE520_SOC/ECE520_SandBox/int_gen_soc_re/int_gen_soc_vitis/int_gen_plat/hw/int_gen_bd_re_wrapper.xsa
TRACE::2026-03-16.21:23:03::SCWPlatform::DSA given C:/Users/ER250/OneDrive/Documents/ECE520_SOC/ECE520_SandBox/int_gen_soc_re/int_gen_soc_vitis/int_gen_plat/hw/int_gen_bd_re_wrapper.xsa
TRACE::2026-03-16.21:23:03::SCWPlatform::DSA absoulate path C:/Users/ER250/OneDrive/Documents/ECE520_SOC/ECE520_SandBox/int_gen_soc_re/int_gen_soc_vitis/int_gen_plat/hw/int_gen_bd_re_wrapper.xsa
TRACE::2026-03-16.21:23:03::SCWPlatform::DSA directory C:/Users/ER250/OneDrive/Documents/ECE520_SOC/ECE520_SandBox/int_gen_soc_re/int_gen_soc_vitis/int_gen_plat/hw
TRACE::2026-03-16.21:23:03::SCWPlatform:: Platform Path C:/Users/ER250/OneDrive/Documents/ECE520_SOC/ECE520_SandBox/int_gen_soc_re/int_gen_soc_vitis/int_gen_plat/hw/int_gen_bd_re_wrapper.xsa
TRACE::2026-03-16.21:23:03::SCWPlatform:: Unique name xilinx:zybo-z7-10::0.0
TRACE::2026-03-16.21:23:03::SCWPlatform::Trying to set the existing hwdb with name int_gen_bd_re_wrapper
TRACE::2026-03-16.21:23:03::SCWPlatform::Opened existing hwdb int_gen_bd_re_wrapper
TRACE::2026-03-16.21:23:03::SCWPlatform::Found the Hw Db part of the input DSA
TRACE::2026-03-16.21:23:03::SCWPlatform::Trying to open the hw design at C:/Users/ER250/OneDrive/Documents/ECE520_SOC/ECE520_SandBox/int_gen_soc_re/int_gen_soc_vitis/int_gen_plat/hw/int_gen_bd_re_wrapper.xsa
TRACE::2026-03-16.21:23:03::SCWPlatform::DSA given C:/Users/ER250/OneDrive/Documents/ECE520_SOC/ECE520_SandBox/int_gen_soc_re/int_gen_soc_vitis/int_gen_plat/hw/int_gen_bd_re_wrapper.xsa
TRACE::2026-03-16.21:23:03::SCWPlatform::DSA absoulate path C:/Users/ER250/OneDrive/Documents/ECE520_SOC/ECE520_SandBox/int_gen_soc_re/int_gen_soc_vitis/int_gen_plat/hw/int_gen_bd_re_wrapper.xsa
TRACE::2026-03-16.21:23:03::SCWPlatform::DSA directory C:/Users/ER250/OneDrive/Documents/ECE520_SOC/ECE520_SandBox/int_gen_soc_re/int_gen_soc_vitis/int_gen_plat/hw
TRACE::2026-03-16.21:23:03::SCWPlatform:: Platform Path C:/Users/ER250/OneDrive/Documents/ECE520_SOC/ECE520_SandBox/int_gen_soc_re/int_gen_soc_vitis/int_gen_plat/hw/int_gen_bd_re_wrapper.xsa
TRACE::2026-03-16.21:23:03::SCWPlatform:: Unique name xilinx:zybo-z7-10::0.0
TRACE::2026-03-16.21:23:03::SCWPlatform::Trying to set the existing hwdb with name int_gen_bd_re_wrapper
TRACE::2026-03-16.21:23:03::SCWPlatform::Opened existing hwdb int_gen_bd_re_wrapper
TRACE::2026-03-16.21:23:03::SCWPlatform::Found the Hw Db part of the input DSA
TRACE::2026-03-16.21:23:03::SCWMssOS::Checking the sw design at  C:/Users/ER250/OneDrive/Documents/ECE520_SOC/ECE520_SandBox/int_gen_soc_re/int_gen_soc_vitis/int_gen_plat/ps7_cortexa9_0/standalone_domain/bsp/system.mss
TRACE::2026-03-16.21:23:03::SCWMssOS::DEBUG:  swdes dump  C:/Users/ER250/OneDrive/Documents/ECE520_SOC/ECE520_SandBox/int_gen_soc_re/int_gen_soc_vitis/int_gen_plat/zynq_fsbl/zynq_fsbl_bsp/system.mss|system||

TRACE::2026-03-16.21:23:03::SCWMssOS::No sw design opened at  C:/Users/ER250/OneDrive/Documents/ECE520_SOC/ECE520_SandBox/int_gen_soc_re/int_gen_soc_vitis/int_gen_plat/ps7_cortexa9_0/standalone_domain/bsp/system.mss
TRACE::2026-03-16.21:23:03::SCWMssOS::mss exists loading the mss file  C:/Users/ER250/OneDrive/Documents/ECE520_SOC/ECE520_SandBox/int_gen_soc_re/int_gen_soc_vitis/int_gen_plat/ps7_cortexa9_0/standalone_domain/bsp/system.mss
TRACE::2026-03-16.21:23:03::SCWMssOS::Opened the sw design from mss  C:/Users/ER250/OneDrive/Documents/ECE520_SOC/ECE520_SandBox/int_gen_soc_re/int_gen_soc_vitis/int_gen_plat/ps7_cortexa9_0/standalone_domain/bsp/system.mss
TRACE::2026-03-16.21:23:03::SCWMssOS::Adding the swdes entry C:/Users/ER250/OneDrive/Documents/ECE520_SOC/ECE520_SandBox/int_gen_soc_re/int_gen_soc_vitis/int_gen_plat/ps7_cortexa9_0/standalone_domain/bsp/system.mss with des name system_0
TRACE::2026-03-16.21:23:03::SCWMssOS::updating the scw layer about changes
TRACE::2026-03-16.21:23:03::SCWMssOS::Opened the sw design.  C:/Users/ER250/OneDrive/Documents/ECE520_SOC/ECE520_SandBox/int_gen_soc_re/int_gen_soc_vitis/int_gen_plat/ps7_cortexa9_0/standalone_domain/bsp/system.mss
TRACE::2026-03-16.21:23:03::SCWPlatform::Trying to open the hw design at C:/Users/ER250/OneDrive/Documents/ECE520_SOC/ECE520_SandBox/int_gen_soc_re/int_gen_soc_vitis/int_gen_plat/hw/int_gen_bd_re_wrapper.xsa
TRACE::2026-03-16.21:23:03::SCWPlatform::DSA given C:/Users/ER250/OneDrive/Documents/ECE520_SOC/ECE520_SandBox/int_gen_soc_re/int_gen_soc_vitis/int_gen_plat/hw/int_gen_bd_re_wrapper.xsa
TRACE::2026-03-16.21:23:03::SCWPlatform::DSA absoulate path C:/Users/ER250/OneDrive/Documents/ECE520_SOC/ECE520_SandBox/int_gen_soc_re/int_gen_soc_vitis/int_gen_plat/hw/int_gen_bd_re_wrapper.xsa
TRACE::2026-03-16.21:23:03::SCWPlatform::DSA directory C:/Users/ER250/OneDrive/Documents/ECE520_SOC/ECE520_SandBox/int_gen_soc_re/int_gen_soc_vitis/int_gen_plat/hw
TRACE::2026-03-16.21:23:03::SCWPlatform:: Platform Path C:/Users/ER250/OneDrive/Documents/ECE520_SOC/ECE520_SandBox/int_gen_soc_re/int_gen_soc_vitis/int_gen_plat/hw/int_gen_bd_re_wrapper.xsa
TRACE::2026-03-16.21:23:03::SCWPlatform:: Unique name xilinx:zybo-z7-10::0.0
TRACE::2026-03-16.21:23:03::SCWPlatform::Trying to set the existing hwdb with name int_gen_bd_re_wrapper
TRACE::2026-03-16.21:23:03::SCWPlatform::Opened existing hwdb int_gen_bd_re_wrapper
TRACE::2026-03-16.21:23:03::SCWPlatform::Found the Hw Db part of the input DSA
TRACE::2026-03-16.21:23:03::SCWMssOS::Checking the sw design at  C:/Users/ER250/OneDrive/Documents/ECE520_SOC/ECE520_SandBox/int_gen_soc_re/int_gen_soc_vitis/int_gen_plat/ps7_cortexa9_0/standalone_domain/bsp/system.mss
TRACE::2026-03-16.21:23:03::SCWMssOS::DEBUG:  swdes dump  C:/Users/ER250/OneDrive/Documents/ECE520_SOC/ECE520_SandBox/int_gen_soc_re/int_gen_soc_vitis/int_gen_plat/ps7_cortexa9_0/standalone_domain/bsp/system.mss|system_0||
C:/Users/ER250/OneDrive/Documents/ECE520_SOC/ECE520_SandBox/int_gen_soc_re/int_gen_soc_vitis/int_gen_plat/zynq_fsbl/zynq_fsbl_bsp/system.mss|system||

TRACE::2026-03-16.21:23:03::SCWMssOS::Sw design exists and opened at  C:/Users/ER250/OneDrive/Documents/ECE520_SOC/ECE520_SandBox/int_gen_soc_re/int_gen_soc_vitis/int_gen_plat/ps7_cortexa9_0/standalone_domain/bsp/system.mss
TRACE::2026-03-16.21:23:03::SCWMssOS::Saving the mss changes C:/Users/ER250/OneDrive/Documents/ECE520_SOC/ECE520_SandBox/int_gen_soc_re/int_gen_soc_vitis/int_gen_plat/ps7_cortexa9_0/standalone_domain/bsp/system.mss
TRACE::2026-03-16.21:23:03::SCWMssOS::Found a swdesign opened with the mssfile.
TRACE::2026-03-16.21:23:03::SCWMssOS::Completed writemss as part of save.
TRACE::2026-03-16.21:23:03::SCWMssOS::Commit changes completed.
TRACE::2026-03-16.21:23:03::SCWReader::Adding prebuilt librarypaths as   
TRACE::2026-03-16.21:23:03::SCWReader::Adding prebuilt incpaths  as   
TRACE::2026-03-16.21:23:03::SCWPlatform::Trying to open the hw design at C:/Users/ER250/OneDrive/Documents/ECE520_SOC/ECE520_SandBox/int_gen_soc_re/int_gen_soc_vitis/int_gen_plat/hw/int_gen_bd_re_wrapper.xsa
TRACE::2026-03-16.21:23:03::SCWPlatform::DSA given C:/Users/ER250/OneDrive/Documents/ECE520_SOC/ECE520_SandBox/int_gen_soc_re/int_gen_soc_vitis/int_gen_plat/hw/int_gen_bd_re_wrapper.xsa
TRACE::2026-03-16.21:23:03::SCWPlatform::DSA absoulate path C:/Users/ER250/OneDrive/Documents/ECE520_SOC/ECE520_SandBox/int_gen_soc_re/int_gen_soc_vitis/int_gen_plat/hw/int_gen_bd_re_wrapper.xsa
TRACE::2026-03-16.21:23:03::SCWPlatform::DSA directory C:/Users/ER250/OneDrive/Documents/ECE520_SOC/ECE520_SandBox/int_gen_soc_re/int_gen_soc_vitis/int_gen_plat/hw
TRACE::2026-03-16.21:23:03::SCWPlatform:: Platform Path C:/Users/ER250/OneDrive/Documents/ECE520_SOC/ECE520_SandBox/int_gen_soc_re/int_gen_soc_vitis/int_gen_plat/hw/int_gen_bd_re_wrapper.xsa
TRACE::2026-03-16.21:23:03::SCWPlatform:: Unique name xilinx:zybo-z7-10::0.0
TRACE::2026-03-16.21:23:03::SCWPlatform::Trying to set the existing hwdb with name int_gen_bd_re_wrapper
TRACE::2026-03-16.21:23:03::SCWPlatform::Opened existing hwdb int_gen_bd_re_wrapper
TRACE::2026-03-16.21:23:03::SCWPlatform::Found the Hw Db part of the input DSA
TRACE::2026-03-16.21:23:03::SCWMssOS::Checking the sw design at  C:/Users/ER250/OneDrive/Documents/ECE520_SOC/ECE520_SandBox/int_gen_soc_re/int_gen_soc_vitis/int_gen_plat/ps7_cortexa9_0/standalone_domain/bsp/system.mss
TRACE::2026-03-16.21:23:03::SCWMssOS::DEBUG:  swdes dump  C:/Users/ER250/OneDrive/Documents/ECE520_SOC/ECE520_SandBox/int_gen_soc_re/int_gen_soc_vitis/int_gen_plat/ps7_cortexa9_0/standalone_domain/bsp/system.mss|system_0||
C:/Users/ER250/OneDrive/Documents/ECE520_SOC/ECE520_SandBox/int_gen_soc_re/int_gen_soc_vitis/int_gen_plat/zynq_fsbl/zynq_fsbl_bsp/system.mss|system||

TRACE::2026-03-16.21:23:03::SCWMssOS::Sw design exists and opened at  C:/Users/ER250/OneDrive/Documents/ECE520_SOC/ECE520_SandBox/int_gen_soc_re/int_gen_soc_vitis/int_gen_plat/ps7_cortexa9_0/standalone_domain/bsp/system.mss
TRACE::2026-03-16.21:23:03::SCWReader::No isolation master present  
TRACE::2026-03-16.21:23:16::SCWPlatform::DSA given C:/Users/ER250/OneDrive/Documents/ECE520_SOC/ECE520_SandBox/int_gen_soc_re/int_gen_soc_vitis/int_gen_plat/tempdsa/int_gen_bd_re_wrapper.xsa
TRACE::2026-03-16.21:23:16::SCWPlatform::DSA absoulate path C:/Users/ER250/OneDrive/Documents/ECE520_SOC/ECE520_SandBox/int_gen_soc_re/int_gen_soc_vitis/int_gen_plat/tempdsa/int_gen_bd_re_wrapper.xsa
TRACE::2026-03-16.21:23:16::SCWPlatform:: Platform location is C:/Users/ER250/OneDrive/Documents/ECE520_SOC/ECE520_SandBox/int_gen_soc_re/int_gen_soc_vitis/int_gen_plat/tempdsa
TRACE::2026-03-16.21:23:16::SCWPlatform:: Platform Path C:/Users/ER250/OneDrive/Documents/ECE520_SOC/ECE520_SandBox/int_gen_soc_re/int_gen_soc_vitis/int_gen_plat/tempdsa/int_gen_bd_re_wrapper.xsa
TRACE::2026-03-16.21:23:16::SCWPlatform:: Unique name xilinx:zybo-z7-10::0.0
TRACE::2026-03-16.21:23:18::SCWPlatform::Found the Hw Db part of the input DSA
TRACE::2026-03-16.21:23:18::SCWMssOS::Doing hw sync for the mss in domain: zynq_fsbl
TRACE::2026-03-16.21:23:18::SCWPlatform::Trying to open the hw design at C:/Users/ER250/OneDrive/Documents/ECE520_SOC/ECE520_SandBox/int_gen_soc_re/int_gen_soc_vitis/int_gen_plat/hw/int_gen_bd_re_wrapper.xsa
TRACE::2026-03-16.21:23:18::SCWPlatform::DSA given C:/Users/ER250/OneDrive/Documents/ECE520_SOC/ECE520_SandBox/int_gen_soc_re/int_gen_soc_vitis/int_gen_plat/hw/int_gen_bd_re_wrapper.xsa
TRACE::2026-03-16.21:23:18::SCWPlatform::DSA absoulate path C:/Users/ER250/OneDrive/Documents/ECE520_SOC/ECE520_SandBox/int_gen_soc_re/int_gen_soc_vitis/int_gen_plat/hw/int_gen_bd_re_wrapper.xsa
TRACE::2026-03-16.21:23:18::SCWPlatform::DSA directory C:/Users/ER250/OneDrive/Documents/ECE520_SOC/ECE520_SandBox/int_gen_soc_re/int_gen_soc_vitis/int_gen_plat/hw
TRACE::2026-03-16.21:23:18::SCWPlatform:: Platform Path C:/Users/ER250/OneDrive/Documents/ECE520_SOC/ECE520_SandBox/int_gen_soc_re/int_gen_soc_vitis/int_gen_plat/hw/int_gen_bd_re_wrapper.xsa
TRACE::2026-03-16.21:23:18::SCWPlatform:: Unique name xilinx:zybo-z7-10::0.0
TRACE::2026-03-16.21:23:18::SCWPlatform::Trying to set the existing hwdb with name int_gen_bd_re_wrapper
TRACE::2026-03-16.21:23:18::SCWPlatform::Opened existing hwdb int_gen_bd_re_wrapper
TRACE::2026-03-16.21:23:18::SCWPlatform::Found the Hw Db part of the input DSA
TRACE::2026-03-16.21:23:18::SCWPlatform::Trying to open the hw design at C:/Users/ER250/OneDrive/Documents/ECE520_SOC/ECE520_SandBox/int_gen_soc_re/int_gen_soc_vitis/int_gen_plat/hw/int_gen_bd_re_wrapper.xsa
TRACE::2026-03-16.21:23:18::SCWPlatform::DSA given C:/Users/ER250/OneDrive/Documents/ECE520_SOC/ECE520_SandBox/int_gen_soc_re/int_gen_soc_vitis/int_gen_plat/hw/int_gen_bd_re_wrapper.xsa
TRACE::2026-03-16.21:23:18::SCWPlatform::DSA absoulate path C:/Users/ER250/OneDrive/Documents/ECE520_SOC/ECE520_SandBox/int_gen_soc_re/int_gen_soc_vitis/int_gen_plat/hw/int_gen_bd_re_wrapper.xsa
TRACE::2026-03-16.21:23:18::SCWPlatform::DSA directory C:/Users/ER250/OneDrive/Documents/ECE520_SOC/ECE520_SandBox/int_gen_soc_re/int_gen_soc_vitis/int_gen_plat/hw
TRACE::2026-03-16.21:23:18::SCWPlatform:: Platform Path C:/Users/ER250/OneDrive/Documents/ECE520_SOC/ECE520_SandBox/int_gen_soc_re/int_gen_soc_vitis/int_gen_plat/hw/int_gen_bd_re_wrapper.xsa
TRACE::2026-03-16.21:23:18::SCWPlatform:: Unique name xilinx:zybo-z7-10::0.0
TRACE::2026-03-16.21:23:18::SCWPlatform::Trying to set the existing hwdb with name int_gen_bd_re_wrapper
TRACE::2026-03-16.21:23:18::SCWPlatform::Opened existing hwdb int_gen_bd_re_wrapper
TRACE::2026-03-16.21:23:18::SCWPlatform::Found the Hw Db part of the input DSA
TRACE::2026-03-16.21:23:18::SCWMssOS::Checking the sw design at  C:/Users/ER250/OneDrive/Documents/ECE520_SOC/ECE520_SandBox/int_gen_soc_re/int_gen_soc_vitis/int_gen_plat/zynq_fsbl/zynq_fsbl_bsp/system.mss
TRACE::2026-03-16.21:23:18::SCWMssOS::DEBUG:  swdes dump  C:/Users/ER250/OneDrive/Documents/ECE520_SOC/ECE520_SandBox/int_gen_soc_re/int_gen_soc_vitis/int_gen_plat/ps7_cortexa9_0/standalone_domain/bsp/system.mss|system_0||
C:/Users/ER250/OneDrive/Documents/ECE520_SOC/ECE520_SandBox/int_gen_soc_re/int_gen_soc_vitis/int_gen_plat/zynq_fsbl/zynq_fsbl_bsp/system.mss|system||

TRACE::2026-03-16.21:23:18::SCWMssOS::Sw design exists and opened at  C:/Users/ER250/OneDrive/Documents/ECE520_SOC/ECE520_SandBox/int_gen_soc_re/int_gen_soc_vitis/int_gen_plat/zynq_fsbl/zynq_fsbl_bsp/system.mss
TRACE::2026-03-16.21:23:18::SCWPlatform::Trying to open the hw design at C:/Users/ER250/OneDrive/Documents/ECE520_SOC/ECE520_SandBox/int_gen_soc_re/int_gen_soc_vitis/int_gen_plat/tempdsa/int_gen_bd_re_wrapper.xsa
TRACE::2026-03-16.21:23:18::SCWPlatform::DSA given C:/Users/ER250/OneDrive/Documents/ECE520_SOC/ECE520_SandBox/int_gen_soc_re/int_gen_soc_vitis/int_gen_plat/tempdsa/int_gen_bd_re_wrapper.xsa
TRACE::2026-03-16.21:23:18::SCWPlatform::DSA absoulate path C:/Users/ER250/OneDrive/Documents/ECE520_SOC/ECE520_SandBox/int_gen_soc_re/int_gen_soc_vitis/int_gen_plat/tempdsa/int_gen_bd_re_wrapper.xsa
TRACE::2026-03-16.21:23:18::SCWPlatform::DSA directory C:/Users/ER250/OneDrive/Documents/ECE520_SOC/ECE520_SandBox/int_gen_soc_re/int_gen_soc_vitis/int_gen_plat/tempdsa
TRACE::2026-03-16.21:23:18::SCWPlatform:: Platform Path C:/Users/ER250/OneDrive/Documents/ECE520_SOC/ECE520_SandBox/int_gen_soc_re/int_gen_soc_vitis/int_gen_plat/tempdsa/int_gen_bd_re_wrapper.xsa
TRACE::2026-03-16.21:23:18::SCWPlatform:: Unique name xilinx:zybo-z7-10::0.0
TRACE::2026-03-16.21:23:18::SCWPlatform::update - Opened existing hwdb int_gen_bd_re_wrapper_0
TRACE::2026-03-16.21:23:18::SCWPlatform::Found the Hw Db part of the input DSA
TRACE::2026-03-16.21:23:18::SCWMssOS::Doing hw sync for the mss in domain: standalone_domain
TRACE::2026-03-16.21:23:18::SCWPlatform::Trying to open the hw design at C:/Users/ER250/OneDrive/Documents/ECE520_SOC/ECE520_SandBox/int_gen_soc_re/int_gen_soc_vitis/int_gen_plat/hw/int_gen_bd_re_wrapper.xsa
TRACE::2026-03-16.21:23:18::SCWPlatform::DSA given C:/Users/ER250/OneDrive/Documents/ECE520_SOC/ECE520_SandBox/int_gen_soc_re/int_gen_soc_vitis/int_gen_plat/hw/int_gen_bd_re_wrapper.xsa
TRACE::2026-03-16.21:23:18::SCWPlatform::DSA absoulate path C:/Users/ER250/OneDrive/Documents/ECE520_SOC/ECE520_SandBox/int_gen_soc_re/int_gen_soc_vitis/int_gen_plat/hw/int_gen_bd_re_wrapper.xsa
TRACE::2026-03-16.21:23:18::SCWPlatform::DSA directory C:/Users/ER250/OneDrive/Documents/ECE520_SOC/ECE520_SandBox/int_gen_soc_re/int_gen_soc_vitis/int_gen_plat/hw
TRACE::2026-03-16.21:23:18::SCWPlatform:: Platform Path C:/Users/ER250/OneDrive/Documents/ECE520_SOC/ECE520_SandBox/int_gen_soc_re/int_gen_soc_vitis/int_gen_plat/hw/int_gen_bd_re_wrapper.xsa
TRACE::2026-03-16.21:23:18::SCWPlatform:: Unique name xilinx:zybo-z7-10::0.0
TRACE::2026-03-16.21:23:18::SCWPlatform::Trying to set the existing hwdb with name int_gen_bd_re_wrapper
TRACE::2026-03-16.21:23:18::SCWPlatform::Opened existing hwdb int_gen_bd_re_wrapper
TRACE::2026-03-16.21:23:18::SCWPlatform::Found the Hw Db part of the input DSA
TRACE::2026-03-16.21:23:18::SCWPlatform::Trying to open the hw design at C:/Users/ER250/OneDrive/Documents/ECE520_SOC/ECE520_SandBox/int_gen_soc_re/int_gen_soc_vitis/int_gen_plat/hw/int_gen_bd_re_wrapper.xsa
TRACE::2026-03-16.21:23:18::SCWPlatform::DSA given C:/Users/ER250/OneDrive/Documents/ECE520_SOC/ECE520_SandBox/int_gen_soc_re/int_gen_soc_vitis/int_gen_plat/hw/int_gen_bd_re_wrapper.xsa
TRACE::2026-03-16.21:23:18::SCWPlatform::DSA absoulate path C:/Users/ER250/OneDrive/Documents/ECE520_SOC/ECE520_SandBox/int_gen_soc_re/int_gen_soc_vitis/int_gen_plat/hw/int_gen_bd_re_wrapper.xsa
TRACE::2026-03-16.21:23:18::SCWPlatform::DSA directory C:/Users/ER250/OneDrive/Documents/ECE520_SOC/ECE520_SandBox/int_gen_soc_re/int_gen_soc_vitis/int_gen_plat/hw
TRACE::2026-03-16.21:23:18::SCWPlatform:: Platform Path C:/Users/ER250/OneDrive/Documents/ECE520_SOC/ECE520_SandBox/int_gen_soc_re/int_gen_soc_vitis/int_gen_plat/hw/int_gen_bd_re_wrapper.xsa
TRACE::2026-03-16.21:23:18::SCWPlatform:: Unique name xilinx:zybo-z7-10::0.0
TRACE::2026-03-16.21:23:18::SCWPlatform::Trying to set the existing hwdb with name int_gen_bd_re_wrapper
TRACE::2026-03-16.21:23:18::SCWPlatform::Opened existing hwdb int_gen_bd_re_wrapper
TRACE::2026-03-16.21:23:18::SCWPlatform::Found the Hw Db part of the input DSA
TRACE::2026-03-16.21:23:18::SCWMssOS::Checking the sw design at  C:/Users/ER250/OneDrive/Documents/ECE520_SOC/ECE520_SandBox/int_gen_soc_re/int_gen_soc_vitis/int_gen_plat/ps7_cortexa9_0/standalone_domain/bsp/system.mss
TRACE::2026-03-16.21:23:18::SCWMssOS::DEBUG:  swdes dump  C:/Users/ER250/OneDrive/Documents/ECE520_SOC/ECE520_SandBox/int_gen_soc_re/int_gen_soc_vitis/int_gen_plat/ps7_cortexa9_0/standalone_domain/bsp/system.mss|system_0||
C:/Users/ER250/OneDrive/Documents/ECE520_SOC/ECE520_SandBox/int_gen_soc_re/int_gen_soc_vitis/int_gen_plat/zynq_fsbl/zynq_fsbl_bsp/system.mss|system||

TRACE::2026-03-16.21:23:18::SCWMssOS::Sw design exists and opened at  C:/Users/ER250/OneDrive/Documents/ECE520_SOC/ECE520_SandBox/int_gen_soc_re/int_gen_soc_vitis/int_gen_plat/ps7_cortexa9_0/standalone_domain/bsp/system.mss
TRACE::2026-03-16.21:23:18::SCWPlatform::Trying to open the hw design at C:/Users/ER250/OneDrive/Documents/ECE520_SOC/ECE520_SandBox/int_gen_soc_re/int_gen_soc_vitis/int_gen_plat/tempdsa/int_gen_bd_re_wrapper.xsa
TRACE::2026-03-16.21:23:18::SCWPlatform::DSA given C:/Users/ER250/OneDrive/Documents/ECE520_SOC/ECE520_SandBox/int_gen_soc_re/int_gen_soc_vitis/int_gen_plat/tempdsa/int_gen_bd_re_wrapper.xsa
TRACE::2026-03-16.21:23:18::SCWPlatform::DSA absoulate path C:/Users/ER250/OneDrive/Documents/ECE520_SOC/ECE520_SandBox/int_gen_soc_re/int_gen_soc_vitis/int_gen_plat/tempdsa/int_gen_bd_re_wrapper.xsa
TRACE::2026-03-16.21:23:18::SCWPlatform::DSA directory C:/Users/ER250/OneDrive/Documents/ECE520_SOC/ECE520_SandBox/int_gen_soc_re/int_gen_soc_vitis/int_gen_plat/tempdsa
TRACE::2026-03-16.21:23:18::SCWPlatform:: Platform Path C:/Users/ER250/OneDrive/Documents/ECE520_SOC/ECE520_SandBox/int_gen_soc_re/int_gen_soc_vitis/int_gen_plat/tempdsa/int_gen_bd_re_wrapper.xsa
TRACE::2026-03-16.21:23:18::SCWPlatform:: Unique name xilinx:zybo-z7-10::0.0
TRACE::2026-03-16.21:23:18::SCWPlatform::update - Opened existing hwdb int_gen_bd_re_wrapper_0
TRACE::2026-03-16.21:23:18::SCWPlatform::Found the Hw Db part of the input DSA
TRACE::2026-03-16.21:23:18::SCWMssOS::Saving the mss changes C:/Users/ER250/OneDrive/Documents/ECE520_SOC/ECE520_SandBox/int_gen_soc_re/int_gen_soc_vitis/int_gen_plat/zynq_fsbl/zynq_fsbl_bsp/system.mss
TRACE::2026-03-16.21:23:18::SCWMssOS::Found a swdesign opened with the mssfile.
TRACE::2026-03-16.21:23:18::SCWMssOS::Completed writemss as part of save.
TRACE::2026-03-16.21:23:18::SCWMssOS::Commit changes completed.
TRACE::2026-03-16.21:23:18::SCWMssOS::Completed hw sync for the mss in domain: zynq_fsbl
TRACE::2026-03-16.21:23:18::SCWMssOS::Removing the swdes entry for  C:/Users/ER250/OneDrive/Documents/ECE520_SOC/ECE520_SandBox/int_gen_soc_re/int_gen_soc_vitis/int_gen_plat/zynq_fsbl/zynq_fsbl_bsp/system.mss
TRACE::2026-03-16.21:23:18::SCWMssOS::Saving the mss changes C:/Users/ER250/OneDrive/Documents/ECE520_SOC/ECE520_SandBox/int_gen_soc_re/int_gen_soc_vitis/int_gen_plat/ps7_cortexa9_0/standalone_domain/bsp/system.mss
TRACE::2026-03-16.21:23:18::SCWMssOS::Found a swdesign opened with the mssfile.
TRACE::2026-03-16.21:23:18::SCWMssOS::Completed writemss as part of save.
TRACE::2026-03-16.21:23:18::SCWMssOS::Commit changes completed.
TRACE::2026-03-16.21:23:18::SCWMssOS::Completed hw sync for the mss in domain: standalone_domain
TRACE::2026-03-16.21:23:18::SCWMssOS::Removing the swdes entry for  C:/Users/ER250/OneDrive/Documents/ECE520_SOC/ECE520_SandBox/int_gen_soc_re/int_gen_soc_vitis/int_gen_plat/ps7_cortexa9_0/standalone_domain/bsp/system.mss
TRACE::2026-03-16.21:23:18::SCWPlatform::Trying to open the hw design at C:/Users/ER250/OneDrive/Documents/ECE520_SOC/ECE520_SandBox/int_gen_soc_re/int_gen_soc_vitis/int_gen_plat/hw/int_gen_bd_re_wrapper.xsa
TRACE::2026-03-16.21:23:18::SCWPlatform::DSA given C:/Users/ER250/OneDrive/Documents/ECE520_SOC/ECE520_SandBox/int_gen_soc_re/int_gen_soc_vitis/int_gen_plat/hw/int_gen_bd_re_wrapper.xsa
TRACE::2026-03-16.21:23:18::SCWPlatform::DSA absoulate path C:/Users/ER250/OneDrive/Documents/ECE520_SOC/ECE520_SandBox/int_gen_soc_re/int_gen_soc_vitis/int_gen_plat/hw/int_gen_bd_re_wrapper.xsa
TRACE::2026-03-16.21:23:18::SCWPlatform::DSA directory C:/Users/ER250/OneDrive/Documents/ECE520_SOC/ECE520_SandBox/int_gen_soc_re/int_gen_soc_vitis/int_gen_plat/hw
TRACE::2026-03-16.21:23:18::SCWPlatform:: Platform Path C:/Users/ER250/OneDrive/Documents/ECE520_SOC/ECE520_SandBox/int_gen_soc_re/int_gen_soc_vitis/int_gen_plat/hw/int_gen_bd_re_wrapper.xsa
TRACE::2026-03-16.21:23:18::SCWPlatform:: Unique name xilinx:zybo-z7-10::0.0
TRACE::2026-03-16.21:23:18::SCWPlatform::Do not have an existing db opened. 
TRACE::2026-03-16.21:23:20::SCWPlatform::Opened new HwDB with name int_gen_bd_re_wrapper_1
TRACE::2026-03-16.21:23:20::SCWMssOS::Saving the mss changes C:/Users/ER250/OneDrive/Documents/ECE520_SOC/ECE520_SandBox/int_gen_soc_re/int_gen_soc_vitis/int_gen_plat/zynq_fsbl/zynq_fsbl_bsp/system.mss
TRACE::2026-03-16.21:23:20::SCWMssOS::Adding the swdes entry, mss present, able to open swdb C:/Users/ER250/OneDrive/Documents/ECE520_SOC/ECE520_SandBox/int_gen_soc_re/int_gen_soc_vitis/int_gen_plat/zynq_fsbl/zynq_fsbl_bsp/system.mss with des name system
TRACE::2026-03-16.21:23:20::SCWMssOS::Writing the mss file completed C:/Users/ER250/OneDrive/Documents/ECE520_SOC/ECE520_SandBox/int_gen_soc_re/int_gen_soc_vitis/int_gen_plat/zynq_fsbl/zynq_fsbl_bsp/system.mss
TRACE::2026-03-16.21:23:20::SCWMssOS::Commit changes completed.
TRACE::2026-03-16.21:23:20::SCWMssOS::Saving the mss changes C:/Users/ER250/OneDrive/Documents/ECE520_SOC/ECE520_SandBox/int_gen_soc_re/int_gen_soc_vitis/int_gen_plat/ps7_cortexa9_0/standalone_domain/bsp/system.mss
TRACE::2026-03-16.21:23:20::SCWMssOS::Adding the swdes entry, mss present, able to open swdb C:/Users/ER250/OneDrive/Documents/ECE520_SOC/ECE520_SandBox/int_gen_soc_re/int_gen_soc_vitis/int_gen_plat/ps7_cortexa9_0/standalone_domain/bsp/system.mss with des name system_0
TRACE::2026-03-16.21:23:20::SCWMssOS::Writing the mss file completed C:/Users/ER250/OneDrive/Documents/ECE520_SOC/ECE520_SandBox/int_gen_soc_re/int_gen_soc_vitis/int_gen_plat/ps7_cortexa9_0/standalone_domain/bsp/system.mss
TRACE::2026-03-16.21:23:20::SCWMssOS::Commit changes completed.
TRACE::2026-03-16.21:23:20::SCWPlatform::Trying to open the hw design at C:/Users/ER250/OneDrive/Documents/ECE520_SOC/ECE520_SandBox/int_gen_soc_re/int_gen_soc_vitis/int_gen_plat/hw/int_gen_bd_re_wrapper.xsa
TRACE::2026-03-16.21:23:20::SCWPlatform::DSA given C:/Users/ER250/OneDrive/Documents/ECE520_SOC/ECE520_SandBox/int_gen_soc_re/int_gen_soc_vitis/int_gen_plat/hw/int_gen_bd_re_wrapper.xsa
TRACE::2026-03-16.21:23:20::SCWPlatform::DSA absoulate path C:/Users/ER250/OneDrive/Documents/ECE520_SOC/ECE520_SandBox/int_gen_soc_re/int_gen_soc_vitis/int_gen_plat/hw/int_gen_bd_re_wrapper.xsa
TRACE::2026-03-16.21:23:20::SCWPlatform::DSA directory C:/Users/ER250/OneDrive/Documents/ECE520_SOC/ECE520_SandBox/int_gen_soc_re/int_gen_soc_vitis/int_gen_plat/hw
TRACE::2026-03-16.21:23:20::SCWPlatform:: Platform Path C:/Users/ER250/OneDrive/Documents/ECE520_SOC/ECE520_SandBox/int_gen_soc_re/int_gen_soc_vitis/int_gen_plat/hw/int_gen_bd_re_wrapper.xsa
TRACE::2026-03-16.21:23:20::SCWPlatform:: Unique name xilinx:zybo-z7-10::0.0
TRACE::2026-03-16.21:23:20::SCWPlatform::Trying to set the existing hwdb with name int_gen_bd_re_wrapper_1
TRACE::2026-03-16.21:23:20::SCWPlatform::Opened existing hwdb int_gen_bd_re_wrapper_1
TRACE::2026-03-16.21:23:20::SCWPlatform::Found the Hw Db part of the input DSA
TRACE::2026-03-16.21:23:20::SCWMssOS::Checking the sw design at  C:/Users/ER250/OneDrive/Documents/ECE520_SOC/ECE520_SandBox/int_gen_soc_re/int_gen_soc_vitis/int_gen_plat/zynq_fsbl/zynq_fsbl_bsp/system.mss
TRACE::2026-03-16.21:23:20::SCWMssOS::DEBUG:  swdes dump  C:/Users/ER250/OneDrive/Documents/ECE520_SOC/ECE520_SandBox/int_gen_soc_re/int_gen_soc_vitis/int_gen_plat/ps7_cortexa9_0/standalone_domain/bsp/system.mss|system_0||
C:/Users/ER250/OneDrive/Documents/ECE520_SOC/ECE520_SandBox/int_gen_soc_re/int_gen_soc_vitis/int_gen_plat/zynq_fsbl/zynq_fsbl_bsp/system.mss|system||

TRACE::2026-03-16.21:23:20::SCWMssOS::Sw design exists and opened at  C:/Users/ER250/OneDrive/Documents/ECE520_SOC/ECE520_SandBox/int_gen_soc_re/int_gen_soc_vitis/int_gen_plat/zynq_fsbl/zynq_fsbl_bsp/system.mss
TRACE::2026-03-16.21:23:20::SCWPlatform::Trying to open the hw design at C:/Users/ER250/OneDrive/Documents/ECE520_SOC/ECE520_SandBox/int_gen_soc_re/int_gen_soc_vitis/int_gen_plat/hw/int_gen_bd_re_wrapper.xsa
TRACE::2026-03-16.21:23:20::SCWPlatform::DSA given C:/Users/ER250/OneDrive/Documents/ECE520_SOC/ECE520_SandBox/int_gen_soc_re/int_gen_soc_vitis/int_gen_plat/hw/int_gen_bd_re_wrapper.xsa
TRACE::2026-03-16.21:23:20::SCWPlatform::DSA absoulate path C:/Users/ER250/OneDrive/Documents/ECE520_SOC/ECE520_SandBox/int_gen_soc_re/int_gen_soc_vitis/int_gen_plat/hw/int_gen_bd_re_wrapper.xsa
TRACE::2026-03-16.21:23:20::SCWPlatform::DSA directory C:/Users/ER250/OneDrive/Documents/ECE520_SOC/ECE520_SandBox/int_gen_soc_re/int_gen_soc_vitis/int_gen_plat/hw
TRACE::2026-03-16.21:23:20::SCWPlatform:: Platform Path C:/Users/ER250/OneDrive/Documents/ECE520_SOC/ECE520_SandBox/int_gen_soc_re/int_gen_soc_vitis/int_gen_plat/hw/int_gen_bd_re_wrapper.xsa
TRACE::2026-03-16.21:23:20::SCWPlatform:: Unique name xilinx:zybo-z7-10::0.0
TRACE::2026-03-16.21:23:20::SCWPlatform::Trying to set the existing hwdb with name int_gen_bd_re_wrapper_1
TRACE::2026-03-16.21:23:20::SCWPlatform::Opened existing hwdb int_gen_bd_re_wrapper_1
TRACE::2026-03-16.21:23:20::SCWPlatform::Found the Hw Db part of the input DSA
TRACE::2026-03-16.21:23:20::SCWMssOS::Checking the sw design at  C:/Users/ER250/OneDrive/Documents/ECE520_SOC/ECE520_SandBox/int_gen_soc_re/int_gen_soc_vitis/int_gen_plat/ps7_cortexa9_0/standalone_domain/bsp/system.mss
TRACE::2026-03-16.21:23:20::SCWMssOS::DEBUG:  swdes dump  C:/Users/ER250/OneDrive/Documents/ECE520_SOC/ECE520_SandBox/int_gen_soc_re/int_gen_soc_vitis/int_gen_plat/ps7_cortexa9_0/standalone_domain/bsp/system.mss|system_0||
C:/Users/ER250/OneDrive/Documents/ECE520_SOC/ECE520_SandBox/int_gen_soc_re/int_gen_soc_vitis/int_gen_plat/zynq_fsbl/zynq_fsbl_bsp/system.mss|system||

TRACE::2026-03-16.21:23:20::SCWMssOS::Sw design exists and opened at  C:/Users/ER250/OneDrive/Documents/ECE520_SOC/ECE520_SandBox/int_gen_soc_re/int_gen_soc_vitis/int_gen_plat/ps7_cortexa9_0/standalone_domain/bsp/system.mss
TRACE::2026-03-16.21:23:20::SCWWriter::formatted JSON is {
	"platformName":	"int_gen_plat",
	"sprVersion":	"2.0",
	"mode":	"gui",
	"dsaType":	"Fixed",
	"platformDesc":	"int_gen_plat",
	"platHandOff":	"C:/Users/ER250/OneDrive/Documents/ECE520_SOC/ECE520_SandBox/int_gen_soc_re/int_gen_bd_re_wrapper.xsa",
	"platIntHandOff":	"<platformDir>/hw/int_gen_bd_re_wrapper.xsa",
	"deviceType":	"zynq",
	"platIsPrebuiltAutogen":	"false",
	"platIsNoBootBsp":	"false",
	"hasFsblMakeHasChanges":	"false",
	"hasPmufwMakeHasChanges":	"false",
	"fsblExtraCompilerFlags":	"-MMD -MP       -mcpu=cortex-a9 -mfpu=vfpv3 -mfloat-abi=hard ",
	"platPreBuiltFlag":	false,
	"platformSamplesDir":	"",
	"platActiveSys":	"int_gen_plat",
	"systems":	[{
			"systemName":	"int_gen_plat",
			"systemDesc":	"int_gen_plat",
			"sysIsBootAutoGen":	"true",
			"systemDispName":	"int_gen_plat",
			"sysActiveDom":	"standalone_domain",
			"sysDefaultDom":	"standalone_domain",
			"domains":	[{
					"domainName":	"zynq_fsbl",
					"domainDispName":	"zynq_fsbl",
					"domainDesc":	"FSBL Application BSP - Auto Generated.",
					"processors":	"ps7_cortexa9_0",
					"os":	"standalone",
					"sdxOs":	"standalone",
					"debugEnable":	"",
					"domRuntimes":	["cpp"],
					"swRepo":	"",
					"mssOsVer":	"8.1",
					"mssFile":	"",
					"md5Digest":	"710bbb872de411420e38ee1f9a6d73dd1",
					"compatibleApp":	"zynq_fsbl",
					"domType":	"bootDomain",
					"arch":	"32-bit",
					"appSettings":	{
						"appCompilerFlags":	"",
						"appLinkerFlags":	""
					},
					"addedLibs":	["xilffs:5.0", "xilrsa:1.6"],
					"libOptions":	{
						"libsContainingOptions":	[]
					},
					"changedDrivers":	{
						"interrupt_generator_0":	"none:",
						"changedCells":	["interrupt_generator_0"]
					},
					"prebuiltLibs":	{
						"prebuiltIncPath":	[],
						"prebuiltLibPath":	[]
					},
					"isolation":	{
					}
				}, {
					"domainName":	"standalone_domain",
					"domainDispName":	"standalone on ps7_cortexa9_0",
					"domainDesc":	"standalone_domain",
					"processors":	"ps7_cortexa9_0",
					"os":	"standalone",
					"sdxOs":	"standalone",
					"qemuArgs":	"<platformDir>/resources/int_gen_plat/standalone_domain/qemu_args.txt",
					"qemuData":	"<platformDir>/resources/int_gen_plat/standalone_domain/qemu",
					"debugEnable":	"False",
					"domRuntimes":	["cpp"],
					"swRepo":	"",
					"mssOsVer":	"8.1",
					"mssFile":	"",
					"md5Digest":	"afe1403ea604de9520c811a3fdd9c4f71",
					"compatibleApp":	"",
					"domType":	"mssDomain",
					"appSettings":	{
						"appCompilerFlags":	"",
						"appLinkerFlags":	""
					},
					"addedLibs":	[],
					"libOptions":	{
						"libsContainingOptions":	[]
					},
					"changedDrivers":	{
						"interrupt_generator_0":	"none:",
						"changedCells":	["interrupt_generator_0"]
					},
					"prebuiltLibs":	{
						"prebuiltIncPath":	[],
						"prebuiltLibPath":	[]
					},
					"isolation":	{
					}
				}]
		}]
}
LOG::2026-03-16.21:23:34::SCWPlatform::Started generating the artifacts platform int_gen_plat
TRACE::2026-03-16.21:23:34::SCWPlatform::Sanity checking of platform is completed
LOG::2026-03-16.21:23:34::SCWPlatform::Started generating the artifacts for system configuration int_gen_plat
LOG::2026-03-16.21:23:34::SCWSystem::Checking the domain zynq_fsbl
LOG::2026-03-16.21:23:34::SCWSystem::Doing application build for :  zynq_fsbl
TRACE::2026-03-16.21:23:34::SCWBDomain::Not a forced makefile updation, No changes are present. 
TRACE::2026-03-16.21:23:34::SCWDomain::Skipping the build for domain :  zynq_fsbl
LOG::2026-03-16.21:23:34::SCWSystem::Checking the domain standalone_domain
LOG::2026-03-16.21:23:34::SCWSystem::Not a boot domain 
LOG::2026-03-16.21:23:34::SCWSystem::Started Processing the domain standalone_domain
TRACE::2026-03-16.21:23:34::SCWDomain::Generating domain artifcats
TRACE::2026-03-16.21:23:34::SCWMssOS::Generating standalone artifcats
TRACE::2026-03-16.21:23:34::SCWMssOS::Copying the qemu file from  C:/Users/ER250/OneDrive/Documents/ECE520_SOC/ECE520_SandBox/int_gen_soc_re/int_gen_soc_vitis/int_gen_plat/resources/int_gen_plat/standalone_domain/qemu_args.txt To C:/Users/ER250/OneDrive/Documents/ECE520_SOC/ECE520_SandBox/int_gen_soc_re/int_gen_soc_vitis/int_gen_plat/export/int_gen_plat/sw/int_gen_plat/qemu/
TRACE::2026-03-16.21:23:34::SCWMssOS::Copying the qemu file from  C:/Users/ER250/OneDrive/Documents/ECE520_SOC/ECE520_SandBox/int_gen_soc_re/int_gen_soc_vitis/int_gen_plat/resources/int_gen_plat/standalone_domain/qemu_args.txt To C:/Users/ER250/OneDrive/Documents/ECE520_SOC/ECE520_SandBox/int_gen_soc_re/int_gen_soc_vitis/int_gen_plat/export/int_gen_plat/sw/int_gen_plat/standalone_domain/qemu/
TRACE::2026-03-16.21:23:34::SCWMssOS:: Copying the user libraries. 
TRACE::2026-03-16.21:23:34::SCWPlatform::Trying to open the hw design at C:/Users/ER250/OneDrive/Documents/ECE520_SOC/ECE520_SandBox/int_gen_soc_re/int_gen_soc_vitis/int_gen_plat/hw/int_gen_bd_re_wrapper.xsa
TRACE::2026-03-16.21:23:34::SCWPlatform::DSA given C:/Users/ER250/OneDrive/Documents/ECE520_SOC/ECE520_SandBox/int_gen_soc_re/int_gen_soc_vitis/int_gen_plat/hw/int_gen_bd_re_wrapper.xsa
TRACE::2026-03-16.21:23:34::SCWPlatform::DSA absoulate path C:/Users/ER250/OneDrive/Documents/ECE520_SOC/ECE520_SandBox/int_gen_soc_re/int_gen_soc_vitis/int_gen_plat/hw/int_gen_bd_re_wrapper.xsa
TRACE::2026-03-16.21:23:34::SCWPlatform::DSA directory C:/Users/ER250/OneDrive/Documents/ECE520_SOC/ECE520_SandBox/int_gen_soc_re/int_gen_soc_vitis/int_gen_plat/hw
TRACE::2026-03-16.21:23:34::SCWPlatform:: Platform Path C:/Users/ER250/OneDrive/Documents/ECE520_SOC/ECE520_SandBox/int_gen_soc_re/int_gen_soc_vitis/int_gen_plat/hw/int_gen_bd_re_wrapper.xsa
TRACE::2026-03-16.21:23:34::SCWPlatform:: Unique name xilinx:zybo-z7-10::0.0
TRACE::2026-03-16.21:23:34::SCWPlatform::Trying to set the existing hwdb with name int_gen_bd_re_wrapper_1
TRACE::2026-03-16.21:23:34::SCWPlatform::Opened existing hwdb int_gen_bd_re_wrapper_1
TRACE::2026-03-16.21:23:34::SCWPlatform::Found the Hw Db part of the input DSA
TRACE::2026-03-16.21:23:34::SCWMssOS::Checking the sw design at  C:/Users/ER250/OneDrive/Documents/ECE520_SOC/ECE520_SandBox/int_gen_soc_re/int_gen_soc_vitis/int_gen_plat/ps7_cortexa9_0/standalone_domain/bsp/system.mss
TRACE::2026-03-16.21:23:34::SCWMssOS::DEBUG:  swdes dump  C:/Users/ER250/OneDrive/Documents/ECE520_SOC/ECE520_SandBox/int_gen_soc_re/int_gen_soc_vitis/int_gen_plat/ps7_cortexa9_0/standalone_domain/bsp/system.mss|system_0||
C:/Users/ER250/OneDrive/Documents/ECE520_SOC/ECE520_SandBox/int_gen_soc_re/int_gen_soc_vitis/int_gen_plat/zynq_fsbl/zynq_fsbl_bsp/system.mss|system||

TRACE::2026-03-16.21:23:34::SCWMssOS::Sw design exists and opened at  C:/Users/ER250/OneDrive/Documents/ECE520_SOC/ECE520_SandBox/int_gen_soc_re/int_gen_soc_vitis/int_gen_plat/ps7_cortexa9_0/standalone_domain/bsp/system.mss
TRACE::2026-03-16.21:23:34::SCWMssOS::Completed writing the mss file at C:/Users/ER250/OneDrive/Documents/ECE520_SOC/ECE520_SandBox/int_gen_soc_re/int_gen_soc_vitis/int_gen_plat/ps7_cortexa9_0/standalone_domain/bsp
TRACE::2026-03-16.21:23:34::SCWMssOS::Mss edits present, copying mssfile into export location C:/Users/ER250/OneDrive/Documents/ECE520_SOC/ECE520_SandBox/int_gen_soc_re/int_gen_soc_vitis/int_gen_plat/ps7_cortexa9_0/standalone_domain/bsp/system.mss
TRACE::2026-03-16.21:23:34::SCWMssOS::bsp generated is stale removing and regenerating. 
TRACE::2026-03-16.21:23:38::SCWMssOS::doing bsp build ... 
TRACE::2026-03-16.21:23:38::SCWMssOS::System Command Ran  C: & cd  C:/Users/ER250/OneDrive/Documents/ECE520_SOC/ECE520_SandBox/int_gen_soc_re/int_gen_soc_vitis/int_gen_plat/ps7_cortexa9_0/standalone_domain/bsp & make 
TRACE::2026-03-16.21:23:38::SCWMssOS::make --no-print-directory seq_libs

TRACE::2026-03-16.21:23:38::SCWMssOS::'Finished building libraries sequentially.'

TRACE::2026-03-16.21:23:38::SCWMssOS::make -j 10 --no-print-directory par_libs

TRACE::2026-03-16.21:23:38::SCWMssOS::"Running Make include in ps7_cortexa9_0/libsrc/coresightps_dcc_v1_8/src"

TRACE::2026-03-16.21:23:38::SCWMssOS::make -C ps7_cortexa9_0/libsrc/coresightps_dcc_v1_8/src -s include  "SHELL=CMD" "COMPILER=arm-none-eabi-gcc" "ASSEMBLER=arm-none
TRACE::2026-03-16.21:23:38::SCWMssOS::-eabi-as" "ARCHIVER=arm-none-eabi-ar" "COMPILER_FLAGS=  -O2 -c" "EXTRA_COMPILER_FLAGS=-mcpu=cortex-a9 -mfpu=vfpv3 -mfloat-abi=h
TRACE::2026-03-16.21:23:38::SCWMssOS::ard -nostartfiles -g -Wall -Wextra -fno-tree-loop-distribute-patterns"

TRACE::2026-03-16.21:23:38::SCWMssOS::"Running Make include in ps7_cortexa9_0/libsrc/cpu_cortexa9_v2_11/src"

TRACE::2026-03-16.21:23:39::SCWMssOS::make -C ps7_cortexa9_0/libsrc/cpu_cortexa9_v2_11/src -s include  "SHELL=CMD" "COMPILER=arm-none-eabi-gcc" "ASSEMBLER=arm-none-e
TRACE::2026-03-16.21:23:39::SCWMssOS::abi-as" "ARCHIVER=arm-none-eabi-ar" "COMPILER_FLAGS=  -O2 -c" "EXTRA_COMPILER_FLAGS=-mcpu=cortex-a9 -mfpu=vfpv3 -mfloat-abi=har
TRACE::2026-03-16.21:23:39::SCWMssOS::d -nostartfiles -g -Wall -Wextra -fno-tree-loop-distribute-patterns"

TRACE::2026-03-16.21:23:39::SCWMssOS::"Running Make include in ps7_cortexa9_0/libsrc/ddrps_v1_2/src"

TRACE::2026-03-16.21:23:39::SCWMssOS::make -C ps7_cortexa9_0/libsrc/ddrps_v1_2/src -s include  "SHELL=CMD" "COMPILER=arm-none-eabi-gcc" "ASSEMBLER=arm-none-eabi-as" 
TRACE::2026-03-16.21:23:39::SCWMssOS::"ARCHIVER=arm-none-eabi-ar" "COMPILER_FLAGS=  -O2 -c" "EXTRA_COMPILER_FLAGS=-mcpu=cortex-a9 -mfpu=vfpv3 -mfloat-abi=hard -nosta
TRACE::2026-03-16.21:23:39::SCWMssOS::rtfiles -g -Wall -Wextra -fno-tree-loop-distribute-patterns"

TRACE::2026-03-16.21:23:39::SCWMssOS::"Running Make include in ps7_cortexa9_0/libsrc/devcfg_v3_7/src"

TRACE::2026-03-16.21:23:39::SCWMssOS::make -C ps7_cortexa9_0/libsrc/devcfg_v3_7/src -s include  "SHELL=CMD" "COMPILER=arm-none-eabi-gcc" "ASSEMBLER=arm-none-eabi-as"
TRACE::2026-03-16.21:23:39::SCWMssOS:: "ARCHIVER=arm-none-eabi-ar" "COMPILER_FLAGS=  -O2 -c" "EXTRA_COMPILER_FLAGS=-mcpu=cortex-a9 -mfpu=vfpv3 -mfloat-abi=hard -nost
TRACE::2026-03-16.21:23:39::SCWMssOS::artfiles -g -Wall -Wextra -fno-tree-loop-distribute-patterns"

TRACE::2026-03-16.21:23:39::SCWMssOS::"Running Make include in ps7_cortexa9_0/libsrc/dmaps_v2_8/src"

TRACE::2026-03-16.21:23:39::SCWMssOS::make -C ps7_cortexa9_0/libsrc/dmaps_v2_8/src -s include  "SHELL=CMD" "COMPILER=arm-none-eabi-gcc" "ASSEMBLER=arm-none-eabi-as" 
TRACE::2026-03-16.21:23:39::SCWMssOS::"ARCHIVER=arm-none-eabi-ar" "COMPILER_FLAGS=  -O2 -c" "EXTRA_COMPILER_FLAGS=-mcpu=cortex-a9 -mfpu=vfpv3 -mfloat-abi=hard -nosta
TRACE::2026-03-16.21:23:39::SCWMssOS::rtfiles -g -Wall -Wextra -fno-tree-loop-distribute-patterns"

TRACE::2026-03-16.21:23:39::SCWMssOS::"Running Make include in ps7_cortexa9_0/libsrc/emacps_v3_18/src"

TRACE::2026-03-16.21:23:39::SCWMssOS::make -C ps7_cortexa9_0/libsrc/emacps_v3_18/src -s include  "SHELL=CMD" "COMPILER=arm-none-eabi-gcc" "ASSEMBLER=arm-none-eabi-as
TRACE::2026-03-16.21:23:39::SCWMssOS::" "ARCHIVER=arm-none-eabi-ar" "COMPILER_FLAGS=  -O2 -c" "EXTRA_COMPILER_FLAGS=-mcpu=cortex-a9 -mfpu=vfpv3 -mfloat-abi=hard -nos
TRACE::2026-03-16.21:23:39::SCWMssOS::tartfiles -g -Wall -Wextra -fno-tree-loop-distribute-patterns"

TRACE::2026-03-16.21:23:39::SCWMssOS::"Running Make include in ps7_cortexa9_0/libsrc/gpiops_v3_11/src"

TRACE::2026-03-16.21:23:39::SCWMssOS::make -C ps7_cortexa9_0/libsrc/gpiops_v3_11/src -s include  "SHELL=CMD" "COMPILER=arm-none-eabi-gcc" "ASSEMBLER=arm-none-eabi-as
TRACE::2026-03-16.21:23:39::SCWMssOS::" "ARCHIVER=arm-none-eabi-ar" "COMPILER_FLAGS=  -O2 -c" "EXTRA_COMPILER_FLAGS=-mcpu=cortex-a9 -mfpu=vfpv3 -mfloat-abi=hard -nos
TRACE::2026-03-16.21:23:39::SCWMssOS::tartfiles -g -Wall -Wextra -fno-tree-loop-distribute-patterns"

TRACE::2026-03-16.21:23:39::SCWMssOS::"Running Make include in ps7_cortexa9_0/libsrc/qspips_v3_10/src"

TRACE::2026-03-16.21:23:39::SCWMssOS::make -C ps7_cortexa9_0/libsrc/qspips_v3_10/src -s include  "SHELL=CMD" "COMPILER=arm-none-eabi-gcc" "ASSEMBLER=arm-none-eabi-as
TRACE::2026-03-16.21:23:39::SCWMssOS::" "ARCHIVER=arm-none-eabi-ar" "COMPILER_FLAGS=  -O2 -c" "EXTRA_COMPILER_FLAGS=-mcpu=cortex-a9 -mfpu=vfpv3 -mfloat-abi=hard -nos
TRACE::2026-03-16.21:23:39::SCWMssOS::tartfiles -g -Wall -Wextra -fno-tree-loop-distribute-patterns"

TRACE::2026-03-16.21:23:40::SCWMssOS::"Running Make include in ps7_cortexa9_0/libsrc/scugic_v5_1/src"

TRACE::2026-03-16.21:23:40::SCWMssOS::make -C ps7_cortexa9_0/libsrc/scugic_v5_1/src -s include  "SHELL=CMD" "COMPILER=arm-none-eabi-gcc" "ASSEMBLER=arm-none-eabi-as"
TRACE::2026-03-16.21:23:40::SCWMssOS:: "ARCHIVER=arm-none-eabi-ar" "COMPILER_FLAGS=  -O2 -c" "EXTRA_COMPILER_FLAGS=-mcpu=cortex-a9 -mfpu=vfpv3 -mfloat-abi=hard -nost
TRACE::2026-03-16.21:23:40::SCWMssOS::artfiles -g -Wall -Wextra -fno-tree-loop-distribute-patterns"

TRACE::2026-03-16.21:23:40::SCWMssOS::"Running Make include in ps7_cortexa9_0/libsrc/scutimer_v2_4/src"

TRACE::2026-03-16.21:23:40::SCWMssOS::make -C ps7_cortexa9_0/libsrc/scutimer_v2_4/src -s include  "SHELL=CMD" "COMPILER=arm-none-eabi-gcc" "ASSEMBLER=arm-none-eabi-a
TRACE::2026-03-16.21:23:40::SCWMssOS::s" "ARCHIVER=arm-none-eabi-ar" "COMPILER_FLAGS=  -O2 -c" "EXTRA_COMPILER_FLAGS=-mcpu=cortex-a9 -mfpu=vfpv3 -mfloat-abi=hard -no
TRACE::2026-03-16.21:23:40::SCWMssOS::startfiles -g -Wall -Wextra -fno-tree-loop-distribute-patterns"

TRACE::2026-03-16.21:23:40::SCWMssOS::"Running Make include in ps7_cortexa9_0/libsrc/scuwdt_v2_4/src"

TRACE::2026-03-16.21:23:40::SCWMssOS::make -C ps7_cortexa9_0/libsrc/scuwdt_v2_4/src -s include  "SHELL=CMD" "COMPILER=arm-none-eabi-gcc" "ASSEMBLER=arm-none-eabi-as"
TRACE::2026-03-16.21:23:40::SCWMssOS:: "ARCHIVER=arm-none-eabi-ar" "COMPILER_FLAGS=  -O2 -c" "EXTRA_COMPILER_FLAGS=-mcpu=cortex-a9 -mfpu=vfpv3 -mfloat-abi=hard -nost
TRACE::2026-03-16.21:23:40::SCWMssOS::artfiles -g -Wall -Wextra -fno-tree-loop-distribute-patterns"

TRACE::2026-03-16.21:23:40::SCWMssOS::"Running Make include in ps7_cortexa9_0/libsrc/sdps_v4_1/src"

TRACE::2026-03-16.21:23:40::SCWMssOS::make -C ps7_cortexa9_0/libsrc/sdps_v4_1/src -s include  "SHELL=CMD" "COMPILER=arm-none-eabi-gcc" "ASSEMBLER=arm-none-eabi-as" "
TRACE::2026-03-16.21:23:40::SCWMssOS::ARCHIVER=arm-none-eabi-ar" "COMPILER_FLAGS=  -O2 -c" "EXTRA_COMPILER_FLAGS=-mcpu=cortex-a9 -mfpu=vfpv3 -mfloat-abi=hard -nostar
TRACE::2026-03-16.21:23:40::SCWMssOS::tfiles -g -Wall -Wextra -fno-tree-loop-distribute-patterns"

TRACE::2026-03-16.21:23:40::SCWMssOS::"Running Make include in ps7_cortexa9_0/libsrc/standalone_v8_1/src"

TRACE::2026-03-16.21:23:40::SCWMssOS::make -C ps7_cortexa9_0/libsrc/standalone_v8_1/src -s include  "SHELL=CMD" "COMPILER=arm-none-eabi-gcc" "ASSEMBLER=arm-none-eabi
TRACE::2026-03-16.21:23:40::SCWMssOS::-as" "ARCHIVER=arm-none-eabi-ar" "COMPILER_FLAGS=  -O2 -c" "EXTRA_COMPILER_FLAGS=-mcpu=cortex-a9 -mfpu=vfpv3 -mfloat-abi=hard -
TRACE::2026-03-16.21:23:40::SCWMssOS::nostartfiles -g -Wall -Wextra -fno-tree-loop-distribute-patterns"

TRACE::2026-03-16.21:23:40::SCWMssOS::"Running Make include in ps7_cortexa9_0/libsrc/uartps_v3_12/src"

TRACE::2026-03-16.21:23:40::SCWMssOS::make -C ps7_cortexa9_0/libsrc/uartps_v3_12/src -s include  "SHELL=CMD" "COMPILER=arm-none-eabi-gcc" "ASSEMBLER=arm-none-eabi-as
TRACE::2026-03-16.21:23:40::SCWMssOS::" "ARCHIVER=arm-none-eabi-ar" "COMPILER_FLAGS=  -O2 -c" "EXTRA_COMPILER_FLAGS=-mcpu=cortex-a9 -mfpu=vfpv3 -mfloat-abi=hard -nos
TRACE::2026-03-16.21:23:40::SCWMssOS::tartfiles -g -Wall -Wextra -fno-tree-loop-distribute-patterns"

TRACE::2026-03-16.21:23:40::SCWMssOS::"Running Make include in ps7_cortexa9_0/libsrc/usbps_v2_7/src"

TRACE::2026-03-16.21:23:40::SCWMssOS::make -C ps7_cortexa9_0/libsrc/usbps_v2_7/src -s include  "SHELL=CMD" "COMPILER=arm-none-eabi-gcc" "ASSEMBLER=arm-none-eabi-as" 
TRACE::2026-03-16.21:23:40::SCWMssOS::"ARCHIVER=arm-none-eabi-ar" "COMPILER_FLAGS=  -O2 -c" "EXTRA_COMPILER_FLAGS=-mcpu=cortex-a9 -mfpu=vfpv3 -mfloat-abi=hard -nosta
TRACE::2026-03-16.21:23:40::SCWMssOS::rtfiles -g -Wall -Wextra -fno-tree-loop-distribute-patterns"

TRACE::2026-03-16.21:23:40::SCWMssOS::"Running Make include in ps7_cortexa9_0/libsrc/xadcps_v2_6/src"

TRACE::2026-03-16.21:23:40::SCWMssOS::make -C ps7_cortexa9_0/libsrc/xadcps_v2_6/src -s include  "SHELL=CMD" "COMPILER=arm-none-eabi-gcc" "ASSEMBLER=arm-none-eabi-as"
TRACE::2026-03-16.21:23:40::SCWMssOS:: "ARCHIVER=arm-none-eabi-ar" "COMPILER_FLAGS=  -O2 -c" "EXTRA_COMPILER_FLAGS=-mcpu=cortex-a9 -mfpu=vfpv3 -mfloat-abi=hard -nost
TRACE::2026-03-16.21:23:40::SCWMssOS::artfiles -g -Wall -Wextra -fno-tree-loop-distribute-patterns"

TRACE::2026-03-16.21:23:41::SCWMssOS::"Running Make libs in ps7_cortexa9_0/libsrc/coresightps_dcc_v1_8/src"

TRACE::2026-03-16.21:23:41::SCWMssOS::make -C ps7_cortexa9_0/libsrc/coresightps_dcc_v1_8/src -s libs  "SHELL=CMD" "COMPILER=arm-none-eabi-gcc" "ASSEMBLER=arm-none-ea
TRACE::2026-03-16.21:23:41::SCWMssOS::bi-as" "ARCHIVER=arm-none-eabi-ar" "COMPILER_FLAGS=  -O2 -c" "EXTRA_COMPILER_FLAGS=-mcpu=cortex-a9 -mfpu=vfpv3 -mfloat-abi=hard
TRACE::2026-03-16.21:23:41::SCWMssOS:: -nostartfiles -g -Wall -Wextra -fno-tree-loop-distribute-patterns"

TRACE::2026-03-16.21:23:41::SCWMssOS::"Running Make libs in ps7_cortexa9_0/libsrc/cpu_cortexa9_v2_11/src"

TRACE::2026-03-16.21:23:41::SCWMssOS::make -C ps7_cortexa9_0/libsrc/cpu_cortexa9_v2_11/src -s libs  "SHELL=CMD" "COMPILER=arm-none-eabi-gcc" "ASSEMBLER=arm-none-eabi
TRACE::2026-03-16.21:23:41::SCWMssOS::-as" "ARCHIVER=arm-none-eabi-ar" "COMPILER_FLAGS=  -O2 -c" "EXTRA_COMPILER_FLAGS=-mcpu=cortex-a9 -mfpu=vfpv3 -mfloat-abi=hard -
TRACE::2026-03-16.21:23:41::SCWMssOS::nostartfiles -g -Wall -Wextra -fno-tree-loop-distribute-patterns"

TRACE::2026-03-16.21:23:42::SCWMssOS::"Running Make libs in ps7_cortexa9_0/libsrc/ddrps_v1_2/src"

TRACE::2026-03-16.21:23:47::SCWMssOS::make -C ps7_cortexa9_0/libsrc/ddrps_v1_2/src -s libs  "SHELL=CMD" "COMPILER=arm-none-eabi-gcc" "ASSEMBLER=arm-none-eabi-as" "AR
TRACE::2026-03-16.21:23:47::SCWMssOS::CHIVER=arm-none-eabi-ar" "COMPILER_FLAGS=  -O2 -c" "EXTRA_COMPILER_FLAGS=-mcpu=cortex-a9 -mfpu=vfpv3 -mfloat-abi=hard -nostartf
TRACE::2026-03-16.21:23:47::SCWMssOS::iles -g -Wall -Wextra -fno-tree-loop-distribute-patterns"

TRACE::2026-03-16.21:23:47::SCWMssOS::"Running Make libs in ps7_cortexa9_0/libsrc/devcfg_v3_7/src"

TRACE::2026-03-16.21:23:47::SCWMssOS::make -C ps7_cortexa9_0/libsrc/devcfg_v3_7/src -s libs  "SHELL=CMD" "COMPILER=arm-none-eabi-gcc" "ASSEMBLER=arm-none-eabi-as" "A
TRACE::2026-03-16.21:23:47::SCWMssOS::RCHIVER=arm-none-eabi-ar" "COMPILER_FLAGS=  -O2 -c" "EXTRA_COMPILER_FLAGS=-mcpu=cortex-a9 -mfpu=vfpv3 -mfloat-abi=hard -nostart
TRACE::2026-03-16.21:23:47::SCWMssOS::files -g -Wall -Wextra -fno-tree-loop-distribute-patterns"

TRACE::2026-03-16.21:23:47::SCWMssOS::"Running Make libs in ps7_cortexa9_0/libsrc/dmaps_v2_8/src"

TRACE::2026-03-16.21:23:47::SCWMssOS::make -C ps7_cortexa9_0/libsrc/dmaps_v2_8/src -s libs  "SHELL=CMD" "COMPILER=arm-none-eabi-gcc" "ASSEMBLER=arm-none-eabi-as" "AR
TRACE::2026-03-16.21:23:47::SCWMssOS::CHIVER=arm-none-eabi-ar" "COMPILER_FLAGS=  -O2 -c" "EXTRA_COMPILER_FLAGS=-mcpu=cortex-a9 -mfpu=vfpv3 -mfloat-abi=hard -nostartf
TRACE::2026-03-16.21:23:47::SCWMssOS::iles -g -Wall -Wextra -fno-tree-loop-distribute-patterns"

TRACE::2026-03-16.21:23:47::SCWMssOS::"Running Make libs in ps7_cortexa9_0/libsrc/emacps_v3_18/src"

TRACE::2026-03-16.21:23:52::SCWMssOS::make -C ps7_cortexa9_0/libsrc/emacps_v3_18/src -s libs  "SHELL=CMD" "COMPILER=arm-none-eabi-gcc" "ASSEMBLER=arm-none-eabi-as" "
TRACE::2026-03-16.21:23:52::SCWMssOS::ARCHIVER=arm-none-eabi-ar" "COMPILER_FLAGS=  -O2 -c" "EXTRA_COMPILER_FLAGS=-mcpu=cortex-a9 -mfpu=vfpv3 -mfloat-abi=hard -nostar
TRACE::2026-03-16.21:23:52::SCWMssOS::tfiles -g -Wall -Wextra -fno-tree-loop-distribute-patterns"

TRACE::2026-03-16.21:23:52::SCWMssOS::"Running Make libs in ps7_cortexa9_0/libsrc/gpiops_v3_11/src"

TRACE::2026-03-16.21:23:52::SCWMssOS::"Running Make libs in ps7_cortexa9_0/libsrc/qspips_v3_10/src"

TRACE::2026-03-16.21:23:52::SCWMssOS::make -C ps7_cortexa9_0/libsrc/gpiops_v3_11/src -s libs  "SHELL=CMD" "COMPILER=arm-none-eabi-gcc" "ASSEMBLER=arm-none-eabi-as" "
TRACE::2026-03-16.21:23:52::SCWMssOS::ARCHIVER=arm-none-eabi-ar" "COMPILER_FLAGS=  -O2 -c" "EXTRA_COMPILER_FLAGS=-mcpu=cortex-a9 -mfpu=vfpv3 -mfloat-abi=hard -nostar
TRACE::2026-03-16.21:23:52::SCWMssOS::tfiles -g -Wall -Wextra -fno-tree-loop-distribute-patterns"

TRACE::2026-03-16.21:23:52::SCWMssOS::make -C ps7_cortexa9_0/libsrc/qspips_v3_10/src -s libs  "SHELL=CMD" "COMPILER=arm-none-eabi-gcc" "ASSEMBLER=arm-none-eabi-as" "
TRACE::2026-03-16.21:23:52::SCWMssOS::ARCHIVER=arm-none-eabi-ar" "COMPILER_FLAGS=  -O2 -c" "EXTRA_COMPILER_FLAGS=-mcpu=cortex-a9 -mfpu=vfpv3 -mfloat-abi=hard -nostar
TRACE::2026-03-16.21:23:52::SCWMssOS::tfiles -g -Wall -Wextra -fno-tree-loop-distribute-patterns"

TRACE::2026-03-16.21:23:52::SCWMssOS::"Running Make libs in ps7_cortexa9_0/libsrc/scugic_v5_1/src"

TRACE::2026-03-16.21:23:57::SCWMssOS::make -C ps7_cortexa9_0/libsrc/scugic_v5_1/src -s libs  "SHELL=CMD" "COMPILER=arm-none-eabi-gcc" "ASSEMBLER=arm-none-eabi-as" "A
TRACE::2026-03-16.21:23:57::SCWMssOS::RCHIVER=arm-none-eabi-ar" "COMPILER_FLAGS=  -O2 -c" "EXTRA_COMPILER_FLAGS=-mcpu=cortex-a9 -mfpu=vfpv3 -mfloat-abi=hard -nostart
TRACE::2026-03-16.21:23:57::SCWMssOS::files -g -Wall -Wextra -fno-tree-loop-distribute-patterns"

TRACE::2026-03-16.21:23:57::SCWMssOS::"Running Make libs in ps7_cortexa9_0/libsrc/scutimer_v2_4/src"

TRACE::2026-03-16.21:23:57::SCWMssOS::make -C ps7_cortexa9_0/libsrc/scutimer_v2_4/src -s libs  "SHELL=CMD" "COMPILER=arm-none-eabi-gcc" "ASSEMBLER=arm-none-eabi-as" 
TRACE::2026-03-16.21:23:57::SCWMssOS::"ARCHIVER=arm-none-eabi-ar" "COMPILER_FLAGS=  -O2 -c" "EXTRA_COMPILER_FLAGS=-mcpu=cortex-a9 -mfpu=vfpv3 -mfloat-abi=hard -nosta
TRACE::2026-03-16.21:23:57::SCWMssOS::rtfiles -g -Wall -Wextra -fno-tree-loop-distribute-patterns"

TRACE::2026-03-16.21:23:58::SCWMssOS::"Running Make libs in ps7_cortexa9_0/libsrc/scuwdt_v2_4/src"

TRACE::2026-03-16.21:23:58::SCWMssOS::make -C ps7_cortexa9_0/libsrc/scuwdt_v2_4/src -s libs  "SHELL=CMD" "COMPILER=arm-none-eabi-gcc" "ASSEMBLER=arm-none-eabi-as" "A
TRACE::2026-03-16.21:23:58::SCWMssOS::RCHIVER=arm-none-eabi-ar" "COMPILER_FLAGS=  -O2 -c" "EXTRA_COMPILER_FLAGS=-mcpu=cortex-a9 -mfpu=vfpv3 -mfloat-abi=hard -nostart
TRACE::2026-03-16.21:23:58::SCWMssOS::files -g -Wall -Wextra -fno-tree-loop-distribute-patterns"

TRACE::2026-03-16.21:23:58::SCWMssOS::"Running Make libs in ps7_cortexa9_0/libsrc/sdps_v4_1/src"

TRACE::2026-03-16.21:23:58::SCWMssOS::make -C ps7_cortexa9_0/libsrc/sdps_v4_1/src -s libs  "SHELL=CMD" "COMPILER=arm-none-eabi-gcc" "ASSEMBLER=arm-none-eabi-as" "ARC
TRACE::2026-03-16.21:23:58::SCWMssOS::HIVER=arm-none-eabi-ar" "COMPILER_FLAGS=  -O2 -c" "EXTRA_COMPILER_FLAGS=-mcpu=cortex-a9 -mfpu=vfpv3 -mfloat-abi=hard -nostartfi
TRACE::2026-03-16.21:23:58::SCWMssOS::les -g -Wall -Wextra -fno-tree-loop-distribute-patterns"

TRACE::2026-03-16.21:23:58::SCWMssOS::"Running Make libs in ps7_cortexa9_0/libsrc/standalone_v8_1/src"

TRACE::2026-03-16.21:23:58::SCWMssOS::make -C ps7_cortexa9_0/libsrc/standalone_v8_1/src -s libs  "SHELL=CMD" "COMPILER=arm-none-eabi-gcc" "ASSEMBLER=arm-none-eabi-as
TRACE::2026-03-16.21:23:58::SCWMssOS::" "ARCHIVER=arm-none-eabi-ar" "COMPILER_FLAGS=  -O2 -c" "EXTRA_COMPILER_FLAGS=-mcpu=cortex-a9 -mfpu=vfpv3 -mfloat-abi=hard -nos
TRACE::2026-03-16.21:23:58::SCWMssOS::tartfiles -g -Wall -Wextra -fno-tree-loop-distribute-patterns"

TRACE::2026-03-16.21:23:59::SCWMssOS::"Running Make libs in ps7_cortexa9_0/libsrc/uartps_v3_12/src"

TRACE::2026-03-16.21:23:59::SCWMssOS::make -C ps7_cortexa9_0/libsrc/uartps_v3_12/src -s libs  "SHELL=CMD" "COMPILER=arm-none-eabi-gcc" "ASSEMBLER=arm-none-eabi-as" "
TRACE::2026-03-16.21:23:59::SCWMssOS::ARCHIVER=arm-none-eabi-ar" "COMPILER_FLAGS=  -O2 -c" "EXTRA_COMPILER_FLAGS=-mcpu=cortex-a9 -mfpu=vfpv3 -mfloat-abi=hard -nostar
TRACE::2026-03-16.21:23:59::SCWMssOS::tfiles -g -Wall -Wextra -fno-tree-loop-distribute-patterns"

TRACE::2026-03-16.21:23:59::SCWMssOS::"Running Make libs in ps7_cortexa9_0/libsrc/usbps_v2_7/src"

TRACE::2026-03-16.21:23:59::SCWMssOS::make -C ps7_cortexa9_0/libsrc/usbps_v2_7/src -s libs  "SHELL=CMD" "COMPILER=arm-none-eabi-gcc" "ASSEMBLER=arm-none-eabi-as" "AR
TRACE::2026-03-16.21:23:59::SCWMssOS::CHIVER=arm-none-eabi-ar" "COMPILER_FLAGS=  -O2 -c" "EXTRA_COMPILER_FLAGS=-mcpu=cortex-a9 -mfpu=vfpv3 -mfloat-abi=hard -nostartf
TRACE::2026-03-16.21:23:59::SCWMssOS::iles -g -Wall -Wextra -fno-tree-loop-distribute-patterns"

TRACE::2026-03-16.21:23:59::SCWMssOS::"Running Make libs in ps7_cortexa9_0/libsrc/xadcps_v2_6/src"

TRACE::2026-03-16.21:23:59::SCWMssOS::make -C ps7_cortexa9_0/libsrc/xadcps_v2_6/src -s libs  "SHELL=CMD" "COMPILER=arm-none-eabi-gcc" "ASSEMBLER=arm-none-eabi-as" "A
TRACE::2026-03-16.21:23:59::SCWMssOS::RCHIVER=arm-none-eabi-ar" "COMPILER_FLAGS=  -O2 -c" "EXTRA_COMPILER_FLAGS=-mcpu=cortex-a9 -mfpu=vfpv3 -mfloat-abi=hard -nostart
TRACE::2026-03-16.21:23:59::SCWMssOS::files -g -Wall -Wextra -fno-tree-loop-distribute-patterns"

TRACE::2026-03-16.21:24:14::SCWMssOS::'Finished building libraries parallelly.'

TRACE::2026-03-16.21:24:14::SCWMssOS::make --no-print-directory archive

TRACE::2026-03-16.21:24:14::SCWMssOS::arm-none-eabi-ar -r  ps7_cortexa9_0/lib/libxil.a ps7_cortexa9_0/lib/_exit.o ps7_cortexa9_0/lib/_open.o ps7_cortexa9_0/lib/_sbrk
TRACE::2026-03-16.21:24:14::SCWMssOS::.o ps7_cortexa9_0/lib/abort.o ps7_cortexa9_0/lib/asm_vectors.o ps7_cortexa9_0/lib/boot.o ps7_cortexa9_0/lib/close.o ps7_cortexa
TRACE::2026-03-16.21:24:14::SCWMssOS::9_0/lib/cpputest_time.o ps7_cortexa9_0/lib/cpu_init.o ps7_cortexa9_0/lib/errno.o ps7_cortexa9_0/lib/fcntl.o ps7_cortexa9_0/lib/
TRACE::2026-03-16.21:24:14::SCWMssOS::fstat.o ps7_cortexa9_0/lib/getentropy.o ps7_cortexa9_0/lib/getpid.o ps7_cortexa9_0/lib/inbyte.o ps7_cortexa9_0/lib/isatty.o ps7
TRACE::2026-03-16.21:24:14::SCWMssOS::_cortexa9_0/lib/kill.o ps7_cortexa9_0/lib/lseek.o ps7_cortexa9_0/lib/open.o ps7_cortexa9_0/lib/outbyte.o ps7_cortexa9_0/lib/pri
TRACE::2026-03-16.21:24:14::SCWMssOS::nt.o ps7_cortexa9_0/lib/putnum.o ps7_cortexa9_0/lib/read.o ps7_cortexa9_0/lib/sbrk.o ps7_cortexa9_0/lib/sleep.o ps7_cortexa9_0/
TRACE::2026-03-16.21:24:14::SCWMssOS::lib/time.o ps7_cortexa9_0/lib/translation_table.o ps7_cortexa9_0/lib/unlink.o ps7_cortexa9_0/lib/usleep.o ps7_cortexa9_0/lib/ve
TRACE::2026-03-16.21:24:14::SCWMssOS::ctors.o ps7_cortexa9_0/lib/write.o ps7_cortexa9_0/lib/xadcps.o ps7_cortexa9_0/lib/xadcps_g.o ps7_cortexa9_0/lib/xadcps_intr.o p
TRACE::2026-03-16.21:24:14::SCWMssOS::s7_cortexa9_0/lib/xadcps_selftest.o ps7_cortexa9_0/lib/xadcps_sinit.o ps7_cortexa9_0/lib/xcoresightpsdcc.o ps7_cortexa9_0/lib/x
TRACE::2026-03-16.21:24:14::SCWMssOS::devcfg.o ps7_cortexa9_0/lib/xdevcfg_g.o ps7_cortexa9_0/lib/xdevcfg_hw.o ps7_cortexa9_0/lib/xdevcfg_intr.o ps7_cortexa9_0/lib/xd
TRACE::2026-03-16.21:24:14::SCWMssOS::evcfg_selftest.o ps7_cortexa9_0/lib/xdevcfg_sinit.o ps7_cortexa9_0/lib/xdmaps.o ps7_cortexa9_0/lib/xdmaps_g.o ps7_cortexa9_0/li
TRACE::2026-03-16.21:24:14::SCWMssOS::b/xdmaps_hw.o ps7_cortexa9_0/lib/xdmaps_selftest.o ps7_cortexa9_0/lib/xdmaps_sinit.o ps7_cortexa9_0/lib/xemacps.o ps7_cortexa9_
TRACE::2026-03-16.21:24:14::SCWMssOS::0/lib/xemacps_bdring.o ps7_cortexa9_0/lib/xemacps_control.o ps7_cortexa9_0/lib/xemacps_g.o ps7_cortexa9_0/lib/xemacps_hw.o ps7_
TRACE::2026-03-16.21:24:14::SCWMssOS::cortexa9_0/lib/xemacps_intr.o ps7_cortexa9_0/lib/xemacps_sinit.o ps7_cortexa9_0/lib/xgpiops.o ps7_cortexa9_0/lib/xgpiops_g.o ps
TRACE::2026-03-16.21:24:14::SCWMssOS::7_cortexa9_0/lib/xgpiops_hw.o ps7_cortexa9_0/lib/xgpiops_intr.o ps7_cortexa9_0/lib/xgpiops_selftest.o ps7_cortexa9_0/lib/xgpiop
TRACE::2026-03-16.21:24:14::SCWMssOS::s_sinit.o ps7_cortexa9_0/lib/xil-crt0.o ps7_cortexa9_0/lib/xil_assert.o ps7_cortexa9_0/lib/xil_cache.o ps7_cortexa9_0/lib/xil_c
TRACE::2026-03-16.21:24:14::SCWMssOS::locking.o ps7_cortexa9_0/lib/xil_exception.o ps7_cortexa9_0/lib/xil_mem.o ps7_cortexa9_0/lib/xil_misc_psreset_api.o ps7_cortexa
TRACE::2026-03-16.21:24:14::SCWMssOS::9_0/lib/xil_mmu.o ps7_cortexa9_0/lib/xil_printf.o ps7_cortexa9_0/lib/xil_sleepcommon.o ps7_cortexa9_0/lib/xil_sleeptimer.o ps7_
TRACE::2026-03-16.21:24:14::SCWMssOS::cortexa9_0/lib/xil_spinlock.o ps7_cortexa9_0/lib/xil_testcache.o ps7_cortexa9_0/lib/xil_testio.o ps7_cortexa9_0/lib/xil_testmem
TRACE::2026-03-16.21:24:14::SCWMssOS::.o ps7_cortexa9_0/lib/xil_util.o ps7_cortexa9_0/lib/xinterrupt_wrap.o ps7_cortexa9_0/lib/xl2cc_counter.o ps7_cortexa9_0/lib/xpl
TRACE::2026-03-16.21:24:14::SCWMssOS::atform_info.o ps7_cortexa9_0/lib/xpm_counter.o ps7_cortexa9_0/lib/xqspips.o ps7_cortexa9_0/lib/xqspips_g.o ps7_cortexa9_0/lib/x
TRACE::2026-03-16.21:24:14::SCWMssOS::qspips_hw.o ps7_cortexa9_0/lib/xqspips_options.o ps7_cortexa9_0/lib/xqspips_selftest.o ps7_cortexa9_0/lib/xqspips_sinit.o ps7_c
TRACE::2026-03-16.21:24:14::SCWMssOS::ortexa9_0/lib/xscugic.o ps7_cortexa9_0/lib/xscugic_g.o ps7_cortexa9_0/lib/xscugic_hw.o ps7_cortexa9_0/lib/xscugic_intr.o ps7_co
TRACE::2026-03-16.21:24:14::SCWMssOS::rtexa9_0/lib/xscugic_selftest.o ps7_cortexa9_0/lib/xscugic_sinit.o ps7_cortexa9_0/lib/xscutimer.o ps7_cortexa9_0/lib/xscutimer_
TRACE::2026-03-16.21:24:14::SCWMssOS::g.o ps7_cortexa9_0/lib/xscutimer_selftest.o ps7_cortexa9_0/lib/xscutimer_sinit.o ps7_cortexa9_0/lib/xscuwdt.o ps7_cortexa9_0/li
TRACE::2026-03-16.21:24:14::SCWMssOS::b/xscuwdt_g.o ps7_cortexa9_0/lib/xscuwdt_selftest.o ps7_cortexa9_0/lib/xscuwdt_sinit.o ps7_cortexa9_0/lib/xsdps.o ps7_cortexa9_
TRACE::2026-03-16.21:24:14::SCWMssOS::0/lib/xsdps_card.o ps7_cortexa9_0/lib/xsdps_g.o ps7_cortexa9_0/lib/xsdps_host.o ps7_cortexa9_0/lib/xsdps_options.o ps7_cortexa9
TRACE::2026-03-16.21:24:14::SCWMssOS::_0/lib/xsdps_sinit.o ps7_cortexa9_0/lib/xtime_l.o ps7_cortexa9_0/lib/xuartps.o ps7_cortexa9_0/lib/xuartps_g.o ps7_cortexa9_0/li
TRACE::2026-03-16.21:24:14::SCWMssOS::b/xuartps_hw.o ps7_cortexa9_0/lib/xuartps_intr.o ps7_cortexa9_0/lib/xuartps_options.o ps7_cortexa9_0/lib/xuartps_selftest.o ps7
TRACE::2026-03-16.21:24:14::SCWMssOS::_cortexa9_0/lib/xuartps_sinit.o ps7_cortexa9_0/lib/xusbps.o ps7_cortexa9_0/lib/xusbps_endpoint.o ps7_cortexa9_0/lib/xusbps_g.o 
TRACE::2026-03-16.21:24:14::SCWMssOS::ps7_cortexa9_0/lib/xusbps_hw.o ps7_cortexa9_0/lib/xusbps_intr.o ps7_cortexa9_0/lib/xusbps_sinit.o

TRACE::2026-03-16.21:24:14::SCWMssOS::'Finished building libraries'

TRACE::2026-03-16.21:24:15::SCWMssOS:: Checking if to create the Supporting Applications
TRACE::2026-03-16.21:24:15::SCWMssOS:: No Linux domain exists, trying to generate FSBL 
LOG::2026-03-16.21:24:15::SCWSystem::Completed Processing the domain standalone_domain
LOG::2026-03-16.21:24:15::SCWSystem::Completed Processing the sysconfig int_gen_plat
LOG::2026-03-16.21:24:15::SCWPlatform::Completed generating the artifacts for system configuration int_gen_plat
TRACE::2026-03-16.21:24:15::SCWPlatform::Started preparing the platform 
TRACE::2026-03-16.21:24:15::SCWSystem::Writing the bif file for system config int_gen_plat
TRACE::2026-03-16.21:24:15::SCWSystem::dir created 
TRACE::2026-03-16.21:24:15::SCWSystem::Writing the bif 
TRACE::2026-03-16.21:24:15::SCWPlatform::Started writing the spfm file 
TRACE::2026-03-16.21:24:15::SCWPlatform::Started writing the xpfm file 
TRACE::2026-03-16.21:24:15::SCWPlatform::Completed generating the platform
TRACE::2026-03-16.21:24:15::SCWMssOS::Saving the mss changes C:/Users/ER250/OneDrive/Documents/ECE520_SOC/ECE520_SandBox/int_gen_soc_re/int_gen_soc_vitis/int_gen_plat/zynq_fsbl/zynq_fsbl_bsp/system.mss
TRACE::2026-03-16.21:24:15::SCWMssOS::Found a swdesign opened with the mssfile.
TRACE::2026-03-16.21:24:15::SCWMssOS::Completed writemss as part of save.
TRACE::2026-03-16.21:24:15::SCWMssOS::Commit changes completed.
TRACE::2026-03-16.21:24:15::SCWMssOS::Saving the mss changes C:/Users/ER250/OneDrive/Documents/ECE520_SOC/ECE520_SandBox/int_gen_soc_re/int_gen_soc_vitis/int_gen_plat/ps7_cortexa9_0/standalone_domain/bsp/system.mss
TRACE::2026-03-16.21:24:15::SCWMssOS::Adding the swdes entry, mss present, able to open swdb C:/Users/ER250/OneDrive/Documents/ECE520_SOC/ECE520_SandBox/int_gen_soc_re/int_gen_soc_vitis/int_gen_plat/ps7_cortexa9_0/standalone_domain/bsp/system.mss with des name system_0
TRACE::2026-03-16.21:24:15::SCWMssOS::Writing the mss file completed C:/Users/ER250/OneDrive/Documents/ECE520_SOC/ECE520_SandBox/int_gen_soc_re/int_gen_soc_vitis/int_gen_plat/ps7_cortexa9_0/standalone_domain/bsp/system.mss
TRACE::2026-03-16.21:24:15::SCWMssOS::Commit changes completed.
TRACE::2026-03-16.21:24:15::SCWPlatform::Trying to open the hw design at C:/Users/ER250/OneDrive/Documents/ECE520_SOC/ECE520_SandBox/int_gen_soc_re/int_gen_soc_vitis/int_gen_plat/hw/int_gen_bd_re_wrapper.xsa
TRACE::2026-03-16.21:24:15::SCWPlatform::DSA given C:/Users/ER250/OneDrive/Documents/ECE520_SOC/ECE520_SandBox/int_gen_soc_re/int_gen_soc_vitis/int_gen_plat/hw/int_gen_bd_re_wrapper.xsa
TRACE::2026-03-16.21:24:15::SCWPlatform::DSA absoulate path C:/Users/ER250/OneDrive/Documents/ECE520_SOC/ECE520_SandBox/int_gen_soc_re/int_gen_soc_vitis/int_gen_plat/hw/int_gen_bd_re_wrapper.xsa
TRACE::2026-03-16.21:24:15::SCWPlatform::DSA directory C:/Users/ER250/OneDrive/Documents/ECE520_SOC/ECE520_SandBox/int_gen_soc_re/int_gen_soc_vitis/int_gen_plat/hw
TRACE::2026-03-16.21:24:15::SCWPlatform:: Platform Path C:/Users/ER250/OneDrive/Documents/ECE520_SOC/ECE520_SandBox/int_gen_soc_re/int_gen_soc_vitis/int_gen_plat/hw/int_gen_bd_re_wrapper.xsa
TRACE::2026-03-16.21:24:15::SCWPlatform:: Unique name xilinx:zybo-z7-10::0.0
TRACE::2026-03-16.21:24:15::SCWPlatform::Trying to set the existing hwdb with name int_gen_bd_re_wrapper_1
TRACE::2026-03-16.21:24:15::SCWPlatform::Opened existing hwdb int_gen_bd_re_wrapper_1
TRACE::2026-03-16.21:24:15::SCWPlatform::Found the Hw Db part of the input DSA
TRACE::2026-03-16.21:24:15::SCWMssOS::Checking the sw design at  C:/Users/ER250/OneDrive/Documents/ECE520_SOC/ECE520_SandBox/int_gen_soc_re/int_gen_soc_vitis/int_gen_plat/zynq_fsbl/zynq_fsbl_bsp/system.mss
TRACE::2026-03-16.21:24:15::SCWMssOS::DEBUG:  swdes dump  C:/Users/ER250/OneDrive/Documents/ECE520_SOC/ECE520_SandBox/int_gen_soc_re/int_gen_soc_vitis/int_gen_plat/ps7_cortexa9_0/standalone_domain/bsp/system.mss|system_0||
C:/Users/ER250/OneDrive/Documents/ECE520_SOC/ECE520_SandBox/int_gen_soc_re/int_gen_soc_vitis/int_gen_plat/zynq_fsbl/zynq_fsbl_bsp/system.mss|system||

TRACE::2026-03-16.21:24:15::SCWMssOS::Sw design exists and opened at  C:/Users/ER250/OneDrive/Documents/ECE520_SOC/ECE520_SandBox/int_gen_soc_re/int_gen_soc_vitis/int_gen_plat/zynq_fsbl/zynq_fsbl_bsp/system.mss
TRACE::2026-03-16.21:24:15::SCWPlatform::Trying to open the hw design at C:/Users/ER250/OneDrive/Documents/ECE520_SOC/ECE520_SandBox/int_gen_soc_re/int_gen_soc_vitis/int_gen_plat/hw/int_gen_bd_re_wrapper.xsa
TRACE::2026-03-16.21:24:15::SCWPlatform::DSA given C:/Users/ER250/OneDrive/Documents/ECE520_SOC/ECE520_SandBox/int_gen_soc_re/int_gen_soc_vitis/int_gen_plat/hw/int_gen_bd_re_wrapper.xsa
TRACE::2026-03-16.21:24:15::SCWPlatform::DSA absoulate path C:/Users/ER250/OneDrive/Documents/ECE520_SOC/ECE520_SandBox/int_gen_soc_re/int_gen_soc_vitis/int_gen_plat/hw/int_gen_bd_re_wrapper.xsa
TRACE::2026-03-16.21:24:15::SCWPlatform::DSA directory C:/Users/ER250/OneDrive/Documents/ECE520_SOC/ECE520_SandBox/int_gen_soc_re/int_gen_soc_vitis/int_gen_plat/hw
TRACE::2026-03-16.21:24:15::SCWPlatform:: Platform Path C:/Users/ER250/OneDrive/Documents/ECE520_SOC/ECE520_SandBox/int_gen_soc_re/int_gen_soc_vitis/int_gen_plat/hw/int_gen_bd_re_wrapper.xsa
TRACE::2026-03-16.21:24:15::SCWPlatform:: Unique name xilinx:zybo-z7-10::0.0
TRACE::2026-03-16.21:24:15::SCWPlatform::Trying to set the existing hwdb with name int_gen_bd_re_wrapper_1
TRACE::2026-03-16.21:24:15::SCWPlatform::Opened existing hwdb int_gen_bd_re_wrapper_1
TRACE::2026-03-16.21:24:15::SCWPlatform::Found the Hw Db part of the input DSA
TRACE::2026-03-16.21:24:15::SCWMssOS::Checking the sw design at  C:/Users/ER250/OneDrive/Documents/ECE520_SOC/ECE520_SandBox/int_gen_soc_re/int_gen_soc_vitis/int_gen_plat/ps7_cortexa9_0/standalone_domain/bsp/system.mss
TRACE::2026-03-16.21:24:15::SCWMssOS::DEBUG:  swdes dump  C:/Users/ER250/OneDrive/Documents/ECE520_SOC/ECE520_SandBox/int_gen_soc_re/int_gen_soc_vitis/int_gen_plat/ps7_cortexa9_0/standalone_domain/bsp/system.mss|system_0||
C:/Users/ER250/OneDrive/Documents/ECE520_SOC/ECE520_SandBox/int_gen_soc_re/int_gen_soc_vitis/int_gen_plat/zynq_fsbl/zynq_fsbl_bsp/system.mss|system||

TRACE::2026-03-16.21:24:15::SCWMssOS::Sw design exists and opened at  C:/Users/ER250/OneDrive/Documents/ECE520_SOC/ECE520_SandBox/int_gen_soc_re/int_gen_soc_vitis/int_gen_plat/ps7_cortexa9_0/standalone_domain/bsp/system.mss
TRACE::2026-03-16.21:24:15::SCWWriter::formatted JSON is {
	"platformName":	"int_gen_plat",
	"sprVersion":	"2.0",
	"mode":	"gui",
	"dsaType":	"Fixed",
	"platformDesc":	"int_gen_plat",
	"platHandOff":	"C:/Users/ER250/OneDrive/Documents/ECE520_SOC/ECE520_SandBox/int_gen_soc_re/int_gen_bd_re_wrapper.xsa",
	"platIntHandOff":	"<platformDir>/hw/int_gen_bd_re_wrapper.xsa",
	"deviceType":	"zynq",
	"platIsPrebuiltAutogen":	"false",
	"platIsNoBootBsp":	"false",
	"hasFsblMakeHasChanges":	"false",
	"hasPmufwMakeHasChanges":	"false",
	"fsblExtraCompilerFlags":	"-MMD -MP       -mcpu=cortex-a9 -mfpu=vfpv3 -mfloat-abi=hard ",
	"platPreBuiltFlag":	false,
	"platformSamplesDir":	"",
	"platActiveSys":	"int_gen_plat",
	"systems":	[{
			"systemName":	"int_gen_plat",
			"systemDesc":	"int_gen_plat",
			"sysIsBootAutoGen":	"true",
			"systemDispName":	"int_gen_plat",
			"sysActiveDom":	"standalone_domain",
			"sysDefaultDom":	"standalone_domain",
			"domains":	[{
					"domainName":	"zynq_fsbl",
					"domainDispName":	"zynq_fsbl",
					"domainDesc":	"FSBL Application BSP - Auto Generated.",
					"processors":	"ps7_cortexa9_0",
					"os":	"standalone",
					"sdxOs":	"standalone",
					"debugEnable":	"",
					"domRuntimes":	["cpp"],
					"swRepo":	"",
					"mssOsVer":	"8.1",
					"mssFile":	"",
					"md5Digest":	"710bbb872de411420e38ee1f9a6d73dd1",
					"compatibleApp":	"zynq_fsbl",
					"domType":	"bootDomain",
					"arch":	"32-bit",
					"appSettings":	{
						"appCompilerFlags":	"",
						"appLinkerFlags":	""
					},
					"addedLibs":	["xilffs:5.0", "xilrsa:1.6"],
					"libOptions":	{
						"libsContainingOptions":	[]
					},
					"changedDrivers":	{
						"interrupt_generator_0":	"none:",
						"changedCells":	["interrupt_generator_0"]
					},
					"prebuiltLibs":	{
						"prebuiltIncPath":	[],
						"prebuiltLibPath":	[]
					},
					"isolation":	{
					}
				}, {
					"domainName":	"standalone_domain",
					"domainDispName":	"standalone on ps7_cortexa9_0",
					"domainDesc":	"standalone_domain",
					"processors":	"ps7_cortexa9_0",
					"os":	"standalone",
					"sdxOs":	"standalone",
					"qemuArgs":	"<platformDir>/resources/int_gen_plat/standalone_domain/qemu_args.txt",
					"qemuData":	"<platformDir>/resources/int_gen_plat/standalone_domain/qemu",
					"debugEnable":	"False",
					"domRuntimes":	["cpp"],
					"swRepo":	"",
					"mssOsVer":	"8.1",
					"mssFile":	"",
					"md5Digest":	"afe1403ea604de9520c811a3fdd9c4f7",
					"compatibleApp":	"",
					"domType":	"mssDomain",
					"appSettings":	{
						"appCompilerFlags":	"",
						"appLinkerFlags":	""
					},
					"addedLibs":	[],
					"libOptions":	{
						"libsContainingOptions":	[]
					},
					"changedDrivers":	{
						"interrupt_generator_0":	"none:",
						"changedCells":	["interrupt_generator_0"]
					},
					"prebuiltLibs":	{
						"prebuiltIncPath":	[],
						"prebuiltLibPath":	[]
					},
					"isolation":	{
					}
				}]
		}]
}
KEYINFO::2026-03-16.21:24:15::SCWPlatform::updated the xpfm file.
TRACE::2026-03-16.21:24:15::SCWPlatform::Trying to open the hw design at C:/Users/ER250/OneDrive/Documents/ECE520_SOC/ECE520_SandBox/int_gen_soc_re/int_gen_soc_vitis/int_gen_plat/hw/int_gen_bd_re_wrapper.xsa
TRACE::2026-03-16.21:24:15::SCWPlatform::DSA given C:/Users/ER250/OneDrive/Documents/ECE520_SOC/ECE520_SandBox/int_gen_soc_re/int_gen_soc_vitis/int_gen_plat/hw/int_gen_bd_re_wrapper.xsa
TRACE::2026-03-16.21:24:15::SCWPlatform::DSA absoulate path C:/Users/ER250/OneDrive/Documents/ECE520_SOC/ECE520_SandBox/int_gen_soc_re/int_gen_soc_vitis/int_gen_plat/hw/int_gen_bd_re_wrapper.xsa
TRACE::2026-03-16.21:24:15::SCWPlatform::DSA directory C:/Users/ER250/OneDrive/Documents/ECE520_SOC/ECE520_SandBox/int_gen_soc_re/int_gen_soc_vitis/int_gen_plat/hw
TRACE::2026-03-16.21:24:15::SCWPlatform:: Platform Path C:/Users/ER250/OneDrive/Documents/ECE520_SOC/ECE520_SandBox/int_gen_soc_re/int_gen_soc_vitis/int_gen_plat/hw/int_gen_bd_re_wrapper.xsa
TRACE::2026-03-16.21:24:15::SCWPlatform:: Unique name xilinx:zybo-z7-10::0.0
TRACE::2026-03-16.21:24:15::SCWPlatform::Trying to set the existing hwdb with name int_gen_bd_re_wrapper_1
TRACE::2026-03-16.21:24:15::SCWPlatform::Opened existing hwdb int_gen_bd_re_wrapper_1
TRACE::2026-03-16.21:24:15::SCWPlatform::Found the Hw Db part of the input DSA
TRACE::2026-03-16.21:24:15::SCWMssOS::Checking the sw design at  C:/Users/ER250/OneDrive/Documents/ECE520_SOC/ECE520_SandBox/int_gen_soc_re/int_gen_soc_vitis/int_gen_plat/ps7_cortexa9_0/standalone_domain/bsp/system.mss
TRACE::2026-03-16.21:24:15::SCWMssOS::DEBUG:  swdes dump  C:/Users/ER250/OneDrive/Documents/ECE520_SOC/ECE520_SandBox/int_gen_soc_re/int_gen_soc_vitis/int_gen_plat/ps7_cortexa9_0/standalone_domain/bsp/system.mss|system_0||
C:/Users/ER250/OneDrive/Documents/ECE520_SOC/ECE520_SandBox/int_gen_soc_re/int_gen_soc_vitis/int_gen_plat/zynq_fsbl/zynq_fsbl_bsp/system.mss|system||

TRACE::2026-03-16.21:24:15::SCWMssOS::Sw design exists and opened at  C:/Users/ER250/OneDrive/Documents/ECE520_SOC/ECE520_SandBox/int_gen_soc_re/int_gen_soc_vitis/int_gen_plat/ps7_cortexa9_0/standalone_domain/bsp/system.mss
TRACE::2026-03-16.21:41:58::SCWPlatform::Trying to open the hw design at C:/Users/ER250/OneDrive/Documents/ECE520_SOC/ECE520_SandBox/int_gen_soc_re/int_gen_soc_vitis/int_gen_plat/hw/int_gen_bd_re_wrapper.xsa
TRACE::2026-03-16.21:41:58::SCWPlatform::DSA given C:/Users/ER250/OneDrive/Documents/ECE520_SOC/ECE520_SandBox/int_gen_soc_re/int_gen_soc_vitis/int_gen_plat/hw/int_gen_bd_re_wrapper.xsa
TRACE::2026-03-16.21:41:58::SCWPlatform::DSA absoulate path C:/Users/ER250/OneDrive/Documents/ECE520_SOC/ECE520_SandBox/int_gen_soc_re/int_gen_soc_vitis/int_gen_plat/hw/int_gen_bd_re_wrapper.xsa
TRACE::2026-03-16.21:41:58::SCWPlatform::DSA directory C:/Users/ER250/OneDrive/Documents/ECE520_SOC/ECE520_SandBox/int_gen_soc_re/int_gen_soc_vitis/int_gen_plat/hw
TRACE::2026-03-16.21:41:58::SCWPlatform:: Platform Path C:/Users/ER250/OneDrive/Documents/ECE520_SOC/ECE520_SandBox/int_gen_soc_re/int_gen_soc_vitis/int_gen_plat/hw/int_gen_bd_re_wrapper.xsa
TRACE::2026-03-16.21:41:58::SCWPlatform:: Unique name xilinx:zybo-z7-10::0.0
TRACE::2026-03-16.21:41:58::SCWPlatform::Do not have an existing db opened. 
TRACE::2026-03-16.21:42:01::SCWPlatform::Opened new HwDB with name int_gen_bd_re_wrapper
TRACE::2026-03-16.21:42:01::SCWReader::Active system found as  int_gen_plat
TRACE::2026-03-16.21:42:01::SCWReader::Handling sysconfig int_gen_plat
TRACE::2026-03-16.21:42:01::SCWDomain::checking for install qemu data   : 
TRACE::2026-03-16.21:42:01::SCWDomain:: Using the QEMU Data from install at  : C:/Xilinx/Vitis/2023.1/data/emulation/platforms/zynq/sw/a9_standalone/qemu/
TRACE::2026-03-16.21:42:01::SCWDomain:: Using the QEMU args  from install at  : C:/Xilinx/Vitis/2023.1/data/emulation/platforms/zynq/sw/a9_standalone/qemu/qemu_args.txt
TRACE::2026-03-16.21:42:01::SCWPlatform::Trying to open the hw design at C:/Users/ER250/OneDrive/Documents/ECE520_SOC/ECE520_SandBox/int_gen_soc_re/int_gen_soc_vitis/int_gen_plat/hw/int_gen_bd_re_wrapper.xsa
TRACE::2026-03-16.21:42:01::SCWPlatform::DSA given C:/Users/ER250/OneDrive/Documents/ECE520_SOC/ECE520_SandBox/int_gen_soc_re/int_gen_soc_vitis/int_gen_plat/hw/int_gen_bd_re_wrapper.xsa
TRACE::2026-03-16.21:42:01::SCWPlatform::DSA absoulate path C:/Users/ER250/OneDrive/Documents/ECE520_SOC/ECE520_SandBox/int_gen_soc_re/int_gen_soc_vitis/int_gen_plat/hw/int_gen_bd_re_wrapper.xsa
TRACE::2026-03-16.21:42:01::SCWPlatform::DSA directory C:/Users/ER250/OneDrive/Documents/ECE520_SOC/ECE520_SandBox/int_gen_soc_re/int_gen_soc_vitis/int_gen_plat/hw
TRACE::2026-03-16.21:42:01::SCWPlatform:: Platform Path C:/Users/ER250/OneDrive/Documents/ECE520_SOC/ECE520_SandBox/int_gen_soc_re/int_gen_soc_vitis/int_gen_plat/hw/int_gen_bd_re_wrapper.xsa
TRACE::2026-03-16.21:42:01::SCWPlatform:: Unique name xilinx:zybo-z7-10::0.0
TRACE::2026-03-16.21:42:01::SCWPlatform::Trying to set the existing hwdb with name int_gen_bd_re_wrapper
TRACE::2026-03-16.21:42:01::SCWPlatform::Opened existing hwdb int_gen_bd_re_wrapper
TRACE::2026-03-16.21:42:01::SCWPlatform::Found the Hw Db part of the input DSA
TRACE::2026-03-16.21:42:01::SCWPlatform::Trying to open the hw design at C:/Users/ER250/OneDrive/Documents/ECE520_SOC/ECE520_SandBox/int_gen_soc_re/int_gen_soc_vitis/int_gen_plat/hw/int_gen_bd_re_wrapper.xsa
TRACE::2026-03-16.21:42:01::SCWPlatform::DSA given C:/Users/ER250/OneDrive/Documents/ECE520_SOC/ECE520_SandBox/int_gen_soc_re/int_gen_soc_vitis/int_gen_plat/hw/int_gen_bd_re_wrapper.xsa
TRACE::2026-03-16.21:42:01::SCWPlatform::DSA absoulate path C:/Users/ER250/OneDrive/Documents/ECE520_SOC/ECE520_SandBox/int_gen_soc_re/int_gen_soc_vitis/int_gen_plat/hw/int_gen_bd_re_wrapper.xsa
TRACE::2026-03-16.21:42:01::SCWPlatform::DSA directory C:/Users/ER250/OneDrive/Documents/ECE520_SOC/ECE520_SandBox/int_gen_soc_re/int_gen_soc_vitis/int_gen_plat/hw
TRACE::2026-03-16.21:42:01::SCWPlatform:: Platform Path C:/Users/ER250/OneDrive/Documents/ECE520_SOC/ECE520_SandBox/int_gen_soc_re/int_gen_soc_vitis/int_gen_plat/hw/int_gen_bd_re_wrapper.xsa
TRACE::2026-03-16.21:42:01::SCWPlatform:: Unique name xilinx:zybo-z7-10::0.0
TRACE::2026-03-16.21:42:01::SCWPlatform::Trying to set the existing hwdb with name int_gen_bd_re_wrapper
TRACE::2026-03-16.21:42:01::SCWPlatform::Opened existing hwdb int_gen_bd_re_wrapper
TRACE::2026-03-16.21:42:01::SCWPlatform::Found the Hw Db part of the input DSA
TRACE::2026-03-16.21:42:01::SCWPlatform::Trying to open the hw design at C:/Users/ER250/OneDrive/Documents/ECE520_SOC/ECE520_SandBox/int_gen_soc_re/int_gen_soc_vitis/int_gen_plat/hw/int_gen_bd_re_wrapper.xsa
TRACE::2026-03-16.21:42:01::SCWPlatform::DSA given C:/Users/ER250/OneDrive/Documents/ECE520_SOC/ECE520_SandBox/int_gen_soc_re/int_gen_soc_vitis/int_gen_plat/hw/int_gen_bd_re_wrapper.xsa
TRACE::2026-03-16.21:42:01::SCWPlatform::DSA absoulate path C:/Users/ER250/OneDrive/Documents/ECE520_SOC/ECE520_SandBox/int_gen_soc_re/int_gen_soc_vitis/int_gen_plat/hw/int_gen_bd_re_wrapper.xsa
TRACE::2026-03-16.21:42:01::SCWPlatform::DSA directory C:/Users/ER250/OneDrive/Documents/ECE520_SOC/ECE520_SandBox/int_gen_soc_re/int_gen_soc_vitis/int_gen_plat/hw
TRACE::2026-03-16.21:42:01::SCWPlatform:: Platform Path C:/Users/ER250/OneDrive/Documents/ECE520_SOC/ECE520_SandBox/int_gen_soc_re/int_gen_soc_vitis/int_gen_plat/hw/int_gen_bd_re_wrapper.xsa
TRACE::2026-03-16.21:42:01::SCWPlatform:: Unique name xilinx:zybo-z7-10::0.0
TRACE::2026-03-16.21:42:01::SCWPlatform::Trying to set the existing hwdb with name int_gen_bd_re_wrapper
TRACE::2026-03-16.21:42:01::SCWPlatform::Opened existing hwdb int_gen_bd_re_wrapper
TRACE::2026-03-16.21:42:01::SCWPlatform::Found the Hw Db part of the input DSA
TRACE::2026-03-16.21:42:01::SCWReader::Boot application domain added for zynq_fsbl
TRACE::2026-03-16.21:42:01::SCWPlatform::Trying to open the hw design at C:/Users/ER250/OneDrive/Documents/ECE520_SOC/ECE520_SandBox/int_gen_soc_re/int_gen_soc_vitis/int_gen_plat/hw/int_gen_bd_re_wrapper.xsa
TRACE::2026-03-16.21:42:01::SCWPlatform::DSA given C:/Users/ER250/OneDrive/Documents/ECE520_SOC/ECE520_SandBox/int_gen_soc_re/int_gen_soc_vitis/int_gen_plat/hw/int_gen_bd_re_wrapper.xsa
TRACE::2026-03-16.21:42:01::SCWPlatform::DSA absoulate path C:/Users/ER250/OneDrive/Documents/ECE520_SOC/ECE520_SandBox/int_gen_soc_re/int_gen_soc_vitis/int_gen_plat/hw/int_gen_bd_re_wrapper.xsa
TRACE::2026-03-16.21:42:01::SCWPlatform::DSA directory C:/Users/ER250/OneDrive/Documents/ECE520_SOC/ECE520_SandBox/int_gen_soc_re/int_gen_soc_vitis/int_gen_plat/hw
TRACE::2026-03-16.21:42:01::SCWPlatform:: Platform Path C:/Users/ER250/OneDrive/Documents/ECE520_SOC/ECE520_SandBox/int_gen_soc_re/int_gen_soc_vitis/int_gen_plat/hw/int_gen_bd_re_wrapper.xsa
TRACE::2026-03-16.21:42:01::SCWPlatform:: Unique name xilinx:zybo-z7-10::0.0
TRACE::2026-03-16.21:42:01::SCWPlatform::Trying to set the existing hwdb with name int_gen_bd_re_wrapper
TRACE::2026-03-16.21:42:01::SCWPlatform::Opened existing hwdb int_gen_bd_re_wrapper
TRACE::2026-03-16.21:42:01::SCWPlatform::Found the Hw Db part of the input DSA
TRACE::2026-03-16.21:42:01::SCWMssOS::Checking the sw design at  C:/Users/ER250/OneDrive/Documents/ECE520_SOC/ECE520_SandBox/int_gen_soc_re/int_gen_soc_vitis/int_gen_plat/zynq_fsbl/zynq_fsbl_bsp/system.mss
TRACE::2026-03-16.21:42:01::SCWMssOS::DEBUG:  swdes dump  
TRACE::2026-03-16.21:42:01::SCWMssOS::No sw design opened at  C:/Users/ER250/OneDrive/Documents/ECE520_SOC/ECE520_SandBox/int_gen_soc_re/int_gen_soc_vitis/int_gen_plat/zynq_fsbl/zynq_fsbl_bsp/system.mss
TRACE::2026-03-16.21:42:01::SCWMssOS::mss exists loading the mss file  C:/Users/ER250/OneDrive/Documents/ECE520_SOC/ECE520_SandBox/int_gen_soc_re/int_gen_soc_vitis/int_gen_plat/zynq_fsbl/zynq_fsbl_bsp/system.mss
TRACE::2026-03-16.21:42:01::SCWMssOS::Opened the sw design from mss  C:/Users/ER250/OneDrive/Documents/ECE520_SOC/ECE520_SandBox/int_gen_soc_re/int_gen_soc_vitis/int_gen_plat/zynq_fsbl/zynq_fsbl_bsp/system.mss
TRACE::2026-03-16.21:42:01::SCWMssOS::Adding the swdes entry C:/Users/ER250/OneDrive/Documents/ECE520_SOC/ECE520_SandBox/int_gen_soc_re/int_gen_soc_vitis/int_gen_plat/zynq_fsbl/zynq_fsbl_bsp/system.mss with des name system
TRACE::2026-03-16.21:42:01::SCWMssOS::updating the scw layer about changes
TRACE::2026-03-16.21:42:01::SCWMssOS::Opened the sw design.  C:/Users/ER250/OneDrive/Documents/ECE520_SOC/ECE520_SandBox/int_gen_soc_re/int_gen_soc_vitis/int_gen_plat/zynq_fsbl/zynq_fsbl_bsp/system.mss
TRACE::2026-03-16.21:42:01::SCWPlatform::Trying to open the hw design at C:/Users/ER250/OneDrive/Documents/ECE520_SOC/ECE520_SandBox/int_gen_soc_re/int_gen_soc_vitis/int_gen_plat/hw/int_gen_bd_re_wrapper.xsa
TRACE::2026-03-16.21:42:01::SCWPlatform::DSA given C:/Users/ER250/OneDrive/Documents/ECE520_SOC/ECE520_SandBox/int_gen_soc_re/int_gen_soc_vitis/int_gen_plat/hw/int_gen_bd_re_wrapper.xsa
TRACE::2026-03-16.21:42:01::SCWPlatform::DSA absoulate path C:/Users/ER250/OneDrive/Documents/ECE520_SOC/ECE520_SandBox/int_gen_soc_re/int_gen_soc_vitis/int_gen_plat/hw/int_gen_bd_re_wrapper.xsa
TRACE::2026-03-16.21:42:01::SCWPlatform::DSA directory C:/Users/ER250/OneDrive/Documents/ECE520_SOC/ECE520_SandBox/int_gen_soc_re/int_gen_soc_vitis/int_gen_plat/hw
TRACE::2026-03-16.21:42:01::SCWPlatform:: Platform Path C:/Users/ER250/OneDrive/Documents/ECE520_SOC/ECE520_SandBox/int_gen_soc_re/int_gen_soc_vitis/int_gen_plat/hw/int_gen_bd_re_wrapper.xsa
TRACE::2026-03-16.21:42:01::SCWPlatform:: Unique name xilinx:zybo-z7-10::0.0
TRACE::2026-03-16.21:42:01::SCWPlatform::Trying to set the existing hwdb with name int_gen_bd_re_wrapper
TRACE::2026-03-16.21:42:01::SCWPlatform::Opened existing hwdb int_gen_bd_re_wrapper
TRACE::2026-03-16.21:42:01::SCWPlatform::Found the Hw Db part of the input DSA
TRACE::2026-03-16.21:42:01::SCWMssOS::Checking the sw design at  C:/Users/ER250/OneDrive/Documents/ECE520_SOC/ECE520_SandBox/int_gen_soc_re/int_gen_soc_vitis/int_gen_plat/zynq_fsbl/zynq_fsbl_bsp/system.mss
TRACE::2026-03-16.21:42:01::SCWMssOS::DEBUG:  swdes dump  C:/Users/ER250/OneDrive/Documents/ECE520_SOC/ECE520_SandBox/int_gen_soc_re/int_gen_soc_vitis/int_gen_plat/zynq_fsbl/zynq_fsbl_bsp/system.mss|system||

TRACE::2026-03-16.21:42:01::SCWMssOS::Sw design exists and opened at  C:/Users/ER250/OneDrive/Documents/ECE520_SOC/ECE520_SandBox/int_gen_soc_re/int_gen_soc_vitis/int_gen_plat/zynq_fsbl/zynq_fsbl_bsp/system.mss
TRACE::2026-03-16.21:42:01::SCWMssOS:: library already available in sw design:  xilffs:5.0
TRACE::2026-03-16.21:42:01::SCWPlatform::Trying to open the hw design at C:/Users/ER250/OneDrive/Documents/ECE520_SOC/ECE520_SandBox/int_gen_soc_re/int_gen_soc_vitis/int_gen_plat/hw/int_gen_bd_re_wrapper.xsa
TRACE::2026-03-16.21:42:01::SCWPlatform::DSA given C:/Users/ER250/OneDrive/Documents/ECE520_SOC/ECE520_SandBox/int_gen_soc_re/int_gen_soc_vitis/int_gen_plat/hw/int_gen_bd_re_wrapper.xsa
TRACE::2026-03-16.21:42:01::SCWPlatform::DSA absoulate path C:/Users/ER250/OneDrive/Documents/ECE520_SOC/ECE520_SandBox/int_gen_soc_re/int_gen_soc_vitis/int_gen_plat/hw/int_gen_bd_re_wrapper.xsa
TRACE::2026-03-16.21:42:01::SCWPlatform::DSA directory C:/Users/ER250/OneDrive/Documents/ECE520_SOC/ECE520_SandBox/int_gen_soc_re/int_gen_soc_vitis/int_gen_plat/hw
TRACE::2026-03-16.21:42:01::SCWPlatform:: Platform Path C:/Users/ER250/OneDrive/Documents/ECE520_SOC/ECE520_SandBox/int_gen_soc_re/int_gen_soc_vitis/int_gen_plat/hw/int_gen_bd_re_wrapper.xsa
TRACE::2026-03-16.21:42:01::SCWPlatform:: Unique name xilinx:zybo-z7-10::0.0
TRACE::2026-03-16.21:42:01::SCWPlatform::Trying to set the existing hwdb with name int_gen_bd_re_wrapper
TRACE::2026-03-16.21:42:01::SCWPlatform::Opened existing hwdb int_gen_bd_re_wrapper
TRACE::2026-03-16.21:42:01::SCWPlatform::Found the Hw Db part of the input DSA
TRACE::2026-03-16.21:42:01::SCWMssOS::Checking the sw design at  C:/Users/ER250/OneDrive/Documents/ECE520_SOC/ECE520_SandBox/int_gen_soc_re/int_gen_soc_vitis/int_gen_plat/zynq_fsbl/zynq_fsbl_bsp/system.mss
TRACE::2026-03-16.21:42:01::SCWMssOS::DEBUG:  swdes dump  C:/Users/ER250/OneDrive/Documents/ECE520_SOC/ECE520_SandBox/int_gen_soc_re/int_gen_soc_vitis/int_gen_plat/zynq_fsbl/zynq_fsbl_bsp/system.mss|system||

TRACE::2026-03-16.21:42:01::SCWMssOS::Sw design exists and opened at  C:/Users/ER250/OneDrive/Documents/ECE520_SOC/ECE520_SandBox/int_gen_soc_re/int_gen_soc_vitis/int_gen_plat/zynq_fsbl/zynq_fsbl_bsp/system.mss
TRACE::2026-03-16.21:42:01::SCWMssOS:: library already available in sw design:  xilrsa:1.6
TRACE::2026-03-16.21:42:01::SCWPlatform::Trying to open the hw design at C:/Users/ER250/OneDrive/Documents/ECE520_SOC/ECE520_SandBox/int_gen_soc_re/int_gen_soc_vitis/int_gen_plat/hw/int_gen_bd_re_wrapper.xsa
TRACE::2026-03-16.21:42:01::SCWPlatform::DSA given C:/Users/ER250/OneDrive/Documents/ECE520_SOC/ECE520_SandBox/int_gen_soc_re/int_gen_soc_vitis/int_gen_plat/hw/int_gen_bd_re_wrapper.xsa
TRACE::2026-03-16.21:42:01::SCWPlatform::DSA absoulate path C:/Users/ER250/OneDrive/Documents/ECE520_SOC/ECE520_SandBox/int_gen_soc_re/int_gen_soc_vitis/int_gen_plat/hw/int_gen_bd_re_wrapper.xsa
TRACE::2026-03-16.21:42:01::SCWPlatform::DSA directory C:/Users/ER250/OneDrive/Documents/ECE520_SOC/ECE520_SandBox/int_gen_soc_re/int_gen_soc_vitis/int_gen_plat/hw
TRACE::2026-03-16.21:42:01::SCWPlatform:: Platform Path C:/Users/ER250/OneDrive/Documents/ECE520_SOC/ECE520_SandBox/int_gen_soc_re/int_gen_soc_vitis/int_gen_plat/hw/int_gen_bd_re_wrapper.xsa
TRACE::2026-03-16.21:42:01::SCWPlatform:: Unique name xilinx:zybo-z7-10::0.0
TRACE::2026-03-16.21:42:01::SCWPlatform::Trying to set the existing hwdb with name int_gen_bd_re_wrapper
TRACE::2026-03-16.21:42:01::SCWPlatform::Opened existing hwdb int_gen_bd_re_wrapper
TRACE::2026-03-16.21:42:01::SCWPlatform::Found the Hw Db part of the input DSA
TRACE::2026-03-16.21:42:01::SCWMssOS::Checking the sw design at  C:/Users/ER250/OneDrive/Documents/ECE520_SOC/ECE520_SandBox/int_gen_soc_re/int_gen_soc_vitis/int_gen_plat/zynq_fsbl/zynq_fsbl_bsp/system.mss
TRACE::2026-03-16.21:42:01::SCWMssOS::DEBUG:  swdes dump  C:/Users/ER250/OneDrive/Documents/ECE520_SOC/ECE520_SandBox/int_gen_soc_re/int_gen_soc_vitis/int_gen_plat/zynq_fsbl/zynq_fsbl_bsp/system.mss|system||

TRACE::2026-03-16.21:42:01::SCWMssOS::Sw design exists and opened at  C:/Users/ER250/OneDrive/Documents/ECE520_SOC/ECE520_SandBox/int_gen_soc_re/int_gen_soc_vitis/int_gen_plat/zynq_fsbl/zynq_fsbl_bsp/system.mss
TRACE::2026-03-16.21:42:01::SCWMssOS::Saving the mss changes C:/Users/ER250/OneDrive/Documents/ECE520_SOC/ECE520_SandBox/int_gen_soc_re/int_gen_soc_vitis/int_gen_plat/zynq_fsbl/zynq_fsbl_bsp/system.mss
TRACE::2026-03-16.21:42:01::SCWMssOS::Found a swdesign opened with the mssfile.
TRACE::2026-03-16.21:42:01::SCWMssOS::Completed writemss as part of save.
TRACE::2026-03-16.21:42:01::SCWMssOS::Commit changes completed.
TRACE::2026-03-16.21:42:01::SCWReader::Adding prebuilt librarypaths as   
TRACE::2026-03-16.21:42:01::SCWReader::Adding prebuilt incpaths  as   
TRACE::2026-03-16.21:42:01::SCWPlatform::Trying to open the hw design at C:/Users/ER250/OneDrive/Documents/ECE520_SOC/ECE520_SandBox/int_gen_soc_re/int_gen_soc_vitis/int_gen_plat/hw/int_gen_bd_re_wrapper.xsa
TRACE::2026-03-16.21:42:01::SCWPlatform::DSA given C:/Users/ER250/OneDrive/Documents/ECE520_SOC/ECE520_SandBox/int_gen_soc_re/int_gen_soc_vitis/int_gen_plat/hw/int_gen_bd_re_wrapper.xsa
TRACE::2026-03-16.21:42:01::SCWPlatform::DSA absoulate path C:/Users/ER250/OneDrive/Documents/ECE520_SOC/ECE520_SandBox/int_gen_soc_re/int_gen_soc_vitis/int_gen_plat/hw/int_gen_bd_re_wrapper.xsa
TRACE::2026-03-16.21:42:01::SCWPlatform::DSA directory C:/Users/ER250/OneDrive/Documents/ECE520_SOC/ECE520_SandBox/int_gen_soc_re/int_gen_soc_vitis/int_gen_plat/hw
TRACE::2026-03-16.21:42:01::SCWPlatform:: Platform Path C:/Users/ER250/OneDrive/Documents/ECE520_SOC/ECE520_SandBox/int_gen_soc_re/int_gen_soc_vitis/int_gen_plat/hw/int_gen_bd_re_wrapper.xsa
TRACE::2026-03-16.21:42:01::SCWPlatform:: Unique name xilinx:zybo-z7-10::0.0
TRACE::2026-03-16.21:42:01::SCWPlatform::Trying to set the existing hwdb with name int_gen_bd_re_wrapper
TRACE::2026-03-16.21:42:01::SCWPlatform::Opened existing hwdb int_gen_bd_re_wrapper
TRACE::2026-03-16.21:42:01::SCWPlatform::Found the Hw Db part of the input DSA
TRACE::2026-03-16.21:42:01::SCWMssOS::Checking the sw design at  C:/Users/ER250/OneDrive/Documents/ECE520_SOC/ECE520_SandBox/int_gen_soc_re/int_gen_soc_vitis/int_gen_plat/zynq_fsbl/zynq_fsbl_bsp/system.mss
TRACE::2026-03-16.21:42:01::SCWMssOS::DEBUG:  swdes dump  C:/Users/ER250/OneDrive/Documents/ECE520_SOC/ECE520_SandBox/int_gen_soc_re/int_gen_soc_vitis/int_gen_plat/zynq_fsbl/zynq_fsbl_bsp/system.mss|system||

TRACE::2026-03-16.21:42:01::SCWMssOS::Sw design exists and opened at  C:/Users/ER250/OneDrive/Documents/ECE520_SOC/ECE520_SandBox/int_gen_soc_re/int_gen_soc_vitis/int_gen_plat/zynq_fsbl/zynq_fsbl_bsp/system.mss
TRACE::2026-03-16.21:42:01::SCWReader::No isolation master present  
TRACE::2026-03-16.21:42:01::SCWDomain::checking for install qemu data   : 
TRACE::2026-03-16.21:42:01::SCWDomain:: Using the QEMU Data from install at  : C:/Xilinx/Vitis/2023.1/data/emulation/platforms/zynq/sw/a9_standalone/qemu/
TRACE::2026-03-16.21:42:01::SCWDomain:: Using the QEMU args  from install at  : C:/Xilinx/Vitis/2023.1/data/emulation/platforms/zynq/sw/a9_standalone/qemu/qemu_args.txt
TRACE::2026-03-16.21:42:01::SCWPlatform::Trying to open the hw design at C:/Users/ER250/OneDrive/Documents/ECE520_SOC/ECE520_SandBox/int_gen_soc_re/int_gen_soc_vitis/int_gen_plat/hw/int_gen_bd_re_wrapper.xsa
TRACE::2026-03-16.21:42:01::SCWPlatform::DSA given C:/Users/ER250/OneDrive/Documents/ECE520_SOC/ECE520_SandBox/int_gen_soc_re/int_gen_soc_vitis/int_gen_plat/hw/int_gen_bd_re_wrapper.xsa
TRACE::2026-03-16.21:42:01::SCWPlatform::DSA absoulate path C:/Users/ER250/OneDrive/Documents/ECE520_SOC/ECE520_SandBox/int_gen_soc_re/int_gen_soc_vitis/int_gen_plat/hw/int_gen_bd_re_wrapper.xsa
TRACE::2026-03-16.21:42:01::SCWPlatform::DSA directory C:/Users/ER250/OneDrive/Documents/ECE520_SOC/ECE520_SandBox/int_gen_soc_re/int_gen_soc_vitis/int_gen_plat/hw
TRACE::2026-03-16.21:42:01::SCWPlatform:: Platform Path C:/Users/ER250/OneDrive/Documents/ECE520_SOC/ECE520_SandBox/int_gen_soc_re/int_gen_soc_vitis/int_gen_plat/hw/int_gen_bd_re_wrapper.xsa
TRACE::2026-03-16.21:42:01::SCWPlatform:: Unique name xilinx:zybo-z7-10::0.0
TRACE::2026-03-16.21:42:01::SCWPlatform::Trying to set the existing hwdb with name int_gen_bd_re_wrapper
TRACE::2026-03-16.21:42:01::SCWPlatform::Opened existing hwdb int_gen_bd_re_wrapper
TRACE::2026-03-16.21:42:01::SCWPlatform::Found the Hw Db part of the input DSA
TRACE::2026-03-16.21:42:01::SCWPlatform::Trying to open the hw design at C:/Users/ER250/OneDrive/Documents/ECE520_SOC/ECE520_SandBox/int_gen_soc_re/int_gen_soc_vitis/int_gen_plat/hw/int_gen_bd_re_wrapper.xsa
TRACE::2026-03-16.21:42:01::SCWPlatform::DSA given C:/Users/ER250/OneDrive/Documents/ECE520_SOC/ECE520_SandBox/int_gen_soc_re/int_gen_soc_vitis/int_gen_plat/hw/int_gen_bd_re_wrapper.xsa
TRACE::2026-03-16.21:42:01::SCWPlatform::DSA absoulate path C:/Users/ER250/OneDrive/Documents/ECE520_SOC/ECE520_SandBox/int_gen_soc_re/int_gen_soc_vitis/int_gen_plat/hw/int_gen_bd_re_wrapper.xsa
TRACE::2026-03-16.21:42:01::SCWPlatform::DSA directory C:/Users/ER250/OneDrive/Documents/ECE520_SOC/ECE520_SandBox/int_gen_soc_re/int_gen_soc_vitis/int_gen_plat/hw
TRACE::2026-03-16.21:42:01::SCWPlatform:: Platform Path C:/Users/ER250/OneDrive/Documents/ECE520_SOC/ECE520_SandBox/int_gen_soc_re/int_gen_soc_vitis/int_gen_plat/hw/int_gen_bd_re_wrapper.xsa
TRACE::2026-03-16.21:42:01::SCWPlatform:: Unique name xilinx:zybo-z7-10::0.0
TRACE::2026-03-16.21:42:01::SCWPlatform::Trying to set the existing hwdb with name int_gen_bd_re_wrapper
TRACE::2026-03-16.21:42:01::SCWPlatform::Opened existing hwdb int_gen_bd_re_wrapper
TRACE::2026-03-16.21:42:01::SCWPlatform::Found the Hw Db part of the input DSA
TRACE::2026-03-16.21:42:01::SCWPlatform::Trying to open the hw design at C:/Users/ER250/OneDrive/Documents/ECE520_SOC/ECE520_SandBox/int_gen_soc_re/int_gen_soc_vitis/int_gen_plat/hw/int_gen_bd_re_wrapper.xsa
TRACE::2026-03-16.21:42:01::SCWPlatform::DSA given C:/Users/ER250/OneDrive/Documents/ECE520_SOC/ECE520_SandBox/int_gen_soc_re/int_gen_soc_vitis/int_gen_plat/hw/int_gen_bd_re_wrapper.xsa
TRACE::2026-03-16.21:42:01::SCWPlatform::DSA absoulate path C:/Users/ER250/OneDrive/Documents/ECE520_SOC/ECE520_SandBox/int_gen_soc_re/int_gen_soc_vitis/int_gen_plat/hw/int_gen_bd_re_wrapper.xsa
TRACE::2026-03-16.21:42:01::SCWPlatform::DSA directory C:/Users/ER250/OneDrive/Documents/ECE520_SOC/ECE520_SandBox/int_gen_soc_re/int_gen_soc_vitis/int_gen_plat/hw
TRACE::2026-03-16.21:42:01::SCWPlatform:: Platform Path C:/Users/ER250/OneDrive/Documents/ECE520_SOC/ECE520_SandBox/int_gen_soc_re/int_gen_soc_vitis/int_gen_plat/hw/int_gen_bd_re_wrapper.xsa
TRACE::2026-03-16.21:42:01::SCWPlatform:: Unique name xilinx:zybo-z7-10::0.0
TRACE::2026-03-16.21:42:01::SCWPlatform::Trying to set the existing hwdb with name int_gen_bd_re_wrapper
TRACE::2026-03-16.21:42:01::SCWPlatform::Opened existing hwdb int_gen_bd_re_wrapper
TRACE::2026-03-16.21:42:01::SCWPlatform::Found the Hw Db part of the input DSA
TRACE::2026-03-16.21:42:01::SCWMssOS::Checking the sw design at  C:/Users/ER250/OneDrive/Documents/ECE520_SOC/ECE520_SandBox/int_gen_soc_re/int_gen_soc_vitis/int_gen_plat/ps7_cortexa9_0/standalone_domain/bsp/system.mss
TRACE::2026-03-16.21:42:01::SCWMssOS::DEBUG:  swdes dump  C:/Users/ER250/OneDrive/Documents/ECE520_SOC/ECE520_SandBox/int_gen_soc_re/int_gen_soc_vitis/int_gen_plat/zynq_fsbl/zynq_fsbl_bsp/system.mss|system||

TRACE::2026-03-16.21:42:01::SCWMssOS::No sw design opened at  C:/Users/ER250/OneDrive/Documents/ECE520_SOC/ECE520_SandBox/int_gen_soc_re/int_gen_soc_vitis/int_gen_plat/ps7_cortexa9_0/standalone_domain/bsp/system.mss
TRACE::2026-03-16.21:42:01::SCWMssOS::mss exists loading the mss file  C:/Users/ER250/OneDrive/Documents/ECE520_SOC/ECE520_SandBox/int_gen_soc_re/int_gen_soc_vitis/int_gen_plat/ps7_cortexa9_0/standalone_domain/bsp/system.mss
TRACE::2026-03-16.21:42:01::SCWMssOS::Opened the sw design from mss  C:/Users/ER250/OneDrive/Documents/ECE520_SOC/ECE520_SandBox/int_gen_soc_re/int_gen_soc_vitis/int_gen_plat/ps7_cortexa9_0/standalone_domain/bsp/system.mss
TRACE::2026-03-16.21:42:01::SCWMssOS::Adding the swdes entry C:/Users/ER250/OneDrive/Documents/ECE520_SOC/ECE520_SandBox/int_gen_soc_re/int_gen_soc_vitis/int_gen_plat/ps7_cortexa9_0/standalone_domain/bsp/system.mss with des name system_0
TRACE::2026-03-16.21:42:01::SCWMssOS::updating the scw layer about changes
TRACE::2026-03-16.21:42:01::SCWMssOS::Opened the sw design.  C:/Users/ER250/OneDrive/Documents/ECE520_SOC/ECE520_SandBox/int_gen_soc_re/int_gen_soc_vitis/int_gen_plat/ps7_cortexa9_0/standalone_domain/bsp/system.mss
TRACE::2026-03-16.21:42:01::SCWPlatform::Trying to open the hw design at C:/Users/ER250/OneDrive/Documents/ECE520_SOC/ECE520_SandBox/int_gen_soc_re/int_gen_soc_vitis/int_gen_plat/hw/int_gen_bd_re_wrapper.xsa
TRACE::2026-03-16.21:42:01::SCWPlatform::DSA given C:/Users/ER250/OneDrive/Documents/ECE520_SOC/ECE520_SandBox/int_gen_soc_re/int_gen_soc_vitis/int_gen_plat/hw/int_gen_bd_re_wrapper.xsa
TRACE::2026-03-16.21:42:01::SCWPlatform::DSA absoulate path C:/Users/ER250/OneDrive/Documents/ECE520_SOC/ECE520_SandBox/int_gen_soc_re/int_gen_soc_vitis/int_gen_plat/hw/int_gen_bd_re_wrapper.xsa
TRACE::2026-03-16.21:42:01::SCWPlatform::DSA directory C:/Users/ER250/OneDrive/Documents/ECE520_SOC/ECE520_SandBox/int_gen_soc_re/int_gen_soc_vitis/int_gen_plat/hw
TRACE::2026-03-16.21:42:01::SCWPlatform:: Platform Path C:/Users/ER250/OneDrive/Documents/ECE520_SOC/ECE520_SandBox/int_gen_soc_re/int_gen_soc_vitis/int_gen_plat/hw/int_gen_bd_re_wrapper.xsa
TRACE::2026-03-16.21:42:01::SCWPlatform:: Unique name xilinx:zybo-z7-10::0.0
TRACE::2026-03-16.21:42:01::SCWPlatform::Trying to set the existing hwdb with name int_gen_bd_re_wrapper
TRACE::2026-03-16.21:42:01::SCWPlatform::Opened existing hwdb int_gen_bd_re_wrapper
TRACE::2026-03-16.21:42:01::SCWPlatform::Found the Hw Db part of the input DSA
TRACE::2026-03-16.21:42:01::SCWMssOS::Checking the sw design at  C:/Users/ER250/OneDrive/Documents/ECE520_SOC/ECE520_SandBox/int_gen_soc_re/int_gen_soc_vitis/int_gen_plat/ps7_cortexa9_0/standalone_domain/bsp/system.mss
TRACE::2026-03-16.21:42:01::SCWMssOS::DEBUG:  swdes dump  C:/Users/ER250/OneDrive/Documents/ECE520_SOC/ECE520_SandBox/int_gen_soc_re/int_gen_soc_vitis/int_gen_plat/ps7_cortexa9_0/standalone_domain/bsp/system.mss|system_0||
C:/Users/ER250/OneDrive/Documents/ECE520_SOC/ECE520_SandBox/int_gen_soc_re/int_gen_soc_vitis/int_gen_plat/zynq_fsbl/zynq_fsbl_bsp/system.mss|system||

TRACE::2026-03-16.21:42:01::SCWMssOS::Sw design exists and opened at  C:/Users/ER250/OneDrive/Documents/ECE520_SOC/ECE520_SandBox/int_gen_soc_re/int_gen_soc_vitis/int_gen_plat/ps7_cortexa9_0/standalone_domain/bsp/system.mss
TRACE::2026-03-16.21:42:01::SCWMssOS::Saving the mss changes C:/Users/ER250/OneDrive/Documents/ECE520_SOC/ECE520_SandBox/int_gen_soc_re/int_gen_soc_vitis/int_gen_plat/ps7_cortexa9_0/standalone_domain/bsp/system.mss
TRACE::2026-03-16.21:42:01::SCWMssOS::Found a swdesign opened with the mssfile.
TRACE::2026-03-16.21:42:01::SCWMssOS::Completed writemss as part of save.
TRACE::2026-03-16.21:42:01::SCWMssOS::Commit changes completed.
TRACE::2026-03-16.21:42:01::SCWReader::Adding prebuilt librarypaths as   
TRACE::2026-03-16.21:42:01::SCWReader::Adding prebuilt incpaths  as   
TRACE::2026-03-16.21:42:01::SCWPlatform::Trying to open the hw design at C:/Users/ER250/OneDrive/Documents/ECE520_SOC/ECE520_SandBox/int_gen_soc_re/int_gen_soc_vitis/int_gen_plat/hw/int_gen_bd_re_wrapper.xsa
TRACE::2026-03-16.21:42:01::SCWPlatform::DSA given C:/Users/ER250/OneDrive/Documents/ECE520_SOC/ECE520_SandBox/int_gen_soc_re/int_gen_soc_vitis/int_gen_plat/hw/int_gen_bd_re_wrapper.xsa
TRACE::2026-03-16.21:42:01::SCWPlatform::DSA absoulate path C:/Users/ER250/OneDrive/Documents/ECE520_SOC/ECE520_SandBox/int_gen_soc_re/int_gen_soc_vitis/int_gen_plat/hw/int_gen_bd_re_wrapper.xsa
TRACE::2026-03-16.21:42:01::SCWPlatform::DSA directory C:/Users/ER250/OneDrive/Documents/ECE520_SOC/ECE520_SandBox/int_gen_soc_re/int_gen_soc_vitis/int_gen_plat/hw
TRACE::2026-03-16.21:42:01::SCWPlatform:: Platform Path C:/Users/ER250/OneDrive/Documents/ECE520_SOC/ECE520_SandBox/int_gen_soc_re/int_gen_soc_vitis/int_gen_plat/hw/int_gen_bd_re_wrapper.xsa
TRACE::2026-03-16.21:42:01::SCWPlatform:: Unique name xilinx:zybo-z7-10::0.0
TRACE::2026-03-16.21:42:01::SCWPlatform::Trying to set the existing hwdb with name int_gen_bd_re_wrapper
TRACE::2026-03-16.21:42:01::SCWPlatform::Opened existing hwdb int_gen_bd_re_wrapper
TRACE::2026-03-16.21:42:01::SCWPlatform::Found the Hw Db part of the input DSA
TRACE::2026-03-16.21:42:01::SCWMssOS::Checking the sw design at  C:/Users/ER250/OneDrive/Documents/ECE520_SOC/ECE520_SandBox/int_gen_soc_re/int_gen_soc_vitis/int_gen_plat/ps7_cortexa9_0/standalone_domain/bsp/system.mss
TRACE::2026-03-16.21:42:01::SCWMssOS::DEBUG:  swdes dump  C:/Users/ER250/OneDrive/Documents/ECE520_SOC/ECE520_SandBox/int_gen_soc_re/int_gen_soc_vitis/int_gen_plat/ps7_cortexa9_0/standalone_domain/bsp/system.mss|system_0||
C:/Users/ER250/OneDrive/Documents/ECE520_SOC/ECE520_SandBox/int_gen_soc_re/int_gen_soc_vitis/int_gen_plat/zynq_fsbl/zynq_fsbl_bsp/system.mss|system||

TRACE::2026-03-16.21:42:01::SCWMssOS::Sw design exists and opened at  C:/Users/ER250/OneDrive/Documents/ECE520_SOC/ECE520_SandBox/int_gen_soc_re/int_gen_soc_vitis/int_gen_plat/ps7_cortexa9_0/standalone_domain/bsp/system.mss
TRACE::2026-03-16.21:42:01::SCWReader::No isolation master present  
TRACE::2026-03-16.21:42:21::SCWPlatform::DSA given C:/Users/ER250/OneDrive/Documents/ECE520_SOC/ECE520_SandBox/int_gen_soc_re/int_gen_soc_vitis/int_gen_plat/tempdsa/int_gen_bd_re_wrapper.xsa
TRACE::2026-03-16.21:42:21::SCWPlatform::DSA absoulate path C:/Users/ER250/OneDrive/Documents/ECE520_SOC/ECE520_SandBox/int_gen_soc_re/int_gen_soc_vitis/int_gen_plat/tempdsa/int_gen_bd_re_wrapper.xsa
TRACE::2026-03-16.21:42:21::SCWPlatform:: Platform location is C:/Users/ER250/OneDrive/Documents/ECE520_SOC/ECE520_SandBox/int_gen_soc_re/int_gen_soc_vitis/int_gen_plat/tempdsa
TRACE::2026-03-16.21:42:21::SCWPlatform:: Platform Path C:/Users/ER250/OneDrive/Documents/ECE520_SOC/ECE520_SandBox/int_gen_soc_re/int_gen_soc_vitis/int_gen_plat/tempdsa/int_gen_bd_re_wrapper.xsa
TRACE::2026-03-16.21:42:21::SCWPlatform:: Unique name xilinx:zybo-z7-10::0.0
TRACE::2026-03-16.21:42:23::SCWPlatform::Found the Hw Db part of the input DSA
TRACE::2026-03-16.21:42:23::SCWMssOS::Doing hw sync for the mss in domain: zynq_fsbl
TRACE::2026-03-16.21:42:23::SCWPlatform::Trying to open the hw design at C:/Users/ER250/OneDrive/Documents/ECE520_SOC/ECE520_SandBox/int_gen_soc_re/int_gen_soc_vitis/int_gen_plat/hw/int_gen_bd_re_wrapper.xsa
TRACE::2026-03-16.21:42:23::SCWPlatform::DSA given C:/Users/ER250/OneDrive/Documents/ECE520_SOC/ECE520_SandBox/int_gen_soc_re/int_gen_soc_vitis/int_gen_plat/hw/int_gen_bd_re_wrapper.xsa
TRACE::2026-03-16.21:42:23::SCWPlatform::DSA absoulate path C:/Users/ER250/OneDrive/Documents/ECE520_SOC/ECE520_SandBox/int_gen_soc_re/int_gen_soc_vitis/int_gen_plat/hw/int_gen_bd_re_wrapper.xsa
TRACE::2026-03-16.21:42:23::SCWPlatform::DSA directory C:/Users/ER250/OneDrive/Documents/ECE520_SOC/ECE520_SandBox/int_gen_soc_re/int_gen_soc_vitis/int_gen_plat/hw
TRACE::2026-03-16.21:42:23::SCWPlatform:: Platform Path C:/Users/ER250/OneDrive/Documents/ECE520_SOC/ECE520_SandBox/int_gen_soc_re/int_gen_soc_vitis/int_gen_plat/hw/int_gen_bd_re_wrapper.xsa
TRACE::2026-03-16.21:42:23::SCWPlatform:: Unique name xilinx:zybo-z7-10::0.0
TRACE::2026-03-16.21:42:23::SCWPlatform::Trying to set the existing hwdb with name int_gen_bd_re_wrapper
TRACE::2026-03-16.21:42:23::SCWPlatform::Opened existing hwdb int_gen_bd_re_wrapper
TRACE::2026-03-16.21:42:23::SCWPlatform::Found the Hw Db part of the input DSA
TRACE::2026-03-16.21:42:23::SCWPlatform::Trying to open the hw design at C:/Users/ER250/OneDrive/Documents/ECE520_SOC/ECE520_SandBox/int_gen_soc_re/int_gen_soc_vitis/int_gen_plat/hw/int_gen_bd_re_wrapper.xsa
TRACE::2026-03-16.21:42:23::SCWPlatform::DSA given C:/Users/ER250/OneDrive/Documents/ECE520_SOC/ECE520_SandBox/int_gen_soc_re/int_gen_soc_vitis/int_gen_plat/hw/int_gen_bd_re_wrapper.xsa
TRACE::2026-03-16.21:42:23::SCWPlatform::DSA absoulate path C:/Users/ER250/OneDrive/Documents/ECE520_SOC/ECE520_SandBox/int_gen_soc_re/int_gen_soc_vitis/int_gen_plat/hw/int_gen_bd_re_wrapper.xsa
TRACE::2026-03-16.21:42:23::SCWPlatform::DSA directory C:/Users/ER250/OneDrive/Documents/ECE520_SOC/ECE520_SandBox/int_gen_soc_re/int_gen_soc_vitis/int_gen_plat/hw
TRACE::2026-03-16.21:42:23::SCWPlatform:: Platform Path C:/Users/ER250/OneDrive/Documents/ECE520_SOC/ECE520_SandBox/int_gen_soc_re/int_gen_soc_vitis/int_gen_plat/hw/int_gen_bd_re_wrapper.xsa
TRACE::2026-03-16.21:42:23::SCWPlatform:: Unique name xilinx:zybo-z7-10::0.0
TRACE::2026-03-16.21:42:23::SCWPlatform::Trying to set the existing hwdb with name int_gen_bd_re_wrapper
TRACE::2026-03-16.21:42:23::SCWPlatform::Opened existing hwdb int_gen_bd_re_wrapper
TRACE::2026-03-16.21:42:23::SCWPlatform::Found the Hw Db part of the input DSA
TRACE::2026-03-16.21:42:23::SCWMssOS::Checking the sw design at  C:/Users/ER250/OneDrive/Documents/ECE520_SOC/ECE520_SandBox/int_gen_soc_re/int_gen_soc_vitis/int_gen_plat/zynq_fsbl/zynq_fsbl_bsp/system.mss
TRACE::2026-03-16.21:42:23::SCWMssOS::DEBUG:  swdes dump  C:/Users/ER250/OneDrive/Documents/ECE520_SOC/ECE520_SandBox/int_gen_soc_re/int_gen_soc_vitis/int_gen_plat/ps7_cortexa9_0/standalone_domain/bsp/system.mss|system_0||
C:/Users/ER250/OneDrive/Documents/ECE520_SOC/ECE520_SandBox/int_gen_soc_re/int_gen_soc_vitis/int_gen_plat/zynq_fsbl/zynq_fsbl_bsp/system.mss|system||

TRACE::2026-03-16.21:42:23::SCWMssOS::Sw design exists and opened at  C:/Users/ER250/OneDrive/Documents/ECE520_SOC/ECE520_SandBox/int_gen_soc_re/int_gen_soc_vitis/int_gen_plat/zynq_fsbl/zynq_fsbl_bsp/system.mss
TRACE::2026-03-16.21:42:23::SCWPlatform::Trying to open the hw design at C:/Users/ER250/OneDrive/Documents/ECE520_SOC/ECE520_SandBox/int_gen_soc_re/int_gen_soc_vitis/int_gen_plat/tempdsa/int_gen_bd_re_wrapper.xsa
TRACE::2026-03-16.21:42:23::SCWPlatform::DSA given C:/Users/ER250/OneDrive/Documents/ECE520_SOC/ECE520_SandBox/int_gen_soc_re/int_gen_soc_vitis/int_gen_plat/tempdsa/int_gen_bd_re_wrapper.xsa
TRACE::2026-03-16.21:42:23::SCWPlatform::DSA absoulate path C:/Users/ER250/OneDrive/Documents/ECE520_SOC/ECE520_SandBox/int_gen_soc_re/int_gen_soc_vitis/int_gen_plat/tempdsa/int_gen_bd_re_wrapper.xsa
TRACE::2026-03-16.21:42:23::SCWPlatform::DSA directory C:/Users/ER250/OneDrive/Documents/ECE520_SOC/ECE520_SandBox/int_gen_soc_re/int_gen_soc_vitis/int_gen_plat/tempdsa
TRACE::2026-03-16.21:42:23::SCWPlatform:: Platform Path C:/Users/ER250/OneDrive/Documents/ECE520_SOC/ECE520_SandBox/int_gen_soc_re/int_gen_soc_vitis/int_gen_plat/tempdsa/int_gen_bd_re_wrapper.xsa
TRACE::2026-03-16.21:42:23::SCWPlatform:: Unique name xilinx:zybo-z7-10::0.0
TRACE::2026-03-16.21:42:23::SCWPlatform::update - Opened existing hwdb int_gen_bd_re_wrapper_0
TRACE::2026-03-16.21:42:23::SCWPlatform::Found the Hw Db part of the input DSA
TRACE::2026-03-16.21:42:23::SCWMssOS::Doing hw sync for the mss in domain: standalone_domain
TRACE::2026-03-16.21:42:23::SCWPlatform::Trying to open the hw design at C:/Users/ER250/OneDrive/Documents/ECE520_SOC/ECE520_SandBox/int_gen_soc_re/int_gen_soc_vitis/int_gen_plat/hw/int_gen_bd_re_wrapper.xsa
TRACE::2026-03-16.21:42:23::SCWPlatform::DSA given C:/Users/ER250/OneDrive/Documents/ECE520_SOC/ECE520_SandBox/int_gen_soc_re/int_gen_soc_vitis/int_gen_plat/hw/int_gen_bd_re_wrapper.xsa
TRACE::2026-03-16.21:42:23::SCWPlatform::DSA absoulate path C:/Users/ER250/OneDrive/Documents/ECE520_SOC/ECE520_SandBox/int_gen_soc_re/int_gen_soc_vitis/int_gen_plat/hw/int_gen_bd_re_wrapper.xsa
TRACE::2026-03-16.21:42:23::SCWPlatform::DSA directory C:/Users/ER250/OneDrive/Documents/ECE520_SOC/ECE520_SandBox/int_gen_soc_re/int_gen_soc_vitis/int_gen_plat/hw
TRACE::2026-03-16.21:42:23::SCWPlatform:: Platform Path C:/Users/ER250/OneDrive/Documents/ECE520_SOC/ECE520_SandBox/int_gen_soc_re/int_gen_soc_vitis/int_gen_plat/hw/int_gen_bd_re_wrapper.xsa
TRACE::2026-03-16.21:42:23::SCWPlatform:: Unique name xilinx:zybo-z7-10::0.0
TRACE::2026-03-16.21:42:23::SCWPlatform::Trying to set the existing hwdb with name int_gen_bd_re_wrapper
TRACE::2026-03-16.21:42:23::SCWPlatform::Opened existing hwdb int_gen_bd_re_wrapper
TRACE::2026-03-16.21:42:23::SCWPlatform::Found the Hw Db part of the input DSA
TRACE::2026-03-16.21:42:23::SCWPlatform::Trying to open the hw design at C:/Users/ER250/OneDrive/Documents/ECE520_SOC/ECE520_SandBox/int_gen_soc_re/int_gen_soc_vitis/int_gen_plat/hw/int_gen_bd_re_wrapper.xsa
TRACE::2026-03-16.21:42:23::SCWPlatform::DSA given C:/Users/ER250/OneDrive/Documents/ECE520_SOC/ECE520_SandBox/int_gen_soc_re/int_gen_soc_vitis/int_gen_plat/hw/int_gen_bd_re_wrapper.xsa
TRACE::2026-03-16.21:42:23::SCWPlatform::DSA absoulate path C:/Users/ER250/OneDrive/Documents/ECE520_SOC/ECE520_SandBox/int_gen_soc_re/int_gen_soc_vitis/int_gen_plat/hw/int_gen_bd_re_wrapper.xsa
TRACE::2026-03-16.21:42:23::SCWPlatform::DSA directory C:/Users/ER250/OneDrive/Documents/ECE520_SOC/ECE520_SandBox/int_gen_soc_re/int_gen_soc_vitis/int_gen_plat/hw
TRACE::2026-03-16.21:42:23::SCWPlatform:: Platform Path C:/Users/ER250/OneDrive/Documents/ECE520_SOC/ECE520_SandBox/int_gen_soc_re/int_gen_soc_vitis/int_gen_plat/hw/int_gen_bd_re_wrapper.xsa
TRACE::2026-03-16.21:42:23::SCWPlatform:: Unique name xilinx:zybo-z7-10::0.0
TRACE::2026-03-16.21:42:23::SCWPlatform::Trying to set the existing hwdb with name int_gen_bd_re_wrapper
TRACE::2026-03-16.21:42:23::SCWPlatform::Opened existing hwdb int_gen_bd_re_wrapper
TRACE::2026-03-16.21:42:23::SCWPlatform::Found the Hw Db part of the input DSA
TRACE::2026-03-16.21:42:23::SCWMssOS::Checking the sw design at  C:/Users/ER250/OneDrive/Documents/ECE520_SOC/ECE520_SandBox/int_gen_soc_re/int_gen_soc_vitis/int_gen_plat/ps7_cortexa9_0/standalone_domain/bsp/system.mss
TRACE::2026-03-16.21:42:23::SCWMssOS::DEBUG:  swdes dump  C:/Users/ER250/OneDrive/Documents/ECE520_SOC/ECE520_SandBox/int_gen_soc_re/int_gen_soc_vitis/int_gen_plat/ps7_cortexa9_0/standalone_domain/bsp/system.mss|system_0||
C:/Users/ER250/OneDrive/Documents/ECE520_SOC/ECE520_SandBox/int_gen_soc_re/int_gen_soc_vitis/int_gen_plat/zynq_fsbl/zynq_fsbl_bsp/system.mss|system||

TRACE::2026-03-16.21:42:23::SCWMssOS::Sw design exists and opened at  C:/Users/ER250/OneDrive/Documents/ECE520_SOC/ECE520_SandBox/int_gen_soc_re/int_gen_soc_vitis/int_gen_plat/ps7_cortexa9_0/standalone_domain/bsp/system.mss
TRACE::2026-03-16.21:42:23::SCWPlatform::Trying to open the hw design at C:/Users/ER250/OneDrive/Documents/ECE520_SOC/ECE520_SandBox/int_gen_soc_re/int_gen_soc_vitis/int_gen_plat/tempdsa/int_gen_bd_re_wrapper.xsa
TRACE::2026-03-16.21:42:23::SCWPlatform::DSA given C:/Users/ER250/OneDrive/Documents/ECE520_SOC/ECE520_SandBox/int_gen_soc_re/int_gen_soc_vitis/int_gen_plat/tempdsa/int_gen_bd_re_wrapper.xsa
TRACE::2026-03-16.21:42:23::SCWPlatform::DSA absoulate path C:/Users/ER250/OneDrive/Documents/ECE520_SOC/ECE520_SandBox/int_gen_soc_re/int_gen_soc_vitis/int_gen_plat/tempdsa/int_gen_bd_re_wrapper.xsa
TRACE::2026-03-16.21:42:23::SCWPlatform::DSA directory C:/Users/ER250/OneDrive/Documents/ECE520_SOC/ECE520_SandBox/int_gen_soc_re/int_gen_soc_vitis/int_gen_plat/tempdsa
TRACE::2026-03-16.21:42:23::SCWPlatform:: Platform Path C:/Users/ER250/OneDrive/Documents/ECE520_SOC/ECE520_SandBox/int_gen_soc_re/int_gen_soc_vitis/int_gen_plat/tempdsa/int_gen_bd_re_wrapper.xsa
TRACE::2026-03-16.21:42:23::SCWPlatform:: Unique name xilinx:zybo-z7-10::0.0
TRACE::2026-03-16.21:42:23::SCWPlatform::update - Opened existing hwdb int_gen_bd_re_wrapper_0
TRACE::2026-03-16.21:42:23::SCWPlatform::Found the Hw Db part of the input DSA
TRACE::2026-03-16.21:42:23::SCWMssOS::Saving the mss changes C:/Users/ER250/OneDrive/Documents/ECE520_SOC/ECE520_SandBox/int_gen_soc_re/int_gen_soc_vitis/int_gen_plat/zynq_fsbl/zynq_fsbl_bsp/system.mss
TRACE::2026-03-16.21:42:23::SCWMssOS::Found a swdesign opened with the mssfile.
TRACE::2026-03-16.21:42:23::SCWMssOS::Completed writemss as part of save.
TRACE::2026-03-16.21:42:23::SCWMssOS::Commit changes completed.
TRACE::2026-03-16.21:42:23::SCWMssOS::Completed hw sync for the mss in domain: zynq_fsbl
TRACE::2026-03-16.21:42:23::SCWMssOS::Removing the swdes entry for  C:/Users/ER250/OneDrive/Documents/ECE520_SOC/ECE520_SandBox/int_gen_soc_re/int_gen_soc_vitis/int_gen_plat/zynq_fsbl/zynq_fsbl_bsp/system.mss
TRACE::2026-03-16.21:42:23::SCWMssOS::Saving the mss changes C:/Users/ER250/OneDrive/Documents/ECE520_SOC/ECE520_SandBox/int_gen_soc_re/int_gen_soc_vitis/int_gen_plat/ps7_cortexa9_0/standalone_domain/bsp/system.mss
TRACE::2026-03-16.21:42:23::SCWMssOS::Found a swdesign opened with the mssfile.
TRACE::2026-03-16.21:42:23::SCWMssOS::Completed writemss as part of save.
TRACE::2026-03-16.21:42:23::SCWMssOS::Commit changes completed.
TRACE::2026-03-16.21:42:23::SCWMssOS::Completed hw sync for the mss in domain: standalone_domain
TRACE::2026-03-16.21:42:23::SCWMssOS::Removing the swdes entry for  C:/Users/ER250/OneDrive/Documents/ECE520_SOC/ECE520_SandBox/int_gen_soc_re/int_gen_soc_vitis/int_gen_plat/ps7_cortexa9_0/standalone_domain/bsp/system.mss
TRACE::2026-03-16.21:42:24::SCWPlatform::Trying to open the hw design at C:/Users/ER250/OneDrive/Documents/ECE520_SOC/ECE520_SandBox/int_gen_soc_re/int_gen_soc_vitis/int_gen_plat/hw/int_gen_bd_re_wrapper.xsa
TRACE::2026-03-16.21:42:24::SCWPlatform::DSA given C:/Users/ER250/OneDrive/Documents/ECE520_SOC/ECE520_SandBox/int_gen_soc_re/int_gen_soc_vitis/int_gen_plat/hw/int_gen_bd_re_wrapper.xsa
TRACE::2026-03-16.21:42:24::SCWPlatform::DSA absoulate path C:/Users/ER250/OneDrive/Documents/ECE520_SOC/ECE520_SandBox/int_gen_soc_re/int_gen_soc_vitis/int_gen_plat/hw/int_gen_bd_re_wrapper.xsa
TRACE::2026-03-16.21:42:24::SCWPlatform::DSA directory C:/Users/ER250/OneDrive/Documents/ECE520_SOC/ECE520_SandBox/int_gen_soc_re/int_gen_soc_vitis/int_gen_plat/hw
TRACE::2026-03-16.21:42:24::SCWPlatform:: Platform Path C:/Users/ER250/OneDrive/Documents/ECE520_SOC/ECE520_SandBox/int_gen_soc_re/int_gen_soc_vitis/int_gen_plat/hw/int_gen_bd_re_wrapper.xsa
TRACE::2026-03-16.21:42:24::SCWPlatform:: Unique name xilinx:zybo-z7-10::0.0
TRACE::2026-03-16.21:42:24::SCWPlatform::Do not have an existing db opened. 
TRACE::2026-03-16.21:42:26::SCWPlatform::Opened new HwDB with name int_gen_bd_re_wrapper_1
TRACE::2026-03-16.21:42:26::SCWMssOS::Saving the mss changes C:/Users/ER250/OneDrive/Documents/ECE520_SOC/ECE520_SandBox/int_gen_soc_re/int_gen_soc_vitis/int_gen_plat/zynq_fsbl/zynq_fsbl_bsp/system.mss
TRACE::2026-03-16.21:42:26::SCWMssOS::Adding the swdes entry, mss present, able to open swdb C:/Users/ER250/OneDrive/Documents/ECE520_SOC/ECE520_SandBox/int_gen_soc_re/int_gen_soc_vitis/int_gen_plat/zynq_fsbl/zynq_fsbl_bsp/system.mss with des name system
TRACE::2026-03-16.21:42:26::SCWMssOS::Writing the mss file completed C:/Users/ER250/OneDrive/Documents/ECE520_SOC/ECE520_SandBox/int_gen_soc_re/int_gen_soc_vitis/int_gen_plat/zynq_fsbl/zynq_fsbl_bsp/system.mss
TRACE::2026-03-16.21:42:26::SCWMssOS::Commit changes completed.
TRACE::2026-03-16.21:42:26::SCWMssOS::Saving the mss changes C:/Users/ER250/OneDrive/Documents/ECE520_SOC/ECE520_SandBox/int_gen_soc_re/int_gen_soc_vitis/int_gen_plat/ps7_cortexa9_0/standalone_domain/bsp/system.mss
TRACE::2026-03-16.21:42:26::SCWMssOS::Adding the swdes entry, mss present, able to open swdb C:/Users/ER250/OneDrive/Documents/ECE520_SOC/ECE520_SandBox/int_gen_soc_re/int_gen_soc_vitis/int_gen_plat/ps7_cortexa9_0/standalone_domain/bsp/system.mss with des name system_0
TRACE::2026-03-16.21:42:26::SCWMssOS::Writing the mss file completed C:/Users/ER250/OneDrive/Documents/ECE520_SOC/ECE520_SandBox/int_gen_soc_re/int_gen_soc_vitis/int_gen_plat/ps7_cortexa9_0/standalone_domain/bsp/system.mss
TRACE::2026-03-16.21:42:26::SCWMssOS::Commit changes completed.
TRACE::2026-03-16.21:42:26::SCWPlatform::Trying to open the hw design at C:/Users/ER250/OneDrive/Documents/ECE520_SOC/ECE520_SandBox/int_gen_soc_re/int_gen_soc_vitis/int_gen_plat/hw/int_gen_bd_re_wrapper.xsa
TRACE::2026-03-16.21:42:26::SCWPlatform::DSA given C:/Users/ER250/OneDrive/Documents/ECE520_SOC/ECE520_SandBox/int_gen_soc_re/int_gen_soc_vitis/int_gen_plat/hw/int_gen_bd_re_wrapper.xsa
TRACE::2026-03-16.21:42:26::SCWPlatform::DSA absoulate path C:/Users/ER250/OneDrive/Documents/ECE520_SOC/ECE520_SandBox/int_gen_soc_re/int_gen_soc_vitis/int_gen_plat/hw/int_gen_bd_re_wrapper.xsa
TRACE::2026-03-16.21:42:26::SCWPlatform::DSA directory C:/Users/ER250/OneDrive/Documents/ECE520_SOC/ECE520_SandBox/int_gen_soc_re/int_gen_soc_vitis/int_gen_plat/hw
TRACE::2026-03-16.21:42:26::SCWPlatform:: Platform Path C:/Users/ER250/OneDrive/Documents/ECE520_SOC/ECE520_SandBox/int_gen_soc_re/int_gen_soc_vitis/int_gen_plat/hw/int_gen_bd_re_wrapper.xsa
TRACE::2026-03-16.21:42:26::SCWPlatform:: Unique name xilinx:zybo-z7-10::0.0
TRACE::2026-03-16.21:42:26::SCWPlatform::Trying to set the existing hwdb with name int_gen_bd_re_wrapper_1
TRACE::2026-03-16.21:42:26::SCWPlatform::Opened existing hwdb int_gen_bd_re_wrapper_1
TRACE::2026-03-16.21:42:26::SCWPlatform::Found the Hw Db part of the input DSA
TRACE::2026-03-16.21:42:26::SCWMssOS::Checking the sw design at  C:/Users/ER250/OneDrive/Documents/ECE520_SOC/ECE520_SandBox/int_gen_soc_re/int_gen_soc_vitis/int_gen_plat/zynq_fsbl/zynq_fsbl_bsp/system.mss
TRACE::2026-03-16.21:42:26::SCWMssOS::DEBUG:  swdes dump  C:/Users/ER250/OneDrive/Documents/ECE520_SOC/ECE520_SandBox/int_gen_soc_re/int_gen_soc_vitis/int_gen_plat/ps7_cortexa9_0/standalone_domain/bsp/system.mss|system_0||
C:/Users/ER250/OneDrive/Documents/ECE520_SOC/ECE520_SandBox/int_gen_soc_re/int_gen_soc_vitis/int_gen_plat/zynq_fsbl/zynq_fsbl_bsp/system.mss|system||

TRACE::2026-03-16.21:42:26::SCWMssOS::Sw design exists and opened at  C:/Users/ER250/OneDrive/Documents/ECE520_SOC/ECE520_SandBox/int_gen_soc_re/int_gen_soc_vitis/int_gen_plat/zynq_fsbl/zynq_fsbl_bsp/system.mss
TRACE::2026-03-16.21:42:26::SCWPlatform::Trying to open the hw design at C:/Users/ER250/OneDrive/Documents/ECE520_SOC/ECE520_SandBox/int_gen_soc_re/int_gen_soc_vitis/int_gen_plat/hw/int_gen_bd_re_wrapper.xsa
TRACE::2026-03-16.21:42:26::SCWPlatform::DSA given C:/Users/ER250/OneDrive/Documents/ECE520_SOC/ECE520_SandBox/int_gen_soc_re/int_gen_soc_vitis/int_gen_plat/hw/int_gen_bd_re_wrapper.xsa
TRACE::2026-03-16.21:42:26::SCWPlatform::DSA absoulate path C:/Users/ER250/OneDrive/Documents/ECE520_SOC/ECE520_SandBox/int_gen_soc_re/int_gen_soc_vitis/int_gen_plat/hw/int_gen_bd_re_wrapper.xsa
TRACE::2026-03-16.21:42:26::SCWPlatform::DSA directory C:/Users/ER250/OneDrive/Documents/ECE520_SOC/ECE520_SandBox/int_gen_soc_re/int_gen_soc_vitis/int_gen_plat/hw
TRACE::2026-03-16.21:42:26::SCWPlatform:: Platform Path C:/Users/ER250/OneDrive/Documents/ECE520_SOC/ECE520_SandBox/int_gen_soc_re/int_gen_soc_vitis/int_gen_plat/hw/int_gen_bd_re_wrapper.xsa
TRACE::2026-03-16.21:42:26::SCWPlatform:: Unique name xilinx:zybo-z7-10::0.0
TRACE::2026-03-16.21:42:26::SCWPlatform::Trying to set the existing hwdb with name int_gen_bd_re_wrapper_1
TRACE::2026-03-16.21:42:26::SCWPlatform::Opened existing hwdb int_gen_bd_re_wrapper_1
TRACE::2026-03-16.21:42:26::SCWPlatform::Found the Hw Db part of the input DSA
TRACE::2026-03-16.21:42:26::SCWMssOS::Checking the sw design at  C:/Users/ER250/OneDrive/Documents/ECE520_SOC/ECE520_SandBox/int_gen_soc_re/int_gen_soc_vitis/int_gen_plat/ps7_cortexa9_0/standalone_domain/bsp/system.mss
TRACE::2026-03-16.21:42:26::SCWMssOS::DEBUG:  swdes dump  C:/Users/ER250/OneDrive/Documents/ECE520_SOC/ECE520_SandBox/int_gen_soc_re/int_gen_soc_vitis/int_gen_plat/ps7_cortexa9_0/standalone_domain/bsp/system.mss|system_0||
C:/Users/ER250/OneDrive/Documents/ECE520_SOC/ECE520_SandBox/int_gen_soc_re/int_gen_soc_vitis/int_gen_plat/zynq_fsbl/zynq_fsbl_bsp/system.mss|system||

TRACE::2026-03-16.21:42:26::SCWMssOS::Sw design exists and opened at  C:/Users/ER250/OneDrive/Documents/ECE520_SOC/ECE520_SandBox/int_gen_soc_re/int_gen_soc_vitis/int_gen_plat/ps7_cortexa9_0/standalone_domain/bsp/system.mss
TRACE::2026-03-16.21:42:26::SCWWriter::formatted JSON is {
	"platformName":	"int_gen_plat",
	"sprVersion":	"2.0",
	"mode":	"gui",
	"dsaType":	"Fixed",
	"platformDesc":	"int_gen_plat",
	"platHandOff":	"C:/Users/ER250/OneDrive/Documents/ECE520_SOC/ECE520_SandBox/int_gen_soc_re/int_gen_bd_re_wrapper.xsa",
	"platIntHandOff":	"<platformDir>/hw/int_gen_bd_re_wrapper.xsa",
	"deviceType":	"zynq",
	"platIsPrebuiltAutogen":	"false",
	"platIsNoBootBsp":	"false",
	"hasFsblMakeHasChanges":	"false",
	"hasPmufwMakeHasChanges":	"false",
	"fsblExtraCompilerFlags":	"-MMD -MP       -mcpu=cortex-a9 -mfpu=vfpv3 -mfloat-abi=hard ",
	"platPreBuiltFlag":	false,
	"platformSamplesDir":	"",
	"platActiveSys":	"int_gen_plat",
	"systems":	[{
			"systemName":	"int_gen_plat",
			"systemDesc":	"int_gen_plat",
			"sysIsBootAutoGen":	"true",
			"systemDispName":	"int_gen_plat",
			"sysActiveDom":	"standalone_domain",
			"sysDefaultDom":	"standalone_domain",
			"domains":	[{
					"domainName":	"zynq_fsbl",
					"domainDispName":	"zynq_fsbl",
					"domainDesc":	"FSBL Application BSP - Auto Generated.",
					"processors":	"ps7_cortexa9_0",
					"os":	"standalone",
					"sdxOs":	"standalone",
					"debugEnable":	"",
					"domRuntimes":	["cpp"],
					"swRepo":	"",
					"mssOsVer":	"8.1",
					"mssFile":	"",
					"md5Digest":	"710bbb872de411420e38ee1f9a6d73dd1",
					"compatibleApp":	"zynq_fsbl",
					"domType":	"bootDomain",
					"arch":	"32-bit",
					"appSettings":	{
						"appCompilerFlags":	"",
						"appLinkerFlags":	""
					},
					"addedLibs":	["xilffs:5.0", "xilrsa:1.6"],
					"libOptions":	{
						"libsContainingOptions":	[]
					},
					"changedDrivers":	{
						"interrupt_generator_0":	"none:",
						"changedCells":	["interrupt_generator_0"]
					},
					"prebuiltLibs":	{
						"prebuiltIncPath":	[],
						"prebuiltLibPath":	[]
					},
					"isolation":	{
					}
				}, {
					"domainName":	"standalone_domain",
					"domainDispName":	"standalone on ps7_cortexa9_0",
					"domainDesc":	"standalone_domain",
					"processors":	"ps7_cortexa9_0",
					"os":	"standalone",
					"sdxOs":	"standalone",
					"qemuArgs":	"<platformDir>/resources/int_gen_plat/standalone_domain/qemu_args.txt",
					"qemuData":	"<platformDir>/resources/int_gen_plat/standalone_domain/qemu",
					"debugEnable":	"False",
					"domRuntimes":	["cpp"],
					"swRepo":	"",
					"mssOsVer":	"8.1",
					"mssFile":	"",
					"md5Digest":	"afe1403ea604de9520c811a3fdd9c4f71",
					"compatibleApp":	"",
					"domType":	"mssDomain",
					"appSettings":	{
						"appCompilerFlags":	"",
						"appLinkerFlags":	""
					},
					"addedLibs":	[],
					"libOptions":	{
						"libsContainingOptions":	[]
					},
					"changedDrivers":	{
						"interrupt_generator_0":	"none:",
						"changedCells":	["interrupt_generator_0"]
					},
					"prebuiltLibs":	{
						"prebuiltIncPath":	[],
						"prebuiltLibPath":	[]
					},
					"isolation":	{
					}
				}]
		}]
}
TRACE::2026-03-16.21:42:36::SCWPlatform::Clearing the existing platform
TRACE::2026-03-16.21:42:36::SCWSystem::Clearing the existing sysconfig
TRACE::2026-03-16.21:42:36::SCWBDomain::clearing the fsbl build
TRACE::2026-03-16.21:42:36::SCWMssOS::Removing the swdes entry for  C:/Users/ER250/OneDrive/Documents/ECE520_SOC/ECE520_SandBox/int_gen_soc_re/int_gen_soc_vitis/int_gen_plat/zynq_fsbl/zynq_fsbl_bsp/system.mss
TRACE::2026-03-16.21:42:36::SCWMssOS::Removing the swdes entry for  C:/Users/ER250/OneDrive/Documents/ECE520_SOC/ECE520_SandBox/int_gen_soc_re/int_gen_soc_vitis/int_gen_plat/ps7_cortexa9_0/standalone_domain/bsp/system.mss
TRACE::2026-03-16.21:42:36::SCWSystem::Clearing the domains completed.
TRACE::2026-03-16.21:42:36::SCWPlatform::Clearing the opened hw db.
TRACE::2026-03-16.21:42:36::SCWPlatform::DSA given C:/Users/ER250/OneDrive/Documents/ECE520_SOC/ECE520_SandBox/int_gen_soc_re/int_gen_soc_vitis/int_gen_plat/hw/int_gen_bd_re_wrapper.xsa
TRACE::2026-03-16.21:42:36::SCWPlatform::DSA absoulate path C:/Users/ER250/OneDrive/Documents/ECE520_SOC/ECE520_SandBox/int_gen_soc_re/int_gen_soc_vitis/int_gen_plat/hw/int_gen_bd_re_wrapper.xsa
TRACE::2026-03-16.21:42:36::SCWPlatform:: Platform location is C:/Users/ER250/OneDrive/Documents/ECE520_SOC/ECE520_SandBox/int_gen_soc_re/int_gen_soc_vitis/int_gen_plat/hw
TRACE::2026-03-16.21:42:36::SCWPlatform:: Platform Path C:/Users/ER250/OneDrive/Documents/ECE520_SOC/ECE520_SandBox/int_gen_soc_re/int_gen_soc_vitis/int_gen_plat/hw/int_gen_bd_re_wrapper.xsa
TRACE::2026-03-16.21:42:36::SCWPlatform:: Unique name xilinx:zybo-z7-10::0.0
TRACE::2026-03-16.21:42:36::SCWPlatform::Removing the HwDB with name C:/Users/ER250/OneDrive/Documents/ECE520_SOC/ECE520_SandBox/int_gen_soc_re/int_gen_soc_vitis/int_gen_plat/hw/int_gen_bd_re_wrapper.xsa
TRACE::2026-03-16.21:42:36::SCWPlatform::Trying to open the hw design at C:/Users/ER250/OneDrive/Documents/ECE520_SOC/ECE520_SandBox/int_gen_soc_re/int_gen_soc_vitis/int_gen_plat/hw/int_gen_bd_re_wrapper.xsa
TRACE::2026-03-16.21:42:36::SCWPlatform::DSA given C:/Users/ER250/OneDrive/Documents/ECE520_SOC/ECE520_SandBox/int_gen_soc_re/int_gen_soc_vitis/int_gen_plat/hw/int_gen_bd_re_wrapper.xsa
TRACE::2026-03-16.21:42:36::SCWPlatform::DSA absoulate path C:/Users/ER250/OneDrive/Documents/ECE520_SOC/ECE520_SandBox/int_gen_soc_re/int_gen_soc_vitis/int_gen_plat/hw/int_gen_bd_re_wrapper.xsa
TRACE::2026-03-16.21:42:36::SCWPlatform::DSA directory C:/Users/ER250/OneDrive/Documents/ECE520_SOC/ECE520_SandBox/int_gen_soc_re/int_gen_soc_vitis/int_gen_plat/hw
TRACE::2026-03-16.21:42:36::SCWPlatform:: Platform Path C:/Users/ER250/OneDrive/Documents/ECE520_SOC/ECE520_SandBox/int_gen_soc_re/int_gen_soc_vitis/int_gen_plat/hw/int_gen_bd_re_wrapper.xsa
TRACE::2026-03-16.21:42:36::SCWPlatform:: Unique name xilinx:zybo-z7-10::0.0
TRACE::2026-03-16.21:42:36::SCWPlatform::Do not have an existing db opened. 
TRACE::2026-03-16.21:42:38::SCWPlatform::Opened new HwDB with name int_gen_bd_re_wrapper_2
TRACE::2026-03-16.21:42:38::SCWReader::Active system found as  int_gen_plat
TRACE::2026-03-16.21:42:38::SCWReader::Handling sysconfig int_gen_plat
TRACE::2026-03-16.21:42:38::SCWDomain::checking for install qemu data   : 
TRACE::2026-03-16.21:42:38::SCWDomain:: Using the QEMU Data from install at  : C:/Xilinx/Vitis/2023.1/data/emulation/platforms/zynq/sw/a9_standalone/qemu/
TRACE::2026-03-16.21:42:38::SCWDomain:: Using the QEMU args  from install at  : C:/Xilinx/Vitis/2023.1/data/emulation/platforms/zynq/sw/a9_standalone/qemu/qemu_args.txt
TRACE::2026-03-16.21:42:38::SCWPlatform::Trying to open the hw design at C:/Users/ER250/OneDrive/Documents/ECE520_SOC/ECE520_SandBox/int_gen_soc_re/int_gen_soc_vitis/int_gen_plat/hw/int_gen_bd_re_wrapper.xsa
TRACE::2026-03-16.21:42:38::SCWPlatform::DSA given C:/Users/ER250/OneDrive/Documents/ECE520_SOC/ECE520_SandBox/int_gen_soc_re/int_gen_soc_vitis/int_gen_plat/hw/int_gen_bd_re_wrapper.xsa
TRACE::2026-03-16.21:42:38::SCWPlatform::DSA absoulate path C:/Users/ER250/OneDrive/Documents/ECE520_SOC/ECE520_SandBox/int_gen_soc_re/int_gen_soc_vitis/int_gen_plat/hw/int_gen_bd_re_wrapper.xsa
TRACE::2026-03-16.21:42:38::SCWPlatform::DSA directory C:/Users/ER250/OneDrive/Documents/ECE520_SOC/ECE520_SandBox/int_gen_soc_re/int_gen_soc_vitis/int_gen_plat/hw
TRACE::2026-03-16.21:42:38::SCWPlatform:: Platform Path C:/Users/ER250/OneDrive/Documents/ECE520_SOC/ECE520_SandBox/int_gen_soc_re/int_gen_soc_vitis/int_gen_plat/hw/int_gen_bd_re_wrapper.xsa
TRACE::2026-03-16.21:42:38::SCWPlatform:: Unique name xilinx:zybo-z7-10::0.0
TRACE::2026-03-16.21:42:38::SCWPlatform::Trying to set the existing hwdb with name int_gen_bd_re_wrapper_2
TRACE::2026-03-16.21:42:38::SCWPlatform::Opened existing hwdb int_gen_bd_re_wrapper_2
TRACE::2026-03-16.21:42:38::SCWPlatform::Found the Hw Db part of the input DSA
TRACE::2026-03-16.21:42:38::SCWPlatform::Trying to open the hw design at C:/Users/ER250/OneDrive/Documents/ECE520_SOC/ECE520_SandBox/int_gen_soc_re/int_gen_soc_vitis/int_gen_plat/hw/int_gen_bd_re_wrapper.xsa
TRACE::2026-03-16.21:42:38::SCWPlatform::DSA given C:/Users/ER250/OneDrive/Documents/ECE520_SOC/ECE520_SandBox/int_gen_soc_re/int_gen_soc_vitis/int_gen_plat/hw/int_gen_bd_re_wrapper.xsa
TRACE::2026-03-16.21:42:38::SCWPlatform::DSA absoulate path C:/Users/ER250/OneDrive/Documents/ECE520_SOC/ECE520_SandBox/int_gen_soc_re/int_gen_soc_vitis/int_gen_plat/hw/int_gen_bd_re_wrapper.xsa
TRACE::2026-03-16.21:42:38::SCWPlatform::DSA directory C:/Users/ER250/OneDrive/Documents/ECE520_SOC/ECE520_SandBox/int_gen_soc_re/int_gen_soc_vitis/int_gen_plat/hw
TRACE::2026-03-16.21:42:38::SCWPlatform:: Platform Path C:/Users/ER250/OneDrive/Documents/ECE520_SOC/ECE520_SandBox/int_gen_soc_re/int_gen_soc_vitis/int_gen_plat/hw/int_gen_bd_re_wrapper.xsa
TRACE::2026-03-16.21:42:38::SCWPlatform:: Unique name xilinx:zybo-z7-10::0.0
TRACE::2026-03-16.21:42:38::SCWPlatform::Trying to set the existing hwdb with name int_gen_bd_re_wrapper_2
TRACE::2026-03-16.21:42:38::SCWPlatform::Opened existing hwdb int_gen_bd_re_wrapper_2
TRACE::2026-03-16.21:42:38::SCWPlatform::Found the Hw Db part of the input DSA
TRACE::2026-03-16.21:42:38::SCWPlatform::Trying to open the hw design at C:/Users/ER250/OneDrive/Documents/ECE520_SOC/ECE520_SandBox/int_gen_soc_re/int_gen_soc_vitis/int_gen_plat/hw/int_gen_bd_re_wrapper.xsa
TRACE::2026-03-16.21:42:38::SCWPlatform::DSA given C:/Users/ER250/OneDrive/Documents/ECE520_SOC/ECE520_SandBox/int_gen_soc_re/int_gen_soc_vitis/int_gen_plat/hw/int_gen_bd_re_wrapper.xsa
TRACE::2026-03-16.21:42:38::SCWPlatform::DSA absoulate path C:/Users/ER250/OneDrive/Documents/ECE520_SOC/ECE520_SandBox/int_gen_soc_re/int_gen_soc_vitis/int_gen_plat/hw/int_gen_bd_re_wrapper.xsa
TRACE::2026-03-16.21:42:38::SCWPlatform::DSA directory C:/Users/ER250/OneDrive/Documents/ECE520_SOC/ECE520_SandBox/int_gen_soc_re/int_gen_soc_vitis/int_gen_plat/hw
TRACE::2026-03-16.21:42:38::SCWPlatform:: Platform Path C:/Users/ER250/OneDrive/Documents/ECE520_SOC/ECE520_SandBox/int_gen_soc_re/int_gen_soc_vitis/int_gen_plat/hw/int_gen_bd_re_wrapper.xsa
TRACE::2026-03-16.21:42:38::SCWPlatform:: Unique name xilinx:zybo-z7-10::0.0
TRACE::2026-03-16.21:42:38::SCWPlatform::Trying to set the existing hwdb with name int_gen_bd_re_wrapper_2
TRACE::2026-03-16.21:42:38::SCWPlatform::Opened existing hwdb int_gen_bd_re_wrapper_2
TRACE::2026-03-16.21:42:38::SCWPlatform::Found the Hw Db part of the input DSA
TRACE::2026-03-16.21:42:38::SCWReader::Boot application domain added for zynq_fsbl
TRACE::2026-03-16.21:42:38::SCWPlatform::Trying to open the hw design at C:/Users/ER250/OneDrive/Documents/ECE520_SOC/ECE520_SandBox/int_gen_soc_re/int_gen_soc_vitis/int_gen_plat/hw/int_gen_bd_re_wrapper.xsa
TRACE::2026-03-16.21:42:38::SCWPlatform::DSA given C:/Users/ER250/OneDrive/Documents/ECE520_SOC/ECE520_SandBox/int_gen_soc_re/int_gen_soc_vitis/int_gen_plat/hw/int_gen_bd_re_wrapper.xsa
TRACE::2026-03-16.21:42:38::SCWPlatform::DSA absoulate path C:/Users/ER250/OneDrive/Documents/ECE520_SOC/ECE520_SandBox/int_gen_soc_re/int_gen_soc_vitis/int_gen_plat/hw/int_gen_bd_re_wrapper.xsa
TRACE::2026-03-16.21:42:38::SCWPlatform::DSA directory C:/Users/ER250/OneDrive/Documents/ECE520_SOC/ECE520_SandBox/int_gen_soc_re/int_gen_soc_vitis/int_gen_plat/hw
TRACE::2026-03-16.21:42:38::SCWPlatform:: Platform Path C:/Users/ER250/OneDrive/Documents/ECE520_SOC/ECE520_SandBox/int_gen_soc_re/int_gen_soc_vitis/int_gen_plat/hw/int_gen_bd_re_wrapper.xsa
TRACE::2026-03-16.21:42:38::SCWPlatform:: Unique name xilinx:zybo-z7-10::0.0
TRACE::2026-03-16.21:42:38::SCWPlatform::Trying to set the existing hwdb with name int_gen_bd_re_wrapper_2
TRACE::2026-03-16.21:42:38::SCWPlatform::Opened existing hwdb int_gen_bd_re_wrapper_2
TRACE::2026-03-16.21:42:38::SCWPlatform::Found the Hw Db part of the input DSA
TRACE::2026-03-16.21:42:38::SCWMssOS::Checking the sw design at  C:/Users/ER250/OneDrive/Documents/ECE520_SOC/ECE520_SandBox/int_gen_soc_re/int_gen_soc_vitis/int_gen_plat/zynq_fsbl/zynq_fsbl_bsp/system.mss
TRACE::2026-03-16.21:42:38::SCWMssOS::DEBUG:  swdes dump  
TRACE::2026-03-16.21:42:38::SCWMssOS::No sw design opened at  C:/Users/ER250/OneDrive/Documents/ECE520_SOC/ECE520_SandBox/int_gen_soc_re/int_gen_soc_vitis/int_gen_plat/zynq_fsbl/zynq_fsbl_bsp/system.mss
TRACE::2026-03-16.21:42:38::SCWMssOS::mss exists loading the mss file  C:/Users/ER250/OneDrive/Documents/ECE520_SOC/ECE520_SandBox/int_gen_soc_re/int_gen_soc_vitis/int_gen_plat/zynq_fsbl/zynq_fsbl_bsp/system.mss
TRACE::2026-03-16.21:42:38::SCWMssOS::Opened the sw design from mss  C:/Users/ER250/OneDrive/Documents/ECE520_SOC/ECE520_SandBox/int_gen_soc_re/int_gen_soc_vitis/int_gen_plat/zynq_fsbl/zynq_fsbl_bsp/system.mss
TRACE::2026-03-16.21:42:38::SCWMssOS::Adding the swdes entry C:/Users/ER250/OneDrive/Documents/ECE520_SOC/ECE520_SandBox/int_gen_soc_re/int_gen_soc_vitis/int_gen_plat/zynq_fsbl/zynq_fsbl_bsp/system.mss with des name system
TRACE::2026-03-16.21:42:38::SCWMssOS::updating the scw layer about changes
TRACE::2026-03-16.21:42:38::SCWMssOS::Opened the sw design.  C:/Users/ER250/OneDrive/Documents/ECE520_SOC/ECE520_SandBox/int_gen_soc_re/int_gen_soc_vitis/int_gen_plat/zynq_fsbl/zynq_fsbl_bsp/system.mss
TRACE::2026-03-16.21:42:38::SCWPlatform::Trying to open the hw design at C:/Users/ER250/OneDrive/Documents/ECE520_SOC/ECE520_SandBox/int_gen_soc_re/int_gen_soc_vitis/int_gen_plat/hw/int_gen_bd_re_wrapper.xsa
TRACE::2026-03-16.21:42:38::SCWPlatform::DSA given C:/Users/ER250/OneDrive/Documents/ECE520_SOC/ECE520_SandBox/int_gen_soc_re/int_gen_soc_vitis/int_gen_plat/hw/int_gen_bd_re_wrapper.xsa
TRACE::2026-03-16.21:42:38::SCWPlatform::DSA absoulate path C:/Users/ER250/OneDrive/Documents/ECE520_SOC/ECE520_SandBox/int_gen_soc_re/int_gen_soc_vitis/int_gen_plat/hw/int_gen_bd_re_wrapper.xsa
TRACE::2026-03-16.21:42:38::SCWPlatform::DSA directory C:/Users/ER250/OneDrive/Documents/ECE520_SOC/ECE520_SandBox/int_gen_soc_re/int_gen_soc_vitis/int_gen_plat/hw
TRACE::2026-03-16.21:42:38::SCWPlatform:: Platform Path C:/Users/ER250/OneDrive/Documents/ECE520_SOC/ECE520_SandBox/int_gen_soc_re/int_gen_soc_vitis/int_gen_plat/hw/int_gen_bd_re_wrapper.xsa
TRACE::2026-03-16.21:42:38::SCWPlatform:: Unique name xilinx:zybo-z7-10::0.0
TRACE::2026-03-16.21:42:38::SCWPlatform::Trying to set the existing hwdb with name int_gen_bd_re_wrapper_2
TRACE::2026-03-16.21:42:38::SCWPlatform::Opened existing hwdb int_gen_bd_re_wrapper_2
TRACE::2026-03-16.21:42:38::SCWPlatform::Found the Hw Db part of the input DSA
TRACE::2026-03-16.21:42:38::SCWMssOS::Checking the sw design at  C:/Users/ER250/OneDrive/Documents/ECE520_SOC/ECE520_SandBox/int_gen_soc_re/int_gen_soc_vitis/int_gen_plat/zynq_fsbl/zynq_fsbl_bsp/system.mss
TRACE::2026-03-16.21:42:38::SCWMssOS::DEBUG:  swdes dump  C:/Users/ER250/OneDrive/Documents/ECE520_SOC/ECE520_SandBox/int_gen_soc_re/int_gen_soc_vitis/int_gen_plat/zynq_fsbl/zynq_fsbl_bsp/system.mss|system||

TRACE::2026-03-16.21:42:38::SCWMssOS::Sw design exists and opened at  C:/Users/ER250/OneDrive/Documents/ECE520_SOC/ECE520_SandBox/int_gen_soc_re/int_gen_soc_vitis/int_gen_plat/zynq_fsbl/zynq_fsbl_bsp/system.mss
TRACE::2026-03-16.21:42:38::SCWMssOS:: library already available in sw design:  xilffs:5.0
TRACE::2026-03-16.21:42:38::SCWPlatform::Trying to open the hw design at C:/Users/ER250/OneDrive/Documents/ECE520_SOC/ECE520_SandBox/int_gen_soc_re/int_gen_soc_vitis/int_gen_plat/hw/int_gen_bd_re_wrapper.xsa
TRACE::2026-03-16.21:42:38::SCWPlatform::DSA given C:/Users/ER250/OneDrive/Documents/ECE520_SOC/ECE520_SandBox/int_gen_soc_re/int_gen_soc_vitis/int_gen_plat/hw/int_gen_bd_re_wrapper.xsa
TRACE::2026-03-16.21:42:38::SCWPlatform::DSA absoulate path C:/Users/ER250/OneDrive/Documents/ECE520_SOC/ECE520_SandBox/int_gen_soc_re/int_gen_soc_vitis/int_gen_plat/hw/int_gen_bd_re_wrapper.xsa
TRACE::2026-03-16.21:42:38::SCWPlatform::DSA directory C:/Users/ER250/OneDrive/Documents/ECE520_SOC/ECE520_SandBox/int_gen_soc_re/int_gen_soc_vitis/int_gen_plat/hw
TRACE::2026-03-16.21:42:38::SCWPlatform:: Platform Path C:/Users/ER250/OneDrive/Documents/ECE520_SOC/ECE520_SandBox/int_gen_soc_re/int_gen_soc_vitis/int_gen_plat/hw/int_gen_bd_re_wrapper.xsa
TRACE::2026-03-16.21:42:38::SCWPlatform:: Unique name xilinx:zybo-z7-10::0.0
TRACE::2026-03-16.21:42:38::SCWPlatform::Trying to set the existing hwdb with name int_gen_bd_re_wrapper_2
TRACE::2026-03-16.21:42:38::SCWPlatform::Opened existing hwdb int_gen_bd_re_wrapper_2
TRACE::2026-03-16.21:42:38::SCWPlatform::Found the Hw Db part of the input DSA
TRACE::2026-03-16.21:42:38::SCWMssOS::Checking the sw design at  C:/Users/ER250/OneDrive/Documents/ECE520_SOC/ECE520_SandBox/int_gen_soc_re/int_gen_soc_vitis/int_gen_plat/zynq_fsbl/zynq_fsbl_bsp/system.mss
TRACE::2026-03-16.21:42:38::SCWMssOS::DEBUG:  swdes dump  C:/Users/ER250/OneDrive/Documents/ECE520_SOC/ECE520_SandBox/int_gen_soc_re/int_gen_soc_vitis/int_gen_plat/zynq_fsbl/zynq_fsbl_bsp/system.mss|system||

TRACE::2026-03-16.21:42:38::SCWMssOS::Sw design exists and opened at  C:/Users/ER250/OneDrive/Documents/ECE520_SOC/ECE520_SandBox/int_gen_soc_re/int_gen_soc_vitis/int_gen_plat/zynq_fsbl/zynq_fsbl_bsp/system.mss
TRACE::2026-03-16.21:42:38::SCWMssOS:: library already available in sw design:  xilrsa:1.6
TRACE::2026-03-16.21:42:38::SCWPlatform::Trying to open the hw design at C:/Users/ER250/OneDrive/Documents/ECE520_SOC/ECE520_SandBox/int_gen_soc_re/int_gen_soc_vitis/int_gen_plat/hw/int_gen_bd_re_wrapper.xsa
TRACE::2026-03-16.21:42:38::SCWPlatform::DSA given C:/Users/ER250/OneDrive/Documents/ECE520_SOC/ECE520_SandBox/int_gen_soc_re/int_gen_soc_vitis/int_gen_plat/hw/int_gen_bd_re_wrapper.xsa
TRACE::2026-03-16.21:42:38::SCWPlatform::DSA absoulate path C:/Users/ER250/OneDrive/Documents/ECE520_SOC/ECE520_SandBox/int_gen_soc_re/int_gen_soc_vitis/int_gen_plat/hw/int_gen_bd_re_wrapper.xsa
TRACE::2026-03-16.21:42:38::SCWPlatform::DSA directory C:/Users/ER250/OneDrive/Documents/ECE520_SOC/ECE520_SandBox/int_gen_soc_re/int_gen_soc_vitis/int_gen_plat/hw
TRACE::2026-03-16.21:42:38::SCWPlatform:: Platform Path C:/Users/ER250/OneDrive/Documents/ECE520_SOC/ECE520_SandBox/int_gen_soc_re/int_gen_soc_vitis/int_gen_plat/hw/int_gen_bd_re_wrapper.xsa
TRACE::2026-03-16.21:42:38::SCWPlatform:: Unique name xilinx:zybo-z7-10::0.0
TRACE::2026-03-16.21:42:38::SCWPlatform::Trying to set the existing hwdb with name int_gen_bd_re_wrapper_2
TRACE::2026-03-16.21:42:38::SCWPlatform::Opened existing hwdb int_gen_bd_re_wrapper_2
TRACE::2026-03-16.21:42:38::SCWPlatform::Found the Hw Db part of the input DSA
TRACE::2026-03-16.21:42:38::SCWMssOS::Checking the sw design at  C:/Users/ER250/OneDrive/Documents/ECE520_SOC/ECE520_SandBox/int_gen_soc_re/int_gen_soc_vitis/int_gen_plat/zynq_fsbl/zynq_fsbl_bsp/system.mss
TRACE::2026-03-16.21:42:38::SCWMssOS::DEBUG:  swdes dump  C:/Users/ER250/OneDrive/Documents/ECE520_SOC/ECE520_SandBox/int_gen_soc_re/int_gen_soc_vitis/int_gen_plat/zynq_fsbl/zynq_fsbl_bsp/system.mss|system||

TRACE::2026-03-16.21:42:38::SCWMssOS::Sw design exists and opened at  C:/Users/ER250/OneDrive/Documents/ECE520_SOC/ECE520_SandBox/int_gen_soc_re/int_gen_soc_vitis/int_gen_plat/zynq_fsbl/zynq_fsbl_bsp/system.mss
TRACE::2026-03-16.21:42:38::SCWMssOS::Saving the mss changes C:/Users/ER250/OneDrive/Documents/ECE520_SOC/ECE520_SandBox/int_gen_soc_re/int_gen_soc_vitis/int_gen_plat/zynq_fsbl/zynq_fsbl_bsp/system.mss
TRACE::2026-03-16.21:42:38::SCWMssOS::Found a swdesign opened with the mssfile.
TRACE::2026-03-16.21:42:38::SCWMssOS::Completed writemss as part of save.
TRACE::2026-03-16.21:42:38::SCWMssOS::Commit changes completed.
TRACE::2026-03-16.21:42:38::SCWReader::Adding prebuilt librarypaths as   
TRACE::2026-03-16.21:42:38::SCWReader::Adding prebuilt incpaths  as   
TRACE::2026-03-16.21:42:38::SCWPlatform::Trying to open the hw design at C:/Users/ER250/OneDrive/Documents/ECE520_SOC/ECE520_SandBox/int_gen_soc_re/int_gen_soc_vitis/int_gen_plat/hw/int_gen_bd_re_wrapper.xsa
TRACE::2026-03-16.21:42:38::SCWPlatform::DSA given C:/Users/ER250/OneDrive/Documents/ECE520_SOC/ECE520_SandBox/int_gen_soc_re/int_gen_soc_vitis/int_gen_plat/hw/int_gen_bd_re_wrapper.xsa
TRACE::2026-03-16.21:42:38::SCWPlatform::DSA absoulate path C:/Users/ER250/OneDrive/Documents/ECE520_SOC/ECE520_SandBox/int_gen_soc_re/int_gen_soc_vitis/int_gen_plat/hw/int_gen_bd_re_wrapper.xsa
TRACE::2026-03-16.21:42:38::SCWPlatform::DSA directory C:/Users/ER250/OneDrive/Documents/ECE520_SOC/ECE520_SandBox/int_gen_soc_re/int_gen_soc_vitis/int_gen_plat/hw
TRACE::2026-03-16.21:42:38::SCWPlatform:: Platform Path C:/Users/ER250/OneDrive/Documents/ECE520_SOC/ECE520_SandBox/int_gen_soc_re/int_gen_soc_vitis/int_gen_plat/hw/int_gen_bd_re_wrapper.xsa
TRACE::2026-03-16.21:42:38::SCWPlatform:: Unique name xilinx:zybo-z7-10::0.0
TRACE::2026-03-16.21:42:38::SCWPlatform::Trying to set the existing hwdb with name int_gen_bd_re_wrapper_2
TRACE::2026-03-16.21:42:38::SCWPlatform::Opened existing hwdb int_gen_bd_re_wrapper_2
TRACE::2026-03-16.21:42:38::SCWPlatform::Found the Hw Db part of the input DSA
TRACE::2026-03-16.21:42:38::SCWMssOS::Checking the sw design at  C:/Users/ER250/OneDrive/Documents/ECE520_SOC/ECE520_SandBox/int_gen_soc_re/int_gen_soc_vitis/int_gen_plat/zynq_fsbl/zynq_fsbl_bsp/system.mss
TRACE::2026-03-16.21:42:38::SCWMssOS::DEBUG:  swdes dump  C:/Users/ER250/OneDrive/Documents/ECE520_SOC/ECE520_SandBox/int_gen_soc_re/int_gen_soc_vitis/int_gen_plat/zynq_fsbl/zynq_fsbl_bsp/system.mss|system||

TRACE::2026-03-16.21:42:38::SCWMssOS::Sw design exists and opened at  C:/Users/ER250/OneDrive/Documents/ECE520_SOC/ECE520_SandBox/int_gen_soc_re/int_gen_soc_vitis/int_gen_plat/zynq_fsbl/zynq_fsbl_bsp/system.mss
TRACE::2026-03-16.21:42:38::SCWReader::No isolation master present  
TRACE::2026-03-16.21:42:38::SCWDomain::checking for install qemu data   : 
TRACE::2026-03-16.21:42:38::SCWDomain:: Using the QEMU Data from install at  : C:/Xilinx/Vitis/2023.1/data/emulation/platforms/zynq/sw/a9_standalone/qemu/
TRACE::2026-03-16.21:42:38::SCWDomain:: Using the QEMU args  from install at  : C:/Xilinx/Vitis/2023.1/data/emulation/platforms/zynq/sw/a9_standalone/qemu/qemu_args.txt
TRACE::2026-03-16.21:42:38::SCWPlatform::Trying to open the hw design at C:/Users/ER250/OneDrive/Documents/ECE520_SOC/ECE520_SandBox/int_gen_soc_re/int_gen_soc_vitis/int_gen_plat/hw/int_gen_bd_re_wrapper.xsa
TRACE::2026-03-16.21:42:38::SCWPlatform::DSA given C:/Users/ER250/OneDrive/Documents/ECE520_SOC/ECE520_SandBox/int_gen_soc_re/int_gen_soc_vitis/int_gen_plat/hw/int_gen_bd_re_wrapper.xsa
TRACE::2026-03-16.21:42:38::SCWPlatform::DSA absoulate path C:/Users/ER250/OneDrive/Documents/ECE520_SOC/ECE520_SandBox/int_gen_soc_re/int_gen_soc_vitis/int_gen_plat/hw/int_gen_bd_re_wrapper.xsa
TRACE::2026-03-16.21:42:38::SCWPlatform::DSA directory C:/Users/ER250/OneDrive/Documents/ECE520_SOC/ECE520_SandBox/int_gen_soc_re/int_gen_soc_vitis/int_gen_plat/hw
TRACE::2026-03-16.21:42:38::SCWPlatform:: Platform Path C:/Users/ER250/OneDrive/Documents/ECE520_SOC/ECE520_SandBox/int_gen_soc_re/int_gen_soc_vitis/int_gen_plat/hw/int_gen_bd_re_wrapper.xsa
TRACE::2026-03-16.21:42:38::SCWPlatform:: Unique name xilinx:zybo-z7-10::0.0
TRACE::2026-03-16.21:42:38::SCWPlatform::Trying to set the existing hwdb with name int_gen_bd_re_wrapper_2
TRACE::2026-03-16.21:42:38::SCWPlatform::Opened existing hwdb int_gen_bd_re_wrapper_2
TRACE::2026-03-16.21:42:38::SCWPlatform::Found the Hw Db part of the input DSA
TRACE::2026-03-16.21:42:38::SCWPlatform::Trying to open the hw design at C:/Users/ER250/OneDrive/Documents/ECE520_SOC/ECE520_SandBox/int_gen_soc_re/int_gen_soc_vitis/int_gen_plat/hw/int_gen_bd_re_wrapper.xsa
TRACE::2026-03-16.21:42:38::SCWPlatform::DSA given C:/Users/ER250/OneDrive/Documents/ECE520_SOC/ECE520_SandBox/int_gen_soc_re/int_gen_soc_vitis/int_gen_plat/hw/int_gen_bd_re_wrapper.xsa
TRACE::2026-03-16.21:42:38::SCWPlatform::DSA absoulate path C:/Users/ER250/OneDrive/Documents/ECE520_SOC/ECE520_SandBox/int_gen_soc_re/int_gen_soc_vitis/int_gen_plat/hw/int_gen_bd_re_wrapper.xsa
TRACE::2026-03-16.21:42:38::SCWPlatform::DSA directory C:/Users/ER250/OneDrive/Documents/ECE520_SOC/ECE520_SandBox/int_gen_soc_re/int_gen_soc_vitis/int_gen_plat/hw
TRACE::2026-03-16.21:42:38::SCWPlatform:: Platform Path C:/Users/ER250/OneDrive/Documents/ECE520_SOC/ECE520_SandBox/int_gen_soc_re/int_gen_soc_vitis/int_gen_plat/hw/int_gen_bd_re_wrapper.xsa
TRACE::2026-03-16.21:42:38::SCWPlatform:: Unique name xilinx:zybo-z7-10::0.0
TRACE::2026-03-16.21:42:38::SCWPlatform::Trying to set the existing hwdb with name int_gen_bd_re_wrapper_2
TRACE::2026-03-16.21:42:38::SCWPlatform::Opened existing hwdb int_gen_bd_re_wrapper_2
TRACE::2026-03-16.21:42:38::SCWPlatform::Found the Hw Db part of the input DSA
TRACE::2026-03-16.21:42:38::SCWPlatform::Trying to open the hw design at C:/Users/ER250/OneDrive/Documents/ECE520_SOC/ECE520_SandBox/int_gen_soc_re/int_gen_soc_vitis/int_gen_plat/hw/int_gen_bd_re_wrapper.xsa
TRACE::2026-03-16.21:42:38::SCWPlatform::DSA given C:/Users/ER250/OneDrive/Documents/ECE520_SOC/ECE520_SandBox/int_gen_soc_re/int_gen_soc_vitis/int_gen_plat/hw/int_gen_bd_re_wrapper.xsa
TRACE::2026-03-16.21:42:38::SCWPlatform::DSA absoulate path C:/Users/ER250/OneDrive/Documents/ECE520_SOC/ECE520_SandBox/int_gen_soc_re/int_gen_soc_vitis/int_gen_plat/hw/int_gen_bd_re_wrapper.xsa
TRACE::2026-03-16.21:42:38::SCWPlatform::DSA directory C:/Users/ER250/OneDrive/Documents/ECE520_SOC/ECE520_SandBox/int_gen_soc_re/int_gen_soc_vitis/int_gen_plat/hw
TRACE::2026-03-16.21:42:38::SCWPlatform:: Platform Path C:/Users/ER250/OneDrive/Documents/ECE520_SOC/ECE520_SandBox/int_gen_soc_re/int_gen_soc_vitis/int_gen_plat/hw/int_gen_bd_re_wrapper.xsa
TRACE::2026-03-16.21:42:38::SCWPlatform:: Unique name xilinx:zybo-z7-10::0.0
TRACE::2026-03-16.21:42:38::SCWPlatform::Trying to set the existing hwdb with name int_gen_bd_re_wrapper_2
TRACE::2026-03-16.21:42:38::SCWPlatform::Opened existing hwdb int_gen_bd_re_wrapper_2
TRACE::2026-03-16.21:42:38::SCWPlatform::Found the Hw Db part of the input DSA
TRACE::2026-03-16.21:42:38::SCWMssOS::Checking the sw design at  C:/Users/ER250/OneDrive/Documents/ECE520_SOC/ECE520_SandBox/int_gen_soc_re/int_gen_soc_vitis/int_gen_plat/ps7_cortexa9_0/standalone_domain/bsp/system.mss
TRACE::2026-03-16.21:42:38::SCWMssOS::DEBUG:  swdes dump  C:/Users/ER250/OneDrive/Documents/ECE520_SOC/ECE520_SandBox/int_gen_soc_re/int_gen_soc_vitis/int_gen_plat/zynq_fsbl/zynq_fsbl_bsp/system.mss|system||

TRACE::2026-03-16.21:42:38::SCWMssOS::No sw design opened at  C:/Users/ER250/OneDrive/Documents/ECE520_SOC/ECE520_SandBox/int_gen_soc_re/int_gen_soc_vitis/int_gen_plat/ps7_cortexa9_0/standalone_domain/bsp/system.mss
TRACE::2026-03-16.21:42:38::SCWMssOS::mss exists loading the mss file  C:/Users/ER250/OneDrive/Documents/ECE520_SOC/ECE520_SandBox/int_gen_soc_re/int_gen_soc_vitis/int_gen_plat/ps7_cortexa9_0/standalone_domain/bsp/system.mss
TRACE::2026-03-16.21:42:38::SCWMssOS::Opened the sw design from mss  C:/Users/ER250/OneDrive/Documents/ECE520_SOC/ECE520_SandBox/int_gen_soc_re/int_gen_soc_vitis/int_gen_plat/ps7_cortexa9_0/standalone_domain/bsp/system.mss
TRACE::2026-03-16.21:42:38::SCWMssOS::Adding the swdes entry C:/Users/ER250/OneDrive/Documents/ECE520_SOC/ECE520_SandBox/int_gen_soc_re/int_gen_soc_vitis/int_gen_plat/ps7_cortexa9_0/standalone_domain/bsp/system.mss with des name system_0
TRACE::2026-03-16.21:42:38::SCWMssOS::updating the scw layer about changes
TRACE::2026-03-16.21:42:38::SCWMssOS::Opened the sw design.  C:/Users/ER250/OneDrive/Documents/ECE520_SOC/ECE520_SandBox/int_gen_soc_re/int_gen_soc_vitis/int_gen_plat/ps7_cortexa9_0/standalone_domain/bsp/system.mss
TRACE::2026-03-16.21:42:38::SCWPlatform::Trying to open the hw design at C:/Users/ER250/OneDrive/Documents/ECE520_SOC/ECE520_SandBox/int_gen_soc_re/int_gen_soc_vitis/int_gen_plat/hw/int_gen_bd_re_wrapper.xsa
TRACE::2026-03-16.21:42:38::SCWPlatform::DSA given C:/Users/ER250/OneDrive/Documents/ECE520_SOC/ECE520_SandBox/int_gen_soc_re/int_gen_soc_vitis/int_gen_plat/hw/int_gen_bd_re_wrapper.xsa
TRACE::2026-03-16.21:42:38::SCWPlatform::DSA absoulate path C:/Users/ER250/OneDrive/Documents/ECE520_SOC/ECE520_SandBox/int_gen_soc_re/int_gen_soc_vitis/int_gen_plat/hw/int_gen_bd_re_wrapper.xsa
TRACE::2026-03-16.21:42:38::SCWPlatform::DSA directory C:/Users/ER250/OneDrive/Documents/ECE520_SOC/ECE520_SandBox/int_gen_soc_re/int_gen_soc_vitis/int_gen_plat/hw
TRACE::2026-03-16.21:42:38::SCWPlatform:: Platform Path C:/Users/ER250/OneDrive/Documents/ECE520_SOC/ECE520_SandBox/int_gen_soc_re/int_gen_soc_vitis/int_gen_plat/hw/int_gen_bd_re_wrapper.xsa
TRACE::2026-03-16.21:42:38::SCWPlatform:: Unique name xilinx:zybo-z7-10::0.0
TRACE::2026-03-16.21:42:38::SCWPlatform::Trying to set the existing hwdb with name int_gen_bd_re_wrapper_2
TRACE::2026-03-16.21:42:38::SCWPlatform::Opened existing hwdb int_gen_bd_re_wrapper_2
TRACE::2026-03-16.21:42:38::SCWPlatform::Found the Hw Db part of the input DSA
TRACE::2026-03-16.21:42:38::SCWMssOS::Checking the sw design at  C:/Users/ER250/OneDrive/Documents/ECE520_SOC/ECE520_SandBox/int_gen_soc_re/int_gen_soc_vitis/int_gen_plat/ps7_cortexa9_0/standalone_domain/bsp/system.mss
TRACE::2026-03-16.21:42:38::SCWMssOS::DEBUG:  swdes dump  C:/Users/ER250/OneDrive/Documents/ECE520_SOC/ECE520_SandBox/int_gen_soc_re/int_gen_soc_vitis/int_gen_plat/ps7_cortexa9_0/standalone_domain/bsp/system.mss|system_0||
C:/Users/ER250/OneDrive/Documents/ECE520_SOC/ECE520_SandBox/int_gen_soc_re/int_gen_soc_vitis/int_gen_plat/zynq_fsbl/zynq_fsbl_bsp/system.mss|system||

TRACE::2026-03-16.21:42:38::SCWMssOS::Sw design exists and opened at  C:/Users/ER250/OneDrive/Documents/ECE520_SOC/ECE520_SandBox/int_gen_soc_re/int_gen_soc_vitis/int_gen_plat/ps7_cortexa9_0/standalone_domain/bsp/system.mss
TRACE::2026-03-16.21:42:38::SCWMssOS::Saving the mss changes C:/Users/ER250/OneDrive/Documents/ECE520_SOC/ECE520_SandBox/int_gen_soc_re/int_gen_soc_vitis/int_gen_plat/ps7_cortexa9_0/standalone_domain/bsp/system.mss
TRACE::2026-03-16.21:42:38::SCWMssOS::Found a swdesign opened with the mssfile.
TRACE::2026-03-16.21:42:38::SCWMssOS::Completed writemss as part of save.
TRACE::2026-03-16.21:42:38::SCWMssOS::Commit changes completed.
TRACE::2026-03-16.21:42:38::SCWReader::Adding prebuilt librarypaths as   
TRACE::2026-03-16.21:42:38::SCWReader::Adding prebuilt incpaths  as   
TRACE::2026-03-16.21:42:38::SCWPlatform::Trying to open the hw design at C:/Users/ER250/OneDrive/Documents/ECE520_SOC/ECE520_SandBox/int_gen_soc_re/int_gen_soc_vitis/int_gen_plat/hw/int_gen_bd_re_wrapper.xsa
TRACE::2026-03-16.21:42:38::SCWPlatform::DSA given C:/Users/ER250/OneDrive/Documents/ECE520_SOC/ECE520_SandBox/int_gen_soc_re/int_gen_soc_vitis/int_gen_plat/hw/int_gen_bd_re_wrapper.xsa
TRACE::2026-03-16.21:42:38::SCWPlatform::DSA absoulate path C:/Users/ER250/OneDrive/Documents/ECE520_SOC/ECE520_SandBox/int_gen_soc_re/int_gen_soc_vitis/int_gen_plat/hw/int_gen_bd_re_wrapper.xsa
TRACE::2026-03-16.21:42:38::SCWPlatform::DSA directory C:/Users/ER250/OneDrive/Documents/ECE520_SOC/ECE520_SandBox/int_gen_soc_re/int_gen_soc_vitis/int_gen_plat/hw
TRACE::2026-03-16.21:42:38::SCWPlatform:: Platform Path C:/Users/ER250/OneDrive/Documents/ECE520_SOC/ECE520_SandBox/int_gen_soc_re/int_gen_soc_vitis/int_gen_plat/hw/int_gen_bd_re_wrapper.xsa
TRACE::2026-03-16.21:42:38::SCWPlatform:: Unique name xilinx:zybo-z7-10::0.0
TRACE::2026-03-16.21:42:38::SCWPlatform::Trying to set the existing hwdb with name int_gen_bd_re_wrapper_2
TRACE::2026-03-16.21:42:38::SCWPlatform::Opened existing hwdb int_gen_bd_re_wrapper_2
TRACE::2026-03-16.21:42:38::SCWPlatform::Found the Hw Db part of the input DSA
TRACE::2026-03-16.21:42:38::SCWMssOS::Checking the sw design at  C:/Users/ER250/OneDrive/Documents/ECE520_SOC/ECE520_SandBox/int_gen_soc_re/int_gen_soc_vitis/int_gen_plat/ps7_cortexa9_0/standalone_domain/bsp/system.mss
TRACE::2026-03-16.21:42:38::SCWMssOS::DEBUG:  swdes dump  C:/Users/ER250/OneDrive/Documents/ECE520_SOC/ECE520_SandBox/int_gen_soc_re/int_gen_soc_vitis/int_gen_plat/ps7_cortexa9_0/standalone_domain/bsp/system.mss|system_0||
C:/Users/ER250/OneDrive/Documents/ECE520_SOC/ECE520_SandBox/int_gen_soc_re/int_gen_soc_vitis/int_gen_plat/zynq_fsbl/zynq_fsbl_bsp/system.mss|system||

TRACE::2026-03-16.21:42:38::SCWMssOS::Sw design exists and opened at  C:/Users/ER250/OneDrive/Documents/ECE520_SOC/ECE520_SandBox/int_gen_soc_re/int_gen_soc_vitis/int_gen_plat/ps7_cortexa9_0/standalone_domain/bsp/system.mss
TRACE::2026-03-16.21:42:38::SCWReader::No isolation master present  
TRACE::2026-03-16.21:42:41::SCWPlatform::Trying to open the hw design at C:/Users/ER250/OneDrive/Documents/ECE520_SOC/ECE520_SandBox/int_gen_soc_re/int_gen_soc_vitis/int_gen_plat/hw/int_gen_bd_re_wrapper.xsa
TRACE::2026-03-16.21:42:41::SCWPlatform::DSA given C:/Users/ER250/OneDrive/Documents/ECE520_SOC/ECE520_SandBox/int_gen_soc_re/int_gen_soc_vitis/int_gen_plat/hw/int_gen_bd_re_wrapper.xsa
TRACE::2026-03-16.21:42:41::SCWPlatform::DSA absoulate path C:/Users/ER250/OneDrive/Documents/ECE520_SOC/ECE520_SandBox/int_gen_soc_re/int_gen_soc_vitis/int_gen_plat/hw/int_gen_bd_re_wrapper.xsa
TRACE::2026-03-16.21:42:41::SCWPlatform::DSA directory C:/Users/ER250/OneDrive/Documents/ECE520_SOC/ECE520_SandBox/int_gen_soc_re/int_gen_soc_vitis/int_gen_plat/hw
TRACE::2026-03-16.21:42:41::SCWPlatform:: Platform Path C:/Users/ER250/OneDrive/Documents/ECE520_SOC/ECE520_SandBox/int_gen_soc_re/int_gen_soc_vitis/int_gen_plat/hw/int_gen_bd_re_wrapper.xsa
TRACE::2026-03-16.21:42:41::SCWPlatform:: Unique name xilinx:zybo-z7-10::0.0
TRACE::2026-03-16.21:42:41::SCWPlatform::Trying to set the existing hwdb with name int_gen_bd_re_wrapper_2
TRACE::2026-03-16.21:42:41::SCWPlatform::Opened existing hwdb int_gen_bd_re_wrapper_2
TRACE::2026-03-16.21:42:41::SCWPlatform::Found the Hw Db part of the input DSA
TRACE::2026-03-16.21:42:41::SCWMssOS::Checking the sw design at  C:/Users/ER250/OneDrive/Documents/ECE520_SOC/ECE520_SandBox/int_gen_soc_re/int_gen_soc_vitis/int_gen_plat/zynq_fsbl/zynq_fsbl_bsp/system.mss
TRACE::2026-03-16.21:42:41::SCWMssOS::DEBUG:  swdes dump  C:/Users/ER250/OneDrive/Documents/ECE520_SOC/ECE520_SandBox/int_gen_soc_re/int_gen_soc_vitis/int_gen_plat/ps7_cortexa9_0/standalone_domain/bsp/system.mss|system_0||
C:/Users/ER250/OneDrive/Documents/ECE520_SOC/ECE520_SandBox/int_gen_soc_re/int_gen_soc_vitis/int_gen_plat/zynq_fsbl/zynq_fsbl_bsp/system.mss|system||

TRACE::2026-03-16.21:42:41::SCWMssOS::Sw design exists and opened at  C:/Users/ER250/OneDrive/Documents/ECE520_SOC/ECE520_SandBox/int_gen_soc_re/int_gen_soc_vitis/int_gen_plat/zynq_fsbl/zynq_fsbl_bsp/system.mss
TRACE::2026-03-16.21:42:41::SCWMssOS::In reload Mss file.
TRACE::2026-03-16.21:42:41::SCWPlatform::Trying to open the hw design at C:/Users/ER250/OneDrive/Documents/ECE520_SOC/ECE520_SandBox/int_gen_soc_re/int_gen_soc_vitis/int_gen_plat/hw/int_gen_bd_re_wrapper.xsa
TRACE::2026-03-16.21:42:41::SCWPlatform::DSA given C:/Users/ER250/OneDrive/Documents/ECE520_SOC/ECE520_SandBox/int_gen_soc_re/int_gen_soc_vitis/int_gen_plat/hw/int_gen_bd_re_wrapper.xsa
TRACE::2026-03-16.21:42:41::SCWPlatform::DSA absoulate path C:/Users/ER250/OneDrive/Documents/ECE520_SOC/ECE520_SandBox/int_gen_soc_re/int_gen_soc_vitis/int_gen_plat/hw/int_gen_bd_re_wrapper.xsa
TRACE::2026-03-16.21:42:41::SCWPlatform::DSA directory C:/Users/ER250/OneDrive/Documents/ECE520_SOC/ECE520_SandBox/int_gen_soc_re/int_gen_soc_vitis/int_gen_plat/hw
TRACE::2026-03-16.21:42:41::SCWPlatform:: Platform Path C:/Users/ER250/OneDrive/Documents/ECE520_SOC/ECE520_SandBox/int_gen_soc_re/int_gen_soc_vitis/int_gen_plat/hw/int_gen_bd_re_wrapper.xsa
TRACE::2026-03-16.21:42:41::SCWPlatform:: Unique name xilinx:zybo-z7-10::0.0
TRACE::2026-03-16.21:42:41::SCWPlatform::Trying to set the existing hwdb with name int_gen_bd_re_wrapper_2
TRACE::2026-03-16.21:42:41::SCWPlatform::Opened existing hwdb int_gen_bd_re_wrapper_2
TRACE::2026-03-16.21:42:41::SCWPlatform::Found the Hw Db part of the input DSA
TRACE::2026-03-16.21:42:41::SCWMssOS::Checking the sw design at  C:/Users/ER250/OneDrive/Documents/ECE520_SOC/ECE520_SandBox/int_gen_soc_re/int_gen_soc_vitis/int_gen_plat/zynq_fsbl/zynq_fsbl_bsp/system.mss
TRACE::2026-03-16.21:42:41::SCWMssOS::DEBUG:  swdes dump  C:/Users/ER250/OneDrive/Documents/ECE520_SOC/ECE520_SandBox/int_gen_soc_re/int_gen_soc_vitis/int_gen_plat/ps7_cortexa9_0/standalone_domain/bsp/system.mss|system_0||

TRACE::2026-03-16.21:42:41::SCWMssOS::No sw design opened at  C:/Users/ER250/OneDrive/Documents/ECE520_SOC/ECE520_SandBox/int_gen_soc_re/int_gen_soc_vitis/int_gen_plat/zynq_fsbl/zynq_fsbl_bsp/system.mss
TRACE::2026-03-16.21:42:41::SCWMssOS::mss exists loading the mss file  C:/Users/ER250/OneDrive/Documents/ECE520_SOC/ECE520_SandBox/int_gen_soc_re/int_gen_soc_vitis/int_gen_plat/zynq_fsbl/zynq_fsbl_bsp/system.mss
TRACE::2026-03-16.21:42:41::SCWMssOS::Opened the sw design from mss  C:/Users/ER250/OneDrive/Documents/ECE520_SOC/ECE520_SandBox/int_gen_soc_re/int_gen_soc_vitis/int_gen_plat/zynq_fsbl/zynq_fsbl_bsp/system.mss
TRACE::2026-03-16.21:42:41::SCWMssOS::Adding the swdes entry C:/Users/ER250/OneDrive/Documents/ECE520_SOC/ECE520_SandBox/int_gen_soc_re/int_gen_soc_vitis/int_gen_plat/zynq_fsbl/zynq_fsbl_bsp/system.mss with des name system
TRACE::2026-03-16.21:42:41::SCWMssOS::updating the scw layer about changes
TRACE::2026-03-16.21:42:41::SCWMssOS::Opened the sw design.  C:/Users/ER250/OneDrive/Documents/ECE520_SOC/ECE520_SandBox/int_gen_soc_re/int_gen_soc_vitis/int_gen_plat/zynq_fsbl/zynq_fsbl_bsp/system.mss
TRACE::2026-03-16.21:42:41::SCWPlatform::Trying to open the hw design at C:/Users/ER250/OneDrive/Documents/ECE520_SOC/ECE520_SandBox/int_gen_soc_re/int_gen_soc_vitis/int_gen_plat/hw/int_gen_bd_re_wrapper.xsa
TRACE::2026-03-16.21:42:41::SCWPlatform::DSA given C:/Users/ER250/OneDrive/Documents/ECE520_SOC/ECE520_SandBox/int_gen_soc_re/int_gen_soc_vitis/int_gen_plat/hw/int_gen_bd_re_wrapper.xsa
TRACE::2026-03-16.21:42:41::SCWPlatform::DSA absoulate path C:/Users/ER250/OneDrive/Documents/ECE520_SOC/ECE520_SandBox/int_gen_soc_re/int_gen_soc_vitis/int_gen_plat/hw/int_gen_bd_re_wrapper.xsa
TRACE::2026-03-16.21:42:41::SCWPlatform::DSA directory C:/Users/ER250/OneDrive/Documents/ECE520_SOC/ECE520_SandBox/int_gen_soc_re/int_gen_soc_vitis/int_gen_plat/hw
TRACE::2026-03-16.21:42:41::SCWPlatform:: Platform Path C:/Users/ER250/OneDrive/Documents/ECE520_SOC/ECE520_SandBox/int_gen_soc_re/int_gen_soc_vitis/int_gen_plat/hw/int_gen_bd_re_wrapper.xsa
TRACE::2026-03-16.21:42:41::SCWPlatform:: Unique name xilinx:zybo-z7-10::0.0
TRACE::2026-03-16.21:42:41::SCWPlatform::Trying to set the existing hwdb with name int_gen_bd_re_wrapper_2
TRACE::2026-03-16.21:42:41::SCWPlatform::Opened existing hwdb int_gen_bd_re_wrapper_2
TRACE::2026-03-16.21:42:41::SCWPlatform::Found the Hw Db part of the input DSA
TRACE::2026-03-16.21:42:41::SCWMssOS::Checking the sw design at  C:/Users/ER250/OneDrive/Documents/ECE520_SOC/ECE520_SandBox/int_gen_soc_re/int_gen_soc_vitis/int_gen_plat/zynq_fsbl/zynq_fsbl_bsp/system.mss
TRACE::2026-03-16.21:42:41::SCWMssOS::DEBUG:  swdes dump  C:/Users/ER250/OneDrive/Documents/ECE520_SOC/ECE520_SandBox/int_gen_soc_re/int_gen_soc_vitis/int_gen_plat/ps7_cortexa9_0/standalone_domain/bsp/system.mss|system_0||
C:/Users/ER250/OneDrive/Documents/ECE520_SOC/ECE520_SandBox/int_gen_soc_re/int_gen_soc_vitis/int_gen_plat/zynq_fsbl/zynq_fsbl_bsp/system.mss|system||

TRACE::2026-03-16.21:42:41::SCWMssOS::Sw design exists and opened at  C:/Users/ER250/OneDrive/Documents/ECE520_SOC/ECE520_SandBox/int_gen_soc_re/int_gen_soc_vitis/int_gen_plat/zynq_fsbl/zynq_fsbl_bsp/system.mss
TRACE::2026-03-16.21:42:41::SCWMssOS:: library already available in sw design:  xilffs:5.0
TRACE::2026-03-16.21:42:41::SCWPlatform::Trying to open the hw design at C:/Users/ER250/OneDrive/Documents/ECE520_SOC/ECE520_SandBox/int_gen_soc_re/int_gen_soc_vitis/int_gen_plat/hw/int_gen_bd_re_wrapper.xsa
TRACE::2026-03-16.21:42:41::SCWPlatform::DSA given C:/Users/ER250/OneDrive/Documents/ECE520_SOC/ECE520_SandBox/int_gen_soc_re/int_gen_soc_vitis/int_gen_plat/hw/int_gen_bd_re_wrapper.xsa
TRACE::2026-03-16.21:42:41::SCWPlatform::DSA absoulate path C:/Users/ER250/OneDrive/Documents/ECE520_SOC/ECE520_SandBox/int_gen_soc_re/int_gen_soc_vitis/int_gen_plat/hw/int_gen_bd_re_wrapper.xsa
TRACE::2026-03-16.21:42:41::SCWPlatform::DSA directory C:/Users/ER250/OneDrive/Documents/ECE520_SOC/ECE520_SandBox/int_gen_soc_re/int_gen_soc_vitis/int_gen_plat/hw
TRACE::2026-03-16.21:42:41::SCWPlatform:: Platform Path C:/Users/ER250/OneDrive/Documents/ECE520_SOC/ECE520_SandBox/int_gen_soc_re/int_gen_soc_vitis/int_gen_plat/hw/int_gen_bd_re_wrapper.xsa
TRACE::2026-03-16.21:42:41::SCWPlatform:: Unique name xilinx:zybo-z7-10::0.0
TRACE::2026-03-16.21:42:41::SCWPlatform::Trying to set the existing hwdb with name int_gen_bd_re_wrapper_2
TRACE::2026-03-16.21:42:41::SCWPlatform::Opened existing hwdb int_gen_bd_re_wrapper_2
TRACE::2026-03-16.21:42:41::SCWPlatform::Found the Hw Db part of the input DSA
TRACE::2026-03-16.21:42:41::SCWMssOS::Checking the sw design at  C:/Users/ER250/OneDrive/Documents/ECE520_SOC/ECE520_SandBox/int_gen_soc_re/int_gen_soc_vitis/int_gen_plat/zynq_fsbl/zynq_fsbl_bsp/system.mss
TRACE::2026-03-16.21:42:41::SCWMssOS::DEBUG:  swdes dump  C:/Users/ER250/OneDrive/Documents/ECE520_SOC/ECE520_SandBox/int_gen_soc_re/int_gen_soc_vitis/int_gen_plat/ps7_cortexa9_0/standalone_domain/bsp/system.mss|system_0||
C:/Users/ER250/OneDrive/Documents/ECE520_SOC/ECE520_SandBox/int_gen_soc_re/int_gen_soc_vitis/int_gen_plat/zynq_fsbl/zynq_fsbl_bsp/system.mss|system||

TRACE::2026-03-16.21:42:41::SCWMssOS::Sw design exists and opened at  C:/Users/ER250/OneDrive/Documents/ECE520_SOC/ECE520_SandBox/int_gen_soc_re/int_gen_soc_vitis/int_gen_plat/zynq_fsbl/zynq_fsbl_bsp/system.mss
TRACE::2026-03-16.21:42:41::SCWMssOS:: library already available in sw design:  xilrsa:1.6
TRACE::2026-03-16.21:42:41::SCWPlatform::Trying to open the hw design at C:/Users/ER250/OneDrive/Documents/ECE520_SOC/ECE520_SandBox/int_gen_soc_re/int_gen_soc_vitis/int_gen_plat/hw/int_gen_bd_re_wrapper.xsa
TRACE::2026-03-16.21:42:41::SCWPlatform::DSA given C:/Users/ER250/OneDrive/Documents/ECE520_SOC/ECE520_SandBox/int_gen_soc_re/int_gen_soc_vitis/int_gen_plat/hw/int_gen_bd_re_wrapper.xsa
TRACE::2026-03-16.21:42:41::SCWPlatform::DSA absoulate path C:/Users/ER250/OneDrive/Documents/ECE520_SOC/ECE520_SandBox/int_gen_soc_re/int_gen_soc_vitis/int_gen_plat/hw/int_gen_bd_re_wrapper.xsa
TRACE::2026-03-16.21:42:41::SCWPlatform::DSA directory C:/Users/ER250/OneDrive/Documents/ECE520_SOC/ECE520_SandBox/int_gen_soc_re/int_gen_soc_vitis/int_gen_plat/hw
TRACE::2026-03-16.21:42:41::SCWPlatform:: Platform Path C:/Users/ER250/OneDrive/Documents/ECE520_SOC/ECE520_SandBox/int_gen_soc_re/int_gen_soc_vitis/int_gen_plat/hw/int_gen_bd_re_wrapper.xsa
TRACE::2026-03-16.21:42:41::SCWPlatform:: Unique name xilinx:zybo-z7-10::0.0
TRACE::2026-03-16.21:42:41::SCWPlatform::Trying to set the existing hwdb with name int_gen_bd_re_wrapper_2
TRACE::2026-03-16.21:42:41::SCWPlatform::Opened existing hwdb int_gen_bd_re_wrapper_2
TRACE::2026-03-16.21:42:41::SCWPlatform::Found the Hw Db part of the input DSA
TRACE::2026-03-16.21:42:41::SCWMssOS::Checking the sw design at  C:/Users/ER250/OneDrive/Documents/ECE520_SOC/ECE520_SandBox/int_gen_soc_re/int_gen_soc_vitis/int_gen_plat/zynq_fsbl/zynq_fsbl_bsp/system.mss
TRACE::2026-03-16.21:42:41::SCWMssOS::DEBUG:  swdes dump  C:/Users/ER250/OneDrive/Documents/ECE520_SOC/ECE520_SandBox/int_gen_soc_re/int_gen_soc_vitis/int_gen_plat/ps7_cortexa9_0/standalone_domain/bsp/system.mss|system_0||
C:/Users/ER250/OneDrive/Documents/ECE520_SOC/ECE520_SandBox/int_gen_soc_re/int_gen_soc_vitis/int_gen_plat/zynq_fsbl/zynq_fsbl_bsp/system.mss|system||

TRACE::2026-03-16.21:42:41::SCWMssOS::Sw design exists and opened at  C:/Users/ER250/OneDrive/Documents/ECE520_SOC/ECE520_SandBox/int_gen_soc_re/int_gen_soc_vitis/int_gen_plat/zynq_fsbl/zynq_fsbl_bsp/system.mss
TRACE::2026-03-16.21:42:41::SCWMssOS::Saving the mss changes C:/Users/ER250/OneDrive/Documents/ECE520_SOC/ECE520_SandBox/int_gen_soc_re/int_gen_soc_vitis/int_gen_plat/zynq_fsbl/zynq_fsbl_bsp/system.mss
TRACE::2026-03-16.21:42:41::SCWMssOS::Found a swdesign opened with the mssfile.
TRACE::2026-03-16.21:42:41::SCWMssOS::Completed writemss as part of save.
TRACE::2026-03-16.21:42:41::SCWMssOS::Commit changes completed.
TRACE::2026-03-16.21:42:41::SCWPlatform::Trying to open the hw design at C:/Users/ER250/OneDrive/Documents/ECE520_SOC/ECE520_SandBox/int_gen_soc_re/int_gen_soc_vitis/int_gen_plat/hw/int_gen_bd_re_wrapper.xsa
TRACE::2026-03-16.21:42:41::SCWPlatform::DSA given C:/Users/ER250/OneDrive/Documents/ECE520_SOC/ECE520_SandBox/int_gen_soc_re/int_gen_soc_vitis/int_gen_plat/hw/int_gen_bd_re_wrapper.xsa
TRACE::2026-03-16.21:42:41::SCWPlatform::DSA absoulate path C:/Users/ER250/OneDrive/Documents/ECE520_SOC/ECE520_SandBox/int_gen_soc_re/int_gen_soc_vitis/int_gen_plat/hw/int_gen_bd_re_wrapper.xsa
TRACE::2026-03-16.21:42:41::SCWPlatform::DSA directory C:/Users/ER250/OneDrive/Documents/ECE520_SOC/ECE520_SandBox/int_gen_soc_re/int_gen_soc_vitis/int_gen_plat/hw
TRACE::2026-03-16.21:42:41::SCWPlatform:: Platform Path C:/Users/ER250/OneDrive/Documents/ECE520_SOC/ECE520_SandBox/int_gen_soc_re/int_gen_soc_vitis/int_gen_plat/hw/int_gen_bd_re_wrapper.xsa
TRACE::2026-03-16.21:42:41::SCWPlatform:: Unique name xilinx:zybo-z7-10::0.0
TRACE::2026-03-16.21:42:41::SCWPlatform::Trying to set the existing hwdb with name int_gen_bd_re_wrapper_2
TRACE::2026-03-16.21:42:41::SCWPlatform::Opened existing hwdb int_gen_bd_re_wrapper_2
TRACE::2026-03-16.21:42:41::SCWPlatform::Found the Hw Db part of the input DSA
TRACE::2026-03-16.21:42:41::SCWMssOS::Checking the sw design at  C:/Users/ER250/OneDrive/Documents/ECE520_SOC/ECE520_SandBox/int_gen_soc_re/int_gen_soc_vitis/int_gen_plat/zynq_fsbl/zynq_fsbl_bsp/system.mss
TRACE::2026-03-16.21:42:41::SCWMssOS::DEBUG:  swdes dump  C:/Users/ER250/OneDrive/Documents/ECE520_SOC/ECE520_SandBox/int_gen_soc_re/int_gen_soc_vitis/int_gen_plat/ps7_cortexa9_0/standalone_domain/bsp/system.mss|system_0||
C:/Users/ER250/OneDrive/Documents/ECE520_SOC/ECE520_SandBox/int_gen_soc_re/int_gen_soc_vitis/int_gen_plat/zynq_fsbl/zynq_fsbl_bsp/system.mss|system||

TRACE::2026-03-16.21:42:41::SCWMssOS::Sw design exists and opened at  C:/Users/ER250/OneDrive/Documents/ECE520_SOC/ECE520_SandBox/int_gen_soc_re/int_gen_soc_vitis/int_gen_plat/zynq_fsbl/zynq_fsbl_bsp/system.mss
TRACE::2026-03-16.21:42:41::SCWMssOS::Removing the swdes entry for  C:/Users/ER250/OneDrive/Documents/ECE520_SOC/ECE520_SandBox/int_gen_soc_re/int_gen_soc_vitis/int_gen_plat/zynq_fsbl/zynq_fsbl_bsp/system.mss
TRACE::2026-03-16.21:42:44::SCWPlatform::Trying to open the hw design at C:/Users/ER250/OneDrive/Documents/ECE520_SOC/ECE520_SandBox/int_gen_soc_re/int_gen_soc_vitis/int_gen_plat/hw/int_gen_bd_re_wrapper.xsa
TRACE::2026-03-16.21:42:44::SCWPlatform::DSA given C:/Users/ER250/OneDrive/Documents/ECE520_SOC/ECE520_SandBox/int_gen_soc_re/int_gen_soc_vitis/int_gen_plat/hw/int_gen_bd_re_wrapper.xsa
TRACE::2026-03-16.21:42:44::SCWPlatform::DSA absoulate path C:/Users/ER250/OneDrive/Documents/ECE520_SOC/ECE520_SandBox/int_gen_soc_re/int_gen_soc_vitis/int_gen_plat/hw/int_gen_bd_re_wrapper.xsa
TRACE::2026-03-16.21:42:44::SCWPlatform::DSA directory C:/Users/ER250/OneDrive/Documents/ECE520_SOC/ECE520_SandBox/int_gen_soc_re/int_gen_soc_vitis/int_gen_plat/hw
TRACE::2026-03-16.21:42:44::SCWPlatform:: Platform Path C:/Users/ER250/OneDrive/Documents/ECE520_SOC/ECE520_SandBox/int_gen_soc_re/int_gen_soc_vitis/int_gen_plat/hw/int_gen_bd_re_wrapper.xsa
TRACE::2026-03-16.21:42:44::SCWPlatform:: Unique name xilinx:zybo-z7-10::0.0
TRACE::2026-03-16.21:42:44::SCWPlatform::Trying to set the existing hwdb with name int_gen_bd_re_wrapper_2
TRACE::2026-03-16.21:42:44::SCWPlatform::Opened existing hwdb int_gen_bd_re_wrapper_2
TRACE::2026-03-16.21:42:44::SCWPlatform::Found the Hw Db part of the input DSA
TRACE::2026-03-16.21:42:44::SCWMssOS::Checking the sw design at  C:/Users/ER250/OneDrive/Documents/ECE520_SOC/ECE520_SandBox/int_gen_soc_re/int_gen_soc_vitis/int_gen_plat/zynq_fsbl/zynq_fsbl_bsp/system.mss
TRACE::2026-03-16.21:42:44::SCWMssOS::DEBUG:  swdes dump  C:/Users/ER250/OneDrive/Documents/ECE520_SOC/ECE520_SandBox/int_gen_soc_re/int_gen_soc_vitis/int_gen_plat/ps7_cortexa9_0/standalone_domain/bsp/system.mss|system_0||

TRACE::2026-03-16.21:42:44::SCWMssOS::No sw design opened at  C:/Users/ER250/OneDrive/Documents/ECE520_SOC/ECE520_SandBox/int_gen_soc_re/int_gen_soc_vitis/int_gen_plat/zynq_fsbl/zynq_fsbl_bsp/system.mss
TRACE::2026-03-16.21:42:44::SCWMssOS::mss exists loading the mss file  C:/Users/ER250/OneDrive/Documents/ECE520_SOC/ECE520_SandBox/int_gen_soc_re/int_gen_soc_vitis/int_gen_plat/zynq_fsbl/zynq_fsbl_bsp/system.mss
TRACE::2026-03-16.21:42:44::SCWMssOS::Opened the sw design from mss  C:/Users/ER250/OneDrive/Documents/ECE520_SOC/ECE520_SandBox/int_gen_soc_re/int_gen_soc_vitis/int_gen_plat/zynq_fsbl/zynq_fsbl_bsp/system.mss
TRACE::2026-03-16.21:42:44::SCWMssOS::Adding the swdes entry C:/Users/ER250/OneDrive/Documents/ECE520_SOC/ECE520_SandBox/int_gen_soc_re/int_gen_soc_vitis/int_gen_plat/zynq_fsbl/zynq_fsbl_bsp/system.mss with des name system
TRACE::2026-03-16.21:42:44::SCWMssOS::updating the scw layer about changes
TRACE::2026-03-16.21:42:44::SCWMssOS::Opened the sw design.  C:/Users/ER250/OneDrive/Documents/ECE520_SOC/ECE520_SandBox/int_gen_soc_re/int_gen_soc_vitis/int_gen_plat/zynq_fsbl/zynq_fsbl_bsp/system.mss
TRACE::2026-03-16.21:42:49::SCWMssOS::In reload Mss file.
TRACE::2026-03-16.21:42:49::SCWPlatform::Trying to open the hw design at C:/Users/ER250/OneDrive/Documents/ECE520_SOC/ECE520_SandBox/int_gen_soc_re/int_gen_soc_vitis/int_gen_plat/hw/int_gen_bd_re_wrapper.xsa
TRACE::2026-03-16.21:42:49::SCWPlatform::DSA given C:/Users/ER250/OneDrive/Documents/ECE520_SOC/ECE520_SandBox/int_gen_soc_re/int_gen_soc_vitis/int_gen_plat/hw/int_gen_bd_re_wrapper.xsa
TRACE::2026-03-16.21:42:49::SCWPlatform::DSA absoulate path C:/Users/ER250/OneDrive/Documents/ECE520_SOC/ECE520_SandBox/int_gen_soc_re/int_gen_soc_vitis/int_gen_plat/hw/int_gen_bd_re_wrapper.xsa
TRACE::2026-03-16.21:42:49::SCWPlatform::DSA directory C:/Users/ER250/OneDrive/Documents/ECE520_SOC/ECE520_SandBox/int_gen_soc_re/int_gen_soc_vitis/int_gen_plat/hw
TRACE::2026-03-16.21:42:49::SCWPlatform:: Platform Path C:/Users/ER250/OneDrive/Documents/ECE520_SOC/ECE520_SandBox/int_gen_soc_re/int_gen_soc_vitis/int_gen_plat/hw/int_gen_bd_re_wrapper.xsa
TRACE::2026-03-16.21:42:49::SCWPlatform:: Unique name xilinx:zybo-z7-10::0.0
TRACE::2026-03-16.21:42:49::SCWPlatform::Trying to set the existing hwdb with name int_gen_bd_re_wrapper_2
TRACE::2026-03-16.21:42:49::SCWPlatform::Opened existing hwdb int_gen_bd_re_wrapper_2
TRACE::2026-03-16.21:42:49::SCWPlatform::Found the Hw Db part of the input DSA
TRACE::2026-03-16.21:42:49::SCWMssOS::Checking the sw design at  C:/Users/ER250/OneDrive/Documents/ECE520_SOC/ECE520_SandBox/int_gen_soc_re/int_gen_soc_vitis/int_gen_plat/zynq_fsbl/zynq_fsbl_bsp/system.mss
TRACE::2026-03-16.21:42:49::SCWMssOS::DEBUG:  swdes dump  C:/Users/ER250/OneDrive/Documents/ECE520_SOC/ECE520_SandBox/int_gen_soc_re/int_gen_soc_vitis/int_gen_plat/ps7_cortexa9_0/standalone_domain/bsp/system.mss|system_0||

TRACE::2026-03-16.21:42:49::SCWMssOS::No sw design opened at  C:/Users/ER250/OneDrive/Documents/ECE520_SOC/ECE520_SandBox/int_gen_soc_re/int_gen_soc_vitis/int_gen_plat/zynq_fsbl/zynq_fsbl_bsp/system.mss
TRACE::2026-03-16.21:42:49::SCWMssOS::mss exists loading the mss file  C:/Users/ER250/OneDrive/Documents/ECE520_SOC/ECE520_SandBox/int_gen_soc_re/int_gen_soc_vitis/int_gen_plat/zynq_fsbl/zynq_fsbl_bsp/system.mss
TRACE::2026-03-16.21:42:49::SCWMssOS::Opened the sw design from mss  C:/Users/ER250/OneDrive/Documents/ECE520_SOC/ECE520_SandBox/int_gen_soc_re/int_gen_soc_vitis/int_gen_plat/zynq_fsbl/zynq_fsbl_bsp/system.mss
TRACE::2026-03-16.21:42:49::SCWMssOS::Adding the swdes entry C:/Users/ER250/OneDrive/Documents/ECE520_SOC/ECE520_SandBox/int_gen_soc_re/int_gen_soc_vitis/int_gen_plat/zynq_fsbl/zynq_fsbl_bsp/system.mss with des name system
TRACE::2026-03-16.21:42:49::SCWMssOS::updating the scw layer about changes
TRACE::2026-03-16.21:42:49::SCWMssOS::Opened the sw design.  C:/Users/ER250/OneDrive/Documents/ECE520_SOC/ECE520_SandBox/int_gen_soc_re/int_gen_soc_vitis/int_gen_plat/zynq_fsbl/zynq_fsbl_bsp/system.mss
TRACE::2026-03-16.21:42:49::SCWPlatform::Trying to open the hw design at C:/Users/ER250/OneDrive/Documents/ECE520_SOC/ECE520_SandBox/int_gen_soc_re/int_gen_soc_vitis/int_gen_plat/hw/int_gen_bd_re_wrapper.xsa
TRACE::2026-03-16.21:42:49::SCWPlatform::DSA given C:/Users/ER250/OneDrive/Documents/ECE520_SOC/ECE520_SandBox/int_gen_soc_re/int_gen_soc_vitis/int_gen_plat/hw/int_gen_bd_re_wrapper.xsa
TRACE::2026-03-16.21:42:49::SCWPlatform::DSA absoulate path C:/Users/ER250/OneDrive/Documents/ECE520_SOC/ECE520_SandBox/int_gen_soc_re/int_gen_soc_vitis/int_gen_plat/hw/int_gen_bd_re_wrapper.xsa
TRACE::2026-03-16.21:42:49::SCWPlatform::DSA directory C:/Users/ER250/OneDrive/Documents/ECE520_SOC/ECE520_SandBox/int_gen_soc_re/int_gen_soc_vitis/int_gen_plat/hw
TRACE::2026-03-16.21:42:49::SCWPlatform:: Platform Path C:/Users/ER250/OneDrive/Documents/ECE520_SOC/ECE520_SandBox/int_gen_soc_re/int_gen_soc_vitis/int_gen_plat/hw/int_gen_bd_re_wrapper.xsa
TRACE::2026-03-16.21:42:49::SCWPlatform:: Unique name xilinx:zybo-z7-10::0.0
TRACE::2026-03-16.21:42:49::SCWPlatform::Trying to set the existing hwdb with name int_gen_bd_re_wrapper_2
TRACE::2026-03-16.21:42:49::SCWPlatform::Opened existing hwdb int_gen_bd_re_wrapper_2
TRACE::2026-03-16.21:42:49::SCWPlatform::Found the Hw Db part of the input DSA
TRACE::2026-03-16.21:42:49::SCWMssOS::Checking the sw design at  C:/Users/ER250/OneDrive/Documents/ECE520_SOC/ECE520_SandBox/int_gen_soc_re/int_gen_soc_vitis/int_gen_plat/zynq_fsbl/zynq_fsbl_bsp/system.mss
TRACE::2026-03-16.21:42:49::SCWMssOS::DEBUG:  swdes dump  C:/Users/ER250/OneDrive/Documents/ECE520_SOC/ECE520_SandBox/int_gen_soc_re/int_gen_soc_vitis/int_gen_plat/ps7_cortexa9_0/standalone_domain/bsp/system.mss|system_0||
C:/Users/ER250/OneDrive/Documents/ECE520_SOC/ECE520_SandBox/int_gen_soc_re/int_gen_soc_vitis/int_gen_plat/zynq_fsbl/zynq_fsbl_bsp/system.mss|system||

TRACE::2026-03-16.21:42:49::SCWMssOS::Sw design exists and opened at  C:/Users/ER250/OneDrive/Documents/ECE520_SOC/ECE520_SandBox/int_gen_soc_re/int_gen_soc_vitis/int_gen_plat/zynq_fsbl/zynq_fsbl_bsp/system.mss
TRACE::2026-03-16.21:42:49::SCWMssOS:: library already available in sw design:  xilffs:5.0
TRACE::2026-03-16.21:42:49::SCWPlatform::Trying to open the hw design at C:/Users/ER250/OneDrive/Documents/ECE520_SOC/ECE520_SandBox/int_gen_soc_re/int_gen_soc_vitis/int_gen_plat/hw/int_gen_bd_re_wrapper.xsa
TRACE::2026-03-16.21:42:49::SCWPlatform::DSA given C:/Users/ER250/OneDrive/Documents/ECE520_SOC/ECE520_SandBox/int_gen_soc_re/int_gen_soc_vitis/int_gen_plat/hw/int_gen_bd_re_wrapper.xsa
TRACE::2026-03-16.21:42:49::SCWPlatform::DSA absoulate path C:/Users/ER250/OneDrive/Documents/ECE520_SOC/ECE520_SandBox/int_gen_soc_re/int_gen_soc_vitis/int_gen_plat/hw/int_gen_bd_re_wrapper.xsa
TRACE::2026-03-16.21:42:49::SCWPlatform::DSA directory C:/Users/ER250/OneDrive/Documents/ECE520_SOC/ECE520_SandBox/int_gen_soc_re/int_gen_soc_vitis/int_gen_plat/hw
TRACE::2026-03-16.21:42:49::SCWPlatform:: Platform Path C:/Users/ER250/OneDrive/Documents/ECE520_SOC/ECE520_SandBox/int_gen_soc_re/int_gen_soc_vitis/int_gen_plat/hw/int_gen_bd_re_wrapper.xsa
TRACE::2026-03-16.21:42:49::SCWPlatform:: Unique name xilinx:zybo-z7-10::0.0
TRACE::2026-03-16.21:42:49::SCWPlatform::Trying to set the existing hwdb with name int_gen_bd_re_wrapper_2
TRACE::2026-03-16.21:42:49::SCWPlatform::Opened existing hwdb int_gen_bd_re_wrapper_2
TRACE::2026-03-16.21:42:49::SCWPlatform::Found the Hw Db part of the input DSA
TRACE::2026-03-16.21:42:49::SCWMssOS::Checking the sw design at  C:/Users/ER250/OneDrive/Documents/ECE520_SOC/ECE520_SandBox/int_gen_soc_re/int_gen_soc_vitis/int_gen_plat/zynq_fsbl/zynq_fsbl_bsp/system.mss
TRACE::2026-03-16.21:42:49::SCWMssOS::DEBUG:  swdes dump  C:/Users/ER250/OneDrive/Documents/ECE520_SOC/ECE520_SandBox/int_gen_soc_re/int_gen_soc_vitis/int_gen_plat/ps7_cortexa9_0/standalone_domain/bsp/system.mss|system_0||
C:/Users/ER250/OneDrive/Documents/ECE520_SOC/ECE520_SandBox/int_gen_soc_re/int_gen_soc_vitis/int_gen_plat/zynq_fsbl/zynq_fsbl_bsp/system.mss|system||

TRACE::2026-03-16.21:42:49::SCWMssOS::Sw design exists and opened at  C:/Users/ER250/OneDrive/Documents/ECE520_SOC/ECE520_SandBox/int_gen_soc_re/int_gen_soc_vitis/int_gen_plat/zynq_fsbl/zynq_fsbl_bsp/system.mss
TRACE::2026-03-16.21:42:49::SCWMssOS:: library already available in sw design:  xilrsa:1.6
TRACE::2026-03-16.21:42:49::SCWPlatform::Trying to open the hw design at C:/Users/ER250/OneDrive/Documents/ECE520_SOC/ECE520_SandBox/int_gen_soc_re/int_gen_soc_vitis/int_gen_plat/hw/int_gen_bd_re_wrapper.xsa
TRACE::2026-03-16.21:42:49::SCWPlatform::DSA given C:/Users/ER250/OneDrive/Documents/ECE520_SOC/ECE520_SandBox/int_gen_soc_re/int_gen_soc_vitis/int_gen_plat/hw/int_gen_bd_re_wrapper.xsa
TRACE::2026-03-16.21:42:49::SCWPlatform::DSA absoulate path C:/Users/ER250/OneDrive/Documents/ECE520_SOC/ECE520_SandBox/int_gen_soc_re/int_gen_soc_vitis/int_gen_plat/hw/int_gen_bd_re_wrapper.xsa
TRACE::2026-03-16.21:42:49::SCWPlatform::DSA directory C:/Users/ER250/OneDrive/Documents/ECE520_SOC/ECE520_SandBox/int_gen_soc_re/int_gen_soc_vitis/int_gen_plat/hw
TRACE::2026-03-16.21:42:49::SCWPlatform:: Platform Path C:/Users/ER250/OneDrive/Documents/ECE520_SOC/ECE520_SandBox/int_gen_soc_re/int_gen_soc_vitis/int_gen_plat/hw/int_gen_bd_re_wrapper.xsa
TRACE::2026-03-16.21:42:49::SCWPlatform:: Unique name xilinx:zybo-z7-10::0.0
TRACE::2026-03-16.21:42:49::SCWPlatform::Trying to set the existing hwdb with name int_gen_bd_re_wrapper_2
TRACE::2026-03-16.21:42:49::SCWPlatform::Opened existing hwdb int_gen_bd_re_wrapper_2
TRACE::2026-03-16.21:42:49::SCWPlatform::Found the Hw Db part of the input DSA
TRACE::2026-03-16.21:42:49::SCWMssOS::Checking the sw design at  C:/Users/ER250/OneDrive/Documents/ECE520_SOC/ECE520_SandBox/int_gen_soc_re/int_gen_soc_vitis/int_gen_plat/zynq_fsbl/zynq_fsbl_bsp/system.mss
TRACE::2026-03-16.21:42:49::SCWMssOS::DEBUG:  swdes dump  C:/Users/ER250/OneDrive/Documents/ECE520_SOC/ECE520_SandBox/int_gen_soc_re/int_gen_soc_vitis/int_gen_plat/ps7_cortexa9_0/standalone_domain/bsp/system.mss|system_0||
C:/Users/ER250/OneDrive/Documents/ECE520_SOC/ECE520_SandBox/int_gen_soc_re/int_gen_soc_vitis/int_gen_plat/zynq_fsbl/zynq_fsbl_bsp/system.mss|system||

TRACE::2026-03-16.21:42:49::SCWMssOS::Sw design exists and opened at  C:/Users/ER250/OneDrive/Documents/ECE520_SOC/ECE520_SandBox/int_gen_soc_re/int_gen_soc_vitis/int_gen_plat/zynq_fsbl/zynq_fsbl_bsp/system.mss
TRACE::2026-03-16.21:42:49::SCWMssOS::Saving the mss changes C:/Users/ER250/OneDrive/Documents/ECE520_SOC/ECE520_SandBox/int_gen_soc_re/int_gen_soc_vitis/int_gen_plat/zynq_fsbl/zynq_fsbl_bsp/system.mss
TRACE::2026-03-16.21:42:49::SCWMssOS::Found a swdesign opened with the mssfile.
TRACE::2026-03-16.21:42:49::SCWMssOS::Completed writemss as part of save.
TRACE::2026-03-16.21:42:49::SCWMssOS::Commit changes completed.
TRACE::2026-03-16.21:42:49::SCWPlatform::Trying to open the hw design at C:/Users/ER250/OneDrive/Documents/ECE520_SOC/ECE520_SandBox/int_gen_soc_re/int_gen_soc_vitis/int_gen_plat/hw/int_gen_bd_re_wrapper.xsa
TRACE::2026-03-16.21:42:49::SCWPlatform::DSA given C:/Users/ER250/OneDrive/Documents/ECE520_SOC/ECE520_SandBox/int_gen_soc_re/int_gen_soc_vitis/int_gen_plat/hw/int_gen_bd_re_wrapper.xsa
TRACE::2026-03-16.21:42:49::SCWPlatform::DSA absoulate path C:/Users/ER250/OneDrive/Documents/ECE520_SOC/ECE520_SandBox/int_gen_soc_re/int_gen_soc_vitis/int_gen_plat/hw/int_gen_bd_re_wrapper.xsa
TRACE::2026-03-16.21:42:49::SCWPlatform::DSA directory C:/Users/ER250/OneDrive/Documents/ECE520_SOC/ECE520_SandBox/int_gen_soc_re/int_gen_soc_vitis/int_gen_plat/hw
TRACE::2026-03-16.21:42:49::SCWPlatform:: Platform Path C:/Users/ER250/OneDrive/Documents/ECE520_SOC/ECE520_SandBox/int_gen_soc_re/int_gen_soc_vitis/int_gen_plat/hw/int_gen_bd_re_wrapper.xsa
TRACE::2026-03-16.21:42:49::SCWPlatform:: Unique name xilinx:zybo-z7-10::0.0
TRACE::2026-03-16.21:42:49::SCWPlatform::Trying to set the existing hwdb with name int_gen_bd_re_wrapper_2
TRACE::2026-03-16.21:42:49::SCWPlatform::Opened existing hwdb int_gen_bd_re_wrapper_2
TRACE::2026-03-16.21:42:49::SCWPlatform::Found the Hw Db part of the input DSA
TRACE::2026-03-16.21:42:49::SCWMssOS::Checking the sw design at  C:/Users/ER250/OneDrive/Documents/ECE520_SOC/ECE520_SandBox/int_gen_soc_re/int_gen_soc_vitis/int_gen_plat/zynq_fsbl/zynq_fsbl_bsp/system.mss
TRACE::2026-03-16.21:42:49::SCWMssOS::DEBUG:  swdes dump  C:/Users/ER250/OneDrive/Documents/ECE520_SOC/ECE520_SandBox/int_gen_soc_re/int_gen_soc_vitis/int_gen_plat/ps7_cortexa9_0/standalone_domain/bsp/system.mss|system_0||
C:/Users/ER250/OneDrive/Documents/ECE520_SOC/ECE520_SandBox/int_gen_soc_re/int_gen_soc_vitis/int_gen_plat/zynq_fsbl/zynq_fsbl_bsp/system.mss|system||

TRACE::2026-03-16.21:42:49::SCWMssOS::Sw design exists and opened at  C:/Users/ER250/OneDrive/Documents/ECE520_SOC/ECE520_SandBox/int_gen_soc_re/int_gen_soc_vitis/int_gen_plat/zynq_fsbl/zynq_fsbl_bsp/system.mss
TRACE::2026-03-16.21:42:49::SCWMssOS::Removing the swdes entry for  C:/Users/ER250/OneDrive/Documents/ECE520_SOC/ECE520_SandBox/int_gen_soc_re/int_gen_soc_vitis/int_gen_plat/zynq_fsbl/zynq_fsbl_bsp/system.mss
TRACE::2026-03-16.21:42:59::SCWPlatform::Trying to open the hw design at C:/Users/ER250/OneDrive/Documents/ECE520_SOC/ECE520_SandBox/int_gen_soc_re/int_gen_soc_vitis/int_gen_plat/hw/int_gen_bd_re_wrapper.xsa
TRACE::2026-03-16.21:42:59::SCWPlatform::DSA given C:/Users/ER250/OneDrive/Documents/ECE520_SOC/ECE520_SandBox/int_gen_soc_re/int_gen_soc_vitis/int_gen_plat/hw/int_gen_bd_re_wrapper.xsa
TRACE::2026-03-16.21:42:59::SCWPlatform::DSA absoulate path C:/Users/ER250/OneDrive/Documents/ECE520_SOC/ECE520_SandBox/int_gen_soc_re/int_gen_soc_vitis/int_gen_plat/hw/int_gen_bd_re_wrapper.xsa
TRACE::2026-03-16.21:42:59::SCWPlatform::DSA directory C:/Users/ER250/OneDrive/Documents/ECE520_SOC/ECE520_SandBox/int_gen_soc_re/int_gen_soc_vitis/int_gen_plat/hw
TRACE::2026-03-16.21:42:59::SCWPlatform:: Platform Path C:/Users/ER250/OneDrive/Documents/ECE520_SOC/ECE520_SandBox/int_gen_soc_re/int_gen_soc_vitis/int_gen_plat/hw/int_gen_bd_re_wrapper.xsa
TRACE::2026-03-16.21:42:59::SCWPlatform:: Unique name xilinx:zybo-z7-10::0.0
TRACE::2026-03-16.21:42:59::SCWPlatform::Trying to set the existing hwdb with name int_gen_bd_re_wrapper_2
TRACE::2026-03-16.21:42:59::SCWPlatform::Opened existing hwdb int_gen_bd_re_wrapper_2
TRACE::2026-03-16.21:42:59::SCWPlatform::Found the Hw Db part of the input DSA
TRACE::2026-03-16.21:42:59::SCWMssOS::Checking the sw design at  C:/Users/ER250/OneDrive/Documents/ECE520_SOC/ECE520_SandBox/int_gen_soc_re/int_gen_soc_vitis/int_gen_plat/zynq_fsbl/zynq_fsbl_bsp/system.mss
TRACE::2026-03-16.21:42:59::SCWMssOS::DEBUG:  swdes dump  C:/Users/ER250/OneDrive/Documents/ECE520_SOC/ECE520_SandBox/int_gen_soc_re/int_gen_soc_vitis/int_gen_plat/ps7_cortexa9_0/standalone_domain/bsp/system.mss|system_0||

TRACE::2026-03-16.21:42:59::SCWMssOS::No sw design opened at  C:/Users/ER250/OneDrive/Documents/ECE520_SOC/ECE520_SandBox/int_gen_soc_re/int_gen_soc_vitis/int_gen_plat/zynq_fsbl/zynq_fsbl_bsp/system.mss
TRACE::2026-03-16.21:42:59::SCWMssOS::mss exists loading the mss file  C:/Users/ER250/OneDrive/Documents/ECE520_SOC/ECE520_SandBox/int_gen_soc_re/int_gen_soc_vitis/int_gen_plat/zynq_fsbl/zynq_fsbl_bsp/system.mss
TRACE::2026-03-16.21:42:59::SCWMssOS::Opened the sw design from mss  C:/Users/ER250/OneDrive/Documents/ECE520_SOC/ECE520_SandBox/int_gen_soc_re/int_gen_soc_vitis/int_gen_plat/zynq_fsbl/zynq_fsbl_bsp/system.mss
TRACE::2026-03-16.21:42:59::SCWMssOS::Adding the swdes entry C:/Users/ER250/OneDrive/Documents/ECE520_SOC/ECE520_SandBox/int_gen_soc_re/int_gen_soc_vitis/int_gen_plat/zynq_fsbl/zynq_fsbl_bsp/system.mss with des name system
TRACE::2026-03-16.21:42:59::SCWMssOS::updating the scw layer about changes
TRACE::2026-03-16.21:42:59::SCWMssOS::Opened the sw design.  C:/Users/ER250/OneDrive/Documents/ECE520_SOC/ECE520_SandBox/int_gen_soc_re/int_gen_soc_vitis/int_gen_plat/zynq_fsbl/zynq_fsbl_bsp/system.mss
TRACE::2026-03-16.21:43:12::SCWMssOS::In reload Mss file.
TRACE::2026-03-16.21:43:12::SCWPlatform::Trying to open the hw design at C:/Users/ER250/OneDrive/Documents/ECE520_SOC/ECE520_SandBox/int_gen_soc_re/int_gen_soc_vitis/int_gen_plat/hw/int_gen_bd_re_wrapper.xsa
TRACE::2026-03-16.21:43:12::SCWPlatform::DSA given C:/Users/ER250/OneDrive/Documents/ECE520_SOC/ECE520_SandBox/int_gen_soc_re/int_gen_soc_vitis/int_gen_plat/hw/int_gen_bd_re_wrapper.xsa
TRACE::2026-03-16.21:43:12::SCWPlatform::DSA absoulate path C:/Users/ER250/OneDrive/Documents/ECE520_SOC/ECE520_SandBox/int_gen_soc_re/int_gen_soc_vitis/int_gen_plat/hw/int_gen_bd_re_wrapper.xsa
TRACE::2026-03-16.21:43:12::SCWPlatform::DSA directory C:/Users/ER250/OneDrive/Documents/ECE520_SOC/ECE520_SandBox/int_gen_soc_re/int_gen_soc_vitis/int_gen_plat/hw
TRACE::2026-03-16.21:43:12::SCWPlatform:: Platform Path C:/Users/ER250/OneDrive/Documents/ECE520_SOC/ECE520_SandBox/int_gen_soc_re/int_gen_soc_vitis/int_gen_plat/hw/int_gen_bd_re_wrapper.xsa
TRACE::2026-03-16.21:43:12::SCWPlatform:: Unique name xilinx:zybo-z7-10::0.0
TRACE::2026-03-16.21:43:12::SCWPlatform::Trying to set the existing hwdb with name int_gen_bd_re_wrapper_2
TRACE::2026-03-16.21:43:12::SCWPlatform::Opened existing hwdb int_gen_bd_re_wrapper_2
TRACE::2026-03-16.21:43:12::SCWPlatform::Found the Hw Db part of the input DSA
TRACE::2026-03-16.21:43:12::SCWMssOS::Checking the sw design at  C:/Users/ER250/OneDrive/Documents/ECE520_SOC/ECE520_SandBox/int_gen_soc_re/int_gen_soc_vitis/int_gen_plat/zynq_fsbl/zynq_fsbl_bsp/system.mss
TRACE::2026-03-16.21:43:12::SCWMssOS::DEBUG:  swdes dump  C:/Users/ER250/OneDrive/Documents/ECE520_SOC/ECE520_SandBox/int_gen_soc_re/int_gen_soc_vitis/int_gen_plat/ps7_cortexa9_0/standalone_domain/bsp/system.mss|system_0||

TRACE::2026-03-16.21:43:12::SCWMssOS::No sw design opened at  C:/Users/ER250/OneDrive/Documents/ECE520_SOC/ECE520_SandBox/int_gen_soc_re/int_gen_soc_vitis/int_gen_plat/zynq_fsbl/zynq_fsbl_bsp/system.mss
TRACE::2026-03-16.21:43:12::SCWMssOS::mss exists loading the mss file  C:/Users/ER250/OneDrive/Documents/ECE520_SOC/ECE520_SandBox/int_gen_soc_re/int_gen_soc_vitis/int_gen_plat/zynq_fsbl/zynq_fsbl_bsp/system.mss
TRACE::2026-03-16.21:43:12::SCWMssOS::Opened the sw design from mss  C:/Users/ER250/OneDrive/Documents/ECE520_SOC/ECE520_SandBox/int_gen_soc_re/int_gen_soc_vitis/int_gen_plat/zynq_fsbl/zynq_fsbl_bsp/system.mss
TRACE::2026-03-16.21:43:12::SCWMssOS::Adding the swdes entry C:/Users/ER250/OneDrive/Documents/ECE520_SOC/ECE520_SandBox/int_gen_soc_re/int_gen_soc_vitis/int_gen_plat/zynq_fsbl/zynq_fsbl_bsp/system.mss with des name system
TRACE::2026-03-16.21:43:12::SCWMssOS::updating the scw layer about changes
TRACE::2026-03-16.21:43:12::SCWMssOS::Opened the sw design.  C:/Users/ER250/OneDrive/Documents/ECE520_SOC/ECE520_SandBox/int_gen_soc_re/int_gen_soc_vitis/int_gen_plat/zynq_fsbl/zynq_fsbl_bsp/system.mss
TRACE::2026-03-16.21:43:12::SCWPlatform::Trying to open the hw design at C:/Users/ER250/OneDrive/Documents/ECE520_SOC/ECE520_SandBox/int_gen_soc_re/int_gen_soc_vitis/int_gen_plat/hw/int_gen_bd_re_wrapper.xsa
TRACE::2026-03-16.21:43:12::SCWPlatform::DSA given C:/Users/ER250/OneDrive/Documents/ECE520_SOC/ECE520_SandBox/int_gen_soc_re/int_gen_soc_vitis/int_gen_plat/hw/int_gen_bd_re_wrapper.xsa
TRACE::2026-03-16.21:43:12::SCWPlatform::DSA absoulate path C:/Users/ER250/OneDrive/Documents/ECE520_SOC/ECE520_SandBox/int_gen_soc_re/int_gen_soc_vitis/int_gen_plat/hw/int_gen_bd_re_wrapper.xsa
TRACE::2026-03-16.21:43:12::SCWPlatform::DSA directory C:/Users/ER250/OneDrive/Documents/ECE520_SOC/ECE520_SandBox/int_gen_soc_re/int_gen_soc_vitis/int_gen_plat/hw
TRACE::2026-03-16.21:43:12::SCWPlatform:: Platform Path C:/Users/ER250/OneDrive/Documents/ECE520_SOC/ECE520_SandBox/int_gen_soc_re/int_gen_soc_vitis/int_gen_plat/hw/int_gen_bd_re_wrapper.xsa
TRACE::2026-03-16.21:43:12::SCWPlatform:: Unique name xilinx:zybo-z7-10::0.0
TRACE::2026-03-16.21:43:12::SCWPlatform::Trying to set the existing hwdb with name int_gen_bd_re_wrapper_2
TRACE::2026-03-16.21:43:12::SCWPlatform::Opened existing hwdb int_gen_bd_re_wrapper_2
TRACE::2026-03-16.21:43:12::SCWPlatform::Found the Hw Db part of the input DSA
TRACE::2026-03-16.21:43:12::SCWMssOS::Checking the sw design at  C:/Users/ER250/OneDrive/Documents/ECE520_SOC/ECE520_SandBox/int_gen_soc_re/int_gen_soc_vitis/int_gen_plat/zynq_fsbl/zynq_fsbl_bsp/system.mss
TRACE::2026-03-16.21:43:12::SCWMssOS::DEBUG:  swdes dump  C:/Users/ER250/OneDrive/Documents/ECE520_SOC/ECE520_SandBox/int_gen_soc_re/int_gen_soc_vitis/int_gen_plat/ps7_cortexa9_0/standalone_domain/bsp/system.mss|system_0||
C:/Users/ER250/OneDrive/Documents/ECE520_SOC/ECE520_SandBox/int_gen_soc_re/int_gen_soc_vitis/int_gen_plat/zynq_fsbl/zynq_fsbl_bsp/system.mss|system||

TRACE::2026-03-16.21:43:12::SCWMssOS::Sw design exists and opened at  C:/Users/ER250/OneDrive/Documents/ECE520_SOC/ECE520_SandBox/int_gen_soc_re/int_gen_soc_vitis/int_gen_plat/zynq_fsbl/zynq_fsbl_bsp/system.mss
TRACE::2026-03-16.21:43:12::SCWMssOS:: library already available in sw design:  xilffs:5.0
TRACE::2026-03-16.21:43:12::SCWPlatform::Trying to open the hw design at C:/Users/ER250/OneDrive/Documents/ECE520_SOC/ECE520_SandBox/int_gen_soc_re/int_gen_soc_vitis/int_gen_plat/hw/int_gen_bd_re_wrapper.xsa
TRACE::2026-03-16.21:43:12::SCWPlatform::DSA given C:/Users/ER250/OneDrive/Documents/ECE520_SOC/ECE520_SandBox/int_gen_soc_re/int_gen_soc_vitis/int_gen_plat/hw/int_gen_bd_re_wrapper.xsa
TRACE::2026-03-16.21:43:12::SCWPlatform::DSA absoulate path C:/Users/ER250/OneDrive/Documents/ECE520_SOC/ECE520_SandBox/int_gen_soc_re/int_gen_soc_vitis/int_gen_plat/hw/int_gen_bd_re_wrapper.xsa
TRACE::2026-03-16.21:43:12::SCWPlatform::DSA directory C:/Users/ER250/OneDrive/Documents/ECE520_SOC/ECE520_SandBox/int_gen_soc_re/int_gen_soc_vitis/int_gen_plat/hw
TRACE::2026-03-16.21:43:12::SCWPlatform:: Platform Path C:/Users/ER250/OneDrive/Documents/ECE520_SOC/ECE520_SandBox/int_gen_soc_re/int_gen_soc_vitis/int_gen_plat/hw/int_gen_bd_re_wrapper.xsa
TRACE::2026-03-16.21:43:12::SCWPlatform:: Unique name xilinx:zybo-z7-10::0.0
TRACE::2026-03-16.21:43:12::SCWPlatform::Trying to set the existing hwdb with name int_gen_bd_re_wrapper_2
TRACE::2026-03-16.21:43:12::SCWPlatform::Opened existing hwdb int_gen_bd_re_wrapper_2
TRACE::2026-03-16.21:43:12::SCWPlatform::Found the Hw Db part of the input DSA
TRACE::2026-03-16.21:43:12::SCWMssOS::Checking the sw design at  C:/Users/ER250/OneDrive/Documents/ECE520_SOC/ECE520_SandBox/int_gen_soc_re/int_gen_soc_vitis/int_gen_plat/zynq_fsbl/zynq_fsbl_bsp/system.mss
TRACE::2026-03-16.21:43:12::SCWMssOS::DEBUG:  swdes dump  C:/Users/ER250/OneDrive/Documents/ECE520_SOC/ECE520_SandBox/int_gen_soc_re/int_gen_soc_vitis/int_gen_plat/ps7_cortexa9_0/standalone_domain/bsp/system.mss|system_0||
C:/Users/ER250/OneDrive/Documents/ECE520_SOC/ECE520_SandBox/int_gen_soc_re/int_gen_soc_vitis/int_gen_plat/zynq_fsbl/zynq_fsbl_bsp/system.mss|system||

TRACE::2026-03-16.21:43:12::SCWMssOS::Sw design exists and opened at  C:/Users/ER250/OneDrive/Documents/ECE520_SOC/ECE520_SandBox/int_gen_soc_re/int_gen_soc_vitis/int_gen_plat/zynq_fsbl/zynq_fsbl_bsp/system.mss
TRACE::2026-03-16.21:43:12::SCWMssOS:: library already available in sw design:  xilrsa:1.6
TRACE::2026-03-16.21:43:12::SCWPlatform::Trying to open the hw design at C:/Users/ER250/OneDrive/Documents/ECE520_SOC/ECE520_SandBox/int_gen_soc_re/int_gen_soc_vitis/int_gen_plat/hw/int_gen_bd_re_wrapper.xsa
TRACE::2026-03-16.21:43:12::SCWPlatform::DSA given C:/Users/ER250/OneDrive/Documents/ECE520_SOC/ECE520_SandBox/int_gen_soc_re/int_gen_soc_vitis/int_gen_plat/hw/int_gen_bd_re_wrapper.xsa
TRACE::2026-03-16.21:43:12::SCWPlatform::DSA absoulate path C:/Users/ER250/OneDrive/Documents/ECE520_SOC/ECE520_SandBox/int_gen_soc_re/int_gen_soc_vitis/int_gen_plat/hw/int_gen_bd_re_wrapper.xsa
TRACE::2026-03-16.21:43:12::SCWPlatform::DSA directory C:/Users/ER250/OneDrive/Documents/ECE520_SOC/ECE520_SandBox/int_gen_soc_re/int_gen_soc_vitis/int_gen_plat/hw
TRACE::2026-03-16.21:43:12::SCWPlatform:: Platform Path C:/Users/ER250/OneDrive/Documents/ECE520_SOC/ECE520_SandBox/int_gen_soc_re/int_gen_soc_vitis/int_gen_plat/hw/int_gen_bd_re_wrapper.xsa
TRACE::2026-03-16.21:43:12::SCWPlatform:: Unique name xilinx:zybo-z7-10::0.0
TRACE::2026-03-16.21:43:12::SCWPlatform::Trying to set the existing hwdb with name int_gen_bd_re_wrapper_2
TRACE::2026-03-16.21:43:12::SCWPlatform::Opened existing hwdb int_gen_bd_re_wrapper_2
TRACE::2026-03-16.21:43:12::SCWPlatform::Found the Hw Db part of the input DSA
TRACE::2026-03-16.21:43:12::SCWMssOS::Checking the sw design at  C:/Users/ER250/OneDrive/Documents/ECE520_SOC/ECE520_SandBox/int_gen_soc_re/int_gen_soc_vitis/int_gen_plat/zynq_fsbl/zynq_fsbl_bsp/system.mss
TRACE::2026-03-16.21:43:12::SCWMssOS::DEBUG:  swdes dump  C:/Users/ER250/OneDrive/Documents/ECE520_SOC/ECE520_SandBox/int_gen_soc_re/int_gen_soc_vitis/int_gen_plat/ps7_cortexa9_0/standalone_domain/bsp/system.mss|system_0||
C:/Users/ER250/OneDrive/Documents/ECE520_SOC/ECE520_SandBox/int_gen_soc_re/int_gen_soc_vitis/int_gen_plat/zynq_fsbl/zynq_fsbl_bsp/system.mss|system||

TRACE::2026-03-16.21:43:12::SCWMssOS::Sw design exists and opened at  C:/Users/ER250/OneDrive/Documents/ECE520_SOC/ECE520_SandBox/int_gen_soc_re/int_gen_soc_vitis/int_gen_plat/zynq_fsbl/zynq_fsbl_bsp/system.mss
TRACE::2026-03-16.21:43:12::SCWMssOS::Saving the mss changes C:/Users/ER250/OneDrive/Documents/ECE520_SOC/ECE520_SandBox/int_gen_soc_re/int_gen_soc_vitis/int_gen_plat/zynq_fsbl/zynq_fsbl_bsp/system.mss
TRACE::2026-03-16.21:43:12::SCWMssOS::Found a swdesign opened with the mssfile.
TRACE::2026-03-16.21:43:12::SCWMssOS::Completed writemss as part of save.
TRACE::2026-03-16.21:43:12::SCWMssOS::Commit changes completed.
TRACE::2026-03-16.21:43:12::SCWPlatform::Trying to open the hw design at C:/Users/ER250/OneDrive/Documents/ECE520_SOC/ECE520_SandBox/int_gen_soc_re/int_gen_soc_vitis/int_gen_plat/hw/int_gen_bd_re_wrapper.xsa
TRACE::2026-03-16.21:43:12::SCWPlatform::DSA given C:/Users/ER250/OneDrive/Documents/ECE520_SOC/ECE520_SandBox/int_gen_soc_re/int_gen_soc_vitis/int_gen_plat/hw/int_gen_bd_re_wrapper.xsa
TRACE::2026-03-16.21:43:12::SCWPlatform::DSA absoulate path C:/Users/ER250/OneDrive/Documents/ECE520_SOC/ECE520_SandBox/int_gen_soc_re/int_gen_soc_vitis/int_gen_plat/hw/int_gen_bd_re_wrapper.xsa
TRACE::2026-03-16.21:43:12::SCWPlatform::DSA directory C:/Users/ER250/OneDrive/Documents/ECE520_SOC/ECE520_SandBox/int_gen_soc_re/int_gen_soc_vitis/int_gen_plat/hw
TRACE::2026-03-16.21:43:12::SCWPlatform:: Platform Path C:/Users/ER250/OneDrive/Documents/ECE520_SOC/ECE520_SandBox/int_gen_soc_re/int_gen_soc_vitis/int_gen_plat/hw/int_gen_bd_re_wrapper.xsa
TRACE::2026-03-16.21:43:12::SCWPlatform:: Unique name xilinx:zybo-z7-10::0.0
TRACE::2026-03-16.21:43:12::SCWPlatform::Trying to set the existing hwdb with name int_gen_bd_re_wrapper_2
TRACE::2026-03-16.21:43:12::SCWPlatform::Opened existing hwdb int_gen_bd_re_wrapper_2
TRACE::2026-03-16.21:43:12::SCWPlatform::Found the Hw Db part of the input DSA
TRACE::2026-03-16.21:43:12::SCWMssOS::Checking the sw design at  C:/Users/ER250/OneDrive/Documents/ECE520_SOC/ECE520_SandBox/int_gen_soc_re/int_gen_soc_vitis/int_gen_plat/zynq_fsbl/zynq_fsbl_bsp/system.mss
TRACE::2026-03-16.21:43:12::SCWMssOS::DEBUG:  swdes dump  C:/Users/ER250/OneDrive/Documents/ECE520_SOC/ECE520_SandBox/int_gen_soc_re/int_gen_soc_vitis/int_gen_plat/ps7_cortexa9_0/standalone_domain/bsp/system.mss|system_0||
C:/Users/ER250/OneDrive/Documents/ECE520_SOC/ECE520_SandBox/int_gen_soc_re/int_gen_soc_vitis/int_gen_plat/zynq_fsbl/zynq_fsbl_bsp/system.mss|system||

TRACE::2026-03-16.21:43:12::SCWMssOS::Sw design exists and opened at  C:/Users/ER250/OneDrive/Documents/ECE520_SOC/ECE520_SandBox/int_gen_soc_re/int_gen_soc_vitis/int_gen_plat/zynq_fsbl/zynq_fsbl_bsp/system.mss
TRACE::2026-03-16.21:43:12::SCWMssOS::Removing the swdes entry for  C:/Users/ER250/OneDrive/Documents/ECE520_SOC/ECE520_SandBox/int_gen_soc_re/int_gen_soc_vitis/int_gen_plat/zynq_fsbl/zynq_fsbl_bsp/system.mss
TRACE::2026-03-16.21:43:13::SCWPlatform::Trying to open the hw design at C:/Users/ER250/OneDrive/Documents/ECE520_SOC/ECE520_SandBox/int_gen_soc_re/int_gen_soc_vitis/int_gen_plat/hw/int_gen_bd_re_wrapper.xsa
TRACE::2026-03-16.21:43:13::SCWPlatform::DSA given C:/Users/ER250/OneDrive/Documents/ECE520_SOC/ECE520_SandBox/int_gen_soc_re/int_gen_soc_vitis/int_gen_plat/hw/int_gen_bd_re_wrapper.xsa
TRACE::2026-03-16.21:43:13::SCWPlatform::DSA absoulate path C:/Users/ER250/OneDrive/Documents/ECE520_SOC/ECE520_SandBox/int_gen_soc_re/int_gen_soc_vitis/int_gen_plat/hw/int_gen_bd_re_wrapper.xsa
TRACE::2026-03-16.21:43:13::SCWPlatform::DSA directory C:/Users/ER250/OneDrive/Documents/ECE520_SOC/ECE520_SandBox/int_gen_soc_re/int_gen_soc_vitis/int_gen_plat/hw
TRACE::2026-03-16.21:43:13::SCWPlatform:: Platform Path C:/Users/ER250/OneDrive/Documents/ECE520_SOC/ECE520_SandBox/int_gen_soc_re/int_gen_soc_vitis/int_gen_plat/hw/int_gen_bd_re_wrapper.xsa
TRACE::2026-03-16.21:43:13::SCWPlatform:: Unique name xilinx:zybo-z7-10::0.0
TRACE::2026-03-16.21:43:13::SCWPlatform::Trying to set the existing hwdb with name int_gen_bd_re_wrapper_2
TRACE::2026-03-16.21:43:13::SCWPlatform::Opened existing hwdb int_gen_bd_re_wrapper_2
TRACE::2026-03-16.21:43:13::SCWPlatform::Found the Hw Db part of the input DSA
TRACE::2026-03-16.21:43:13::SCWMssOS::Checking the sw design at  C:/Users/ER250/OneDrive/Documents/ECE520_SOC/ECE520_SandBox/int_gen_soc_re/int_gen_soc_vitis/int_gen_plat/ps7_cortexa9_0/standalone_domain/bsp/system.mss
TRACE::2026-03-16.21:43:13::SCWMssOS::DEBUG:  swdes dump  C:/Users/ER250/OneDrive/Documents/ECE520_SOC/ECE520_SandBox/int_gen_soc_re/int_gen_soc_vitis/int_gen_plat/ps7_cortexa9_0/standalone_domain/bsp/system.mss|system_0||

TRACE::2026-03-16.21:43:13::SCWMssOS::Sw design exists and opened at  C:/Users/ER250/OneDrive/Documents/ECE520_SOC/ECE520_SandBox/int_gen_soc_re/int_gen_soc_vitis/int_gen_plat/ps7_cortexa9_0/standalone_domain/bsp/system.mss
TRACE::2026-03-16.21:43:13::SCWMssOS::In reload Mss file.
TRACE::2026-03-16.21:43:13::SCWPlatform::Trying to open the hw design at C:/Users/ER250/OneDrive/Documents/ECE520_SOC/ECE520_SandBox/int_gen_soc_re/int_gen_soc_vitis/int_gen_plat/hw/int_gen_bd_re_wrapper.xsa
TRACE::2026-03-16.21:43:13::SCWPlatform::DSA given C:/Users/ER250/OneDrive/Documents/ECE520_SOC/ECE520_SandBox/int_gen_soc_re/int_gen_soc_vitis/int_gen_plat/hw/int_gen_bd_re_wrapper.xsa
TRACE::2026-03-16.21:43:13::SCWPlatform::DSA absoulate path C:/Users/ER250/OneDrive/Documents/ECE520_SOC/ECE520_SandBox/int_gen_soc_re/int_gen_soc_vitis/int_gen_plat/hw/int_gen_bd_re_wrapper.xsa
TRACE::2026-03-16.21:43:13::SCWPlatform::DSA directory C:/Users/ER250/OneDrive/Documents/ECE520_SOC/ECE520_SandBox/int_gen_soc_re/int_gen_soc_vitis/int_gen_plat/hw
TRACE::2026-03-16.21:43:13::SCWPlatform:: Platform Path C:/Users/ER250/OneDrive/Documents/ECE520_SOC/ECE520_SandBox/int_gen_soc_re/int_gen_soc_vitis/int_gen_plat/hw/int_gen_bd_re_wrapper.xsa
TRACE::2026-03-16.21:43:13::SCWPlatform:: Unique name xilinx:zybo-z7-10::0.0
TRACE::2026-03-16.21:43:13::SCWPlatform::Trying to set the existing hwdb with name int_gen_bd_re_wrapper_2
TRACE::2026-03-16.21:43:13::SCWPlatform::Opened existing hwdb int_gen_bd_re_wrapper_2
TRACE::2026-03-16.21:43:13::SCWPlatform::Found the Hw Db part of the input DSA
TRACE::2026-03-16.21:43:13::SCWMssOS::Checking the sw design at  C:/Users/ER250/OneDrive/Documents/ECE520_SOC/ECE520_SandBox/int_gen_soc_re/int_gen_soc_vitis/int_gen_plat/ps7_cortexa9_0/standalone_domain/bsp/system.mss
TRACE::2026-03-16.21:43:13::SCWMssOS::DEBUG:  swdes dump  
TRACE::2026-03-16.21:43:13::SCWMssOS::No sw design opened at  C:/Users/ER250/OneDrive/Documents/ECE520_SOC/ECE520_SandBox/int_gen_soc_re/int_gen_soc_vitis/int_gen_plat/ps7_cortexa9_0/standalone_domain/bsp/system.mss
TRACE::2026-03-16.21:43:13::SCWMssOS::mss exists loading the mss file  C:/Users/ER250/OneDrive/Documents/ECE520_SOC/ECE520_SandBox/int_gen_soc_re/int_gen_soc_vitis/int_gen_plat/ps7_cortexa9_0/standalone_domain/bsp/system.mss
TRACE::2026-03-16.21:43:13::SCWMssOS::Opened the sw design from mss  C:/Users/ER250/OneDrive/Documents/ECE520_SOC/ECE520_SandBox/int_gen_soc_re/int_gen_soc_vitis/int_gen_plat/ps7_cortexa9_0/standalone_domain/bsp/system.mss
TRACE::2026-03-16.21:43:13::SCWMssOS::Adding the swdes entry C:/Users/ER250/OneDrive/Documents/ECE520_SOC/ECE520_SandBox/int_gen_soc_re/int_gen_soc_vitis/int_gen_plat/ps7_cortexa9_0/standalone_domain/bsp/system.mss with des name system
TRACE::2026-03-16.21:43:13::SCWMssOS::updating the scw layer about changes
TRACE::2026-03-16.21:43:13::SCWMssOS::Opened the sw design.  C:/Users/ER250/OneDrive/Documents/ECE520_SOC/ECE520_SandBox/int_gen_soc_re/int_gen_soc_vitis/int_gen_plat/ps7_cortexa9_0/standalone_domain/bsp/system.mss
TRACE::2026-03-16.21:43:13::SCWPlatform::Trying to open the hw design at C:/Users/ER250/OneDrive/Documents/ECE520_SOC/ECE520_SandBox/int_gen_soc_re/int_gen_soc_vitis/int_gen_plat/hw/int_gen_bd_re_wrapper.xsa
TRACE::2026-03-16.21:43:13::SCWPlatform::DSA given C:/Users/ER250/OneDrive/Documents/ECE520_SOC/ECE520_SandBox/int_gen_soc_re/int_gen_soc_vitis/int_gen_plat/hw/int_gen_bd_re_wrapper.xsa
TRACE::2026-03-16.21:43:13::SCWPlatform::DSA absoulate path C:/Users/ER250/OneDrive/Documents/ECE520_SOC/ECE520_SandBox/int_gen_soc_re/int_gen_soc_vitis/int_gen_plat/hw/int_gen_bd_re_wrapper.xsa
TRACE::2026-03-16.21:43:13::SCWPlatform::DSA directory C:/Users/ER250/OneDrive/Documents/ECE520_SOC/ECE520_SandBox/int_gen_soc_re/int_gen_soc_vitis/int_gen_plat/hw
TRACE::2026-03-16.21:43:13::SCWPlatform:: Platform Path C:/Users/ER250/OneDrive/Documents/ECE520_SOC/ECE520_SandBox/int_gen_soc_re/int_gen_soc_vitis/int_gen_plat/hw/int_gen_bd_re_wrapper.xsa
TRACE::2026-03-16.21:43:13::SCWPlatform:: Unique name xilinx:zybo-z7-10::0.0
TRACE::2026-03-16.21:43:13::SCWPlatform::Trying to set the existing hwdb with name int_gen_bd_re_wrapper_2
TRACE::2026-03-16.21:43:13::SCWPlatform::Opened existing hwdb int_gen_bd_re_wrapper_2
TRACE::2026-03-16.21:43:13::SCWPlatform::Found the Hw Db part of the input DSA
TRACE::2026-03-16.21:43:13::SCWMssOS::Checking the sw design at  C:/Users/ER250/OneDrive/Documents/ECE520_SOC/ECE520_SandBox/int_gen_soc_re/int_gen_soc_vitis/int_gen_plat/ps7_cortexa9_0/standalone_domain/bsp/system.mss
TRACE::2026-03-16.21:43:13::SCWMssOS::DEBUG:  swdes dump  C:/Users/ER250/OneDrive/Documents/ECE520_SOC/ECE520_SandBox/int_gen_soc_re/int_gen_soc_vitis/int_gen_plat/ps7_cortexa9_0/standalone_domain/bsp/system.mss|system||

TRACE::2026-03-16.21:43:13::SCWMssOS::Sw design exists and opened at  C:/Users/ER250/OneDrive/Documents/ECE520_SOC/ECE520_SandBox/int_gen_soc_re/int_gen_soc_vitis/int_gen_plat/ps7_cortexa9_0/standalone_domain/bsp/system.mss
TRACE::2026-03-16.21:43:13::SCWMssOS::Saving the mss changes C:/Users/ER250/OneDrive/Documents/ECE520_SOC/ECE520_SandBox/int_gen_soc_re/int_gen_soc_vitis/int_gen_plat/ps7_cortexa9_0/standalone_domain/bsp/system.mss
TRACE::2026-03-16.21:43:13::SCWMssOS::Found a swdesign opened with the mssfile.
TRACE::2026-03-16.21:43:13::SCWMssOS::Completed writemss as part of save.
TRACE::2026-03-16.21:43:13::SCWMssOS::Commit changes completed.
TRACE::2026-03-16.21:43:13::SCWPlatform::Trying to open the hw design at C:/Users/ER250/OneDrive/Documents/ECE520_SOC/ECE520_SandBox/int_gen_soc_re/int_gen_soc_vitis/int_gen_plat/hw/int_gen_bd_re_wrapper.xsa
TRACE::2026-03-16.21:43:13::SCWPlatform::DSA given C:/Users/ER250/OneDrive/Documents/ECE520_SOC/ECE520_SandBox/int_gen_soc_re/int_gen_soc_vitis/int_gen_plat/hw/int_gen_bd_re_wrapper.xsa
TRACE::2026-03-16.21:43:13::SCWPlatform::DSA absoulate path C:/Users/ER250/OneDrive/Documents/ECE520_SOC/ECE520_SandBox/int_gen_soc_re/int_gen_soc_vitis/int_gen_plat/hw/int_gen_bd_re_wrapper.xsa
TRACE::2026-03-16.21:43:13::SCWPlatform::DSA directory C:/Users/ER250/OneDrive/Documents/ECE520_SOC/ECE520_SandBox/int_gen_soc_re/int_gen_soc_vitis/int_gen_plat/hw
TRACE::2026-03-16.21:43:13::SCWPlatform:: Platform Path C:/Users/ER250/OneDrive/Documents/ECE520_SOC/ECE520_SandBox/int_gen_soc_re/int_gen_soc_vitis/int_gen_plat/hw/int_gen_bd_re_wrapper.xsa
TRACE::2026-03-16.21:43:13::SCWPlatform:: Unique name xilinx:zybo-z7-10::0.0
TRACE::2026-03-16.21:43:13::SCWPlatform::Trying to set the existing hwdb with name int_gen_bd_re_wrapper_2
TRACE::2026-03-16.21:43:13::SCWPlatform::Opened existing hwdb int_gen_bd_re_wrapper_2
TRACE::2026-03-16.21:43:13::SCWPlatform::Found the Hw Db part of the input DSA
TRACE::2026-03-16.21:43:13::SCWMssOS::Checking the sw design at  C:/Users/ER250/OneDrive/Documents/ECE520_SOC/ECE520_SandBox/int_gen_soc_re/int_gen_soc_vitis/int_gen_plat/ps7_cortexa9_0/standalone_domain/bsp/system.mss
TRACE::2026-03-16.21:43:13::SCWMssOS::DEBUG:  swdes dump  C:/Users/ER250/OneDrive/Documents/ECE520_SOC/ECE520_SandBox/int_gen_soc_re/int_gen_soc_vitis/int_gen_plat/ps7_cortexa9_0/standalone_domain/bsp/system.mss|system||

TRACE::2026-03-16.21:43:13::SCWMssOS::Sw design exists and opened at  C:/Users/ER250/OneDrive/Documents/ECE520_SOC/ECE520_SandBox/int_gen_soc_re/int_gen_soc_vitis/int_gen_plat/ps7_cortexa9_0/standalone_domain/bsp/system.mss
TRACE::2026-03-16.21:43:13::SCWMssOS::Removing the swdes entry for  C:/Users/ER250/OneDrive/Documents/ECE520_SOC/ECE520_SandBox/int_gen_soc_re/int_gen_soc_vitis/int_gen_plat/ps7_cortexa9_0/standalone_domain/bsp/system.mss
TRACE::2026-03-16.21:43:14::SCWPlatform::Trying to open the hw design at C:/Users/ER250/OneDrive/Documents/ECE520_SOC/ECE520_SandBox/int_gen_soc_re/int_gen_soc_vitis/int_gen_plat/hw/int_gen_bd_re_wrapper.xsa
TRACE::2026-03-16.21:43:14::SCWPlatform::DSA given C:/Users/ER250/OneDrive/Documents/ECE520_SOC/ECE520_SandBox/int_gen_soc_re/int_gen_soc_vitis/int_gen_plat/hw/int_gen_bd_re_wrapper.xsa
TRACE::2026-03-16.21:43:14::SCWPlatform::DSA absoulate path C:/Users/ER250/OneDrive/Documents/ECE520_SOC/ECE520_SandBox/int_gen_soc_re/int_gen_soc_vitis/int_gen_plat/hw/int_gen_bd_re_wrapper.xsa
TRACE::2026-03-16.21:43:14::SCWPlatform::DSA directory C:/Users/ER250/OneDrive/Documents/ECE520_SOC/ECE520_SandBox/int_gen_soc_re/int_gen_soc_vitis/int_gen_plat/hw
TRACE::2026-03-16.21:43:14::SCWPlatform:: Platform Path C:/Users/ER250/OneDrive/Documents/ECE520_SOC/ECE520_SandBox/int_gen_soc_re/int_gen_soc_vitis/int_gen_plat/hw/int_gen_bd_re_wrapper.xsa
TRACE::2026-03-16.21:43:14::SCWPlatform:: Unique name xilinx:zybo-z7-10::0.0
TRACE::2026-03-16.21:43:14::SCWPlatform::Trying to set the existing hwdb with name int_gen_bd_re_wrapper_2
TRACE::2026-03-16.21:43:14::SCWPlatform::Opened existing hwdb int_gen_bd_re_wrapper_2
TRACE::2026-03-16.21:43:14::SCWPlatform::Found the Hw Db part of the input DSA
TRACE::2026-03-16.21:43:14::SCWMssOS::Checking the sw design at  C:/Users/ER250/OneDrive/Documents/ECE520_SOC/ECE520_SandBox/int_gen_soc_re/int_gen_soc_vitis/int_gen_plat/ps7_cortexa9_0/standalone_domain/bsp/system.mss
TRACE::2026-03-16.21:43:14::SCWMssOS::DEBUG:  swdes dump  
TRACE::2026-03-16.21:43:14::SCWMssOS::No sw design opened at  C:/Users/ER250/OneDrive/Documents/ECE520_SOC/ECE520_SandBox/int_gen_soc_re/int_gen_soc_vitis/int_gen_plat/ps7_cortexa9_0/standalone_domain/bsp/system.mss
TRACE::2026-03-16.21:43:14::SCWMssOS::mss exists loading the mss file  C:/Users/ER250/OneDrive/Documents/ECE520_SOC/ECE520_SandBox/int_gen_soc_re/int_gen_soc_vitis/int_gen_plat/ps7_cortexa9_0/standalone_domain/bsp/system.mss
TRACE::2026-03-16.21:43:14::SCWMssOS::Opened the sw design from mss  C:/Users/ER250/OneDrive/Documents/ECE520_SOC/ECE520_SandBox/int_gen_soc_re/int_gen_soc_vitis/int_gen_plat/ps7_cortexa9_0/standalone_domain/bsp/system.mss
TRACE::2026-03-16.21:43:14::SCWMssOS::Adding the swdes entry C:/Users/ER250/OneDrive/Documents/ECE520_SOC/ECE520_SandBox/int_gen_soc_re/int_gen_soc_vitis/int_gen_plat/ps7_cortexa9_0/standalone_domain/bsp/system.mss with des name system
TRACE::2026-03-16.21:43:14::SCWMssOS::updating the scw layer about changes
TRACE::2026-03-16.21:43:14::SCWMssOS::Opened the sw design.  C:/Users/ER250/OneDrive/Documents/ECE520_SOC/ECE520_SandBox/int_gen_soc_re/int_gen_soc_vitis/int_gen_plat/ps7_cortexa9_0/standalone_domain/bsp/system.mss
TRACE::2026-03-16.21:43:20::SCWMssOS::In reload Mss file.
TRACE::2026-03-16.21:43:20::SCWPlatform::Trying to open the hw design at C:/Users/ER250/OneDrive/Documents/ECE520_SOC/ECE520_SandBox/int_gen_soc_re/int_gen_soc_vitis/int_gen_plat/hw/int_gen_bd_re_wrapper.xsa
TRACE::2026-03-16.21:43:20::SCWPlatform::DSA given C:/Users/ER250/OneDrive/Documents/ECE520_SOC/ECE520_SandBox/int_gen_soc_re/int_gen_soc_vitis/int_gen_plat/hw/int_gen_bd_re_wrapper.xsa
TRACE::2026-03-16.21:43:20::SCWPlatform::DSA absoulate path C:/Users/ER250/OneDrive/Documents/ECE520_SOC/ECE520_SandBox/int_gen_soc_re/int_gen_soc_vitis/int_gen_plat/hw/int_gen_bd_re_wrapper.xsa
TRACE::2026-03-16.21:43:20::SCWPlatform::DSA directory C:/Users/ER250/OneDrive/Documents/ECE520_SOC/ECE520_SandBox/int_gen_soc_re/int_gen_soc_vitis/int_gen_plat/hw
TRACE::2026-03-16.21:43:20::SCWPlatform:: Platform Path C:/Users/ER250/OneDrive/Documents/ECE520_SOC/ECE520_SandBox/int_gen_soc_re/int_gen_soc_vitis/int_gen_plat/hw/int_gen_bd_re_wrapper.xsa
TRACE::2026-03-16.21:43:20::SCWPlatform:: Unique name xilinx:zybo-z7-10::0.0
TRACE::2026-03-16.21:43:20::SCWPlatform::Trying to set the existing hwdb with name int_gen_bd_re_wrapper_2
TRACE::2026-03-16.21:43:20::SCWPlatform::Opened existing hwdb int_gen_bd_re_wrapper_2
TRACE::2026-03-16.21:43:20::SCWPlatform::Found the Hw Db part of the input DSA
TRACE::2026-03-16.21:43:20::SCWMssOS::Checking the sw design at  C:/Users/ER250/OneDrive/Documents/ECE520_SOC/ECE520_SandBox/int_gen_soc_re/int_gen_soc_vitis/int_gen_plat/ps7_cortexa9_0/standalone_domain/bsp/system.mss
TRACE::2026-03-16.21:43:20::SCWMssOS::DEBUG:  swdes dump  
TRACE::2026-03-16.21:43:20::SCWMssOS::No sw design opened at  C:/Users/ER250/OneDrive/Documents/ECE520_SOC/ECE520_SandBox/int_gen_soc_re/int_gen_soc_vitis/int_gen_plat/ps7_cortexa9_0/standalone_domain/bsp/system.mss
TRACE::2026-03-16.21:43:20::SCWMssOS::mss exists loading the mss file  C:/Users/ER250/OneDrive/Documents/ECE520_SOC/ECE520_SandBox/int_gen_soc_re/int_gen_soc_vitis/int_gen_plat/ps7_cortexa9_0/standalone_domain/bsp/system.mss
TRACE::2026-03-16.21:43:20::SCWMssOS::Opened the sw design from mss  C:/Users/ER250/OneDrive/Documents/ECE520_SOC/ECE520_SandBox/int_gen_soc_re/int_gen_soc_vitis/int_gen_plat/ps7_cortexa9_0/standalone_domain/bsp/system.mss
TRACE::2026-03-16.21:43:20::SCWMssOS::Adding the swdes entry C:/Users/ER250/OneDrive/Documents/ECE520_SOC/ECE520_SandBox/int_gen_soc_re/int_gen_soc_vitis/int_gen_plat/ps7_cortexa9_0/standalone_domain/bsp/system.mss with des name system
TRACE::2026-03-16.21:43:20::SCWMssOS::updating the scw layer about changes
TRACE::2026-03-16.21:43:20::SCWMssOS::Opened the sw design.  C:/Users/ER250/OneDrive/Documents/ECE520_SOC/ECE520_SandBox/int_gen_soc_re/int_gen_soc_vitis/int_gen_plat/ps7_cortexa9_0/standalone_domain/bsp/system.mss
TRACE::2026-03-16.21:43:20::SCWPlatform::Trying to open the hw design at C:/Users/ER250/OneDrive/Documents/ECE520_SOC/ECE520_SandBox/int_gen_soc_re/int_gen_soc_vitis/int_gen_plat/hw/int_gen_bd_re_wrapper.xsa
TRACE::2026-03-16.21:43:20::SCWPlatform::DSA given C:/Users/ER250/OneDrive/Documents/ECE520_SOC/ECE520_SandBox/int_gen_soc_re/int_gen_soc_vitis/int_gen_plat/hw/int_gen_bd_re_wrapper.xsa
TRACE::2026-03-16.21:43:20::SCWPlatform::DSA absoulate path C:/Users/ER250/OneDrive/Documents/ECE520_SOC/ECE520_SandBox/int_gen_soc_re/int_gen_soc_vitis/int_gen_plat/hw/int_gen_bd_re_wrapper.xsa
TRACE::2026-03-16.21:43:20::SCWPlatform::DSA directory C:/Users/ER250/OneDrive/Documents/ECE520_SOC/ECE520_SandBox/int_gen_soc_re/int_gen_soc_vitis/int_gen_plat/hw
TRACE::2026-03-16.21:43:20::SCWPlatform:: Platform Path C:/Users/ER250/OneDrive/Documents/ECE520_SOC/ECE520_SandBox/int_gen_soc_re/int_gen_soc_vitis/int_gen_plat/hw/int_gen_bd_re_wrapper.xsa
TRACE::2026-03-16.21:43:20::SCWPlatform:: Unique name xilinx:zybo-z7-10::0.0
TRACE::2026-03-16.21:43:20::SCWPlatform::Trying to set the existing hwdb with name int_gen_bd_re_wrapper_2
TRACE::2026-03-16.21:43:20::SCWPlatform::Opened existing hwdb int_gen_bd_re_wrapper_2
TRACE::2026-03-16.21:43:20::SCWPlatform::Found the Hw Db part of the input DSA
TRACE::2026-03-16.21:43:20::SCWMssOS::Checking the sw design at  C:/Users/ER250/OneDrive/Documents/ECE520_SOC/ECE520_SandBox/int_gen_soc_re/int_gen_soc_vitis/int_gen_plat/ps7_cortexa9_0/standalone_domain/bsp/system.mss
TRACE::2026-03-16.21:43:20::SCWMssOS::DEBUG:  swdes dump  C:/Users/ER250/OneDrive/Documents/ECE520_SOC/ECE520_SandBox/int_gen_soc_re/int_gen_soc_vitis/int_gen_plat/ps7_cortexa9_0/standalone_domain/bsp/system.mss|system||

TRACE::2026-03-16.21:43:20::SCWMssOS::Sw design exists and opened at  C:/Users/ER250/OneDrive/Documents/ECE520_SOC/ECE520_SandBox/int_gen_soc_re/int_gen_soc_vitis/int_gen_plat/ps7_cortexa9_0/standalone_domain/bsp/system.mss
TRACE::2026-03-16.21:43:20::SCWMssOS::Saving the mss changes C:/Users/ER250/OneDrive/Documents/ECE520_SOC/ECE520_SandBox/int_gen_soc_re/int_gen_soc_vitis/int_gen_plat/ps7_cortexa9_0/standalone_domain/bsp/system.mss
TRACE::2026-03-16.21:43:20::SCWMssOS::Found a swdesign opened with the mssfile.
TRACE::2026-03-16.21:43:20::SCWMssOS::Completed writemss as part of save.
TRACE::2026-03-16.21:43:20::SCWMssOS::Commit changes completed.
TRACE::2026-03-16.21:43:20::SCWPlatform::Trying to open the hw design at C:/Users/ER250/OneDrive/Documents/ECE520_SOC/ECE520_SandBox/int_gen_soc_re/int_gen_soc_vitis/int_gen_plat/hw/int_gen_bd_re_wrapper.xsa
TRACE::2026-03-16.21:43:20::SCWPlatform::DSA given C:/Users/ER250/OneDrive/Documents/ECE520_SOC/ECE520_SandBox/int_gen_soc_re/int_gen_soc_vitis/int_gen_plat/hw/int_gen_bd_re_wrapper.xsa
TRACE::2026-03-16.21:43:20::SCWPlatform::DSA absoulate path C:/Users/ER250/OneDrive/Documents/ECE520_SOC/ECE520_SandBox/int_gen_soc_re/int_gen_soc_vitis/int_gen_plat/hw/int_gen_bd_re_wrapper.xsa
TRACE::2026-03-16.21:43:20::SCWPlatform::DSA directory C:/Users/ER250/OneDrive/Documents/ECE520_SOC/ECE520_SandBox/int_gen_soc_re/int_gen_soc_vitis/int_gen_plat/hw
TRACE::2026-03-16.21:43:20::SCWPlatform:: Platform Path C:/Users/ER250/OneDrive/Documents/ECE520_SOC/ECE520_SandBox/int_gen_soc_re/int_gen_soc_vitis/int_gen_plat/hw/int_gen_bd_re_wrapper.xsa
TRACE::2026-03-16.21:43:20::SCWPlatform:: Unique name xilinx:zybo-z7-10::0.0
TRACE::2026-03-16.21:43:20::SCWPlatform::Trying to set the existing hwdb with name int_gen_bd_re_wrapper_2
TRACE::2026-03-16.21:43:20::SCWPlatform::Opened existing hwdb int_gen_bd_re_wrapper_2
TRACE::2026-03-16.21:43:20::SCWPlatform::Found the Hw Db part of the input DSA
TRACE::2026-03-16.21:43:20::SCWMssOS::Checking the sw design at  C:/Users/ER250/OneDrive/Documents/ECE520_SOC/ECE520_SandBox/int_gen_soc_re/int_gen_soc_vitis/int_gen_plat/ps7_cortexa9_0/standalone_domain/bsp/system.mss
TRACE::2026-03-16.21:43:20::SCWMssOS::DEBUG:  swdes dump  C:/Users/ER250/OneDrive/Documents/ECE520_SOC/ECE520_SandBox/int_gen_soc_re/int_gen_soc_vitis/int_gen_plat/ps7_cortexa9_0/standalone_domain/bsp/system.mss|system||

TRACE::2026-03-16.21:43:20::SCWMssOS::Sw design exists and opened at  C:/Users/ER250/OneDrive/Documents/ECE520_SOC/ECE520_SandBox/int_gen_soc_re/int_gen_soc_vitis/int_gen_plat/ps7_cortexa9_0/standalone_domain/bsp/system.mss
TRACE::2026-03-16.21:43:20::SCWMssOS::Removing the swdes entry for  C:/Users/ER250/OneDrive/Documents/ECE520_SOC/ECE520_SandBox/int_gen_soc_re/int_gen_soc_vitis/int_gen_plat/ps7_cortexa9_0/standalone_domain/bsp/system.mss
LOG::2026-03-16.21:43:39::SCWPlatform::Started generating the artifacts platform int_gen_plat
TRACE::2026-03-16.21:43:39::SCWPlatform::Sanity checking of platform is completed
LOG::2026-03-16.21:43:39::SCWPlatform::Started generating the artifacts for system configuration int_gen_plat
LOG::2026-03-16.21:43:39::SCWSystem::Checking the domain zynq_fsbl
LOG::2026-03-16.21:43:39::SCWSystem::Doing application build for :  zynq_fsbl
TRACE::2026-03-16.21:43:39::SCWBDomain::Not a forced makefile updation, No changes are present. 
TRACE::2026-03-16.21:43:39::SCWDomain::Skipping the build for domain :  zynq_fsbl
LOG::2026-03-16.21:43:39::SCWSystem::Checking the domain standalone_domain
LOG::2026-03-16.21:43:39::SCWSystem::Not a boot domain 
LOG::2026-03-16.21:43:39::SCWSystem::Started Processing the domain standalone_domain
TRACE::2026-03-16.21:43:39::SCWDomain::Generating domain artifcats
TRACE::2026-03-16.21:43:39::SCWMssOS::Generating standalone artifcats
TRACE::2026-03-16.21:43:39::SCWMssOS::Copying the qemu file from  C:/Users/ER250/OneDrive/Documents/ECE520_SOC/ECE520_SandBox/int_gen_soc_re/int_gen_soc_vitis/int_gen_plat/resources/int_gen_plat/standalone_domain/qemu_args.txt To C:/Users/ER250/OneDrive/Documents/ECE520_SOC/ECE520_SandBox/int_gen_soc_re/int_gen_soc_vitis/int_gen_plat/export/int_gen_plat/sw/int_gen_plat/qemu/
TRACE::2026-03-16.21:43:39::SCWMssOS::Copying the qemu file from  C:/Users/ER250/OneDrive/Documents/ECE520_SOC/ECE520_SandBox/int_gen_soc_re/int_gen_soc_vitis/int_gen_plat/resources/int_gen_plat/standalone_domain/qemu_args.txt To C:/Users/ER250/OneDrive/Documents/ECE520_SOC/ECE520_SandBox/int_gen_soc_re/int_gen_soc_vitis/int_gen_plat/export/int_gen_plat/sw/int_gen_plat/standalone_domain/qemu/
TRACE::2026-03-16.21:43:39::SCWMssOS:: Copying the user libraries. 
TRACE::2026-03-16.21:43:39::SCWPlatform::Trying to open the hw design at C:/Users/ER250/OneDrive/Documents/ECE520_SOC/ECE520_SandBox/int_gen_soc_re/int_gen_soc_vitis/int_gen_plat/hw/int_gen_bd_re_wrapper.xsa
TRACE::2026-03-16.21:43:39::SCWPlatform::DSA given C:/Users/ER250/OneDrive/Documents/ECE520_SOC/ECE520_SandBox/int_gen_soc_re/int_gen_soc_vitis/int_gen_plat/hw/int_gen_bd_re_wrapper.xsa
TRACE::2026-03-16.21:43:39::SCWPlatform::DSA absoulate path C:/Users/ER250/OneDrive/Documents/ECE520_SOC/ECE520_SandBox/int_gen_soc_re/int_gen_soc_vitis/int_gen_plat/hw/int_gen_bd_re_wrapper.xsa
TRACE::2026-03-16.21:43:39::SCWPlatform::DSA directory C:/Users/ER250/OneDrive/Documents/ECE520_SOC/ECE520_SandBox/int_gen_soc_re/int_gen_soc_vitis/int_gen_plat/hw
TRACE::2026-03-16.21:43:39::SCWPlatform:: Platform Path C:/Users/ER250/OneDrive/Documents/ECE520_SOC/ECE520_SandBox/int_gen_soc_re/int_gen_soc_vitis/int_gen_plat/hw/int_gen_bd_re_wrapper.xsa
TRACE::2026-03-16.21:43:39::SCWPlatform:: Unique name xilinx:zybo-z7-10::0.0
TRACE::2026-03-16.21:43:39::SCWPlatform::Trying to set the existing hwdb with name int_gen_bd_re_wrapper_2
TRACE::2026-03-16.21:43:39::SCWPlatform::Opened existing hwdb int_gen_bd_re_wrapper_2
TRACE::2026-03-16.21:43:39::SCWPlatform::Found the Hw Db part of the input DSA
TRACE::2026-03-16.21:43:39::SCWMssOS::Checking the sw design at  C:/Users/ER250/OneDrive/Documents/ECE520_SOC/ECE520_SandBox/int_gen_soc_re/int_gen_soc_vitis/int_gen_plat/ps7_cortexa9_0/standalone_domain/bsp/system.mss
TRACE::2026-03-16.21:43:39::SCWMssOS::DEBUG:  swdes dump  
TRACE::2026-03-16.21:43:39::SCWMssOS::No sw design opened at  C:/Users/ER250/OneDrive/Documents/ECE520_SOC/ECE520_SandBox/int_gen_soc_re/int_gen_soc_vitis/int_gen_plat/ps7_cortexa9_0/standalone_domain/bsp/system.mss
TRACE::2026-03-16.21:43:39::SCWMssOS::mss exists loading the mss file  C:/Users/ER250/OneDrive/Documents/ECE520_SOC/ECE520_SandBox/int_gen_soc_re/int_gen_soc_vitis/int_gen_plat/ps7_cortexa9_0/standalone_domain/bsp/system.mss
TRACE::2026-03-16.21:43:39::SCWMssOS::Opened the sw design from mss  C:/Users/ER250/OneDrive/Documents/ECE520_SOC/ECE520_SandBox/int_gen_soc_re/int_gen_soc_vitis/int_gen_plat/ps7_cortexa9_0/standalone_domain/bsp/system.mss
TRACE::2026-03-16.21:43:39::SCWMssOS::Adding the swdes entry C:/Users/ER250/OneDrive/Documents/ECE520_SOC/ECE520_SandBox/int_gen_soc_re/int_gen_soc_vitis/int_gen_plat/ps7_cortexa9_0/standalone_domain/bsp/system.mss with des name system
TRACE::2026-03-16.21:43:39::SCWMssOS::updating the scw layer about changes
TRACE::2026-03-16.21:43:39::SCWMssOS::Opened the sw design.  C:/Users/ER250/OneDrive/Documents/ECE520_SOC/ECE520_SandBox/int_gen_soc_re/int_gen_soc_vitis/int_gen_plat/ps7_cortexa9_0/standalone_domain/bsp/system.mss
TRACE::2026-03-16.21:43:39::SCWMssOS::Completed writing the mss file at C:/Users/ER250/OneDrive/Documents/ECE520_SOC/ECE520_SandBox/int_gen_soc_re/int_gen_soc_vitis/int_gen_plat/ps7_cortexa9_0/standalone_domain/bsp
TRACE::2026-03-16.21:43:39::SCWMssOS::Mss edits present, copying mssfile into export location C:/Users/ER250/OneDrive/Documents/ECE520_SOC/ECE520_SandBox/int_gen_soc_re/int_gen_soc_vitis/int_gen_plat/ps7_cortexa9_0/standalone_domain/bsp/system.mss
TRACE::2026-03-16.21:43:39::SCWMssOS::bsp generated is stale removing and regenerating. 
TRACE::2026-03-16.21:43:41::SCWMssOS::doing bsp build ... 
TRACE::2026-03-16.21:43:41::SCWMssOS::System Command Ran  C: & cd  C:/Users/ER250/OneDrive/Documents/ECE520_SOC/ECE520_SandBox/int_gen_soc_re/int_gen_soc_vitis/int_gen_plat/ps7_cortexa9_0/standalone_domain/bsp & make 
TRACE::2026-03-16.21:43:41::SCWMssOS::make --no-print-directory seq_libs

TRACE::2026-03-16.21:43:41::SCWMssOS::'Finished building libraries sequentially.'

TRACE::2026-03-16.21:43:41::SCWMssOS::make -j 10 --no-print-directory par_libs

TRACE::2026-03-16.21:43:41::SCWMssOS::"Running Make include in ps7_cortexa9_0/libsrc/coresightps_dcc_v1_8/src"

TRACE::2026-03-16.21:43:42::SCWMssOS::"Running Make include in ps7_cortexa9_0/libsrc/cpu_cortexa9_v2_11/src"

TRACE::2026-03-16.21:43:42::SCWMssOS::make -C ps7_cortexa9_0/libsrc/coresightps_dcc_v1_8/src -s include  "SHELL=CMD" "COMPILER=arm-none-eabi-gcc" "ASSEMBLER=arm-none
TRACE::2026-03-16.21:43:42::SCWMssOS::-eabi-as" "ARCHIVER=arm-none-eabi-ar" "COMPILER_FLAGS=  -O2 -c" "EXTRA_COMPILER_FLAGS=-mcpu=cortex-a9 -mfpu=vfpv3 -mfloat-abi=h
TRACE::2026-03-16.21:43:42::SCWMssOS::ard -nostartfiles -g -Wall -Wextra -fno-tree-loop-distribute-patterns"

TRACE::2026-03-16.21:43:42::SCWMssOS::make -C ps7_cortexa9_0/libsrc/cpu_cortexa9_v2_11/src -s include  "SHELL=CMD" "COMPILER=arm-none-eabi-gcc" "ASSEMBLER=arm-none-e
TRACE::2026-03-16.21:43:42::SCWMssOS::abi-as" "ARCHIVER=arm-none-eabi-ar" "COMPILER_FLAGS=  -O2 -c" "EXTRA_COMPILER_FLAGS=-mcpu=cortex-a9 -mfpu=vfpv3 -mfloat-abi=har
TRACE::2026-03-16.21:43:42::SCWMssOS::d -nostartfiles -g -Wall -Wextra -fno-tree-loop-distribute-patterns"

TRACE::2026-03-16.21:43:42::SCWMssOS::"Running Make include in ps7_cortexa9_0/libsrc/ddrps_v1_2/src"

TRACE::2026-03-16.21:43:42::SCWMssOS::make -C ps7_cortexa9_0/libsrc/ddrps_v1_2/src -s include  "SHELL=CMD" "COMPILER=arm-none-eabi-gcc" "ASSEMBLER=arm-none-eabi-as" 
TRACE::2026-03-16.21:43:42::SCWMssOS::"ARCHIVER=arm-none-eabi-ar" "COMPILER_FLAGS=  -O2 -c" "EXTRA_COMPILER_FLAGS=-mcpu=cortex-a9 -mfpu=vfpv3 -mfloat-abi=hard -nosta
TRACE::2026-03-16.21:43:42::SCWMssOS::rtfiles -g -Wall -Wextra -fno-tree-loop-distribute-patterns"

TRACE::2026-03-16.21:43:42::SCWMssOS::"Running Make include in ps7_cortexa9_0/libsrc/devcfg_v3_7/src"

TRACE::2026-03-16.21:43:42::SCWMssOS::make -C ps7_cortexa9_0/libsrc/devcfg_v3_7/src -s include  "SHELL=CMD" "COMPILER=arm-none-eabi-gcc" "ASSEMBLER=arm-none-eabi-as"
TRACE::2026-03-16.21:43:42::SCWMssOS:: "ARCHIVER=arm-none-eabi-ar" "COMPILER_FLAGS=  -O2 -c" "EXTRA_COMPILER_FLAGS=-mcpu=cortex-a9 -mfpu=vfpv3 -mfloat-abi=hard -nost
TRACE::2026-03-16.21:43:42::SCWMssOS::artfiles -g -Wall -Wextra -fno-tree-loop-distribute-patterns"

TRACE::2026-03-16.21:43:42::SCWMssOS::"Running Make include in ps7_cortexa9_0/libsrc/dmaps_v2_8/src"

TRACE::2026-03-16.21:43:42::SCWMssOS::make -C ps7_cortexa9_0/libsrc/dmaps_v2_8/src -s include  "SHELL=CMD" "COMPILER=arm-none-eabi-gcc" "ASSEMBLER=arm-none-eabi-as" 
TRACE::2026-03-16.21:43:42::SCWMssOS::"ARCHIVER=arm-none-eabi-ar" "COMPILER_FLAGS=  -O2 -c" "EXTRA_COMPILER_FLAGS=-mcpu=cortex-a9 -mfpu=vfpv3 -mfloat-abi=hard -nosta
TRACE::2026-03-16.21:43:42::SCWMssOS::rtfiles -g -Wall -Wextra -fno-tree-loop-distribute-patterns"

TRACE::2026-03-16.21:43:42::SCWMssOS::"Running Make include in ps7_cortexa9_0/libsrc/emacps_v3_18/src"

TRACE::2026-03-16.21:43:42::SCWMssOS::make -C ps7_cortexa9_0/libsrc/emacps_v3_18/src -s include  "SHELL=CMD" "COMPILER=arm-none-eabi-gcc" "ASSEMBLER=arm-none-eabi-as
TRACE::2026-03-16.21:43:42::SCWMssOS::" "ARCHIVER=arm-none-eabi-ar" "COMPILER_FLAGS=  -O2 -c" "EXTRA_COMPILER_FLAGS=-mcpu=cortex-a9 -mfpu=vfpv3 -mfloat-abi=hard -nos
TRACE::2026-03-16.21:43:42::SCWMssOS::tartfiles -g -Wall -Wextra -fno-tree-loop-distribute-patterns"

TRACE::2026-03-16.21:43:42::SCWMssOS::"Running Make include in ps7_cortexa9_0/libsrc/gpiops_v3_11/src"

TRACE::2026-03-16.21:43:42::SCWMssOS::make -C ps7_cortexa9_0/libsrc/gpiops_v3_11/src -s include  "SHELL=CMD" "COMPILER=arm-none-eabi-gcc" "ASSEMBLER=arm-none-eabi-as
TRACE::2026-03-16.21:43:42::SCWMssOS::" "ARCHIVER=arm-none-eabi-ar" "COMPILER_FLAGS=  -O2 -c" "EXTRA_COMPILER_FLAGS=-mcpu=cortex-a9 -mfpu=vfpv3 -mfloat-abi=hard -nos
TRACE::2026-03-16.21:43:42::SCWMssOS::tartfiles -g -Wall -Wextra -fno-tree-loop-distribute-patterns"

TRACE::2026-03-16.21:43:42::SCWMssOS::"Running Make include in ps7_cortexa9_0/libsrc/qspips_v3_10/src"

TRACE::2026-03-16.21:43:43::SCWMssOS::make -C ps7_cortexa9_0/libsrc/qspips_v3_10/src -s include  "SHELL=CMD" "COMPILER=arm-none-eabi-gcc" "ASSEMBLER=arm-none-eabi-as
TRACE::2026-03-16.21:43:43::SCWMssOS::" "ARCHIVER=arm-none-eabi-ar" "COMPILER_FLAGS=  -O2 -c" "EXTRA_COMPILER_FLAGS=-mcpu=cortex-a9 -mfpu=vfpv3 -mfloat-abi=hard -nos
TRACE::2026-03-16.21:43:43::SCWMssOS::tartfiles -g -Wall -Wextra -fno-tree-loop-distribute-patterns"

TRACE::2026-03-16.21:43:43::SCWMssOS::"Running Make include in ps7_cortexa9_0/libsrc/scugic_v5_1/src"

TRACE::2026-03-16.21:43:43::SCWMssOS::make -C ps7_cortexa9_0/libsrc/scugic_v5_1/src -s include  "SHELL=CMD" "COMPILER=arm-none-eabi-gcc" "ASSEMBLER=arm-none-eabi-as"
TRACE::2026-03-16.21:43:43::SCWMssOS:: "ARCHIVER=arm-none-eabi-ar" "COMPILER_FLAGS=  -O2 -c" "EXTRA_COMPILER_FLAGS=-mcpu=cortex-a9 -mfpu=vfpv3 -mfloat-abi=hard -nost
TRACE::2026-03-16.21:43:43::SCWMssOS::artfiles -g -Wall -Wextra -fno-tree-loop-distribute-patterns"

TRACE::2026-03-16.21:43:43::SCWMssOS::"Running Make include in ps7_cortexa9_0/libsrc/scutimer_v2_4/src"

TRACE::2026-03-16.21:43:43::SCWMssOS::make -C ps7_cortexa9_0/libsrc/scutimer_v2_4/src -s include  "SHELL=CMD" "COMPILER=arm-none-eabi-gcc" "ASSEMBLER=arm-none-eabi-a
TRACE::2026-03-16.21:43:43::SCWMssOS::s" "ARCHIVER=arm-none-eabi-ar" "COMPILER_FLAGS=  -O2 -c" "EXTRA_COMPILER_FLAGS=-mcpu=cortex-a9 -mfpu=vfpv3 -mfloat-abi=hard -no
TRACE::2026-03-16.21:43:43::SCWMssOS::startfiles -g -Wall -Wextra -fno-tree-loop-distribute-patterns"

TRACE::2026-03-16.21:43:43::SCWMssOS::"Running Make include in ps7_cortexa9_0/libsrc/scuwdt_v2_4/src"

TRACE::2026-03-16.21:43:43::SCWMssOS::make -C ps7_cortexa9_0/libsrc/scuwdt_v2_4/src -s include  "SHELL=CMD" "COMPILER=arm-none-eabi-gcc" "ASSEMBLER=arm-none-eabi-as"
TRACE::2026-03-16.21:43:43::SCWMssOS:: "ARCHIVER=arm-none-eabi-ar" "COMPILER_FLAGS=  -O2 -c" "EXTRA_COMPILER_FLAGS=-mcpu=cortex-a9 -mfpu=vfpv3 -mfloat-abi=hard -nost
TRACE::2026-03-16.21:43:43::SCWMssOS::artfiles -g -Wall -Wextra -fno-tree-loop-distribute-patterns"

TRACE::2026-03-16.21:43:43::SCWMssOS::"Running Make include in ps7_cortexa9_0/libsrc/sdps_v4_1/src"

TRACE::2026-03-16.21:43:44::SCWMssOS::"Running Make include in ps7_cortexa9_0/libsrc/standalone_v8_1/src"

TRACE::2026-03-16.21:43:44::SCWMssOS::make -C ps7_cortexa9_0/libsrc/sdps_v4_1/src -s include  "SHELL=CMD" "COMPILER=arm-none-eabi-gcc" "ASSEMBLER=arm-none-eabi-as" "
TRACE::2026-03-16.21:43:44::SCWMssOS::ARCHIVER=arm-none-eabi-ar" "COMPILER_FLAGS=  -O2 -c" "EXTRA_COMPILER_FLAGS=-mcpu=cortex-a9 -mfpu=vfpv3 -mfloat-abi=hard -nostar
TRACE::2026-03-16.21:43:44::SCWMssOS::tfiles -g -Wall -Wextra -fno-tree-loop-distribute-patterns"

TRACE::2026-03-16.21:43:44::SCWMssOS::make -C ps7_cortexa9_0/libsrc/standalone_v8_1/src -s include  "SHELL=CMD" "COMPILER=arm-none-eabi-gcc" "ASSEMBLER=arm-none-eabi
TRACE::2026-03-16.21:43:44::SCWMssOS::-as" "ARCHIVER=arm-none-eabi-ar" "COMPILER_FLAGS=  -O2 -c" "EXTRA_COMPILER_FLAGS=-mcpu=cortex-a9 -mfpu=vfpv3 -mfloat-abi=hard -
TRACE::2026-03-16.21:43:44::SCWMssOS::nostartfiles -g -Wall -Wextra -fno-tree-loop-distribute-patterns"

TRACE::2026-03-16.21:43:44::SCWMssOS::"Running Make include in ps7_cortexa9_0/libsrc/uartps_v3_12/src"

TRACE::2026-03-16.21:43:44::SCWMssOS::make -C ps7_cortexa9_0/libsrc/uartps_v3_12/src -s include  "SHELL=CMD" "COMPILER=arm-none-eabi-gcc" "ASSEMBLER=arm-none-eabi-as
TRACE::2026-03-16.21:43:44::SCWMssOS::" "ARCHIVER=arm-none-eabi-ar" "COMPILER_FLAGS=  -O2 -c" "EXTRA_COMPILER_FLAGS=-mcpu=cortex-a9 -mfpu=vfpv3 -mfloat-abi=hard -nos
TRACE::2026-03-16.21:43:44::SCWMssOS::tartfiles -g -Wall -Wextra -fno-tree-loop-distribute-patterns"

TRACE::2026-03-16.21:43:44::SCWMssOS::"Running Make include in ps7_cortexa9_0/libsrc/usbps_v2_7/src"

TRACE::2026-03-16.21:43:44::SCWMssOS::make -C ps7_cortexa9_0/libsrc/usbps_v2_7/src -s include  "SHELL=CMD" "COMPILER=arm-none-eabi-gcc" "ASSEMBLER=arm-none-eabi-as" 
TRACE::2026-03-16.21:43:44::SCWMssOS::"ARCHIVER=arm-none-eabi-ar" "COMPILER_FLAGS=  -O2 -c" "EXTRA_COMPILER_FLAGS=-mcpu=cortex-a9 -mfpu=vfpv3 -mfloat-abi=hard -nosta
TRACE::2026-03-16.21:43:44::SCWMssOS::rtfiles -g -Wall -Wextra -fno-tree-loop-distribute-patterns"

TRACE::2026-03-16.21:43:44::SCWMssOS::"Running Make include in ps7_cortexa9_0/libsrc/xadcps_v2_6/src"

TRACE::2026-03-16.21:43:44::SCWMssOS::make -C ps7_cortexa9_0/libsrc/xadcps_v2_6/src -s include  "SHELL=CMD" "COMPILER=arm-none-eabi-gcc" "ASSEMBLER=arm-none-eabi-as"
TRACE::2026-03-16.21:43:44::SCWMssOS:: "ARCHIVER=arm-none-eabi-ar" "COMPILER_FLAGS=  -O2 -c" "EXTRA_COMPILER_FLAGS=-mcpu=cortex-a9 -mfpu=vfpv3 -mfloat-abi=hard -nost
TRACE::2026-03-16.21:43:44::SCWMssOS::artfiles -g -Wall -Wextra -fno-tree-loop-distribute-patterns"

TRACE::2026-03-16.21:43:49::SCWMssOS::"Running Make libs in ps7_cortexa9_0/libsrc/coresightps_dcc_v1_8/src"

TRACE::2026-03-16.21:43:49::SCWMssOS::make -C ps7_cortexa9_0/libsrc/coresightps_dcc_v1_8/src -s libs  "SHELL=CMD" "COMPILER=arm-none-eabi-gcc" "ASSEMBLER=arm-none-ea
TRACE::2026-03-16.21:43:49::SCWMssOS::bi-as" "ARCHIVER=arm-none-eabi-ar" "COMPILER_FLAGS=  -O2 -c" "EXTRA_COMPILER_FLAGS=-mcpu=cortex-a9 -mfpu=vfpv3 -mfloat-abi=hard
TRACE::2026-03-16.21:43:49::SCWMssOS:: -nostartfiles -g -Wall -Wextra -fno-tree-loop-distribute-patterns"

TRACE::2026-03-16.21:43:49::SCWMssOS::"Running Make libs in ps7_cortexa9_0/libsrc/cpu_cortexa9_v2_11/src"

TRACE::2026-03-16.21:43:49::SCWMssOS::make -C ps7_cortexa9_0/libsrc/cpu_cortexa9_v2_11/src -s libs  "SHELL=CMD" "COMPILER=arm-none-eabi-gcc" "ASSEMBLER=arm-none-eabi
TRACE::2026-03-16.21:43:49::SCWMssOS::-as" "ARCHIVER=arm-none-eabi-ar" "COMPILER_FLAGS=  -O2 -c" "EXTRA_COMPILER_FLAGS=-mcpu=cortex-a9 -mfpu=vfpv3 -mfloat-abi=hard -
TRACE::2026-03-16.21:43:49::SCWMssOS::nostartfiles -g -Wall -Wextra -fno-tree-loop-distribute-patterns"

TRACE::2026-03-16.21:43:49::SCWMssOS::"Running Make libs in ps7_cortexa9_0/libsrc/ddrps_v1_2/src"

TRACE::2026-03-16.21:43:49::SCWMssOS::make -C ps7_cortexa9_0/libsrc/ddrps_v1_2/src -s libs  "SHELL=CMD" "COMPILER=arm-none-eabi-gcc" "ASSEMBLER=arm-none-eabi-as" "AR
TRACE::2026-03-16.21:43:49::SCWMssOS::CHIVER=arm-none-eabi-ar" "COMPILER_FLAGS=  -O2 -c" "EXTRA_COMPILER_FLAGS=-mcpu=cortex-a9 -mfpu=vfpv3 -mfloat-abi=hard -nostartf
TRACE::2026-03-16.21:43:49::SCWMssOS::iles -g -Wall -Wextra -fno-tree-loop-distribute-patterns"

TRACE::2026-03-16.21:43:49::SCWMssOS::"Running Make libs in ps7_cortexa9_0/libsrc/devcfg_v3_7/src"

TRACE::2026-03-16.21:43:49::SCWMssOS::make -C ps7_cortexa9_0/libsrc/devcfg_v3_7/src -s libs  "SHELL=CMD" "COMPILER=arm-none-eabi-gcc" "ASSEMBLER=arm-none-eabi-as" "A
TRACE::2026-03-16.21:43:49::SCWMssOS::RCHIVER=arm-none-eabi-ar" "COMPILER_FLAGS=  -O2 -c" "EXTRA_COMPILER_FLAGS=-mcpu=cortex-a9 -mfpu=vfpv3 -mfloat-abi=hard -nostart
TRACE::2026-03-16.21:43:49::SCWMssOS::files -g -Wall -Wextra -fno-tree-loop-distribute-patterns"

TRACE::2026-03-16.21:43:49::SCWMssOS::"Running Make libs in ps7_cortexa9_0/libsrc/dmaps_v2_8/src"

TRACE::2026-03-16.21:43:49::SCWMssOS::make -C ps7_cortexa9_0/libsrc/dmaps_v2_8/src -s libs  "SHELL=CMD" "COMPILER=arm-none-eabi-gcc" "ASSEMBLER=arm-none-eabi-as" "AR
TRACE::2026-03-16.21:43:49::SCWMssOS::CHIVER=arm-none-eabi-ar" "COMPILER_FLAGS=  -O2 -c" "EXTRA_COMPILER_FLAGS=-mcpu=cortex-a9 -mfpu=vfpv3 -mfloat-abi=hard -nostartf
TRACE::2026-03-16.21:43:49::SCWMssOS::iles -g -Wall -Wextra -fno-tree-loop-distribute-patterns"

TRACE::2026-03-16.21:43:49::SCWMssOS::"Running Make libs in ps7_cortexa9_0/libsrc/emacps_v3_18/src"

TRACE::2026-03-16.21:43:49::SCWMssOS::make -C ps7_cortexa9_0/libsrc/emacps_v3_18/src -s libs  "SHELL=CMD" "COMPILER=arm-none-eabi-gcc" "ASSEMBLER=arm-none-eabi-as" "
TRACE::2026-03-16.21:43:49::SCWMssOS::ARCHIVER=arm-none-eabi-ar" "COMPILER_FLAGS=  -O2 -c" "EXTRA_COMPILER_FLAGS=-mcpu=cortex-a9 -mfpu=vfpv3 -mfloat-abi=hard -nostar
TRACE::2026-03-16.21:43:49::SCWMssOS::tfiles -g -Wall -Wextra -fno-tree-loop-distribute-patterns"

TRACE::2026-03-16.21:43:49::SCWMssOS::"Running Make libs in ps7_cortexa9_0/libsrc/gpiops_v3_11/src"

TRACE::2026-03-16.21:43:49::SCWMssOS::make -C ps7_cortexa9_0/libsrc/gpiops_v3_11/src -s libs  "SHELL=CMD" "COMPILER=arm-none-eabi-gcc" "ASSEMBLER=arm-none-eabi-as" "
TRACE::2026-03-16.21:43:49::SCWMssOS::ARCHIVER=arm-none-eabi-ar" "COMPILER_FLAGS=  -O2 -c" "EXTRA_COMPILER_FLAGS=-mcpu=cortex-a9 -mfpu=vfpv3 -mfloat-abi=hard -nostar
TRACE::2026-03-16.21:43:49::SCWMssOS::tfiles -g -Wall -Wextra -fno-tree-loop-distribute-patterns"

TRACE::2026-03-16.21:43:49::SCWMssOS::"Running Make libs in ps7_cortexa9_0/libsrc/qspips_v3_10/src"

TRACE::2026-03-16.21:43:49::SCWMssOS::make -C ps7_cortexa9_0/libsrc/qspips_v3_10/src -s libs  "SHELL=CMD" "COMPILER=arm-none-eabi-gcc" "ASSEMBLER=arm-none-eabi-as" "
TRACE::2026-03-16.21:43:49::SCWMssOS::ARCHIVER=arm-none-eabi-ar" "COMPILER_FLAGS=  -O2 -c" "EXTRA_COMPILER_FLAGS=-mcpu=cortex-a9 -mfpu=vfpv3 -mfloat-abi=hard -nostar
TRACE::2026-03-16.21:43:49::SCWMssOS::tfiles -g -Wall -Wextra -fno-tree-loop-distribute-patterns"

TRACE::2026-03-16.21:43:50::SCWMssOS::"Running Make libs in ps7_cortexa9_0/libsrc/scugic_v5_1/src"

TRACE::2026-03-16.21:43:50::SCWMssOS::make -C ps7_cortexa9_0/libsrc/scugic_v5_1/src -s libs  "SHELL=CMD" "COMPILER=arm-none-eabi-gcc" "ASSEMBLER=arm-none-eabi-as" "A
TRACE::2026-03-16.21:43:50::SCWMssOS::RCHIVER=arm-none-eabi-ar" "COMPILER_FLAGS=  -O2 -c" "EXTRA_COMPILER_FLAGS=-mcpu=cortex-a9 -mfpu=vfpv3 -mfloat-abi=hard -nostart
TRACE::2026-03-16.21:43:50::SCWMssOS::files -g -Wall -Wextra -fno-tree-loop-distribute-patterns"

TRACE::2026-03-16.21:43:50::SCWMssOS::"Running Make libs in ps7_cortexa9_0/libsrc/scutimer_v2_4/src"

TRACE::2026-03-16.21:43:50::SCWMssOS::make -C ps7_cortexa9_0/libsrc/scutimer_v2_4/src -s libs  "SHELL=CMD" "COMPILER=arm-none-eabi-gcc" "ASSEMBLER=arm-none-eabi-as" 
TRACE::2026-03-16.21:43:50::SCWMssOS::"ARCHIVER=arm-none-eabi-ar" "COMPILER_FLAGS=  -O2 -c" "EXTRA_COMPILER_FLAGS=-mcpu=cortex-a9 -mfpu=vfpv3 -mfloat-abi=hard -nosta
TRACE::2026-03-16.21:43:50::SCWMssOS::rtfiles -g -Wall -Wextra -fno-tree-loop-distribute-patterns"

TRACE::2026-03-16.21:43:51::SCWMssOS::"Running Make libs in ps7_cortexa9_0/libsrc/scuwdt_v2_4/src"

TRACE::2026-03-16.21:43:51::SCWMssOS::make -C ps7_cortexa9_0/libsrc/scuwdt_v2_4/src -s libs  "SHELL=CMD" "COMPILER=arm-none-eabi-gcc" "ASSEMBLER=arm-none-eabi-as" "A
TRACE::2026-03-16.21:43:51::SCWMssOS::RCHIVER=arm-none-eabi-ar" "COMPILER_FLAGS=  -O2 -c" "EXTRA_COMPILER_FLAGS=-mcpu=cortex-a9 -mfpu=vfpv3 -mfloat-abi=hard -nostart
TRACE::2026-03-16.21:43:51::SCWMssOS::files -g -Wall -Wextra -fno-tree-loop-distribute-patterns"

TRACE::2026-03-16.21:43:52::SCWMssOS::"Running Make libs in ps7_cortexa9_0/libsrc/sdps_v4_1/src"

TRACE::2026-03-16.21:43:52::SCWMssOS::make -C ps7_cortexa9_0/libsrc/sdps_v4_1/src -s libs  "SHELL=CMD" "COMPILER=arm-none-eabi-gcc" "ASSEMBLER=arm-none-eabi-as" "ARC
TRACE::2026-03-16.21:43:52::SCWMssOS::HIVER=arm-none-eabi-ar" "COMPILER_FLAGS=  -O2 -c" "EXTRA_COMPILER_FLAGS=-mcpu=cortex-a9 -mfpu=vfpv3 -mfloat-abi=hard -nostartfi
TRACE::2026-03-16.21:43:52::SCWMssOS::les -g -Wall -Wextra -fno-tree-loop-distribute-patterns"

TRACE::2026-03-16.21:43:52::SCWMssOS::"Running Make libs in ps7_cortexa9_0/libsrc/standalone_v8_1/src"

TRACE::2026-03-16.21:43:52::SCWMssOS::make -C ps7_cortexa9_0/libsrc/standalone_v8_1/src -s libs  "SHELL=CMD" "COMPILER=arm-none-eabi-gcc" "ASSEMBLER=arm-none-eabi-as
TRACE::2026-03-16.21:43:52::SCWMssOS::" "ARCHIVER=arm-none-eabi-ar" "COMPILER_FLAGS=  -O2 -c" "EXTRA_COMPILER_FLAGS=-mcpu=cortex-a9 -mfpu=vfpv3 -mfloat-abi=hard -nos
TRACE::2026-03-16.21:43:52::SCWMssOS::tartfiles -g -Wall -Wextra -fno-tree-loop-distribute-patterns"

TRACE::2026-03-16.21:43:53::SCWMssOS::"Running Make libs in ps7_cortexa9_0/libsrc/uartps_v3_12/src"

TRACE::2026-03-16.21:43:53::SCWMssOS::make -C ps7_cortexa9_0/libsrc/uartps_v3_12/src -s libs  "SHELL=CMD" "COMPILER=arm-none-eabi-gcc" "ASSEMBLER=arm-none-eabi-as" "
TRACE::2026-03-16.21:43:53::SCWMssOS::ARCHIVER=arm-none-eabi-ar" "COMPILER_FLAGS=  -O2 -c" "EXTRA_COMPILER_FLAGS=-mcpu=cortex-a9 -mfpu=vfpv3 -mfloat-abi=hard -nostar
TRACE::2026-03-16.21:43:53::SCWMssOS::tfiles -g -Wall -Wextra -fno-tree-loop-distribute-patterns"

TRACE::2026-03-16.21:43:53::SCWMssOS::"Running Make libs in ps7_cortexa9_0/libsrc/usbps_v2_7/src"

TRACE::2026-03-16.21:43:53::SCWMssOS::make -C ps7_cortexa9_0/libsrc/usbps_v2_7/src -s libs  "SHELL=CMD" "COMPILER=arm-none-eabi-gcc" "ASSEMBLER=arm-none-eabi-as" "AR
TRACE::2026-03-16.21:43:53::SCWMssOS::CHIVER=arm-none-eabi-ar" "COMPILER_FLAGS=  -O2 -c" "EXTRA_COMPILER_FLAGS=-mcpu=cortex-a9 -mfpu=vfpv3 -mfloat-abi=hard -nostartf
TRACE::2026-03-16.21:43:53::SCWMssOS::iles -g -Wall -Wextra -fno-tree-loop-distribute-patterns"

TRACE::2026-03-16.21:43:54::SCWMssOS::"Running Make libs in ps7_cortexa9_0/libsrc/xadcps_v2_6/src"

TRACE::2026-03-16.21:43:54::SCWMssOS::make -C ps7_cortexa9_0/libsrc/xadcps_v2_6/src -s libs  "SHELL=CMD" "COMPILER=arm-none-eabi-gcc" "ASSEMBLER=arm-none-eabi-as" "A
TRACE::2026-03-16.21:43:54::SCWMssOS::RCHIVER=arm-none-eabi-ar" "COMPILER_FLAGS=  -O2 -c" "EXTRA_COMPILER_FLAGS=-mcpu=cortex-a9 -mfpu=vfpv3 -mfloat-abi=hard -nostart
TRACE::2026-03-16.21:43:54::SCWMssOS::files -g -Wall -Wextra -fno-tree-loop-distribute-patterns"

TRACE::2026-03-16.21:44:02::SCWMssOS::'Finished building libraries parallelly.'

TRACE::2026-03-16.21:44:02::SCWMssOS::make --no-print-directory archive

TRACE::2026-03-16.21:44:02::SCWMssOS::arm-none-eabi-ar -r  ps7_cortexa9_0/lib/libxil.a ps7_cortexa9_0/lib/_exit.o ps7_cortexa9_0/lib/_open.o ps7_cortexa9_0/lib/_sbrk
TRACE::2026-03-16.21:44:02::SCWMssOS::.o ps7_cortexa9_0/lib/abort.o ps7_cortexa9_0/lib/asm_vectors.o ps7_cortexa9_0/lib/boot.o ps7_cortexa9_0/lib/close.o ps7_cortexa
TRACE::2026-03-16.21:44:02::SCWMssOS::9_0/lib/cpputest_time.o ps7_cortexa9_0/lib/cpu_init.o ps7_cortexa9_0/lib/errno.o ps7_cortexa9_0/lib/fcntl.o ps7_cortexa9_0/lib/
TRACE::2026-03-16.21:44:02::SCWMssOS::fstat.o ps7_cortexa9_0/lib/getentropy.o ps7_cortexa9_0/lib/getpid.o ps7_cortexa9_0/lib/inbyte.o ps7_cortexa9_0/lib/isatty.o ps7
TRACE::2026-03-16.21:44:02::SCWMssOS::_cortexa9_0/lib/kill.o ps7_cortexa9_0/lib/lseek.o ps7_cortexa9_0/lib/open.o ps7_cortexa9_0/lib/outbyte.o ps7_cortexa9_0/lib/pri
TRACE::2026-03-16.21:44:02::SCWMssOS::nt.o ps7_cortexa9_0/lib/putnum.o ps7_cortexa9_0/lib/read.o ps7_cortexa9_0/lib/sbrk.o ps7_cortexa9_0/lib/sleep.o ps7_cortexa9_0/
TRACE::2026-03-16.21:44:02::SCWMssOS::lib/time.o ps7_cortexa9_0/lib/translation_table.o ps7_cortexa9_0/lib/unlink.o ps7_cortexa9_0/lib/usleep.o ps7_cortexa9_0/lib/ve
TRACE::2026-03-16.21:44:02::SCWMssOS::ctors.o ps7_cortexa9_0/lib/write.o ps7_cortexa9_0/lib/xadcps.o ps7_cortexa9_0/lib/xadcps_g.o ps7_cortexa9_0/lib/xadcps_intr.o p
TRACE::2026-03-16.21:44:02::SCWMssOS::s7_cortexa9_0/lib/xadcps_selftest.o ps7_cortexa9_0/lib/xadcps_sinit.o ps7_cortexa9_0/lib/xcoresightpsdcc.o ps7_cortexa9_0/lib/x
TRACE::2026-03-16.21:44:02::SCWMssOS::devcfg.o ps7_cortexa9_0/lib/xdevcfg_g.o ps7_cortexa9_0/lib/xdevcfg_hw.o ps7_cortexa9_0/lib/xdevcfg_intr.o ps7_cortexa9_0/lib/xd
TRACE::2026-03-16.21:44:02::SCWMssOS::evcfg_selftest.o ps7_cortexa9_0/lib/xdevcfg_sinit.o ps7_cortexa9_0/lib/xdmaps.o ps7_cortexa9_0/lib/xdmaps_g.o ps7_cortexa9_0/li
TRACE::2026-03-16.21:44:02::SCWMssOS::b/xdmaps_hw.o ps7_cortexa9_0/lib/xdmaps_selftest.o ps7_cortexa9_0/lib/xdmaps_sinit.o ps7_cortexa9_0/lib/xemacps.o ps7_cortexa9_
TRACE::2026-03-16.21:44:02::SCWMssOS::0/lib/xemacps_bdring.o ps7_cortexa9_0/lib/xemacps_control.o ps7_cortexa9_0/lib/xemacps_g.o ps7_cortexa9_0/lib/xemacps_hw.o ps7_
TRACE::2026-03-16.21:44:02::SCWMssOS::cortexa9_0/lib/xemacps_intr.o ps7_cortexa9_0/lib/xemacps_sinit.o ps7_cortexa9_0/lib/xgpiops.o ps7_cortexa9_0/lib/xgpiops_g.o ps
TRACE::2026-03-16.21:44:02::SCWMssOS::7_cortexa9_0/lib/xgpiops_hw.o ps7_cortexa9_0/lib/xgpiops_intr.o ps7_cortexa9_0/lib/xgpiops_selftest.o ps7_cortexa9_0/lib/xgpiop
TRACE::2026-03-16.21:44:02::SCWMssOS::s_sinit.o ps7_cortexa9_0/lib/xil-crt0.o ps7_cortexa9_0/lib/xil_assert.o ps7_cortexa9_0/lib/xil_cache.o ps7_cortexa9_0/lib/xil_c
TRACE::2026-03-16.21:44:02::SCWMssOS::locking.o ps7_cortexa9_0/lib/xil_exception.o ps7_cortexa9_0/lib/xil_mem.o ps7_cortexa9_0/lib/xil_misc_psreset_api.o ps7_cortexa
TRACE::2026-03-16.21:44:02::SCWMssOS::9_0/lib/xil_mmu.o ps7_cortexa9_0/lib/xil_printf.o ps7_cortexa9_0/lib/xil_sleepcommon.o ps7_cortexa9_0/lib/xil_sleeptimer.o ps7_
TRACE::2026-03-16.21:44:02::SCWMssOS::cortexa9_0/lib/xil_spinlock.o ps7_cortexa9_0/lib/xil_testcache.o ps7_cortexa9_0/lib/xil_testio.o ps7_cortexa9_0/lib/xil_testmem
TRACE::2026-03-16.21:44:02::SCWMssOS::.o ps7_cortexa9_0/lib/xil_util.o ps7_cortexa9_0/lib/xinterrupt_wrap.o ps7_cortexa9_0/lib/xl2cc_counter.o ps7_cortexa9_0/lib/xpl
TRACE::2026-03-16.21:44:02::SCWMssOS::atform_info.o ps7_cortexa9_0/lib/xpm_counter.o ps7_cortexa9_0/lib/xqspips.o ps7_cortexa9_0/lib/xqspips_g.o ps7_cortexa9_0/lib/x
TRACE::2026-03-16.21:44:02::SCWMssOS::qspips_hw.o ps7_cortexa9_0/lib/xqspips_options.o ps7_cortexa9_0/lib/xqspips_selftest.o ps7_cortexa9_0/lib/xqspips_sinit.o ps7_c
TRACE::2026-03-16.21:44:02::SCWMssOS::ortexa9_0/lib/xscugic.o ps7_cortexa9_0/lib/xscugic_g.o ps7_cortexa9_0/lib/xscugic_hw.o ps7_cortexa9_0/lib/xscugic_intr.o ps7_co
TRACE::2026-03-16.21:44:02::SCWMssOS::rtexa9_0/lib/xscugic_selftest.o ps7_cortexa9_0/lib/xscugic_sinit.o ps7_cortexa9_0/lib/xscutimer.o ps7_cortexa9_0/lib/xscutimer_
TRACE::2026-03-16.21:44:02::SCWMssOS::g.o ps7_cortexa9_0/lib/xscutimer_selftest.o ps7_cortexa9_0/lib/xscutimer_sinit.o ps7_cortexa9_0/lib/xscuwdt.o ps7_cortexa9_0/li
TRACE::2026-03-16.21:44:02::SCWMssOS::b/xscuwdt_g.o ps7_cortexa9_0/lib/xscuwdt_selftest.o ps7_cortexa9_0/lib/xscuwdt_sinit.o ps7_cortexa9_0/lib/xsdps.o ps7_cortexa9_
TRACE::2026-03-16.21:44:02::SCWMssOS::0/lib/xsdps_card.o ps7_cortexa9_0/lib/xsdps_g.o ps7_cortexa9_0/lib/xsdps_host.o ps7_cortexa9_0/lib/xsdps_options.o ps7_cortexa9
TRACE::2026-03-16.21:44:02::SCWMssOS::_0/lib/xsdps_sinit.o ps7_cortexa9_0/lib/xtime_l.o ps7_cortexa9_0/lib/xuartps.o ps7_cortexa9_0/lib/xuartps_g.o ps7_cortexa9_0/li
TRACE::2026-03-16.21:44:02::SCWMssOS::b/xuartps_hw.o ps7_cortexa9_0/lib/xuartps_intr.o ps7_cortexa9_0/lib/xuartps_options.o ps7_cortexa9_0/lib/xuartps_selftest.o ps7
TRACE::2026-03-16.21:44:02::SCWMssOS::_cortexa9_0/lib/xuartps_sinit.o ps7_cortexa9_0/lib/xusbps.o ps7_cortexa9_0/lib/xusbps_endpoint.o ps7_cortexa9_0/lib/xusbps_g.o 
TRACE::2026-03-16.21:44:02::SCWMssOS::ps7_cortexa9_0/lib/xusbps_hw.o ps7_cortexa9_0/lib/xusbps_intr.o ps7_cortexa9_0/lib/xusbps_sinit.o

TRACE::2026-03-16.21:44:03::SCWMssOS::'Finished building libraries'

TRACE::2026-03-16.21:44:03::SCWMssOS:: Checking if to create the Supporting Applications
TRACE::2026-03-16.21:44:03::SCWMssOS:: No Linux domain exists, trying to generate FSBL 
LOG::2026-03-16.21:44:03::SCWSystem::Completed Processing the domain standalone_domain
LOG::2026-03-16.21:44:03::SCWSystem::Completed Processing the sysconfig int_gen_plat
LOG::2026-03-16.21:44:03::SCWPlatform::Completed generating the artifacts for system configuration int_gen_plat
TRACE::2026-03-16.21:44:03::SCWPlatform::Started preparing the platform 
TRACE::2026-03-16.21:44:03::SCWSystem::Writing the bif file for system config int_gen_plat
TRACE::2026-03-16.21:44:03::SCWSystem::dir created 
TRACE::2026-03-16.21:44:03::SCWSystem::Writing the bif 
TRACE::2026-03-16.21:44:03::SCWPlatform::Started writing the spfm file 
TRACE::2026-03-16.21:44:03::SCWPlatform::Started writing the xpfm file 
TRACE::2026-03-16.21:44:03::SCWPlatform::Completed generating the platform
TRACE::2026-03-16.21:44:03::SCWMssOS::Saving the mss changes C:/Users/ER250/OneDrive/Documents/ECE520_SOC/ECE520_SandBox/int_gen_soc_re/int_gen_soc_vitis/int_gen_plat/zynq_fsbl/zynq_fsbl_bsp/system.mss
TRACE::2026-03-16.21:44:03::SCWMssOS::Adding the swdes entry, mss present, able to open swdb C:/Users/ER250/OneDrive/Documents/ECE520_SOC/ECE520_SandBox/int_gen_soc_re/int_gen_soc_vitis/int_gen_plat/zynq_fsbl/zynq_fsbl_bsp/system.mss with des name system
TRACE::2026-03-16.21:44:03::SCWMssOS::Writing the mss file completed C:/Users/ER250/OneDrive/Documents/ECE520_SOC/ECE520_SandBox/int_gen_soc_re/int_gen_soc_vitis/int_gen_plat/zynq_fsbl/zynq_fsbl_bsp/system.mss
TRACE::2026-03-16.21:44:03::SCWMssOS::Commit changes completed.
TRACE::2026-03-16.21:44:03::SCWMssOS::Saving the mss changes C:/Users/ER250/OneDrive/Documents/ECE520_SOC/ECE520_SandBox/int_gen_soc_re/int_gen_soc_vitis/int_gen_plat/ps7_cortexa9_0/standalone_domain/bsp/system.mss
TRACE::2026-03-16.21:44:03::SCWMssOS::Adding the swdes entry, mss present, able to open swdb C:/Users/ER250/OneDrive/Documents/ECE520_SOC/ECE520_SandBox/int_gen_soc_re/int_gen_soc_vitis/int_gen_plat/ps7_cortexa9_0/standalone_domain/bsp/system.mss with des name system_0
TRACE::2026-03-16.21:44:03::SCWMssOS::Writing the mss file completed C:/Users/ER250/OneDrive/Documents/ECE520_SOC/ECE520_SandBox/int_gen_soc_re/int_gen_soc_vitis/int_gen_plat/ps7_cortexa9_0/standalone_domain/bsp/system.mss
TRACE::2026-03-16.21:44:03::SCWMssOS::Commit changes completed.
TRACE::2026-03-16.21:44:03::SCWPlatform::Trying to open the hw design at C:/Users/ER250/OneDrive/Documents/ECE520_SOC/ECE520_SandBox/int_gen_soc_re/int_gen_soc_vitis/int_gen_plat/hw/int_gen_bd_re_wrapper.xsa
TRACE::2026-03-16.21:44:03::SCWPlatform::DSA given C:/Users/ER250/OneDrive/Documents/ECE520_SOC/ECE520_SandBox/int_gen_soc_re/int_gen_soc_vitis/int_gen_plat/hw/int_gen_bd_re_wrapper.xsa
TRACE::2026-03-16.21:44:03::SCWPlatform::DSA absoulate path C:/Users/ER250/OneDrive/Documents/ECE520_SOC/ECE520_SandBox/int_gen_soc_re/int_gen_soc_vitis/int_gen_plat/hw/int_gen_bd_re_wrapper.xsa
TRACE::2026-03-16.21:44:03::SCWPlatform::DSA directory C:/Users/ER250/OneDrive/Documents/ECE520_SOC/ECE520_SandBox/int_gen_soc_re/int_gen_soc_vitis/int_gen_plat/hw
TRACE::2026-03-16.21:44:03::SCWPlatform:: Platform Path C:/Users/ER250/OneDrive/Documents/ECE520_SOC/ECE520_SandBox/int_gen_soc_re/int_gen_soc_vitis/int_gen_plat/hw/int_gen_bd_re_wrapper.xsa
TRACE::2026-03-16.21:44:03::SCWPlatform:: Unique name xilinx:zybo-z7-10::0.0
TRACE::2026-03-16.21:44:03::SCWPlatform::Trying to set the existing hwdb with name int_gen_bd_re_wrapper_2
TRACE::2026-03-16.21:44:03::SCWPlatform::Opened existing hwdb int_gen_bd_re_wrapper_2
TRACE::2026-03-16.21:44:03::SCWPlatform::Found the Hw Db part of the input DSA
TRACE::2026-03-16.21:44:03::SCWMssOS::Checking the sw design at  C:/Users/ER250/OneDrive/Documents/ECE520_SOC/ECE520_SandBox/int_gen_soc_re/int_gen_soc_vitis/int_gen_plat/zynq_fsbl/zynq_fsbl_bsp/system.mss
TRACE::2026-03-16.21:44:03::SCWMssOS::DEBUG:  swdes dump  C:/Users/ER250/OneDrive/Documents/ECE520_SOC/ECE520_SandBox/int_gen_soc_re/int_gen_soc_vitis/int_gen_plat/ps7_cortexa9_0/standalone_domain/bsp/system.mss|system_0||
C:/Users/ER250/OneDrive/Documents/ECE520_SOC/ECE520_SandBox/int_gen_soc_re/int_gen_soc_vitis/int_gen_plat/zynq_fsbl/zynq_fsbl_bsp/system.mss|system||

TRACE::2026-03-16.21:44:03::SCWMssOS::Sw design exists and opened at  C:/Users/ER250/OneDrive/Documents/ECE520_SOC/ECE520_SandBox/int_gen_soc_re/int_gen_soc_vitis/int_gen_plat/zynq_fsbl/zynq_fsbl_bsp/system.mss
TRACE::2026-03-16.21:44:03::SCWPlatform::Trying to open the hw design at C:/Users/ER250/OneDrive/Documents/ECE520_SOC/ECE520_SandBox/int_gen_soc_re/int_gen_soc_vitis/int_gen_plat/hw/int_gen_bd_re_wrapper.xsa
TRACE::2026-03-16.21:44:03::SCWPlatform::DSA given C:/Users/ER250/OneDrive/Documents/ECE520_SOC/ECE520_SandBox/int_gen_soc_re/int_gen_soc_vitis/int_gen_plat/hw/int_gen_bd_re_wrapper.xsa
TRACE::2026-03-16.21:44:03::SCWPlatform::DSA absoulate path C:/Users/ER250/OneDrive/Documents/ECE520_SOC/ECE520_SandBox/int_gen_soc_re/int_gen_soc_vitis/int_gen_plat/hw/int_gen_bd_re_wrapper.xsa
TRACE::2026-03-16.21:44:03::SCWPlatform::DSA directory C:/Users/ER250/OneDrive/Documents/ECE520_SOC/ECE520_SandBox/int_gen_soc_re/int_gen_soc_vitis/int_gen_plat/hw
TRACE::2026-03-16.21:44:03::SCWPlatform:: Platform Path C:/Users/ER250/OneDrive/Documents/ECE520_SOC/ECE520_SandBox/int_gen_soc_re/int_gen_soc_vitis/int_gen_plat/hw/int_gen_bd_re_wrapper.xsa
TRACE::2026-03-16.21:44:03::SCWPlatform:: Unique name xilinx:zybo-z7-10::0.0
TRACE::2026-03-16.21:44:03::SCWPlatform::Trying to set the existing hwdb with name int_gen_bd_re_wrapper_2
TRACE::2026-03-16.21:44:03::SCWPlatform::Opened existing hwdb int_gen_bd_re_wrapper_2
TRACE::2026-03-16.21:44:03::SCWPlatform::Found the Hw Db part of the input DSA
TRACE::2026-03-16.21:44:03::SCWMssOS::Checking the sw design at  C:/Users/ER250/OneDrive/Documents/ECE520_SOC/ECE520_SandBox/int_gen_soc_re/int_gen_soc_vitis/int_gen_plat/ps7_cortexa9_0/standalone_domain/bsp/system.mss
TRACE::2026-03-16.21:44:03::SCWMssOS::DEBUG:  swdes dump  C:/Users/ER250/OneDrive/Documents/ECE520_SOC/ECE520_SandBox/int_gen_soc_re/int_gen_soc_vitis/int_gen_plat/ps7_cortexa9_0/standalone_domain/bsp/system.mss|system_0||
C:/Users/ER250/OneDrive/Documents/ECE520_SOC/ECE520_SandBox/int_gen_soc_re/int_gen_soc_vitis/int_gen_plat/zynq_fsbl/zynq_fsbl_bsp/system.mss|system||

TRACE::2026-03-16.21:44:03::SCWMssOS::Sw design exists and opened at  C:/Users/ER250/OneDrive/Documents/ECE520_SOC/ECE520_SandBox/int_gen_soc_re/int_gen_soc_vitis/int_gen_plat/ps7_cortexa9_0/standalone_domain/bsp/system.mss
TRACE::2026-03-16.21:44:03::SCWWriter::formatted JSON is {
	"platformName":	"int_gen_plat",
	"sprVersion":	"2.0",
	"mode":	"gui",
	"dsaType":	"Fixed",
	"platformDesc":	"int_gen_plat",
	"platHandOff":	"C:/Users/ER250/OneDrive/Documents/ECE520_SOC/ECE520_SandBox/int_gen_soc_re/int_gen_bd_re_wrapper.xsa",
	"platIntHandOff":	"<platformDir>/hw/int_gen_bd_re_wrapper.xsa",
	"deviceType":	"zynq",
	"platIsPrebuiltAutogen":	"false",
	"platIsNoBootBsp":	"false",
	"hasFsblMakeHasChanges":	"false",
	"hasPmufwMakeHasChanges":	"false",
	"fsblExtraCompilerFlags":	"-MMD -MP       -mcpu=cortex-a9 -mfpu=vfpv3 -mfloat-abi=hard ",
	"platPreBuiltFlag":	false,
	"platformSamplesDir":	"",
	"platActiveSys":	"int_gen_plat",
	"systems":	[{
			"systemName":	"int_gen_plat",
			"systemDesc":	"int_gen_plat",
			"sysIsBootAutoGen":	"true",
			"systemDispName":	"int_gen_plat",
			"sysActiveDom":	"standalone_domain",
			"sysDefaultDom":	"standalone_domain",
			"domains":	[{
					"domainName":	"zynq_fsbl",
					"domainDispName":	"zynq_fsbl",
					"domainDesc":	"FSBL Application BSP - Auto Generated.",
					"processors":	"ps7_cortexa9_0",
					"os":	"standalone",
					"sdxOs":	"standalone",
					"debugEnable":	"",
					"domRuntimes":	["cpp"],
					"swRepo":	"",
					"mssOsVer":	"8.1",
					"mssFile":	"",
					"md5Digest":	"710bbb872de411420e38ee1f9a6d73dd1",
					"compatibleApp":	"zynq_fsbl",
					"domType":	"bootDomain",
					"arch":	"32-bit",
					"appSettings":	{
						"appCompilerFlags":	"",
						"appLinkerFlags":	""
					},
					"addedLibs":	["xilffs:5.0", "xilrsa:1.6"],
					"libOptions":	{
						"libsContainingOptions":	[]
					},
					"changedDrivers":	{
						"interrupt_generator_0":	"none:",
						"changedCells":	["interrupt_generator_0"]
					},
					"prebuiltLibs":	{
						"prebuiltIncPath":	[],
						"prebuiltLibPath":	[]
					},
					"isolation":	{
					}
				}, {
					"domainName":	"standalone_domain",
					"domainDispName":	"standalone on ps7_cortexa9_0",
					"domainDesc":	"standalone_domain",
					"processors":	"ps7_cortexa9_0",
					"os":	"standalone",
					"sdxOs":	"standalone",
					"qemuArgs":	"<platformDir>/resources/int_gen_plat/standalone_domain/qemu_args.txt",
					"qemuData":	"<platformDir>/resources/int_gen_plat/standalone_domain/qemu",
					"debugEnable":	"False",
					"domRuntimes":	["cpp"],
					"swRepo":	"",
					"mssOsVer":	"8.1",
					"mssFile":	"",
					"md5Digest":	"afe1403ea604de9520c811a3fdd9c4f7",
					"compatibleApp":	"",
					"domType":	"mssDomain",
					"appSettings":	{
						"appCompilerFlags":	"",
						"appLinkerFlags":	""
					},
					"addedLibs":	[],
					"libOptions":	{
						"libsContainingOptions":	[]
					},
					"changedDrivers":	{
						"interrupt_generator_0":	"none:",
						"changedCells":	["interrupt_generator_0"]
					},
					"prebuiltLibs":	{
						"prebuiltIncPath":	[],
						"prebuiltLibPath":	[]
					},
					"isolation":	{
					}
				}]
		}]
}
KEYINFO::2026-03-16.21:44:03::SCWPlatform::updated the xpfm file.
TRACE::2026-03-16.21:44:03::SCWPlatform::Trying to open the hw design at C:/Users/ER250/OneDrive/Documents/ECE520_SOC/ECE520_SandBox/int_gen_soc_re/int_gen_soc_vitis/int_gen_plat/hw/int_gen_bd_re_wrapper.xsa
TRACE::2026-03-16.21:44:03::SCWPlatform::DSA given C:/Users/ER250/OneDrive/Documents/ECE520_SOC/ECE520_SandBox/int_gen_soc_re/int_gen_soc_vitis/int_gen_plat/hw/int_gen_bd_re_wrapper.xsa
TRACE::2026-03-16.21:44:03::SCWPlatform::DSA absoulate path C:/Users/ER250/OneDrive/Documents/ECE520_SOC/ECE520_SandBox/int_gen_soc_re/int_gen_soc_vitis/int_gen_plat/hw/int_gen_bd_re_wrapper.xsa
TRACE::2026-03-16.21:44:03::SCWPlatform::DSA directory C:/Users/ER250/OneDrive/Documents/ECE520_SOC/ECE520_SandBox/int_gen_soc_re/int_gen_soc_vitis/int_gen_plat/hw
TRACE::2026-03-16.21:44:03::SCWPlatform:: Platform Path C:/Users/ER250/OneDrive/Documents/ECE520_SOC/ECE520_SandBox/int_gen_soc_re/int_gen_soc_vitis/int_gen_plat/hw/int_gen_bd_re_wrapper.xsa
TRACE::2026-03-16.21:44:03::SCWPlatform:: Unique name xilinx:zybo-z7-10::0.0
TRACE::2026-03-16.21:44:03::SCWPlatform::Trying to set the existing hwdb with name int_gen_bd_re_wrapper_2
TRACE::2026-03-16.21:44:03::SCWPlatform::Opened existing hwdb int_gen_bd_re_wrapper_2
TRACE::2026-03-16.21:44:03::SCWPlatform::Found the Hw Db part of the input DSA
TRACE::2026-03-16.21:44:03::SCWMssOS::Checking the sw design at  C:/Users/ER250/OneDrive/Documents/ECE520_SOC/ECE520_SandBox/int_gen_soc_re/int_gen_soc_vitis/int_gen_plat/ps7_cortexa9_0/standalone_domain/bsp/system.mss
TRACE::2026-03-16.21:44:03::SCWMssOS::DEBUG:  swdes dump  C:/Users/ER250/OneDrive/Documents/ECE520_SOC/ECE520_SandBox/int_gen_soc_re/int_gen_soc_vitis/int_gen_plat/ps7_cortexa9_0/standalone_domain/bsp/system.mss|system_0||
C:/Users/ER250/OneDrive/Documents/ECE520_SOC/ECE520_SandBox/int_gen_soc_re/int_gen_soc_vitis/int_gen_plat/zynq_fsbl/zynq_fsbl_bsp/system.mss|system||

TRACE::2026-03-16.21:44:03::SCWMssOS::Sw design exists and opened at  C:/Users/ER250/OneDrive/Documents/ECE520_SOC/ECE520_SandBox/int_gen_soc_re/int_gen_soc_vitis/int_gen_plat/ps7_cortexa9_0/standalone_domain/bsp/system.mss
TRACE::2026-03-16.22:11:15::SCWPlatform::Trying to open the hw design at C:/Users/ER250/OneDrive/Documents/ECE520_SOC/ECE520_SandBox/int_gen_soc_re/int_gen_soc_vitis/int_gen_plat/hw/int_gen_bd_re_wrapper.xsa
TRACE::2026-03-16.22:11:16::SCWPlatform::DSA given C:/Users/ER250/OneDrive/Documents/ECE520_SOC/ECE520_SandBox/int_gen_soc_re/int_gen_soc_vitis/int_gen_plat/hw/int_gen_bd_re_wrapper.xsa
TRACE::2026-03-16.22:11:16::SCWPlatform::DSA absoulate path C:/Users/ER250/OneDrive/Documents/ECE520_SOC/ECE520_SandBox/int_gen_soc_re/int_gen_soc_vitis/int_gen_plat/hw/int_gen_bd_re_wrapper.xsa
TRACE::2026-03-16.22:11:16::SCWPlatform::DSA directory C:/Users/ER250/OneDrive/Documents/ECE520_SOC/ECE520_SandBox/int_gen_soc_re/int_gen_soc_vitis/int_gen_plat/hw
TRACE::2026-03-16.22:11:16::SCWPlatform:: Platform Path C:/Users/ER250/OneDrive/Documents/ECE520_SOC/ECE520_SandBox/int_gen_soc_re/int_gen_soc_vitis/int_gen_plat/hw/int_gen_bd_re_wrapper.xsa
TRACE::2026-03-16.22:11:16::SCWPlatform:: Unique name xilinx:zybo-z7-10::0.0
TRACE::2026-03-16.22:11:16::SCWPlatform::Do not have an existing db opened. 
TRACE::2026-03-16.22:11:18::SCWPlatform::Opened new HwDB with name int_gen_bd_re_wrapper
TRACE::2026-03-16.22:11:18::SCWReader::Active system found as  int_gen_plat
TRACE::2026-03-16.22:11:18::SCWReader::Handling sysconfig int_gen_plat
TRACE::2026-03-16.22:11:18::SCWDomain::checking for install qemu data   : 
TRACE::2026-03-16.22:11:18::SCWDomain:: Using the QEMU Data from install at  : C:/Xilinx/Vitis/2023.1/data/emulation/platforms/zynq/sw/a9_standalone/qemu/
TRACE::2026-03-16.22:11:18::SCWDomain:: Using the QEMU args  from install at  : C:/Xilinx/Vitis/2023.1/data/emulation/platforms/zynq/sw/a9_standalone/qemu/qemu_args.txt
TRACE::2026-03-16.22:11:18::SCWPlatform::Trying to open the hw design at C:/Users/ER250/OneDrive/Documents/ECE520_SOC/ECE520_SandBox/int_gen_soc_re/int_gen_soc_vitis/int_gen_plat/hw/int_gen_bd_re_wrapper.xsa
TRACE::2026-03-16.22:11:18::SCWPlatform::DSA given C:/Users/ER250/OneDrive/Documents/ECE520_SOC/ECE520_SandBox/int_gen_soc_re/int_gen_soc_vitis/int_gen_plat/hw/int_gen_bd_re_wrapper.xsa
TRACE::2026-03-16.22:11:18::SCWPlatform::DSA absoulate path C:/Users/ER250/OneDrive/Documents/ECE520_SOC/ECE520_SandBox/int_gen_soc_re/int_gen_soc_vitis/int_gen_plat/hw/int_gen_bd_re_wrapper.xsa
TRACE::2026-03-16.22:11:18::SCWPlatform::DSA directory C:/Users/ER250/OneDrive/Documents/ECE520_SOC/ECE520_SandBox/int_gen_soc_re/int_gen_soc_vitis/int_gen_plat/hw
TRACE::2026-03-16.22:11:18::SCWPlatform:: Platform Path C:/Users/ER250/OneDrive/Documents/ECE520_SOC/ECE520_SandBox/int_gen_soc_re/int_gen_soc_vitis/int_gen_plat/hw/int_gen_bd_re_wrapper.xsa
TRACE::2026-03-16.22:11:18::SCWPlatform:: Unique name xilinx:zybo-z7-10::0.0
TRACE::2026-03-16.22:11:18::SCWPlatform::Trying to set the existing hwdb with name int_gen_bd_re_wrapper
TRACE::2026-03-16.22:11:18::SCWPlatform::Opened existing hwdb int_gen_bd_re_wrapper
TRACE::2026-03-16.22:11:18::SCWPlatform::Found the Hw Db part of the input DSA
TRACE::2026-03-16.22:11:18::SCWPlatform::Trying to open the hw design at C:/Users/ER250/OneDrive/Documents/ECE520_SOC/ECE520_SandBox/int_gen_soc_re/int_gen_soc_vitis/int_gen_plat/hw/int_gen_bd_re_wrapper.xsa
TRACE::2026-03-16.22:11:18::SCWPlatform::DSA given C:/Users/ER250/OneDrive/Documents/ECE520_SOC/ECE520_SandBox/int_gen_soc_re/int_gen_soc_vitis/int_gen_plat/hw/int_gen_bd_re_wrapper.xsa
TRACE::2026-03-16.22:11:18::SCWPlatform::DSA absoulate path C:/Users/ER250/OneDrive/Documents/ECE520_SOC/ECE520_SandBox/int_gen_soc_re/int_gen_soc_vitis/int_gen_plat/hw/int_gen_bd_re_wrapper.xsa
TRACE::2026-03-16.22:11:18::SCWPlatform::DSA directory C:/Users/ER250/OneDrive/Documents/ECE520_SOC/ECE520_SandBox/int_gen_soc_re/int_gen_soc_vitis/int_gen_plat/hw
TRACE::2026-03-16.22:11:18::SCWPlatform:: Platform Path C:/Users/ER250/OneDrive/Documents/ECE520_SOC/ECE520_SandBox/int_gen_soc_re/int_gen_soc_vitis/int_gen_plat/hw/int_gen_bd_re_wrapper.xsa
TRACE::2026-03-16.22:11:18::SCWPlatform:: Unique name xilinx:zybo-z7-10::0.0
TRACE::2026-03-16.22:11:18::SCWPlatform::Trying to set the existing hwdb with name int_gen_bd_re_wrapper
TRACE::2026-03-16.22:11:18::SCWPlatform::Opened existing hwdb int_gen_bd_re_wrapper
TRACE::2026-03-16.22:11:18::SCWPlatform::Found the Hw Db part of the input DSA
TRACE::2026-03-16.22:11:18::SCWPlatform::Trying to open the hw design at C:/Users/ER250/OneDrive/Documents/ECE520_SOC/ECE520_SandBox/int_gen_soc_re/int_gen_soc_vitis/int_gen_plat/hw/int_gen_bd_re_wrapper.xsa
TRACE::2026-03-16.22:11:18::SCWPlatform::DSA given C:/Users/ER250/OneDrive/Documents/ECE520_SOC/ECE520_SandBox/int_gen_soc_re/int_gen_soc_vitis/int_gen_plat/hw/int_gen_bd_re_wrapper.xsa
TRACE::2026-03-16.22:11:18::SCWPlatform::DSA absoulate path C:/Users/ER250/OneDrive/Documents/ECE520_SOC/ECE520_SandBox/int_gen_soc_re/int_gen_soc_vitis/int_gen_plat/hw/int_gen_bd_re_wrapper.xsa
TRACE::2026-03-16.22:11:18::SCWPlatform::DSA directory C:/Users/ER250/OneDrive/Documents/ECE520_SOC/ECE520_SandBox/int_gen_soc_re/int_gen_soc_vitis/int_gen_plat/hw
TRACE::2026-03-16.22:11:18::SCWPlatform:: Platform Path C:/Users/ER250/OneDrive/Documents/ECE520_SOC/ECE520_SandBox/int_gen_soc_re/int_gen_soc_vitis/int_gen_plat/hw/int_gen_bd_re_wrapper.xsa
TRACE::2026-03-16.22:11:18::SCWPlatform:: Unique name xilinx:zybo-z7-10::0.0
TRACE::2026-03-16.22:11:18::SCWPlatform::Trying to set the existing hwdb with name int_gen_bd_re_wrapper
TRACE::2026-03-16.22:11:18::SCWPlatform::Opened existing hwdb int_gen_bd_re_wrapper
TRACE::2026-03-16.22:11:18::SCWPlatform::Found the Hw Db part of the input DSA
TRACE::2026-03-16.22:11:18::SCWReader::Boot application domain added for zynq_fsbl
TRACE::2026-03-16.22:11:18::SCWPlatform::Trying to open the hw design at C:/Users/ER250/OneDrive/Documents/ECE520_SOC/ECE520_SandBox/int_gen_soc_re/int_gen_soc_vitis/int_gen_plat/hw/int_gen_bd_re_wrapper.xsa
TRACE::2026-03-16.22:11:18::SCWPlatform::DSA given C:/Users/ER250/OneDrive/Documents/ECE520_SOC/ECE520_SandBox/int_gen_soc_re/int_gen_soc_vitis/int_gen_plat/hw/int_gen_bd_re_wrapper.xsa
TRACE::2026-03-16.22:11:18::SCWPlatform::DSA absoulate path C:/Users/ER250/OneDrive/Documents/ECE520_SOC/ECE520_SandBox/int_gen_soc_re/int_gen_soc_vitis/int_gen_plat/hw/int_gen_bd_re_wrapper.xsa
TRACE::2026-03-16.22:11:18::SCWPlatform::DSA directory C:/Users/ER250/OneDrive/Documents/ECE520_SOC/ECE520_SandBox/int_gen_soc_re/int_gen_soc_vitis/int_gen_plat/hw
TRACE::2026-03-16.22:11:18::SCWPlatform:: Platform Path C:/Users/ER250/OneDrive/Documents/ECE520_SOC/ECE520_SandBox/int_gen_soc_re/int_gen_soc_vitis/int_gen_plat/hw/int_gen_bd_re_wrapper.xsa
TRACE::2026-03-16.22:11:18::SCWPlatform:: Unique name xilinx:zybo-z7-10::0.0
TRACE::2026-03-16.22:11:18::SCWPlatform::Trying to set the existing hwdb with name int_gen_bd_re_wrapper
TRACE::2026-03-16.22:11:18::SCWPlatform::Opened existing hwdb int_gen_bd_re_wrapper
TRACE::2026-03-16.22:11:18::SCWPlatform::Found the Hw Db part of the input DSA
TRACE::2026-03-16.22:11:18::SCWMssOS::Checking the sw design at  C:/Users/ER250/OneDrive/Documents/ECE520_SOC/ECE520_SandBox/int_gen_soc_re/int_gen_soc_vitis/int_gen_plat/zynq_fsbl/zynq_fsbl_bsp/system.mss
TRACE::2026-03-16.22:11:18::SCWMssOS::DEBUG:  swdes dump  
TRACE::2026-03-16.22:11:18::SCWMssOS::No sw design opened at  C:/Users/ER250/OneDrive/Documents/ECE520_SOC/ECE520_SandBox/int_gen_soc_re/int_gen_soc_vitis/int_gen_plat/zynq_fsbl/zynq_fsbl_bsp/system.mss
TRACE::2026-03-16.22:11:18::SCWMssOS::mss exists loading the mss file  C:/Users/ER250/OneDrive/Documents/ECE520_SOC/ECE520_SandBox/int_gen_soc_re/int_gen_soc_vitis/int_gen_plat/zynq_fsbl/zynq_fsbl_bsp/system.mss
TRACE::2026-03-16.22:11:18::SCWMssOS::Opened the sw design from mss  C:/Users/ER250/OneDrive/Documents/ECE520_SOC/ECE520_SandBox/int_gen_soc_re/int_gen_soc_vitis/int_gen_plat/zynq_fsbl/zynq_fsbl_bsp/system.mss
TRACE::2026-03-16.22:11:18::SCWMssOS::Adding the swdes entry C:/Users/ER250/OneDrive/Documents/ECE520_SOC/ECE520_SandBox/int_gen_soc_re/int_gen_soc_vitis/int_gen_plat/zynq_fsbl/zynq_fsbl_bsp/system.mss with des name system
TRACE::2026-03-16.22:11:18::SCWMssOS::updating the scw layer about changes
TRACE::2026-03-16.22:11:18::SCWMssOS::Opened the sw design.  C:/Users/ER250/OneDrive/Documents/ECE520_SOC/ECE520_SandBox/int_gen_soc_re/int_gen_soc_vitis/int_gen_plat/zynq_fsbl/zynq_fsbl_bsp/system.mss
TRACE::2026-03-16.22:11:18::SCWPlatform::Trying to open the hw design at C:/Users/ER250/OneDrive/Documents/ECE520_SOC/ECE520_SandBox/int_gen_soc_re/int_gen_soc_vitis/int_gen_plat/hw/int_gen_bd_re_wrapper.xsa
TRACE::2026-03-16.22:11:18::SCWPlatform::DSA given C:/Users/ER250/OneDrive/Documents/ECE520_SOC/ECE520_SandBox/int_gen_soc_re/int_gen_soc_vitis/int_gen_plat/hw/int_gen_bd_re_wrapper.xsa
TRACE::2026-03-16.22:11:18::SCWPlatform::DSA absoulate path C:/Users/ER250/OneDrive/Documents/ECE520_SOC/ECE520_SandBox/int_gen_soc_re/int_gen_soc_vitis/int_gen_plat/hw/int_gen_bd_re_wrapper.xsa
TRACE::2026-03-16.22:11:18::SCWPlatform::DSA directory C:/Users/ER250/OneDrive/Documents/ECE520_SOC/ECE520_SandBox/int_gen_soc_re/int_gen_soc_vitis/int_gen_plat/hw
TRACE::2026-03-16.22:11:18::SCWPlatform:: Platform Path C:/Users/ER250/OneDrive/Documents/ECE520_SOC/ECE520_SandBox/int_gen_soc_re/int_gen_soc_vitis/int_gen_plat/hw/int_gen_bd_re_wrapper.xsa
TRACE::2026-03-16.22:11:18::SCWPlatform:: Unique name xilinx:zybo-z7-10::0.0
TRACE::2026-03-16.22:11:18::SCWPlatform::Trying to set the existing hwdb with name int_gen_bd_re_wrapper
TRACE::2026-03-16.22:11:18::SCWPlatform::Opened existing hwdb int_gen_bd_re_wrapper
TRACE::2026-03-16.22:11:18::SCWPlatform::Found the Hw Db part of the input DSA
TRACE::2026-03-16.22:11:18::SCWMssOS::Checking the sw design at  C:/Users/ER250/OneDrive/Documents/ECE520_SOC/ECE520_SandBox/int_gen_soc_re/int_gen_soc_vitis/int_gen_plat/zynq_fsbl/zynq_fsbl_bsp/system.mss
TRACE::2026-03-16.22:11:18::SCWMssOS::DEBUG:  swdes dump  C:/Users/ER250/OneDrive/Documents/ECE520_SOC/ECE520_SandBox/int_gen_soc_re/int_gen_soc_vitis/int_gen_plat/zynq_fsbl/zynq_fsbl_bsp/system.mss|system||

TRACE::2026-03-16.22:11:18::SCWMssOS::Sw design exists and opened at  C:/Users/ER250/OneDrive/Documents/ECE520_SOC/ECE520_SandBox/int_gen_soc_re/int_gen_soc_vitis/int_gen_plat/zynq_fsbl/zynq_fsbl_bsp/system.mss
TRACE::2026-03-16.22:11:18::SCWMssOS:: library already available in sw design:  xilffs:5.0
TRACE::2026-03-16.22:11:18::SCWPlatform::Trying to open the hw design at C:/Users/ER250/OneDrive/Documents/ECE520_SOC/ECE520_SandBox/int_gen_soc_re/int_gen_soc_vitis/int_gen_plat/hw/int_gen_bd_re_wrapper.xsa
TRACE::2026-03-16.22:11:18::SCWPlatform::DSA given C:/Users/ER250/OneDrive/Documents/ECE520_SOC/ECE520_SandBox/int_gen_soc_re/int_gen_soc_vitis/int_gen_plat/hw/int_gen_bd_re_wrapper.xsa
TRACE::2026-03-16.22:11:18::SCWPlatform::DSA absoulate path C:/Users/ER250/OneDrive/Documents/ECE520_SOC/ECE520_SandBox/int_gen_soc_re/int_gen_soc_vitis/int_gen_plat/hw/int_gen_bd_re_wrapper.xsa
TRACE::2026-03-16.22:11:18::SCWPlatform::DSA directory C:/Users/ER250/OneDrive/Documents/ECE520_SOC/ECE520_SandBox/int_gen_soc_re/int_gen_soc_vitis/int_gen_plat/hw
TRACE::2026-03-16.22:11:18::SCWPlatform:: Platform Path C:/Users/ER250/OneDrive/Documents/ECE520_SOC/ECE520_SandBox/int_gen_soc_re/int_gen_soc_vitis/int_gen_plat/hw/int_gen_bd_re_wrapper.xsa
TRACE::2026-03-16.22:11:18::SCWPlatform:: Unique name xilinx:zybo-z7-10::0.0
TRACE::2026-03-16.22:11:18::SCWPlatform::Trying to set the existing hwdb with name int_gen_bd_re_wrapper
TRACE::2026-03-16.22:11:18::SCWPlatform::Opened existing hwdb int_gen_bd_re_wrapper
TRACE::2026-03-16.22:11:18::SCWPlatform::Found the Hw Db part of the input DSA
TRACE::2026-03-16.22:11:18::SCWMssOS::Checking the sw design at  C:/Users/ER250/OneDrive/Documents/ECE520_SOC/ECE520_SandBox/int_gen_soc_re/int_gen_soc_vitis/int_gen_plat/zynq_fsbl/zynq_fsbl_bsp/system.mss
TRACE::2026-03-16.22:11:18::SCWMssOS::DEBUG:  swdes dump  C:/Users/ER250/OneDrive/Documents/ECE520_SOC/ECE520_SandBox/int_gen_soc_re/int_gen_soc_vitis/int_gen_plat/zynq_fsbl/zynq_fsbl_bsp/system.mss|system||

TRACE::2026-03-16.22:11:18::SCWMssOS::Sw design exists and opened at  C:/Users/ER250/OneDrive/Documents/ECE520_SOC/ECE520_SandBox/int_gen_soc_re/int_gen_soc_vitis/int_gen_plat/zynq_fsbl/zynq_fsbl_bsp/system.mss
TRACE::2026-03-16.22:11:18::SCWMssOS:: library already available in sw design:  xilrsa:1.6
TRACE::2026-03-16.22:11:18::SCWPlatform::Trying to open the hw design at C:/Users/ER250/OneDrive/Documents/ECE520_SOC/ECE520_SandBox/int_gen_soc_re/int_gen_soc_vitis/int_gen_plat/hw/int_gen_bd_re_wrapper.xsa
TRACE::2026-03-16.22:11:18::SCWPlatform::DSA given C:/Users/ER250/OneDrive/Documents/ECE520_SOC/ECE520_SandBox/int_gen_soc_re/int_gen_soc_vitis/int_gen_plat/hw/int_gen_bd_re_wrapper.xsa
TRACE::2026-03-16.22:11:18::SCWPlatform::DSA absoulate path C:/Users/ER250/OneDrive/Documents/ECE520_SOC/ECE520_SandBox/int_gen_soc_re/int_gen_soc_vitis/int_gen_plat/hw/int_gen_bd_re_wrapper.xsa
TRACE::2026-03-16.22:11:18::SCWPlatform::DSA directory C:/Users/ER250/OneDrive/Documents/ECE520_SOC/ECE520_SandBox/int_gen_soc_re/int_gen_soc_vitis/int_gen_plat/hw
TRACE::2026-03-16.22:11:18::SCWPlatform:: Platform Path C:/Users/ER250/OneDrive/Documents/ECE520_SOC/ECE520_SandBox/int_gen_soc_re/int_gen_soc_vitis/int_gen_plat/hw/int_gen_bd_re_wrapper.xsa
TRACE::2026-03-16.22:11:18::SCWPlatform:: Unique name xilinx:zybo-z7-10::0.0
TRACE::2026-03-16.22:11:18::SCWPlatform::Trying to set the existing hwdb with name int_gen_bd_re_wrapper
TRACE::2026-03-16.22:11:18::SCWPlatform::Opened existing hwdb int_gen_bd_re_wrapper
TRACE::2026-03-16.22:11:18::SCWPlatform::Found the Hw Db part of the input DSA
TRACE::2026-03-16.22:11:18::SCWMssOS::Checking the sw design at  C:/Users/ER250/OneDrive/Documents/ECE520_SOC/ECE520_SandBox/int_gen_soc_re/int_gen_soc_vitis/int_gen_plat/zynq_fsbl/zynq_fsbl_bsp/system.mss
TRACE::2026-03-16.22:11:18::SCWMssOS::DEBUG:  swdes dump  C:/Users/ER250/OneDrive/Documents/ECE520_SOC/ECE520_SandBox/int_gen_soc_re/int_gen_soc_vitis/int_gen_plat/zynq_fsbl/zynq_fsbl_bsp/system.mss|system||

TRACE::2026-03-16.22:11:18::SCWMssOS::Sw design exists and opened at  C:/Users/ER250/OneDrive/Documents/ECE520_SOC/ECE520_SandBox/int_gen_soc_re/int_gen_soc_vitis/int_gen_plat/zynq_fsbl/zynq_fsbl_bsp/system.mss
TRACE::2026-03-16.22:11:18::SCWMssOS::Saving the mss changes C:/Users/ER250/OneDrive/Documents/ECE520_SOC/ECE520_SandBox/int_gen_soc_re/int_gen_soc_vitis/int_gen_plat/zynq_fsbl/zynq_fsbl_bsp/system.mss
TRACE::2026-03-16.22:11:18::SCWMssOS::Found a swdesign opened with the mssfile.
TRACE::2026-03-16.22:11:18::SCWMssOS::Completed writemss as part of save.
TRACE::2026-03-16.22:11:18::SCWMssOS::Commit changes completed.
TRACE::2026-03-16.22:11:18::SCWReader::Adding prebuilt librarypaths as   
TRACE::2026-03-16.22:11:18::SCWReader::Adding prebuilt incpaths  as   
TRACE::2026-03-16.22:11:18::SCWPlatform::Trying to open the hw design at C:/Users/ER250/OneDrive/Documents/ECE520_SOC/ECE520_SandBox/int_gen_soc_re/int_gen_soc_vitis/int_gen_plat/hw/int_gen_bd_re_wrapper.xsa
TRACE::2026-03-16.22:11:18::SCWPlatform::DSA given C:/Users/ER250/OneDrive/Documents/ECE520_SOC/ECE520_SandBox/int_gen_soc_re/int_gen_soc_vitis/int_gen_plat/hw/int_gen_bd_re_wrapper.xsa
TRACE::2026-03-16.22:11:18::SCWPlatform::DSA absoulate path C:/Users/ER250/OneDrive/Documents/ECE520_SOC/ECE520_SandBox/int_gen_soc_re/int_gen_soc_vitis/int_gen_plat/hw/int_gen_bd_re_wrapper.xsa
TRACE::2026-03-16.22:11:18::SCWPlatform::DSA directory C:/Users/ER250/OneDrive/Documents/ECE520_SOC/ECE520_SandBox/int_gen_soc_re/int_gen_soc_vitis/int_gen_plat/hw
TRACE::2026-03-16.22:11:18::SCWPlatform:: Platform Path C:/Users/ER250/OneDrive/Documents/ECE520_SOC/ECE520_SandBox/int_gen_soc_re/int_gen_soc_vitis/int_gen_plat/hw/int_gen_bd_re_wrapper.xsa
TRACE::2026-03-16.22:11:18::SCWPlatform:: Unique name xilinx:zybo-z7-10::0.0
TRACE::2026-03-16.22:11:18::SCWPlatform::Trying to set the existing hwdb with name int_gen_bd_re_wrapper
TRACE::2026-03-16.22:11:18::SCWPlatform::Opened existing hwdb int_gen_bd_re_wrapper
TRACE::2026-03-16.22:11:18::SCWPlatform::Found the Hw Db part of the input DSA
TRACE::2026-03-16.22:11:18::SCWMssOS::Checking the sw design at  C:/Users/ER250/OneDrive/Documents/ECE520_SOC/ECE520_SandBox/int_gen_soc_re/int_gen_soc_vitis/int_gen_plat/zynq_fsbl/zynq_fsbl_bsp/system.mss
TRACE::2026-03-16.22:11:18::SCWMssOS::DEBUG:  swdes dump  C:/Users/ER250/OneDrive/Documents/ECE520_SOC/ECE520_SandBox/int_gen_soc_re/int_gen_soc_vitis/int_gen_plat/zynq_fsbl/zynq_fsbl_bsp/system.mss|system||

TRACE::2026-03-16.22:11:18::SCWMssOS::Sw design exists and opened at  C:/Users/ER250/OneDrive/Documents/ECE520_SOC/ECE520_SandBox/int_gen_soc_re/int_gen_soc_vitis/int_gen_plat/zynq_fsbl/zynq_fsbl_bsp/system.mss
TRACE::2026-03-16.22:11:18::SCWReader::No isolation master present  
TRACE::2026-03-16.22:11:18::SCWDomain::checking for install qemu data   : 
TRACE::2026-03-16.22:11:18::SCWDomain:: Using the QEMU Data from install at  : C:/Xilinx/Vitis/2023.1/data/emulation/platforms/zynq/sw/a9_standalone/qemu/
TRACE::2026-03-16.22:11:18::SCWDomain:: Using the QEMU args  from install at  : C:/Xilinx/Vitis/2023.1/data/emulation/platforms/zynq/sw/a9_standalone/qemu/qemu_args.txt
TRACE::2026-03-16.22:11:18::SCWPlatform::Trying to open the hw design at C:/Users/ER250/OneDrive/Documents/ECE520_SOC/ECE520_SandBox/int_gen_soc_re/int_gen_soc_vitis/int_gen_plat/hw/int_gen_bd_re_wrapper.xsa
TRACE::2026-03-16.22:11:18::SCWPlatform::DSA given C:/Users/ER250/OneDrive/Documents/ECE520_SOC/ECE520_SandBox/int_gen_soc_re/int_gen_soc_vitis/int_gen_plat/hw/int_gen_bd_re_wrapper.xsa
TRACE::2026-03-16.22:11:18::SCWPlatform::DSA absoulate path C:/Users/ER250/OneDrive/Documents/ECE520_SOC/ECE520_SandBox/int_gen_soc_re/int_gen_soc_vitis/int_gen_plat/hw/int_gen_bd_re_wrapper.xsa
TRACE::2026-03-16.22:11:18::SCWPlatform::DSA directory C:/Users/ER250/OneDrive/Documents/ECE520_SOC/ECE520_SandBox/int_gen_soc_re/int_gen_soc_vitis/int_gen_plat/hw
TRACE::2026-03-16.22:11:18::SCWPlatform:: Platform Path C:/Users/ER250/OneDrive/Documents/ECE520_SOC/ECE520_SandBox/int_gen_soc_re/int_gen_soc_vitis/int_gen_plat/hw/int_gen_bd_re_wrapper.xsa
TRACE::2026-03-16.22:11:18::SCWPlatform:: Unique name xilinx:zybo-z7-10::0.0
TRACE::2026-03-16.22:11:18::SCWPlatform::Trying to set the existing hwdb with name int_gen_bd_re_wrapper
TRACE::2026-03-16.22:11:18::SCWPlatform::Opened existing hwdb int_gen_bd_re_wrapper
TRACE::2026-03-16.22:11:18::SCWPlatform::Found the Hw Db part of the input DSA
TRACE::2026-03-16.22:11:18::SCWPlatform::Trying to open the hw design at C:/Users/ER250/OneDrive/Documents/ECE520_SOC/ECE520_SandBox/int_gen_soc_re/int_gen_soc_vitis/int_gen_plat/hw/int_gen_bd_re_wrapper.xsa
TRACE::2026-03-16.22:11:18::SCWPlatform::DSA given C:/Users/ER250/OneDrive/Documents/ECE520_SOC/ECE520_SandBox/int_gen_soc_re/int_gen_soc_vitis/int_gen_plat/hw/int_gen_bd_re_wrapper.xsa
TRACE::2026-03-16.22:11:18::SCWPlatform::DSA absoulate path C:/Users/ER250/OneDrive/Documents/ECE520_SOC/ECE520_SandBox/int_gen_soc_re/int_gen_soc_vitis/int_gen_plat/hw/int_gen_bd_re_wrapper.xsa
TRACE::2026-03-16.22:11:18::SCWPlatform::DSA directory C:/Users/ER250/OneDrive/Documents/ECE520_SOC/ECE520_SandBox/int_gen_soc_re/int_gen_soc_vitis/int_gen_plat/hw
TRACE::2026-03-16.22:11:18::SCWPlatform:: Platform Path C:/Users/ER250/OneDrive/Documents/ECE520_SOC/ECE520_SandBox/int_gen_soc_re/int_gen_soc_vitis/int_gen_plat/hw/int_gen_bd_re_wrapper.xsa
TRACE::2026-03-16.22:11:18::SCWPlatform:: Unique name xilinx:zybo-z7-10::0.0
TRACE::2026-03-16.22:11:18::SCWPlatform::Trying to set the existing hwdb with name int_gen_bd_re_wrapper
TRACE::2026-03-16.22:11:18::SCWPlatform::Opened existing hwdb int_gen_bd_re_wrapper
TRACE::2026-03-16.22:11:18::SCWPlatform::Found the Hw Db part of the input DSA
TRACE::2026-03-16.22:11:18::SCWPlatform::Trying to open the hw design at C:/Users/ER250/OneDrive/Documents/ECE520_SOC/ECE520_SandBox/int_gen_soc_re/int_gen_soc_vitis/int_gen_plat/hw/int_gen_bd_re_wrapper.xsa
TRACE::2026-03-16.22:11:18::SCWPlatform::DSA given C:/Users/ER250/OneDrive/Documents/ECE520_SOC/ECE520_SandBox/int_gen_soc_re/int_gen_soc_vitis/int_gen_plat/hw/int_gen_bd_re_wrapper.xsa
TRACE::2026-03-16.22:11:18::SCWPlatform::DSA absoulate path C:/Users/ER250/OneDrive/Documents/ECE520_SOC/ECE520_SandBox/int_gen_soc_re/int_gen_soc_vitis/int_gen_plat/hw/int_gen_bd_re_wrapper.xsa
TRACE::2026-03-16.22:11:18::SCWPlatform::DSA directory C:/Users/ER250/OneDrive/Documents/ECE520_SOC/ECE520_SandBox/int_gen_soc_re/int_gen_soc_vitis/int_gen_plat/hw
TRACE::2026-03-16.22:11:18::SCWPlatform:: Platform Path C:/Users/ER250/OneDrive/Documents/ECE520_SOC/ECE520_SandBox/int_gen_soc_re/int_gen_soc_vitis/int_gen_plat/hw/int_gen_bd_re_wrapper.xsa
TRACE::2026-03-16.22:11:18::SCWPlatform:: Unique name xilinx:zybo-z7-10::0.0
TRACE::2026-03-16.22:11:18::SCWPlatform::Trying to set the existing hwdb with name int_gen_bd_re_wrapper
TRACE::2026-03-16.22:11:18::SCWPlatform::Opened existing hwdb int_gen_bd_re_wrapper
TRACE::2026-03-16.22:11:18::SCWPlatform::Found the Hw Db part of the input DSA
TRACE::2026-03-16.22:11:18::SCWMssOS::Checking the sw design at  C:/Users/ER250/OneDrive/Documents/ECE520_SOC/ECE520_SandBox/int_gen_soc_re/int_gen_soc_vitis/int_gen_plat/ps7_cortexa9_0/standalone_domain/bsp/system.mss
TRACE::2026-03-16.22:11:18::SCWMssOS::DEBUG:  swdes dump  C:/Users/ER250/OneDrive/Documents/ECE520_SOC/ECE520_SandBox/int_gen_soc_re/int_gen_soc_vitis/int_gen_plat/zynq_fsbl/zynq_fsbl_bsp/system.mss|system||

TRACE::2026-03-16.22:11:18::SCWMssOS::No sw design opened at  C:/Users/ER250/OneDrive/Documents/ECE520_SOC/ECE520_SandBox/int_gen_soc_re/int_gen_soc_vitis/int_gen_plat/ps7_cortexa9_0/standalone_domain/bsp/system.mss
TRACE::2026-03-16.22:11:18::SCWMssOS::mss exists loading the mss file  C:/Users/ER250/OneDrive/Documents/ECE520_SOC/ECE520_SandBox/int_gen_soc_re/int_gen_soc_vitis/int_gen_plat/ps7_cortexa9_0/standalone_domain/bsp/system.mss
TRACE::2026-03-16.22:11:18::SCWMssOS::Opened the sw design from mss  C:/Users/ER250/OneDrive/Documents/ECE520_SOC/ECE520_SandBox/int_gen_soc_re/int_gen_soc_vitis/int_gen_plat/ps7_cortexa9_0/standalone_domain/bsp/system.mss
TRACE::2026-03-16.22:11:18::SCWMssOS::Adding the swdes entry C:/Users/ER250/OneDrive/Documents/ECE520_SOC/ECE520_SandBox/int_gen_soc_re/int_gen_soc_vitis/int_gen_plat/ps7_cortexa9_0/standalone_domain/bsp/system.mss with des name system_0
TRACE::2026-03-16.22:11:18::SCWMssOS::updating the scw layer about changes
TRACE::2026-03-16.22:11:18::SCWMssOS::Opened the sw design.  C:/Users/ER250/OneDrive/Documents/ECE520_SOC/ECE520_SandBox/int_gen_soc_re/int_gen_soc_vitis/int_gen_plat/ps7_cortexa9_0/standalone_domain/bsp/system.mss
TRACE::2026-03-16.22:11:18::SCWPlatform::Trying to open the hw design at C:/Users/ER250/OneDrive/Documents/ECE520_SOC/ECE520_SandBox/int_gen_soc_re/int_gen_soc_vitis/int_gen_plat/hw/int_gen_bd_re_wrapper.xsa
TRACE::2026-03-16.22:11:18::SCWPlatform::DSA given C:/Users/ER250/OneDrive/Documents/ECE520_SOC/ECE520_SandBox/int_gen_soc_re/int_gen_soc_vitis/int_gen_plat/hw/int_gen_bd_re_wrapper.xsa
TRACE::2026-03-16.22:11:18::SCWPlatform::DSA absoulate path C:/Users/ER250/OneDrive/Documents/ECE520_SOC/ECE520_SandBox/int_gen_soc_re/int_gen_soc_vitis/int_gen_plat/hw/int_gen_bd_re_wrapper.xsa
TRACE::2026-03-16.22:11:18::SCWPlatform::DSA directory C:/Users/ER250/OneDrive/Documents/ECE520_SOC/ECE520_SandBox/int_gen_soc_re/int_gen_soc_vitis/int_gen_plat/hw
TRACE::2026-03-16.22:11:18::SCWPlatform:: Platform Path C:/Users/ER250/OneDrive/Documents/ECE520_SOC/ECE520_SandBox/int_gen_soc_re/int_gen_soc_vitis/int_gen_plat/hw/int_gen_bd_re_wrapper.xsa
TRACE::2026-03-16.22:11:18::SCWPlatform:: Unique name xilinx:zybo-z7-10::0.0
TRACE::2026-03-16.22:11:18::SCWPlatform::Trying to set the existing hwdb with name int_gen_bd_re_wrapper
TRACE::2026-03-16.22:11:18::SCWPlatform::Opened existing hwdb int_gen_bd_re_wrapper
TRACE::2026-03-16.22:11:18::SCWPlatform::Found the Hw Db part of the input DSA
TRACE::2026-03-16.22:11:18::SCWMssOS::Checking the sw design at  C:/Users/ER250/OneDrive/Documents/ECE520_SOC/ECE520_SandBox/int_gen_soc_re/int_gen_soc_vitis/int_gen_plat/ps7_cortexa9_0/standalone_domain/bsp/system.mss
TRACE::2026-03-16.22:11:18::SCWMssOS::DEBUG:  swdes dump  C:/Users/ER250/OneDrive/Documents/ECE520_SOC/ECE520_SandBox/int_gen_soc_re/int_gen_soc_vitis/int_gen_plat/ps7_cortexa9_0/standalone_domain/bsp/system.mss|system_0||
C:/Users/ER250/OneDrive/Documents/ECE520_SOC/ECE520_SandBox/int_gen_soc_re/int_gen_soc_vitis/int_gen_plat/zynq_fsbl/zynq_fsbl_bsp/system.mss|system||

TRACE::2026-03-16.22:11:18::SCWMssOS::Sw design exists and opened at  C:/Users/ER250/OneDrive/Documents/ECE520_SOC/ECE520_SandBox/int_gen_soc_re/int_gen_soc_vitis/int_gen_plat/ps7_cortexa9_0/standalone_domain/bsp/system.mss
TRACE::2026-03-16.22:11:18::SCWMssOS::Saving the mss changes C:/Users/ER250/OneDrive/Documents/ECE520_SOC/ECE520_SandBox/int_gen_soc_re/int_gen_soc_vitis/int_gen_plat/ps7_cortexa9_0/standalone_domain/bsp/system.mss
TRACE::2026-03-16.22:11:18::SCWMssOS::Found a swdesign opened with the mssfile.
TRACE::2026-03-16.22:11:18::SCWMssOS::Completed writemss as part of save.
TRACE::2026-03-16.22:11:18::SCWMssOS::Commit changes completed.
TRACE::2026-03-16.22:11:18::SCWReader::Adding prebuilt librarypaths as   
TRACE::2026-03-16.22:11:18::SCWReader::Adding prebuilt incpaths  as   
TRACE::2026-03-16.22:11:18::SCWPlatform::Trying to open the hw design at C:/Users/ER250/OneDrive/Documents/ECE520_SOC/ECE520_SandBox/int_gen_soc_re/int_gen_soc_vitis/int_gen_plat/hw/int_gen_bd_re_wrapper.xsa
TRACE::2026-03-16.22:11:18::SCWPlatform::DSA given C:/Users/ER250/OneDrive/Documents/ECE520_SOC/ECE520_SandBox/int_gen_soc_re/int_gen_soc_vitis/int_gen_plat/hw/int_gen_bd_re_wrapper.xsa
TRACE::2026-03-16.22:11:18::SCWPlatform::DSA absoulate path C:/Users/ER250/OneDrive/Documents/ECE520_SOC/ECE520_SandBox/int_gen_soc_re/int_gen_soc_vitis/int_gen_plat/hw/int_gen_bd_re_wrapper.xsa
TRACE::2026-03-16.22:11:18::SCWPlatform::DSA directory C:/Users/ER250/OneDrive/Documents/ECE520_SOC/ECE520_SandBox/int_gen_soc_re/int_gen_soc_vitis/int_gen_plat/hw
TRACE::2026-03-16.22:11:18::SCWPlatform:: Platform Path C:/Users/ER250/OneDrive/Documents/ECE520_SOC/ECE520_SandBox/int_gen_soc_re/int_gen_soc_vitis/int_gen_plat/hw/int_gen_bd_re_wrapper.xsa
TRACE::2026-03-16.22:11:18::SCWPlatform:: Unique name xilinx:zybo-z7-10::0.0
TRACE::2026-03-16.22:11:18::SCWPlatform::Trying to set the existing hwdb with name int_gen_bd_re_wrapper
TRACE::2026-03-16.22:11:18::SCWPlatform::Opened existing hwdb int_gen_bd_re_wrapper
TRACE::2026-03-16.22:11:18::SCWPlatform::Found the Hw Db part of the input DSA
TRACE::2026-03-16.22:11:18::SCWMssOS::Checking the sw design at  C:/Users/ER250/OneDrive/Documents/ECE520_SOC/ECE520_SandBox/int_gen_soc_re/int_gen_soc_vitis/int_gen_plat/ps7_cortexa9_0/standalone_domain/bsp/system.mss
TRACE::2026-03-16.22:11:18::SCWMssOS::DEBUG:  swdes dump  C:/Users/ER250/OneDrive/Documents/ECE520_SOC/ECE520_SandBox/int_gen_soc_re/int_gen_soc_vitis/int_gen_plat/ps7_cortexa9_0/standalone_domain/bsp/system.mss|system_0||
C:/Users/ER250/OneDrive/Documents/ECE520_SOC/ECE520_SandBox/int_gen_soc_re/int_gen_soc_vitis/int_gen_plat/zynq_fsbl/zynq_fsbl_bsp/system.mss|system||

TRACE::2026-03-16.22:11:18::SCWMssOS::Sw design exists and opened at  C:/Users/ER250/OneDrive/Documents/ECE520_SOC/ECE520_SandBox/int_gen_soc_re/int_gen_soc_vitis/int_gen_plat/ps7_cortexa9_0/standalone_domain/bsp/system.mss
TRACE::2026-03-16.22:11:18::SCWReader::No isolation master present  
TRACE::2026-03-16.22:11:28::SCWPlatform::DSA given C:/Users/ER250/OneDrive/Documents/ECE520_SOC/ECE520_SandBox/int_gen_soc_re/int_gen_soc_vitis/int_gen_plat/tempdsa/int_gen_bd_re_wrapper.xsa
TRACE::2026-03-16.22:11:28::SCWPlatform::DSA absoulate path C:/Users/ER250/OneDrive/Documents/ECE520_SOC/ECE520_SandBox/int_gen_soc_re/int_gen_soc_vitis/int_gen_plat/tempdsa/int_gen_bd_re_wrapper.xsa
TRACE::2026-03-16.22:11:28::SCWPlatform:: Platform location is C:/Users/ER250/OneDrive/Documents/ECE520_SOC/ECE520_SandBox/int_gen_soc_re/int_gen_soc_vitis/int_gen_plat/tempdsa
TRACE::2026-03-16.22:11:28::SCWPlatform:: Platform Path C:/Users/ER250/OneDrive/Documents/ECE520_SOC/ECE520_SandBox/int_gen_soc_re/int_gen_soc_vitis/int_gen_plat/tempdsa/int_gen_bd_re_wrapper.xsa
TRACE::2026-03-16.22:11:28::SCWPlatform:: Unique name xilinx:zybo-z7-10::0.0
TRACE::2026-03-16.22:11:31::SCWPlatform::Found the Hw Db part of the input DSA
TRACE::2026-03-16.22:11:31::SCWMssOS::Doing hw sync for the mss in domain: zynq_fsbl
TRACE::2026-03-16.22:11:31::SCWPlatform::Trying to open the hw design at C:/Users/ER250/OneDrive/Documents/ECE520_SOC/ECE520_SandBox/int_gen_soc_re/int_gen_soc_vitis/int_gen_plat/hw/int_gen_bd_re_wrapper.xsa
TRACE::2026-03-16.22:11:31::SCWPlatform::DSA given C:/Users/ER250/OneDrive/Documents/ECE520_SOC/ECE520_SandBox/int_gen_soc_re/int_gen_soc_vitis/int_gen_plat/hw/int_gen_bd_re_wrapper.xsa
TRACE::2026-03-16.22:11:31::SCWPlatform::DSA absoulate path C:/Users/ER250/OneDrive/Documents/ECE520_SOC/ECE520_SandBox/int_gen_soc_re/int_gen_soc_vitis/int_gen_plat/hw/int_gen_bd_re_wrapper.xsa
TRACE::2026-03-16.22:11:31::SCWPlatform::DSA directory C:/Users/ER250/OneDrive/Documents/ECE520_SOC/ECE520_SandBox/int_gen_soc_re/int_gen_soc_vitis/int_gen_plat/hw
TRACE::2026-03-16.22:11:31::SCWPlatform:: Platform Path C:/Users/ER250/OneDrive/Documents/ECE520_SOC/ECE520_SandBox/int_gen_soc_re/int_gen_soc_vitis/int_gen_plat/hw/int_gen_bd_re_wrapper.xsa
TRACE::2026-03-16.22:11:31::SCWPlatform:: Unique name xilinx:zybo-z7-10::0.0
TRACE::2026-03-16.22:11:31::SCWPlatform::Trying to set the existing hwdb with name int_gen_bd_re_wrapper
TRACE::2026-03-16.22:11:31::SCWPlatform::Opened existing hwdb int_gen_bd_re_wrapper
TRACE::2026-03-16.22:11:31::SCWPlatform::Found the Hw Db part of the input DSA
TRACE::2026-03-16.22:11:31::SCWPlatform::Trying to open the hw design at C:/Users/ER250/OneDrive/Documents/ECE520_SOC/ECE520_SandBox/int_gen_soc_re/int_gen_soc_vitis/int_gen_plat/hw/int_gen_bd_re_wrapper.xsa
TRACE::2026-03-16.22:11:31::SCWPlatform::DSA given C:/Users/ER250/OneDrive/Documents/ECE520_SOC/ECE520_SandBox/int_gen_soc_re/int_gen_soc_vitis/int_gen_plat/hw/int_gen_bd_re_wrapper.xsa
TRACE::2026-03-16.22:11:31::SCWPlatform::DSA absoulate path C:/Users/ER250/OneDrive/Documents/ECE520_SOC/ECE520_SandBox/int_gen_soc_re/int_gen_soc_vitis/int_gen_plat/hw/int_gen_bd_re_wrapper.xsa
TRACE::2026-03-16.22:11:31::SCWPlatform::DSA directory C:/Users/ER250/OneDrive/Documents/ECE520_SOC/ECE520_SandBox/int_gen_soc_re/int_gen_soc_vitis/int_gen_plat/hw
TRACE::2026-03-16.22:11:31::SCWPlatform:: Platform Path C:/Users/ER250/OneDrive/Documents/ECE520_SOC/ECE520_SandBox/int_gen_soc_re/int_gen_soc_vitis/int_gen_plat/hw/int_gen_bd_re_wrapper.xsa
TRACE::2026-03-16.22:11:31::SCWPlatform:: Unique name xilinx:zybo-z7-10::0.0
TRACE::2026-03-16.22:11:31::SCWPlatform::Trying to set the existing hwdb with name int_gen_bd_re_wrapper
TRACE::2026-03-16.22:11:31::SCWPlatform::Opened existing hwdb int_gen_bd_re_wrapper
TRACE::2026-03-16.22:11:31::SCWPlatform::Found the Hw Db part of the input DSA
TRACE::2026-03-16.22:11:31::SCWMssOS::Checking the sw design at  C:/Users/ER250/OneDrive/Documents/ECE520_SOC/ECE520_SandBox/int_gen_soc_re/int_gen_soc_vitis/int_gen_plat/zynq_fsbl/zynq_fsbl_bsp/system.mss
TRACE::2026-03-16.22:11:31::SCWMssOS::DEBUG:  swdes dump  C:/Users/ER250/OneDrive/Documents/ECE520_SOC/ECE520_SandBox/int_gen_soc_re/int_gen_soc_vitis/int_gen_plat/ps7_cortexa9_0/standalone_domain/bsp/system.mss|system_0||
C:/Users/ER250/OneDrive/Documents/ECE520_SOC/ECE520_SandBox/int_gen_soc_re/int_gen_soc_vitis/int_gen_plat/zynq_fsbl/zynq_fsbl_bsp/system.mss|system||

TRACE::2026-03-16.22:11:31::SCWMssOS::Sw design exists and opened at  C:/Users/ER250/OneDrive/Documents/ECE520_SOC/ECE520_SandBox/int_gen_soc_re/int_gen_soc_vitis/int_gen_plat/zynq_fsbl/zynq_fsbl_bsp/system.mss
TRACE::2026-03-16.22:11:31::SCWPlatform::Trying to open the hw design at C:/Users/ER250/OneDrive/Documents/ECE520_SOC/ECE520_SandBox/int_gen_soc_re/int_gen_soc_vitis/int_gen_plat/tempdsa/int_gen_bd_re_wrapper.xsa
TRACE::2026-03-16.22:11:31::SCWPlatform::DSA given C:/Users/ER250/OneDrive/Documents/ECE520_SOC/ECE520_SandBox/int_gen_soc_re/int_gen_soc_vitis/int_gen_plat/tempdsa/int_gen_bd_re_wrapper.xsa
TRACE::2026-03-16.22:11:31::SCWPlatform::DSA absoulate path C:/Users/ER250/OneDrive/Documents/ECE520_SOC/ECE520_SandBox/int_gen_soc_re/int_gen_soc_vitis/int_gen_plat/tempdsa/int_gen_bd_re_wrapper.xsa
TRACE::2026-03-16.22:11:31::SCWPlatform::DSA directory C:/Users/ER250/OneDrive/Documents/ECE520_SOC/ECE520_SandBox/int_gen_soc_re/int_gen_soc_vitis/int_gen_plat/tempdsa
TRACE::2026-03-16.22:11:31::SCWPlatform:: Platform Path C:/Users/ER250/OneDrive/Documents/ECE520_SOC/ECE520_SandBox/int_gen_soc_re/int_gen_soc_vitis/int_gen_plat/tempdsa/int_gen_bd_re_wrapper.xsa
TRACE::2026-03-16.22:11:31::SCWPlatform:: Unique name xilinx:zybo-z7-10::0.0
TRACE::2026-03-16.22:11:31::SCWPlatform::update - Opened existing hwdb int_gen_bd_re_wrapper_0
TRACE::2026-03-16.22:11:31::SCWPlatform::Found the Hw Db part of the input DSA
TRACE::2026-03-16.22:11:31::SCWMssOS::Doing hw sync for the mss in domain: standalone_domain
TRACE::2026-03-16.22:11:31::SCWPlatform::Trying to open the hw design at C:/Users/ER250/OneDrive/Documents/ECE520_SOC/ECE520_SandBox/int_gen_soc_re/int_gen_soc_vitis/int_gen_plat/hw/int_gen_bd_re_wrapper.xsa
TRACE::2026-03-16.22:11:31::SCWPlatform::DSA given C:/Users/ER250/OneDrive/Documents/ECE520_SOC/ECE520_SandBox/int_gen_soc_re/int_gen_soc_vitis/int_gen_plat/hw/int_gen_bd_re_wrapper.xsa
TRACE::2026-03-16.22:11:31::SCWPlatform::DSA absoulate path C:/Users/ER250/OneDrive/Documents/ECE520_SOC/ECE520_SandBox/int_gen_soc_re/int_gen_soc_vitis/int_gen_plat/hw/int_gen_bd_re_wrapper.xsa
TRACE::2026-03-16.22:11:31::SCWPlatform::DSA directory C:/Users/ER250/OneDrive/Documents/ECE520_SOC/ECE520_SandBox/int_gen_soc_re/int_gen_soc_vitis/int_gen_plat/hw
TRACE::2026-03-16.22:11:31::SCWPlatform:: Platform Path C:/Users/ER250/OneDrive/Documents/ECE520_SOC/ECE520_SandBox/int_gen_soc_re/int_gen_soc_vitis/int_gen_plat/hw/int_gen_bd_re_wrapper.xsa
TRACE::2026-03-16.22:11:31::SCWPlatform:: Unique name xilinx:zybo-z7-10::0.0
TRACE::2026-03-16.22:11:31::SCWPlatform::Trying to set the existing hwdb with name int_gen_bd_re_wrapper
TRACE::2026-03-16.22:11:31::SCWPlatform::Opened existing hwdb int_gen_bd_re_wrapper
TRACE::2026-03-16.22:11:31::SCWPlatform::Found the Hw Db part of the input DSA
TRACE::2026-03-16.22:11:31::SCWPlatform::Trying to open the hw design at C:/Users/ER250/OneDrive/Documents/ECE520_SOC/ECE520_SandBox/int_gen_soc_re/int_gen_soc_vitis/int_gen_plat/hw/int_gen_bd_re_wrapper.xsa
TRACE::2026-03-16.22:11:31::SCWPlatform::DSA given C:/Users/ER250/OneDrive/Documents/ECE520_SOC/ECE520_SandBox/int_gen_soc_re/int_gen_soc_vitis/int_gen_plat/hw/int_gen_bd_re_wrapper.xsa
TRACE::2026-03-16.22:11:31::SCWPlatform::DSA absoulate path C:/Users/ER250/OneDrive/Documents/ECE520_SOC/ECE520_SandBox/int_gen_soc_re/int_gen_soc_vitis/int_gen_plat/hw/int_gen_bd_re_wrapper.xsa
TRACE::2026-03-16.22:11:31::SCWPlatform::DSA directory C:/Users/ER250/OneDrive/Documents/ECE520_SOC/ECE520_SandBox/int_gen_soc_re/int_gen_soc_vitis/int_gen_plat/hw
TRACE::2026-03-16.22:11:31::SCWPlatform:: Platform Path C:/Users/ER250/OneDrive/Documents/ECE520_SOC/ECE520_SandBox/int_gen_soc_re/int_gen_soc_vitis/int_gen_plat/hw/int_gen_bd_re_wrapper.xsa
TRACE::2026-03-16.22:11:31::SCWPlatform:: Unique name xilinx:zybo-z7-10::0.0
TRACE::2026-03-16.22:11:31::SCWPlatform::Trying to set the existing hwdb with name int_gen_bd_re_wrapper
TRACE::2026-03-16.22:11:31::SCWPlatform::Opened existing hwdb int_gen_bd_re_wrapper
TRACE::2026-03-16.22:11:31::SCWPlatform::Found the Hw Db part of the input DSA
TRACE::2026-03-16.22:11:31::SCWMssOS::Checking the sw design at  C:/Users/ER250/OneDrive/Documents/ECE520_SOC/ECE520_SandBox/int_gen_soc_re/int_gen_soc_vitis/int_gen_plat/ps7_cortexa9_0/standalone_domain/bsp/system.mss
TRACE::2026-03-16.22:11:31::SCWMssOS::DEBUG:  swdes dump  C:/Users/ER250/OneDrive/Documents/ECE520_SOC/ECE520_SandBox/int_gen_soc_re/int_gen_soc_vitis/int_gen_plat/ps7_cortexa9_0/standalone_domain/bsp/system.mss|system_0||
C:/Users/ER250/OneDrive/Documents/ECE520_SOC/ECE520_SandBox/int_gen_soc_re/int_gen_soc_vitis/int_gen_plat/zynq_fsbl/zynq_fsbl_bsp/system.mss|system||

TRACE::2026-03-16.22:11:31::SCWMssOS::Sw design exists and opened at  C:/Users/ER250/OneDrive/Documents/ECE520_SOC/ECE520_SandBox/int_gen_soc_re/int_gen_soc_vitis/int_gen_plat/ps7_cortexa9_0/standalone_domain/bsp/system.mss
TRACE::2026-03-16.22:11:31::SCWPlatform::Trying to open the hw design at C:/Users/ER250/OneDrive/Documents/ECE520_SOC/ECE520_SandBox/int_gen_soc_re/int_gen_soc_vitis/int_gen_plat/tempdsa/int_gen_bd_re_wrapper.xsa
TRACE::2026-03-16.22:11:31::SCWPlatform::DSA given C:/Users/ER250/OneDrive/Documents/ECE520_SOC/ECE520_SandBox/int_gen_soc_re/int_gen_soc_vitis/int_gen_plat/tempdsa/int_gen_bd_re_wrapper.xsa
TRACE::2026-03-16.22:11:31::SCWPlatform::DSA absoulate path C:/Users/ER250/OneDrive/Documents/ECE520_SOC/ECE520_SandBox/int_gen_soc_re/int_gen_soc_vitis/int_gen_plat/tempdsa/int_gen_bd_re_wrapper.xsa
TRACE::2026-03-16.22:11:31::SCWPlatform::DSA directory C:/Users/ER250/OneDrive/Documents/ECE520_SOC/ECE520_SandBox/int_gen_soc_re/int_gen_soc_vitis/int_gen_plat/tempdsa
TRACE::2026-03-16.22:11:31::SCWPlatform:: Platform Path C:/Users/ER250/OneDrive/Documents/ECE520_SOC/ECE520_SandBox/int_gen_soc_re/int_gen_soc_vitis/int_gen_plat/tempdsa/int_gen_bd_re_wrapper.xsa
TRACE::2026-03-16.22:11:31::SCWPlatform:: Unique name xilinx:zybo-z7-10::0.0
TRACE::2026-03-16.22:11:31::SCWPlatform::update - Opened existing hwdb int_gen_bd_re_wrapper_0
TRACE::2026-03-16.22:11:31::SCWPlatform::Found the Hw Db part of the input DSA
TRACE::2026-03-16.22:11:31::SCWMssOS::Saving the mss changes C:/Users/ER250/OneDrive/Documents/ECE520_SOC/ECE520_SandBox/int_gen_soc_re/int_gen_soc_vitis/int_gen_plat/zynq_fsbl/zynq_fsbl_bsp/system.mss
TRACE::2026-03-16.22:11:31::SCWMssOS::Found a swdesign opened with the mssfile.
TRACE::2026-03-16.22:11:31::SCWMssOS::Completed writemss as part of save.
TRACE::2026-03-16.22:11:31::SCWMssOS::Commit changes completed.
TRACE::2026-03-16.22:11:31::SCWMssOS::Completed hw sync for the mss in domain: zynq_fsbl
TRACE::2026-03-16.22:11:31::SCWMssOS::Removing the swdes entry for  C:/Users/ER250/OneDrive/Documents/ECE520_SOC/ECE520_SandBox/int_gen_soc_re/int_gen_soc_vitis/int_gen_plat/zynq_fsbl/zynq_fsbl_bsp/system.mss
TRACE::2026-03-16.22:11:31::SCWMssOS::Saving the mss changes C:/Users/ER250/OneDrive/Documents/ECE520_SOC/ECE520_SandBox/int_gen_soc_re/int_gen_soc_vitis/int_gen_plat/ps7_cortexa9_0/standalone_domain/bsp/system.mss
TRACE::2026-03-16.22:11:31::SCWMssOS::Found a swdesign opened with the mssfile.
TRACE::2026-03-16.22:11:31::SCWMssOS::Completed writemss as part of save.
TRACE::2026-03-16.22:11:31::SCWMssOS::Commit changes completed.
TRACE::2026-03-16.22:11:31::SCWMssOS::Completed hw sync for the mss in domain: standalone_domain
TRACE::2026-03-16.22:11:31::SCWMssOS::Removing the swdes entry for  C:/Users/ER250/OneDrive/Documents/ECE520_SOC/ECE520_SandBox/int_gen_soc_re/int_gen_soc_vitis/int_gen_plat/ps7_cortexa9_0/standalone_domain/bsp/system.mss
TRACE::2026-03-16.22:11:31::SCWPlatform::Trying to open the hw design at C:/Users/ER250/OneDrive/Documents/ECE520_SOC/ECE520_SandBox/int_gen_soc_re/int_gen_soc_vitis/int_gen_plat/hw/int_gen_bd_re_wrapper.xsa
TRACE::2026-03-16.22:11:31::SCWPlatform::DSA given C:/Users/ER250/OneDrive/Documents/ECE520_SOC/ECE520_SandBox/int_gen_soc_re/int_gen_soc_vitis/int_gen_plat/hw/int_gen_bd_re_wrapper.xsa
TRACE::2026-03-16.22:11:31::SCWPlatform::DSA absoulate path C:/Users/ER250/OneDrive/Documents/ECE520_SOC/ECE520_SandBox/int_gen_soc_re/int_gen_soc_vitis/int_gen_plat/hw/int_gen_bd_re_wrapper.xsa
TRACE::2026-03-16.22:11:31::SCWPlatform::DSA directory C:/Users/ER250/OneDrive/Documents/ECE520_SOC/ECE520_SandBox/int_gen_soc_re/int_gen_soc_vitis/int_gen_plat/hw
TRACE::2026-03-16.22:11:31::SCWPlatform:: Platform Path C:/Users/ER250/OneDrive/Documents/ECE520_SOC/ECE520_SandBox/int_gen_soc_re/int_gen_soc_vitis/int_gen_plat/hw/int_gen_bd_re_wrapper.xsa
TRACE::2026-03-16.22:11:31::SCWPlatform:: Unique name xilinx:zybo-z7-10::0.0
TRACE::2026-03-16.22:11:31::SCWPlatform::Do not have an existing db opened. 
TRACE::2026-03-16.22:11:34::SCWPlatform::Opened new HwDB with name int_gen_bd_re_wrapper_1
TRACE::2026-03-16.22:11:34::SCWMssOS::Saving the mss changes C:/Users/ER250/OneDrive/Documents/ECE520_SOC/ECE520_SandBox/int_gen_soc_re/int_gen_soc_vitis/int_gen_plat/zynq_fsbl/zynq_fsbl_bsp/system.mss
TRACE::2026-03-16.22:11:34::SCWMssOS::Adding the swdes entry, mss present, able to open swdb C:/Users/ER250/OneDrive/Documents/ECE520_SOC/ECE520_SandBox/int_gen_soc_re/int_gen_soc_vitis/int_gen_plat/zynq_fsbl/zynq_fsbl_bsp/system.mss with des name system
TRACE::2026-03-16.22:11:34::SCWMssOS::Writing the mss file completed C:/Users/ER250/OneDrive/Documents/ECE520_SOC/ECE520_SandBox/int_gen_soc_re/int_gen_soc_vitis/int_gen_plat/zynq_fsbl/zynq_fsbl_bsp/system.mss
TRACE::2026-03-16.22:11:34::SCWMssOS::Commit changes completed.
TRACE::2026-03-16.22:11:34::SCWMssOS::Saving the mss changes C:/Users/ER250/OneDrive/Documents/ECE520_SOC/ECE520_SandBox/int_gen_soc_re/int_gen_soc_vitis/int_gen_plat/ps7_cortexa9_0/standalone_domain/bsp/system.mss
TRACE::2026-03-16.22:11:34::SCWMssOS::Adding the swdes entry, mss present, able to open swdb C:/Users/ER250/OneDrive/Documents/ECE520_SOC/ECE520_SandBox/int_gen_soc_re/int_gen_soc_vitis/int_gen_plat/ps7_cortexa9_0/standalone_domain/bsp/system.mss with des name system_0
TRACE::2026-03-16.22:11:34::SCWMssOS::Writing the mss file completed C:/Users/ER250/OneDrive/Documents/ECE520_SOC/ECE520_SandBox/int_gen_soc_re/int_gen_soc_vitis/int_gen_plat/ps7_cortexa9_0/standalone_domain/bsp/system.mss
TRACE::2026-03-16.22:11:34::SCWMssOS::Commit changes completed.
TRACE::2026-03-16.22:11:34::SCWPlatform::Trying to open the hw design at C:/Users/ER250/OneDrive/Documents/ECE520_SOC/ECE520_SandBox/int_gen_soc_re/int_gen_soc_vitis/int_gen_plat/hw/int_gen_bd_re_wrapper.xsa
TRACE::2026-03-16.22:11:34::SCWPlatform::DSA given C:/Users/ER250/OneDrive/Documents/ECE520_SOC/ECE520_SandBox/int_gen_soc_re/int_gen_soc_vitis/int_gen_plat/hw/int_gen_bd_re_wrapper.xsa
TRACE::2026-03-16.22:11:34::SCWPlatform::DSA absoulate path C:/Users/ER250/OneDrive/Documents/ECE520_SOC/ECE520_SandBox/int_gen_soc_re/int_gen_soc_vitis/int_gen_plat/hw/int_gen_bd_re_wrapper.xsa
TRACE::2026-03-16.22:11:34::SCWPlatform::DSA directory C:/Users/ER250/OneDrive/Documents/ECE520_SOC/ECE520_SandBox/int_gen_soc_re/int_gen_soc_vitis/int_gen_plat/hw
TRACE::2026-03-16.22:11:34::SCWPlatform:: Platform Path C:/Users/ER250/OneDrive/Documents/ECE520_SOC/ECE520_SandBox/int_gen_soc_re/int_gen_soc_vitis/int_gen_plat/hw/int_gen_bd_re_wrapper.xsa
TRACE::2026-03-16.22:11:34::SCWPlatform:: Unique name xilinx:zybo-z7-10::0.0
TRACE::2026-03-16.22:11:34::SCWPlatform::Trying to set the existing hwdb with name int_gen_bd_re_wrapper_1
TRACE::2026-03-16.22:11:34::SCWPlatform::Opened existing hwdb int_gen_bd_re_wrapper_1
TRACE::2026-03-16.22:11:34::SCWPlatform::Found the Hw Db part of the input DSA
TRACE::2026-03-16.22:11:34::SCWMssOS::Checking the sw design at  C:/Users/ER250/OneDrive/Documents/ECE520_SOC/ECE520_SandBox/int_gen_soc_re/int_gen_soc_vitis/int_gen_plat/zynq_fsbl/zynq_fsbl_bsp/system.mss
TRACE::2026-03-16.22:11:34::SCWMssOS::DEBUG:  swdes dump  C:/Users/ER250/OneDrive/Documents/ECE520_SOC/ECE520_SandBox/int_gen_soc_re/int_gen_soc_vitis/int_gen_plat/ps7_cortexa9_0/standalone_domain/bsp/system.mss|system_0||
C:/Users/ER250/OneDrive/Documents/ECE520_SOC/ECE520_SandBox/int_gen_soc_re/int_gen_soc_vitis/int_gen_plat/zynq_fsbl/zynq_fsbl_bsp/system.mss|system||

TRACE::2026-03-16.22:11:34::SCWMssOS::Sw design exists and opened at  C:/Users/ER250/OneDrive/Documents/ECE520_SOC/ECE520_SandBox/int_gen_soc_re/int_gen_soc_vitis/int_gen_plat/zynq_fsbl/zynq_fsbl_bsp/system.mss
TRACE::2026-03-16.22:11:34::SCWPlatform::Trying to open the hw design at C:/Users/ER250/OneDrive/Documents/ECE520_SOC/ECE520_SandBox/int_gen_soc_re/int_gen_soc_vitis/int_gen_plat/hw/int_gen_bd_re_wrapper.xsa
TRACE::2026-03-16.22:11:34::SCWPlatform::DSA given C:/Users/ER250/OneDrive/Documents/ECE520_SOC/ECE520_SandBox/int_gen_soc_re/int_gen_soc_vitis/int_gen_plat/hw/int_gen_bd_re_wrapper.xsa
TRACE::2026-03-16.22:11:34::SCWPlatform::DSA absoulate path C:/Users/ER250/OneDrive/Documents/ECE520_SOC/ECE520_SandBox/int_gen_soc_re/int_gen_soc_vitis/int_gen_plat/hw/int_gen_bd_re_wrapper.xsa
TRACE::2026-03-16.22:11:34::SCWPlatform::DSA directory C:/Users/ER250/OneDrive/Documents/ECE520_SOC/ECE520_SandBox/int_gen_soc_re/int_gen_soc_vitis/int_gen_plat/hw
TRACE::2026-03-16.22:11:34::SCWPlatform:: Platform Path C:/Users/ER250/OneDrive/Documents/ECE520_SOC/ECE520_SandBox/int_gen_soc_re/int_gen_soc_vitis/int_gen_plat/hw/int_gen_bd_re_wrapper.xsa
TRACE::2026-03-16.22:11:34::SCWPlatform:: Unique name xilinx:zybo-z7-10::0.0
TRACE::2026-03-16.22:11:34::SCWPlatform::Trying to set the existing hwdb with name int_gen_bd_re_wrapper_1
TRACE::2026-03-16.22:11:34::SCWPlatform::Opened existing hwdb int_gen_bd_re_wrapper_1
TRACE::2026-03-16.22:11:34::SCWPlatform::Found the Hw Db part of the input DSA
TRACE::2026-03-16.22:11:34::SCWMssOS::Checking the sw design at  C:/Users/ER250/OneDrive/Documents/ECE520_SOC/ECE520_SandBox/int_gen_soc_re/int_gen_soc_vitis/int_gen_plat/ps7_cortexa9_0/standalone_domain/bsp/system.mss
TRACE::2026-03-16.22:11:34::SCWMssOS::DEBUG:  swdes dump  C:/Users/ER250/OneDrive/Documents/ECE520_SOC/ECE520_SandBox/int_gen_soc_re/int_gen_soc_vitis/int_gen_plat/ps7_cortexa9_0/standalone_domain/bsp/system.mss|system_0||
C:/Users/ER250/OneDrive/Documents/ECE520_SOC/ECE520_SandBox/int_gen_soc_re/int_gen_soc_vitis/int_gen_plat/zynq_fsbl/zynq_fsbl_bsp/system.mss|system||

TRACE::2026-03-16.22:11:34::SCWMssOS::Sw design exists and opened at  C:/Users/ER250/OneDrive/Documents/ECE520_SOC/ECE520_SandBox/int_gen_soc_re/int_gen_soc_vitis/int_gen_plat/ps7_cortexa9_0/standalone_domain/bsp/system.mss
TRACE::2026-03-16.22:11:34::SCWWriter::formatted JSON is {
	"platformName":	"int_gen_plat",
	"sprVersion":	"2.0",
	"mode":	"gui",
	"dsaType":	"Fixed",
	"platformDesc":	"int_gen_plat",
	"platHandOff":	"C:/Users/ER250/OneDrive/Documents/ECE520_SOC/ECE520_SandBox/int_gen_soc_re/int_gen_bd_re_wrapper.xsa",
	"platIntHandOff":	"<platformDir>/hw/int_gen_bd_re_wrapper.xsa",
	"deviceType":	"zynq",
	"platIsPrebuiltAutogen":	"false",
	"platIsNoBootBsp":	"false",
	"hasFsblMakeHasChanges":	"false",
	"hasPmufwMakeHasChanges":	"false",
	"fsblExtraCompilerFlags":	"-MMD -MP       -mcpu=cortex-a9 -mfpu=vfpv3 -mfloat-abi=hard ",
	"platPreBuiltFlag":	false,
	"platformSamplesDir":	"",
	"platActiveSys":	"int_gen_plat",
	"systems":	[{
			"systemName":	"int_gen_plat",
			"systemDesc":	"int_gen_plat",
			"sysIsBootAutoGen":	"true",
			"systemDispName":	"int_gen_plat",
			"sysActiveDom":	"standalone_domain",
			"sysDefaultDom":	"standalone_domain",
			"domains":	[{
					"domainName":	"zynq_fsbl",
					"domainDispName":	"zynq_fsbl",
					"domainDesc":	"FSBL Application BSP - Auto Generated.",
					"processors":	"ps7_cortexa9_0",
					"os":	"standalone",
					"sdxOs":	"standalone",
					"debugEnable":	"",
					"domRuntimes":	["cpp"],
					"swRepo":	"",
					"mssOsVer":	"8.1",
					"mssFile":	"",
					"md5Digest":	"710bbb872de411420e38ee1f9a6d73dd1",
					"compatibleApp":	"zynq_fsbl",
					"domType":	"bootDomain",
					"arch":	"32-bit",
					"appSettings":	{
						"appCompilerFlags":	"",
						"appLinkerFlags":	""
					},
					"addedLibs":	["xilffs:5.0", "xilrsa:1.6"],
					"libOptions":	{
						"libsContainingOptions":	[]
					},
					"changedDrivers":	{
						"interrupt_generator_0":	"none:",
						"changedCells":	["interrupt_generator_0"]
					},
					"prebuiltLibs":	{
						"prebuiltIncPath":	[],
						"prebuiltLibPath":	[]
					},
					"isolation":	{
					}
				}, {
					"domainName":	"standalone_domain",
					"domainDispName":	"standalone on ps7_cortexa9_0",
					"domainDesc":	"standalone_domain",
					"processors":	"ps7_cortexa9_0",
					"os":	"standalone",
					"sdxOs":	"standalone",
					"qemuArgs":	"<platformDir>/resources/int_gen_plat/standalone_domain/qemu_args.txt",
					"qemuData":	"<platformDir>/resources/int_gen_plat/standalone_domain/qemu",
					"debugEnable":	"False",
					"domRuntimes":	["cpp"],
					"swRepo":	"",
					"mssOsVer":	"8.1",
					"mssFile":	"",
					"md5Digest":	"afe1403ea604de9520c811a3fdd9c4f71",
					"compatibleApp":	"",
					"domType":	"mssDomain",
					"appSettings":	{
						"appCompilerFlags":	"",
						"appLinkerFlags":	""
					},
					"addedLibs":	[],
					"libOptions":	{
						"libsContainingOptions":	[]
					},
					"changedDrivers":	{
						"interrupt_generator_0":	"none:",
						"changedCells":	["interrupt_generator_0"]
					},
					"prebuiltLibs":	{
						"prebuiltIncPath":	[],
						"prebuiltLibPath":	[]
					},
					"isolation":	{
					}
				}]
		}]
}
LOG::2026-03-16.22:11:43::SCWPlatform::Started generating the artifacts platform int_gen_plat
TRACE::2026-03-16.22:11:43::SCWPlatform::Sanity checking of platform is completed
LOG::2026-03-16.22:11:44::SCWPlatform::Started generating the artifacts for system configuration int_gen_plat
LOG::2026-03-16.22:11:44::SCWSystem::Checking the domain zynq_fsbl
LOG::2026-03-16.22:11:44::SCWSystem::Doing application build for :  zynq_fsbl
TRACE::2026-03-16.22:11:44::SCWBDomain::Not a forced makefile updation, No changes are present. 
TRACE::2026-03-16.22:11:44::SCWDomain::Skipping the build for domain :  zynq_fsbl
LOG::2026-03-16.22:11:44::SCWSystem::Checking the domain standalone_domain
LOG::2026-03-16.22:11:44::SCWSystem::Not a boot domain 
LOG::2026-03-16.22:11:44::SCWSystem::Started Processing the domain standalone_domain
TRACE::2026-03-16.22:11:44::SCWDomain::Generating domain artifcats
TRACE::2026-03-16.22:11:44::SCWMssOS::Generating standalone artifcats
TRACE::2026-03-16.22:11:44::SCWMssOS::Copying the qemu file from  C:/Users/ER250/OneDrive/Documents/ECE520_SOC/ECE520_SandBox/int_gen_soc_re/int_gen_soc_vitis/int_gen_plat/resources/int_gen_plat/standalone_domain/qemu_args.txt To C:/Users/ER250/OneDrive/Documents/ECE520_SOC/ECE520_SandBox/int_gen_soc_re/int_gen_soc_vitis/int_gen_plat/export/int_gen_plat/sw/int_gen_plat/qemu/
TRACE::2026-03-16.22:11:44::SCWMssOS::Copying the qemu file from  C:/Users/ER250/OneDrive/Documents/ECE520_SOC/ECE520_SandBox/int_gen_soc_re/int_gen_soc_vitis/int_gen_plat/resources/int_gen_plat/standalone_domain/qemu_args.txt To C:/Users/ER250/OneDrive/Documents/ECE520_SOC/ECE520_SandBox/int_gen_soc_re/int_gen_soc_vitis/int_gen_plat/export/int_gen_plat/sw/int_gen_plat/standalone_domain/qemu/
TRACE::2026-03-16.22:11:44::SCWMssOS:: Copying the user libraries. 
TRACE::2026-03-16.22:11:44::SCWPlatform::Trying to open the hw design at C:/Users/ER250/OneDrive/Documents/ECE520_SOC/ECE520_SandBox/int_gen_soc_re/int_gen_soc_vitis/int_gen_plat/hw/int_gen_bd_re_wrapper.xsa
TRACE::2026-03-16.22:11:44::SCWPlatform::DSA given C:/Users/ER250/OneDrive/Documents/ECE520_SOC/ECE520_SandBox/int_gen_soc_re/int_gen_soc_vitis/int_gen_plat/hw/int_gen_bd_re_wrapper.xsa
TRACE::2026-03-16.22:11:44::SCWPlatform::DSA absoulate path C:/Users/ER250/OneDrive/Documents/ECE520_SOC/ECE520_SandBox/int_gen_soc_re/int_gen_soc_vitis/int_gen_plat/hw/int_gen_bd_re_wrapper.xsa
TRACE::2026-03-16.22:11:44::SCWPlatform::DSA directory C:/Users/ER250/OneDrive/Documents/ECE520_SOC/ECE520_SandBox/int_gen_soc_re/int_gen_soc_vitis/int_gen_plat/hw
TRACE::2026-03-16.22:11:44::SCWPlatform:: Platform Path C:/Users/ER250/OneDrive/Documents/ECE520_SOC/ECE520_SandBox/int_gen_soc_re/int_gen_soc_vitis/int_gen_plat/hw/int_gen_bd_re_wrapper.xsa
TRACE::2026-03-16.22:11:44::SCWPlatform:: Unique name xilinx:zybo-z7-10::0.0
TRACE::2026-03-16.22:11:44::SCWPlatform::Trying to set the existing hwdb with name int_gen_bd_re_wrapper_1
TRACE::2026-03-16.22:11:44::SCWPlatform::Opened existing hwdb int_gen_bd_re_wrapper_1
TRACE::2026-03-16.22:11:44::SCWPlatform::Found the Hw Db part of the input DSA
TRACE::2026-03-16.22:11:44::SCWMssOS::Checking the sw design at  C:/Users/ER250/OneDrive/Documents/ECE520_SOC/ECE520_SandBox/int_gen_soc_re/int_gen_soc_vitis/int_gen_plat/ps7_cortexa9_0/standalone_domain/bsp/system.mss
TRACE::2026-03-16.22:11:44::SCWMssOS::DEBUG:  swdes dump  C:/Users/ER250/OneDrive/Documents/ECE520_SOC/ECE520_SandBox/int_gen_soc_re/int_gen_soc_vitis/int_gen_plat/ps7_cortexa9_0/standalone_domain/bsp/system.mss|system_0||
C:/Users/ER250/OneDrive/Documents/ECE520_SOC/ECE520_SandBox/int_gen_soc_re/int_gen_soc_vitis/int_gen_plat/zynq_fsbl/zynq_fsbl_bsp/system.mss|system||

TRACE::2026-03-16.22:11:44::SCWMssOS::Sw design exists and opened at  C:/Users/ER250/OneDrive/Documents/ECE520_SOC/ECE520_SandBox/int_gen_soc_re/int_gen_soc_vitis/int_gen_plat/ps7_cortexa9_0/standalone_domain/bsp/system.mss
TRACE::2026-03-16.22:11:44::SCWMssOS::Completed writing the mss file at C:/Users/ER250/OneDrive/Documents/ECE520_SOC/ECE520_SandBox/int_gen_soc_re/int_gen_soc_vitis/int_gen_plat/ps7_cortexa9_0/standalone_domain/bsp
TRACE::2026-03-16.22:11:44::SCWMssOS::Mss edits present, copying mssfile into export location C:/Users/ER250/OneDrive/Documents/ECE520_SOC/ECE520_SandBox/int_gen_soc_re/int_gen_soc_vitis/int_gen_plat/ps7_cortexa9_0/standalone_domain/bsp/system.mss
TRACE::2026-03-16.22:11:44::SCWMssOS::bsp generated is stale removing and regenerating. 
TRACE::2026-03-16.22:11:46::SCWMssOS::doing bsp build ... 
TRACE::2026-03-16.22:11:46::SCWMssOS::System Command Ran  C: & cd  C:/Users/ER250/OneDrive/Documents/ECE520_SOC/ECE520_SandBox/int_gen_soc_re/int_gen_soc_vitis/int_gen_plat/ps7_cortexa9_0/standalone_domain/bsp & make 
TRACE::2026-03-16.22:11:46::SCWMssOS::make --no-print-directory seq_libs

TRACE::2026-03-16.22:11:47::SCWMssOS::'Finished building libraries sequentially.'

TRACE::2026-03-16.22:11:47::SCWMssOS::make -j 10 --no-print-directory par_libs

TRACE::2026-03-16.22:11:47::SCWMssOS::"Running Make include in ps7_cortexa9_0/libsrc/coresightps_dcc_v1_8/src"

TRACE::2026-03-16.22:11:47::SCWMssOS::"Running Make include in ps7_cortexa9_0/libsrc/cpu_cortexa9_v2_11/src"

TRACE::2026-03-16.22:11:47::SCWMssOS::make -C ps7_cortexa9_0/libsrc/coresightps_dcc_v1_8/src -s include  "SHELL=CMD" "COMPILER=arm-none-eabi-gcc" "ASSEMBLER=arm-none
TRACE::2026-03-16.22:11:47::SCWMssOS::-eabi-as" "ARCHIVER=arm-none-eabi-ar" "COMPILER_FLAGS=  -O2 -c" "EXTRA_COMPILER_FLAGS=-mcpu=cortex-a9 -mfpu=vfpv3 -mfloat-abi=h
TRACE::2026-03-16.22:11:47::SCWMssOS::ard -nostartfiles -g -Wall -Wextra -fno-tree-loop-distribute-patterns"

TRACE::2026-03-16.22:11:47::SCWMssOS::make -C ps7_cortexa9_0/libsrc/cpu_cortexa9_v2_11/src -s include  "SHELL=CMD" "COMPILER=arm-none-eabi-gcc" "ASSEMBLER=arm-none-e
TRACE::2026-03-16.22:11:47::SCWMssOS::abi-as" "ARCHIVER=arm-none-eabi-ar" "COMPILER_FLAGS=  -O2 -c" "EXTRA_COMPILER_FLAGS=-mcpu=cortex-a9 -mfpu=vfpv3 -mfloat-abi=har
TRACE::2026-03-16.22:11:47::SCWMssOS::d -nostartfiles -g -Wall -Wextra -fno-tree-loop-distribute-patterns"

TRACE::2026-03-16.22:11:47::SCWMssOS::"Running Make include in ps7_cortexa9_0/libsrc/ddrps_v1_2/src"

TRACE::2026-03-16.22:11:47::SCWMssOS::make -C ps7_cortexa9_0/libsrc/ddrps_v1_2/src -s include  "SHELL=CMD" "COMPILER=arm-none-eabi-gcc" "ASSEMBLER=arm-none-eabi-as" 
TRACE::2026-03-16.22:11:47::SCWMssOS::"ARCHIVER=arm-none-eabi-ar" "COMPILER_FLAGS=  -O2 -c" "EXTRA_COMPILER_FLAGS=-mcpu=cortex-a9 -mfpu=vfpv3 -mfloat-abi=hard -nosta
TRACE::2026-03-16.22:11:47::SCWMssOS::rtfiles -g -Wall -Wextra -fno-tree-loop-distribute-patterns"

TRACE::2026-03-16.22:11:47::SCWMssOS::"Running Make include in ps7_cortexa9_0/libsrc/devcfg_v3_7/src"

TRACE::2026-03-16.22:11:47::SCWMssOS::make -C ps7_cortexa9_0/libsrc/devcfg_v3_7/src -s include  "SHELL=CMD" "COMPILER=arm-none-eabi-gcc" "ASSEMBLER=arm-none-eabi-as"
TRACE::2026-03-16.22:11:47::SCWMssOS:: "ARCHIVER=arm-none-eabi-ar" "COMPILER_FLAGS=  -O2 -c" "EXTRA_COMPILER_FLAGS=-mcpu=cortex-a9 -mfpu=vfpv3 -mfloat-abi=hard -nost
TRACE::2026-03-16.22:11:47::SCWMssOS::artfiles -g -Wall -Wextra -fno-tree-loop-distribute-patterns"

TRACE::2026-03-16.22:11:47::SCWMssOS::"Running Make include in ps7_cortexa9_0/libsrc/dmaps_v2_8/src"

TRACE::2026-03-16.22:11:47::SCWMssOS::make -C ps7_cortexa9_0/libsrc/dmaps_v2_8/src -s include  "SHELL=CMD" "COMPILER=arm-none-eabi-gcc" "ASSEMBLER=arm-none-eabi-as" 
TRACE::2026-03-16.22:11:47::SCWMssOS::"ARCHIVER=arm-none-eabi-ar" "COMPILER_FLAGS=  -O2 -c" "EXTRA_COMPILER_FLAGS=-mcpu=cortex-a9 -mfpu=vfpv3 -mfloat-abi=hard -nosta
TRACE::2026-03-16.22:11:47::SCWMssOS::rtfiles -g -Wall -Wextra -fno-tree-loop-distribute-patterns"

TRACE::2026-03-16.22:11:47::SCWMssOS::"Running Make include in ps7_cortexa9_0/libsrc/emacps_v3_18/src"

TRACE::2026-03-16.22:11:48::SCWMssOS::make -C ps7_cortexa9_0/libsrc/emacps_v3_18/src -s include  "SHELL=CMD" "COMPILER=arm-none-eabi-gcc" "ASSEMBLER=arm-none-eabi-as
TRACE::2026-03-16.22:11:48::SCWMssOS::" "ARCHIVER=arm-none-eabi-ar" "COMPILER_FLAGS=  -O2 -c" "EXTRA_COMPILER_FLAGS=-mcpu=cortex-a9 -mfpu=vfpv3 -mfloat-abi=hard -nos
TRACE::2026-03-16.22:11:48::SCWMssOS::tartfiles -g -Wall -Wextra -fno-tree-loop-distribute-patterns"

TRACE::2026-03-16.22:11:48::SCWMssOS::"Running Make include in ps7_cortexa9_0/libsrc/gpiops_v3_11/src"

TRACE::2026-03-16.22:11:48::SCWMssOS::make -C ps7_cortexa9_0/libsrc/gpiops_v3_11/src -s include  "SHELL=CMD" "COMPILER=arm-none-eabi-gcc" "ASSEMBLER=arm-none-eabi-as
TRACE::2026-03-16.22:11:48::SCWMssOS::" "ARCHIVER=arm-none-eabi-ar" "COMPILER_FLAGS=  -O2 -c" "EXTRA_COMPILER_FLAGS=-mcpu=cortex-a9 -mfpu=vfpv3 -mfloat-abi=hard -nos
TRACE::2026-03-16.22:11:48::SCWMssOS::tartfiles -g -Wall -Wextra -fno-tree-loop-distribute-patterns"

TRACE::2026-03-16.22:11:48::SCWMssOS::"Running Make include in ps7_cortexa9_0/libsrc/qspips_v3_10/src"

TRACE::2026-03-16.22:11:48::SCWMssOS::make -C ps7_cortexa9_0/libsrc/qspips_v3_10/src -s include  "SHELL=CMD" "COMPILER=arm-none-eabi-gcc" "ASSEMBLER=arm-none-eabi-as
TRACE::2026-03-16.22:11:48::SCWMssOS::" "ARCHIVER=arm-none-eabi-ar" "COMPILER_FLAGS=  -O2 -c" "EXTRA_COMPILER_FLAGS=-mcpu=cortex-a9 -mfpu=vfpv3 -mfloat-abi=hard -nos
TRACE::2026-03-16.22:11:48::SCWMssOS::tartfiles -g -Wall -Wextra -fno-tree-loop-distribute-patterns"

TRACE::2026-03-16.22:11:48::SCWMssOS::"Running Make include in ps7_cortexa9_0/libsrc/scugic_v5_1/src"

TRACE::2026-03-16.22:11:48::SCWMssOS::"Running Make include in ps7_cortexa9_0/libsrc/scutimer_v2_4/src"

TRACE::2026-03-16.22:11:48::SCWMssOS::make -C ps7_cortexa9_0/libsrc/scugic_v5_1/src -s include  "SHELL=CMD" "COMPILER=arm-none-eabi-gcc" "ASSEMBLER=arm-none-eabi-as"
TRACE::2026-03-16.22:11:48::SCWMssOS:: "ARCHIVER=arm-none-eabi-ar" "COMPILER_FLAGS=  -O2 -c" "EXTRA_COMPILER_FLAGS=-mcpu=cortex-a9 -mfpu=vfpv3 -mfloat-abi=hard -nost
TRACE::2026-03-16.22:11:48::SCWMssOS::artfiles -g -Wall -Wextra -fno-tree-loop-distribute-patterns"

TRACE::2026-03-16.22:11:48::SCWMssOS::make -C ps7_cortexa9_0/libsrc/scutimer_v2_4/src -s include  "SHELL=CMD" "COMPILER=arm-none-eabi-gcc" "ASSEMBLER=arm-none-eabi-a
TRACE::2026-03-16.22:11:48::SCWMssOS::s" "ARCHIVER=arm-none-eabi-ar" "COMPILER_FLAGS=  -O2 -c" "EXTRA_COMPILER_FLAGS=-mcpu=cortex-a9 -mfpu=vfpv3 -mfloat-abi=hard -no
TRACE::2026-03-16.22:11:48::SCWMssOS::startfiles -g -Wall -Wextra -fno-tree-loop-distribute-patterns"

TRACE::2026-03-16.22:11:48::SCWMssOS::"Running Make include in ps7_cortexa9_0/libsrc/scuwdt_v2_4/src"

TRACE::2026-03-16.22:11:49::SCWMssOS::make -C ps7_cortexa9_0/libsrc/scuwdt_v2_4/src -s include  "SHELL=CMD" "COMPILER=arm-none-eabi-gcc" "ASSEMBLER=arm-none-eabi-as"
TRACE::2026-03-16.22:11:49::SCWMssOS:: "ARCHIVER=arm-none-eabi-ar" "COMPILER_FLAGS=  -O2 -c" "EXTRA_COMPILER_FLAGS=-mcpu=cortex-a9 -mfpu=vfpv3 -mfloat-abi=hard -nost
TRACE::2026-03-16.22:11:49::SCWMssOS::artfiles -g -Wall -Wextra -fno-tree-loop-distribute-patterns"

TRACE::2026-03-16.22:11:49::SCWMssOS::"Running Make include in ps7_cortexa9_0/libsrc/sdps_v4_1/src"

TRACE::2026-03-16.22:11:49::SCWMssOS::make -C ps7_cortexa9_0/libsrc/sdps_v4_1/src -s include  "SHELL=CMD" "COMPILER=arm-none-eabi-gcc" "ASSEMBLER=arm-none-eabi-as" "
TRACE::2026-03-16.22:11:49::SCWMssOS::ARCHIVER=arm-none-eabi-ar" "COMPILER_FLAGS=  -O2 -c" "EXTRA_COMPILER_FLAGS=-mcpu=cortex-a9 -mfpu=vfpv3 -mfloat-abi=hard -nostar
TRACE::2026-03-16.22:11:49::SCWMssOS::tfiles -g -Wall -Wextra -fno-tree-loop-distribute-patterns"

TRACE::2026-03-16.22:11:49::SCWMssOS::"Running Make include in ps7_cortexa9_0/libsrc/standalone_v8_1/src"

TRACE::2026-03-16.22:11:49::SCWMssOS::make -C ps7_cortexa9_0/libsrc/standalone_v8_1/src -s include  "SHELL=CMD" "COMPILER=arm-none-eabi-gcc" "ASSEMBLER=arm-none-eabi
TRACE::2026-03-16.22:11:49::SCWMssOS::-as" "ARCHIVER=arm-none-eabi-ar" "COMPILER_FLAGS=  -O2 -c" "EXTRA_COMPILER_FLAGS=-mcpu=cortex-a9 -mfpu=vfpv3 -mfloat-abi=hard -
TRACE::2026-03-16.22:11:49::SCWMssOS::nostartfiles -g -Wall -Wextra -fno-tree-loop-distribute-patterns"

TRACE::2026-03-16.22:11:49::SCWMssOS::"Running Make include in ps7_cortexa9_0/libsrc/uartps_v3_12/src"

TRACE::2026-03-16.22:11:49::SCWMssOS::make -C ps7_cortexa9_0/libsrc/uartps_v3_12/src -s include  "SHELL=CMD" "COMPILER=arm-none-eabi-gcc" "ASSEMBLER=arm-none-eabi-as
TRACE::2026-03-16.22:11:49::SCWMssOS::" "ARCHIVER=arm-none-eabi-ar" "COMPILER_FLAGS=  -O2 -c" "EXTRA_COMPILER_FLAGS=-mcpu=cortex-a9 -mfpu=vfpv3 -mfloat-abi=hard -nos
TRACE::2026-03-16.22:11:49::SCWMssOS::tartfiles -g -Wall -Wextra -fno-tree-loop-distribute-patterns"

TRACE::2026-03-16.22:11:50::SCWMssOS::"Running Make include in ps7_cortexa9_0/libsrc/usbps_v2_7/src"

TRACE::2026-03-16.22:11:50::SCWMssOS::make -C ps7_cortexa9_0/libsrc/usbps_v2_7/src -s include  "SHELL=CMD" "COMPILER=arm-none-eabi-gcc" "ASSEMBLER=arm-none-eabi-as" 
TRACE::2026-03-16.22:11:50::SCWMssOS::"ARCHIVER=arm-none-eabi-ar" "COMPILER_FLAGS=  -O2 -c" "EXTRA_COMPILER_FLAGS=-mcpu=cortex-a9 -mfpu=vfpv3 -mfloat-abi=hard -nosta
TRACE::2026-03-16.22:11:50::SCWMssOS::rtfiles -g -Wall -Wextra -fno-tree-loop-distribute-patterns"

TRACE::2026-03-16.22:11:50::SCWMssOS::"Running Make include in ps7_cortexa9_0/libsrc/xadcps_v2_6/src"

TRACE::2026-03-16.22:11:50::SCWMssOS::make -C ps7_cortexa9_0/libsrc/xadcps_v2_6/src -s include  "SHELL=CMD" "COMPILER=arm-none-eabi-gcc" "ASSEMBLER=arm-none-eabi-as"
TRACE::2026-03-16.22:11:50::SCWMssOS:: "ARCHIVER=arm-none-eabi-ar" "COMPILER_FLAGS=  -O2 -c" "EXTRA_COMPILER_FLAGS=-mcpu=cortex-a9 -mfpu=vfpv3 -mfloat-abi=hard -nost
TRACE::2026-03-16.22:11:50::SCWMssOS::artfiles -g -Wall -Wextra -fno-tree-loop-distribute-patterns"

TRACE::2026-03-16.22:11:55::SCWMssOS::"Running Make libs in ps7_cortexa9_0/libsrc/coresightps_dcc_v1_8/src"

TRACE::2026-03-16.22:11:55::SCWMssOS::make -C ps7_cortexa9_0/libsrc/coresightps_dcc_v1_8/src -s libs  "SHELL=CMD" "COMPILER=arm-none-eabi-gcc" "ASSEMBLER=arm-none-ea
TRACE::2026-03-16.22:11:55::SCWMssOS::bi-as" "ARCHIVER=arm-none-eabi-ar" "COMPILER_FLAGS=  -O2 -c" "EXTRA_COMPILER_FLAGS=-mcpu=cortex-a9 -mfpu=vfpv3 -mfloat-abi=hard
TRACE::2026-03-16.22:11:55::SCWMssOS:: -nostartfiles -g -Wall -Wextra -fno-tree-loop-distribute-patterns"

TRACE::2026-03-16.22:11:55::SCWMssOS::"Running Make libs in ps7_cortexa9_0/libsrc/cpu_cortexa9_v2_11/src"

TRACE::2026-03-16.22:11:55::SCWMssOS::make -C ps7_cortexa9_0/libsrc/cpu_cortexa9_v2_11/src -s libs  "SHELL=CMD" "COMPILER=arm-none-eabi-gcc" "ASSEMBLER=arm-none-eabi
TRACE::2026-03-16.22:11:55::SCWMssOS::-as" "ARCHIVER=arm-none-eabi-ar" "COMPILER_FLAGS=  -O2 -c" "EXTRA_COMPILER_FLAGS=-mcpu=cortex-a9 -mfpu=vfpv3 -mfloat-abi=hard -
TRACE::2026-03-16.22:11:55::SCWMssOS::nostartfiles -g -Wall -Wextra -fno-tree-loop-distribute-patterns"

TRACE::2026-03-16.22:11:55::SCWMssOS::"Running Make libs in ps7_cortexa9_0/libsrc/ddrps_v1_2/src"

TRACE::2026-03-16.22:11:55::SCWMssOS::make -C ps7_cortexa9_0/libsrc/ddrps_v1_2/src -s libs  "SHELL=CMD" "COMPILER=arm-none-eabi-gcc" "ASSEMBLER=arm-none-eabi-as" "AR
TRACE::2026-03-16.22:11:55::SCWMssOS::CHIVER=arm-none-eabi-ar" "COMPILER_FLAGS=  -O2 -c" "EXTRA_COMPILER_FLAGS=-mcpu=cortex-a9 -mfpu=vfpv3 -mfloat-abi=hard -nostartf
TRACE::2026-03-16.22:11:55::SCWMssOS::iles -g -Wall -Wextra -fno-tree-loop-distribute-patterns"

TRACE::2026-03-16.22:11:55::SCWMssOS::"Running Make libs in ps7_cortexa9_0/libsrc/devcfg_v3_7/src"

TRACE::2026-03-16.22:11:55::SCWMssOS::make -C ps7_cortexa9_0/libsrc/devcfg_v3_7/src -s libs  "SHELL=CMD" "COMPILER=arm-none-eabi-gcc" "ASSEMBLER=arm-none-eabi-as" "A
TRACE::2026-03-16.22:11:55::SCWMssOS::RCHIVER=arm-none-eabi-ar" "COMPILER_FLAGS=  -O2 -c" "EXTRA_COMPILER_FLAGS=-mcpu=cortex-a9 -mfpu=vfpv3 -mfloat-abi=hard -nostart
TRACE::2026-03-16.22:11:55::SCWMssOS::files -g -Wall -Wextra -fno-tree-loop-distribute-patterns"

TRACE::2026-03-16.22:11:55::SCWMssOS::"Running Make libs in ps7_cortexa9_0/libsrc/dmaps_v2_8/src"

TRACE::2026-03-16.22:11:55::SCWMssOS::make -C ps7_cortexa9_0/libsrc/dmaps_v2_8/src -s libs  "SHELL=CMD" "COMPILER=arm-none-eabi-gcc" "ASSEMBLER=arm-none-eabi-as" "AR
TRACE::2026-03-16.22:11:55::SCWMssOS::CHIVER=arm-none-eabi-ar" "COMPILER_FLAGS=  -O2 -c" "EXTRA_COMPILER_FLAGS=-mcpu=cortex-a9 -mfpu=vfpv3 -mfloat-abi=hard -nostartf
TRACE::2026-03-16.22:11:55::SCWMssOS::iles -g -Wall -Wextra -fno-tree-loop-distribute-patterns"

TRACE::2026-03-16.22:11:55::SCWMssOS::"Running Make libs in ps7_cortexa9_0/libsrc/emacps_v3_18/src"

TRACE::2026-03-16.22:12:00::SCWMssOS::make -C ps7_cortexa9_0/libsrc/emacps_v3_18/src -s libs  "SHELL=CMD" "COMPILER=arm-none-eabi-gcc" "ASSEMBLER=arm-none-eabi-as" "
TRACE::2026-03-16.22:12:00::SCWMssOS::ARCHIVER=arm-none-eabi-ar" "COMPILER_FLAGS=  -O2 -c" "EXTRA_COMPILER_FLAGS=-mcpu=cortex-a9 -mfpu=vfpv3 -mfloat-abi=hard -nostar
TRACE::2026-03-16.22:12:00::SCWMssOS::tfiles -g -Wall -Wextra -fno-tree-loop-distribute-patterns"

TRACE::2026-03-16.22:12:00::SCWMssOS::"Running Make libs in ps7_cortexa9_0/libsrc/gpiops_v3_11/src"

TRACE::2026-03-16.22:12:00::SCWMssOS::"Running Make libs in ps7_cortexa9_0/libsrc/qspips_v3_10/src"

TRACE::2026-03-16.22:12:01::SCWMssOS::make -C ps7_cortexa9_0/libsrc/gpiops_v3_11/src -s libs  "SHELL=CMD" "COMPILER=arm-none-eabi-gcc" "ASSEMBLER=arm-none-eabi-as" "
TRACE::2026-03-16.22:12:01::SCWMssOS::ARCHIVER=arm-none-eabi-ar" "COMPILER_FLAGS=  -O2 -c" "EXTRA_COMPILER_FLAGS=-mcpu=cortex-a9 -mfpu=vfpv3 -mfloat-abi=hard -nostar
TRACE::2026-03-16.22:12:01::SCWMssOS::tfiles -g -Wall -Wextra -fno-tree-loop-distribute-patterns"

TRACE::2026-03-16.22:12:01::SCWMssOS::make -C ps7_cortexa9_0/libsrc/qspips_v3_10/src -s libs  "SHELL=CMD" "COMPILER=arm-none-eabi-gcc" "ASSEMBLER=arm-none-eabi-as" "
TRACE::2026-03-16.22:12:01::SCWMssOS::ARCHIVER=arm-none-eabi-ar" "COMPILER_FLAGS=  -O2 -c" "EXTRA_COMPILER_FLAGS=-mcpu=cortex-a9 -mfpu=vfpv3 -mfloat-abi=hard -nostar
TRACE::2026-03-16.22:12:01::SCWMssOS::tfiles -g -Wall -Wextra -fno-tree-loop-distribute-patterns"

TRACE::2026-03-16.22:12:01::SCWMssOS::"Running Make libs in ps7_cortexa9_0/libsrc/scugic_v5_1/src"

TRACE::2026-03-16.22:12:01::SCWMssOS::make -C ps7_cortexa9_0/libsrc/scugic_v5_1/src -s libs  "SHELL=CMD" "COMPILER=arm-none-eabi-gcc" "ASSEMBLER=arm-none-eabi-as" "A
TRACE::2026-03-16.22:12:01::SCWMssOS::RCHIVER=arm-none-eabi-ar" "COMPILER_FLAGS=  -O2 -c" "EXTRA_COMPILER_FLAGS=-mcpu=cortex-a9 -mfpu=vfpv3 -mfloat-abi=hard -nostart
TRACE::2026-03-16.22:12:01::SCWMssOS::files -g -Wall -Wextra -fno-tree-loop-distribute-patterns"

TRACE::2026-03-16.22:12:06::SCWMssOS::"Running Make libs in ps7_cortexa9_0/libsrc/scutimer_v2_4/src"

TRACE::2026-03-16.22:12:11::SCWMssOS::make -C ps7_cortexa9_0/libsrc/scutimer_v2_4/src -s libs  "SHELL=CMD" "COMPILER=arm-none-eabi-gcc" "ASSEMBLER=arm-none-eabi-as" 
TRACE::2026-03-16.22:12:11::SCWMssOS::"ARCHIVER=arm-none-eabi-ar" "COMPILER_FLAGS=  -O2 -c" "EXTRA_COMPILER_FLAGS=-mcpu=cortex-a9 -mfpu=vfpv3 -mfloat-abi=hard -nosta
TRACE::2026-03-16.22:12:11::SCWMssOS::rtfiles -g -Wall -Wextra -fno-tree-loop-distribute-patterns"

TRACE::2026-03-16.22:12:11::SCWMssOS::"Running Make libs in ps7_cortexa9_0/libsrc/scuwdt_v2_4/src"

TRACE::2026-03-16.22:12:11::SCWMssOS::make -C ps7_cortexa9_0/libsrc/scuwdt_v2_4/src -s libs  "SHELL=CMD" "COMPILER=arm-none-eabi-gcc" "ASSEMBLER=arm-none-eabi-as" "A
TRACE::2026-03-16.22:12:11::SCWMssOS::RCHIVER=arm-none-eabi-ar" "COMPILER_FLAGS=  -O2 -c" "EXTRA_COMPILER_FLAGS=-mcpu=cortex-a9 -mfpu=vfpv3 -mfloat-abi=hard -nostart
TRACE::2026-03-16.22:12:11::SCWMssOS::files -g -Wall -Wextra -fno-tree-loop-distribute-patterns"

TRACE::2026-03-16.22:12:11::SCWMssOS::"Running Make libs in ps7_cortexa9_0/libsrc/sdps_v4_1/src"

TRACE::2026-03-16.22:12:16::SCWMssOS::make -C ps7_cortexa9_0/libsrc/sdps_v4_1/src -s libs  "SHELL=CMD" "COMPILER=arm-none-eabi-gcc" "ASSEMBLER=arm-none-eabi-as" "ARC
TRACE::2026-03-16.22:12:16::SCWMssOS::HIVER=arm-none-eabi-ar" "COMPILER_FLAGS=  -O2 -c" "EXTRA_COMPILER_FLAGS=-mcpu=cortex-a9 -mfpu=vfpv3 -mfloat-abi=hard -nostartfi
TRACE::2026-03-16.22:12:16::SCWMssOS::les -g -Wall -Wextra -fno-tree-loop-distribute-patterns"

TRACE::2026-03-16.22:12:16::SCWMssOS::"Running Make libs in ps7_cortexa9_0/libsrc/standalone_v8_1/src"

TRACE::2026-03-16.22:12:16::SCWMssOS::make -C ps7_cortexa9_0/libsrc/standalone_v8_1/src -s libs  "SHELL=CMD" "COMPILER=arm-none-eabi-gcc" "ASSEMBLER=arm-none-eabi-as
TRACE::2026-03-16.22:12:16::SCWMssOS::" "ARCHIVER=arm-none-eabi-ar" "COMPILER_FLAGS=  -O2 -c" "EXTRA_COMPILER_FLAGS=-mcpu=cortex-a9 -mfpu=vfpv3 -mfloat-abi=hard -nos
TRACE::2026-03-16.22:12:16::SCWMssOS::tartfiles -g -Wall -Wextra -fno-tree-loop-distribute-patterns"

TRACE::2026-03-16.22:12:16::SCWMssOS::"Running Make libs in ps7_cortexa9_0/libsrc/usbps_v2_7/src"

TRACE::2026-03-16.22:12:16::SCWMssOS::make -C ps7_cortexa9_0/libsrc/usbps_v2_7/src -s libs  "SHELL=CMD" "COMPILER=arm-none-eabi-gcc" "ASSEMBLER=arm-none-eabi-as" "AR
TRACE::2026-03-16.22:12:16::SCWMssOS::CHIVER=arm-none-eabi-ar" "COMPILER_FLAGS=  -O2 -c" "EXTRA_COMPILER_FLAGS=-mcpu=cortex-a9 -mfpu=vfpv3 -mfloat-abi=hard -nostartf
TRACE::2026-03-16.22:12:16::SCWMssOS::iles -g -Wall -Wextra -fno-tree-loop-distribute-patterns"

TRACE::2026-03-16.22:12:16::SCWMssOS::"Running Make libs in ps7_cortexa9_0/libsrc/uartps_v3_12/src"

TRACE::2026-03-16.22:12:16::SCWMssOS::make -C ps7_cortexa9_0/libsrc/uartps_v3_12/src -s libs  "SHELL=CMD" "COMPILER=arm-none-eabi-gcc" "ASSEMBLER=arm-none-eabi-as" "
TRACE::2026-03-16.22:12:16::SCWMssOS::ARCHIVER=arm-none-eabi-ar" "COMPILER_FLAGS=  -O2 -c" "EXTRA_COMPILER_FLAGS=-mcpu=cortex-a9 -mfpu=vfpv3 -mfloat-abi=hard -nostar
TRACE::2026-03-16.22:12:16::SCWMssOS::tfiles -g -Wall -Wextra -fno-tree-loop-distribute-patterns"

TRACE::2026-03-16.22:12:17::SCWMssOS::"Running Make libs in ps7_cortexa9_0/libsrc/xadcps_v2_6/src"

TRACE::2026-03-16.22:12:17::SCWMssOS::make -C ps7_cortexa9_0/libsrc/xadcps_v2_6/src -s libs  "SHELL=CMD" "COMPILER=arm-none-eabi-gcc" "ASSEMBLER=arm-none-eabi-as" "A
TRACE::2026-03-16.22:12:17::SCWMssOS::RCHIVER=arm-none-eabi-ar" "COMPILER_FLAGS=  -O2 -c" "EXTRA_COMPILER_FLAGS=-mcpu=cortex-a9 -mfpu=vfpv3 -mfloat-abi=hard -nostart
TRACE::2026-03-16.22:12:17::SCWMssOS::files -g -Wall -Wextra -fno-tree-loop-distribute-patterns"

TRACE::2026-03-16.22:12:26::SCWMssOS::'Finished building libraries parallelly.'

TRACE::2026-03-16.22:12:26::SCWMssOS::make --no-print-directory archive

TRACE::2026-03-16.22:12:26::SCWMssOS::arm-none-eabi-ar -r  ps7_cortexa9_0/lib/libxil.a ps7_cortexa9_0/lib/_exit.o ps7_cortexa9_0/lib/_open.o ps7_cortexa9_0/lib/_sbrk
TRACE::2026-03-16.22:12:26::SCWMssOS::.o ps7_cortexa9_0/lib/abort.o ps7_cortexa9_0/lib/asm_vectors.o ps7_cortexa9_0/lib/boot.o ps7_cortexa9_0/lib/close.o ps7_cortexa
TRACE::2026-03-16.22:12:26::SCWMssOS::9_0/lib/cpputest_time.o ps7_cortexa9_0/lib/cpu_init.o ps7_cortexa9_0/lib/errno.o ps7_cortexa9_0/lib/fcntl.o ps7_cortexa9_0/lib/
TRACE::2026-03-16.22:12:26::SCWMssOS::fstat.o ps7_cortexa9_0/lib/getentropy.o ps7_cortexa9_0/lib/getpid.o ps7_cortexa9_0/lib/inbyte.o ps7_cortexa9_0/lib/isatty.o ps7
TRACE::2026-03-16.22:12:26::SCWMssOS::_cortexa9_0/lib/kill.o ps7_cortexa9_0/lib/lseek.o ps7_cortexa9_0/lib/open.o ps7_cortexa9_0/lib/outbyte.o ps7_cortexa9_0/lib/pri
TRACE::2026-03-16.22:12:26::SCWMssOS::nt.o ps7_cortexa9_0/lib/putnum.o ps7_cortexa9_0/lib/read.o ps7_cortexa9_0/lib/sbrk.o ps7_cortexa9_0/lib/sleep.o ps7_cortexa9_0/
TRACE::2026-03-16.22:12:26::SCWMssOS::lib/time.o ps7_cortexa9_0/lib/translation_table.o ps7_cortexa9_0/lib/unlink.o ps7_cortexa9_0/lib/usleep.o ps7_cortexa9_0/lib/ve
TRACE::2026-03-16.22:12:26::SCWMssOS::ctors.o ps7_cortexa9_0/lib/write.o ps7_cortexa9_0/lib/xadcps.o ps7_cortexa9_0/lib/xadcps_g.o ps7_cortexa9_0/lib/xadcps_intr.o p
TRACE::2026-03-16.22:12:26::SCWMssOS::s7_cortexa9_0/lib/xadcps_selftest.o ps7_cortexa9_0/lib/xadcps_sinit.o ps7_cortexa9_0/lib/xcoresightpsdcc.o ps7_cortexa9_0/lib/x
TRACE::2026-03-16.22:12:26::SCWMssOS::devcfg.o ps7_cortexa9_0/lib/xdevcfg_g.o ps7_cortexa9_0/lib/xdevcfg_hw.o ps7_cortexa9_0/lib/xdevcfg_intr.o ps7_cortexa9_0/lib/xd
TRACE::2026-03-16.22:12:26::SCWMssOS::evcfg_selftest.o ps7_cortexa9_0/lib/xdevcfg_sinit.o ps7_cortexa9_0/lib/xdmaps.o ps7_cortexa9_0/lib/xdmaps_g.o ps7_cortexa9_0/li
TRACE::2026-03-16.22:12:26::SCWMssOS::b/xdmaps_hw.o ps7_cortexa9_0/lib/xdmaps_selftest.o ps7_cortexa9_0/lib/xdmaps_sinit.o ps7_cortexa9_0/lib/xemacps.o ps7_cortexa9_
TRACE::2026-03-16.22:12:26::SCWMssOS::0/lib/xemacps_bdring.o ps7_cortexa9_0/lib/xemacps_control.o ps7_cortexa9_0/lib/xemacps_g.o ps7_cortexa9_0/lib/xemacps_hw.o ps7_
TRACE::2026-03-16.22:12:26::SCWMssOS::cortexa9_0/lib/xemacps_intr.o ps7_cortexa9_0/lib/xemacps_sinit.o ps7_cortexa9_0/lib/xgpiops.o ps7_cortexa9_0/lib/xgpiops_g.o ps
TRACE::2026-03-16.22:12:26::SCWMssOS::7_cortexa9_0/lib/xgpiops_hw.o ps7_cortexa9_0/lib/xgpiops_intr.o ps7_cortexa9_0/lib/xgpiops_selftest.o ps7_cortexa9_0/lib/xgpiop
TRACE::2026-03-16.22:12:26::SCWMssOS::s_sinit.o ps7_cortexa9_0/lib/xil-crt0.o ps7_cortexa9_0/lib/xil_assert.o ps7_cortexa9_0/lib/xil_cache.o ps7_cortexa9_0/lib/xil_c
TRACE::2026-03-16.22:12:26::SCWMssOS::locking.o ps7_cortexa9_0/lib/xil_exception.o ps7_cortexa9_0/lib/xil_mem.o ps7_cortexa9_0/lib/xil_misc_psreset_api.o ps7_cortexa
TRACE::2026-03-16.22:12:26::SCWMssOS::9_0/lib/xil_mmu.o ps7_cortexa9_0/lib/xil_printf.o ps7_cortexa9_0/lib/xil_sleepcommon.o ps7_cortexa9_0/lib/xil_sleeptimer.o ps7_
TRACE::2026-03-16.22:12:26::SCWMssOS::cortexa9_0/lib/xil_spinlock.o ps7_cortexa9_0/lib/xil_testcache.o ps7_cortexa9_0/lib/xil_testio.o ps7_cortexa9_0/lib/xil_testmem
TRACE::2026-03-16.22:12:26::SCWMssOS::.o ps7_cortexa9_0/lib/xil_util.o ps7_cortexa9_0/lib/xinterrupt_wrap.o ps7_cortexa9_0/lib/xl2cc_counter.o ps7_cortexa9_0/lib/xpl
TRACE::2026-03-16.22:12:26::SCWMssOS::atform_info.o ps7_cortexa9_0/lib/xpm_counter.o ps7_cortexa9_0/lib/xqspips.o ps7_cortexa9_0/lib/xqspips_g.o ps7_cortexa9_0/lib/x
TRACE::2026-03-16.22:12:26::SCWMssOS::qspips_hw.o ps7_cortexa9_0/lib/xqspips_options.o ps7_cortexa9_0/lib/xqspips_selftest.o ps7_cortexa9_0/lib/xqspips_sinit.o ps7_c
TRACE::2026-03-16.22:12:26::SCWMssOS::ortexa9_0/lib/xscugic.o ps7_cortexa9_0/lib/xscugic_g.o ps7_cortexa9_0/lib/xscugic_hw.o ps7_cortexa9_0/lib/xscugic_intr.o ps7_co
TRACE::2026-03-16.22:12:26::SCWMssOS::rtexa9_0/lib/xscugic_selftest.o ps7_cortexa9_0/lib/xscugic_sinit.o ps7_cortexa9_0/lib/xscutimer.o ps7_cortexa9_0/lib/xscutimer_
TRACE::2026-03-16.22:12:26::SCWMssOS::g.o ps7_cortexa9_0/lib/xscutimer_selftest.o ps7_cortexa9_0/lib/xscutimer_sinit.o ps7_cortexa9_0/lib/xscuwdt.o ps7_cortexa9_0/li
TRACE::2026-03-16.22:12:26::SCWMssOS::b/xscuwdt_g.o ps7_cortexa9_0/lib/xscuwdt_selftest.o ps7_cortexa9_0/lib/xscuwdt_sinit.o ps7_cortexa9_0/lib/xsdps.o ps7_cortexa9_
TRACE::2026-03-16.22:12:26::SCWMssOS::0/lib/xsdps_card.o ps7_cortexa9_0/lib/xsdps_g.o ps7_cortexa9_0/lib/xsdps_host.o ps7_cortexa9_0/lib/xsdps_options.o ps7_cortexa9
TRACE::2026-03-16.22:12:26::SCWMssOS::_0/lib/xsdps_sinit.o ps7_cortexa9_0/lib/xtime_l.o ps7_cortexa9_0/lib/xuartps.o ps7_cortexa9_0/lib/xuartps_g.o ps7_cortexa9_0/li
TRACE::2026-03-16.22:12:26::SCWMssOS::b/xuartps_hw.o ps7_cortexa9_0/lib/xuartps_intr.o ps7_cortexa9_0/lib/xuartps_options.o ps7_cortexa9_0/lib/xuartps_selftest.o ps7
TRACE::2026-03-16.22:12:26::SCWMssOS::_cortexa9_0/lib/xuartps_sinit.o ps7_cortexa9_0/lib/xusbps.o ps7_cortexa9_0/lib/xusbps_endpoint.o ps7_cortexa9_0/lib/xusbps_g.o 
TRACE::2026-03-16.22:12:26::SCWMssOS::ps7_cortexa9_0/lib/xusbps_hw.o ps7_cortexa9_0/lib/xusbps_intr.o ps7_cortexa9_0/lib/xusbps_sinit.o

TRACE::2026-03-16.22:12:27::SCWMssOS::'Finished building libraries'

TRACE::2026-03-16.22:12:27::SCWMssOS:: Checking if to create the Supporting Applications
TRACE::2026-03-16.22:12:27::SCWMssOS:: No Linux domain exists, trying to generate FSBL 
LOG::2026-03-16.22:12:27::SCWSystem::Completed Processing the domain standalone_domain
LOG::2026-03-16.22:12:27::SCWSystem::Completed Processing the sysconfig int_gen_plat
LOG::2026-03-16.22:12:27::SCWPlatform::Completed generating the artifacts for system configuration int_gen_plat
TRACE::2026-03-16.22:12:27::SCWPlatform::Started preparing the platform 
TRACE::2026-03-16.22:12:27::SCWSystem::Writing the bif file for system config int_gen_plat
TRACE::2026-03-16.22:12:27::SCWSystem::dir created 
TRACE::2026-03-16.22:12:27::SCWSystem::Writing the bif 
TRACE::2026-03-16.22:12:27::SCWPlatform::Started writing the spfm file 
TRACE::2026-03-16.22:12:27::SCWPlatform::Started writing the xpfm file 
TRACE::2026-03-16.22:12:27::SCWPlatform::Completed generating the platform
TRACE::2026-03-16.22:12:27::SCWMssOS::Saving the mss changes C:/Users/ER250/OneDrive/Documents/ECE520_SOC/ECE520_SandBox/int_gen_soc_re/int_gen_soc_vitis/int_gen_plat/zynq_fsbl/zynq_fsbl_bsp/system.mss
TRACE::2026-03-16.22:12:27::SCWMssOS::Found a swdesign opened with the mssfile.
TRACE::2026-03-16.22:12:27::SCWMssOS::Completed writemss as part of save.
TRACE::2026-03-16.22:12:27::SCWMssOS::Commit changes completed.
TRACE::2026-03-16.22:12:27::SCWMssOS::Saving the mss changes C:/Users/ER250/OneDrive/Documents/ECE520_SOC/ECE520_SandBox/int_gen_soc_re/int_gen_soc_vitis/int_gen_plat/ps7_cortexa9_0/standalone_domain/bsp/system.mss
TRACE::2026-03-16.22:12:27::SCWMssOS::Adding the swdes entry, mss present, able to open swdb C:/Users/ER250/OneDrive/Documents/ECE520_SOC/ECE520_SandBox/int_gen_soc_re/int_gen_soc_vitis/int_gen_plat/ps7_cortexa9_0/standalone_domain/bsp/system.mss with des name system_0
TRACE::2026-03-16.22:12:27::SCWMssOS::Writing the mss file completed C:/Users/ER250/OneDrive/Documents/ECE520_SOC/ECE520_SandBox/int_gen_soc_re/int_gen_soc_vitis/int_gen_plat/ps7_cortexa9_0/standalone_domain/bsp/system.mss
TRACE::2026-03-16.22:12:27::SCWMssOS::Commit changes completed.
TRACE::2026-03-16.22:12:27::SCWPlatform::Trying to open the hw design at C:/Users/ER250/OneDrive/Documents/ECE520_SOC/ECE520_SandBox/int_gen_soc_re/int_gen_soc_vitis/int_gen_plat/hw/int_gen_bd_re_wrapper.xsa
TRACE::2026-03-16.22:12:27::SCWPlatform::DSA given C:/Users/ER250/OneDrive/Documents/ECE520_SOC/ECE520_SandBox/int_gen_soc_re/int_gen_soc_vitis/int_gen_plat/hw/int_gen_bd_re_wrapper.xsa
TRACE::2026-03-16.22:12:27::SCWPlatform::DSA absoulate path C:/Users/ER250/OneDrive/Documents/ECE520_SOC/ECE520_SandBox/int_gen_soc_re/int_gen_soc_vitis/int_gen_plat/hw/int_gen_bd_re_wrapper.xsa
TRACE::2026-03-16.22:12:27::SCWPlatform::DSA directory C:/Users/ER250/OneDrive/Documents/ECE520_SOC/ECE520_SandBox/int_gen_soc_re/int_gen_soc_vitis/int_gen_plat/hw
TRACE::2026-03-16.22:12:27::SCWPlatform:: Platform Path C:/Users/ER250/OneDrive/Documents/ECE520_SOC/ECE520_SandBox/int_gen_soc_re/int_gen_soc_vitis/int_gen_plat/hw/int_gen_bd_re_wrapper.xsa
TRACE::2026-03-16.22:12:27::SCWPlatform:: Unique name xilinx:zybo-z7-10::0.0
TRACE::2026-03-16.22:12:27::SCWPlatform::Trying to set the existing hwdb with name int_gen_bd_re_wrapper_1
TRACE::2026-03-16.22:12:27::SCWPlatform::Opened existing hwdb int_gen_bd_re_wrapper_1
TRACE::2026-03-16.22:12:27::SCWPlatform::Found the Hw Db part of the input DSA
TRACE::2026-03-16.22:12:27::SCWMssOS::Checking the sw design at  C:/Users/ER250/OneDrive/Documents/ECE520_SOC/ECE520_SandBox/int_gen_soc_re/int_gen_soc_vitis/int_gen_plat/zynq_fsbl/zynq_fsbl_bsp/system.mss
TRACE::2026-03-16.22:12:27::SCWMssOS::DEBUG:  swdes dump  C:/Users/ER250/OneDrive/Documents/ECE520_SOC/ECE520_SandBox/int_gen_soc_re/int_gen_soc_vitis/int_gen_plat/ps7_cortexa9_0/standalone_domain/bsp/system.mss|system_0||
C:/Users/ER250/OneDrive/Documents/ECE520_SOC/ECE520_SandBox/int_gen_soc_re/int_gen_soc_vitis/int_gen_plat/zynq_fsbl/zynq_fsbl_bsp/system.mss|system||

TRACE::2026-03-16.22:12:27::SCWMssOS::Sw design exists and opened at  C:/Users/ER250/OneDrive/Documents/ECE520_SOC/ECE520_SandBox/int_gen_soc_re/int_gen_soc_vitis/int_gen_plat/zynq_fsbl/zynq_fsbl_bsp/system.mss
TRACE::2026-03-16.22:12:27::SCWPlatform::Trying to open the hw design at C:/Users/ER250/OneDrive/Documents/ECE520_SOC/ECE520_SandBox/int_gen_soc_re/int_gen_soc_vitis/int_gen_plat/hw/int_gen_bd_re_wrapper.xsa
TRACE::2026-03-16.22:12:27::SCWPlatform::DSA given C:/Users/ER250/OneDrive/Documents/ECE520_SOC/ECE520_SandBox/int_gen_soc_re/int_gen_soc_vitis/int_gen_plat/hw/int_gen_bd_re_wrapper.xsa
TRACE::2026-03-16.22:12:27::SCWPlatform::DSA absoulate path C:/Users/ER250/OneDrive/Documents/ECE520_SOC/ECE520_SandBox/int_gen_soc_re/int_gen_soc_vitis/int_gen_plat/hw/int_gen_bd_re_wrapper.xsa
TRACE::2026-03-16.22:12:27::SCWPlatform::DSA directory C:/Users/ER250/OneDrive/Documents/ECE520_SOC/ECE520_SandBox/int_gen_soc_re/int_gen_soc_vitis/int_gen_plat/hw
TRACE::2026-03-16.22:12:27::SCWPlatform:: Platform Path C:/Users/ER250/OneDrive/Documents/ECE520_SOC/ECE520_SandBox/int_gen_soc_re/int_gen_soc_vitis/int_gen_plat/hw/int_gen_bd_re_wrapper.xsa
TRACE::2026-03-16.22:12:27::SCWPlatform:: Unique name xilinx:zybo-z7-10::0.0
TRACE::2026-03-16.22:12:27::SCWPlatform::Trying to set the existing hwdb with name int_gen_bd_re_wrapper_1
TRACE::2026-03-16.22:12:27::SCWPlatform::Opened existing hwdb int_gen_bd_re_wrapper_1
TRACE::2026-03-16.22:12:27::SCWPlatform::Found the Hw Db part of the input DSA
TRACE::2026-03-16.22:12:27::SCWMssOS::Checking the sw design at  C:/Users/ER250/OneDrive/Documents/ECE520_SOC/ECE520_SandBox/int_gen_soc_re/int_gen_soc_vitis/int_gen_plat/ps7_cortexa9_0/standalone_domain/bsp/system.mss
TRACE::2026-03-16.22:12:27::SCWMssOS::DEBUG:  swdes dump  C:/Users/ER250/OneDrive/Documents/ECE520_SOC/ECE520_SandBox/int_gen_soc_re/int_gen_soc_vitis/int_gen_plat/ps7_cortexa9_0/standalone_domain/bsp/system.mss|system_0||
C:/Users/ER250/OneDrive/Documents/ECE520_SOC/ECE520_SandBox/int_gen_soc_re/int_gen_soc_vitis/int_gen_plat/zynq_fsbl/zynq_fsbl_bsp/system.mss|system||

TRACE::2026-03-16.22:12:27::SCWMssOS::Sw design exists and opened at  C:/Users/ER250/OneDrive/Documents/ECE520_SOC/ECE520_SandBox/int_gen_soc_re/int_gen_soc_vitis/int_gen_plat/ps7_cortexa9_0/standalone_domain/bsp/system.mss
TRACE::2026-03-16.22:12:27::SCWWriter::formatted JSON is {
	"platformName":	"int_gen_plat",
	"sprVersion":	"2.0",
	"mode":	"gui",
	"dsaType":	"Fixed",
	"platformDesc":	"int_gen_plat",
	"platHandOff":	"C:/Users/ER250/OneDrive/Documents/ECE520_SOC/ECE520_SandBox/int_gen_soc_re/int_gen_bd_re_wrapper.xsa",
	"platIntHandOff":	"<platformDir>/hw/int_gen_bd_re_wrapper.xsa",
	"deviceType":	"zynq",
	"platIsPrebuiltAutogen":	"false",
	"platIsNoBootBsp":	"false",
	"hasFsblMakeHasChanges":	"false",
	"hasPmufwMakeHasChanges":	"false",
	"fsblExtraCompilerFlags":	"-MMD -MP       -mcpu=cortex-a9 -mfpu=vfpv3 -mfloat-abi=hard ",
	"platPreBuiltFlag":	false,
	"platformSamplesDir":	"",
	"platActiveSys":	"int_gen_plat",
	"systems":	[{
			"systemName":	"int_gen_plat",
			"systemDesc":	"int_gen_plat",
			"sysIsBootAutoGen":	"true",
			"systemDispName":	"int_gen_plat",
			"sysActiveDom":	"standalone_domain",
			"sysDefaultDom":	"standalone_domain",
			"domains":	[{
					"domainName":	"zynq_fsbl",
					"domainDispName":	"zynq_fsbl",
					"domainDesc":	"FSBL Application BSP - Auto Generated.",
					"processors":	"ps7_cortexa9_0",
					"os":	"standalone",
					"sdxOs":	"standalone",
					"debugEnable":	"",
					"domRuntimes":	["cpp"],
					"swRepo":	"",
					"mssOsVer":	"8.1",
					"mssFile":	"",
					"md5Digest":	"710bbb872de411420e38ee1f9a6d73dd1",
					"compatibleApp":	"zynq_fsbl",
					"domType":	"bootDomain",
					"arch":	"32-bit",
					"appSettings":	{
						"appCompilerFlags":	"",
						"appLinkerFlags":	""
					},
					"addedLibs":	["xilffs:5.0", "xilrsa:1.6"],
					"libOptions":	{
						"libsContainingOptions":	[]
					},
					"changedDrivers":	{
						"interrupt_generator_0":	"none:",
						"changedCells":	["interrupt_generator_0"]
					},
					"prebuiltLibs":	{
						"prebuiltIncPath":	[],
						"prebuiltLibPath":	[]
					},
					"isolation":	{
					}
				}, {
					"domainName":	"standalone_domain",
					"domainDispName":	"standalone on ps7_cortexa9_0",
					"domainDesc":	"standalone_domain",
					"processors":	"ps7_cortexa9_0",
					"os":	"standalone",
					"sdxOs":	"standalone",
					"qemuArgs":	"<platformDir>/resources/int_gen_plat/standalone_domain/qemu_args.txt",
					"qemuData":	"<platformDir>/resources/int_gen_plat/standalone_domain/qemu",
					"debugEnable":	"False",
					"domRuntimes":	["cpp"],
					"swRepo":	"",
					"mssOsVer":	"8.1",
					"mssFile":	"",
					"md5Digest":	"afe1403ea604de9520c811a3fdd9c4f7",
					"compatibleApp":	"",
					"domType":	"mssDomain",
					"appSettings":	{
						"appCompilerFlags":	"",
						"appLinkerFlags":	""
					},
					"addedLibs":	[],
					"libOptions":	{
						"libsContainingOptions":	[]
					},
					"changedDrivers":	{
						"interrupt_generator_0":	"none:",
						"changedCells":	["interrupt_generator_0"]
					},
					"prebuiltLibs":	{
						"prebuiltIncPath":	[],
						"prebuiltLibPath":	[]
					},
					"isolation":	{
					}
				}]
		}]
}
KEYINFO::2026-03-16.22:12:27::SCWPlatform::updated the xpfm file.
TRACE::2026-03-16.22:12:27::SCWPlatform::Trying to open the hw design at C:/Users/ER250/OneDrive/Documents/ECE520_SOC/ECE520_SandBox/int_gen_soc_re/int_gen_soc_vitis/int_gen_plat/hw/int_gen_bd_re_wrapper.xsa
TRACE::2026-03-16.22:12:27::SCWPlatform::DSA given C:/Users/ER250/OneDrive/Documents/ECE520_SOC/ECE520_SandBox/int_gen_soc_re/int_gen_soc_vitis/int_gen_plat/hw/int_gen_bd_re_wrapper.xsa
TRACE::2026-03-16.22:12:27::SCWPlatform::DSA absoulate path C:/Users/ER250/OneDrive/Documents/ECE520_SOC/ECE520_SandBox/int_gen_soc_re/int_gen_soc_vitis/int_gen_plat/hw/int_gen_bd_re_wrapper.xsa
TRACE::2026-03-16.22:12:27::SCWPlatform::DSA directory C:/Users/ER250/OneDrive/Documents/ECE520_SOC/ECE520_SandBox/int_gen_soc_re/int_gen_soc_vitis/int_gen_plat/hw
TRACE::2026-03-16.22:12:27::SCWPlatform:: Platform Path C:/Users/ER250/OneDrive/Documents/ECE520_SOC/ECE520_SandBox/int_gen_soc_re/int_gen_soc_vitis/int_gen_plat/hw/int_gen_bd_re_wrapper.xsa
TRACE::2026-03-16.22:12:27::SCWPlatform:: Unique name xilinx:zybo-z7-10::0.0
TRACE::2026-03-16.22:12:27::SCWPlatform::Trying to set the existing hwdb with name int_gen_bd_re_wrapper_1
TRACE::2026-03-16.22:12:27::SCWPlatform::Opened existing hwdb int_gen_bd_re_wrapper_1
TRACE::2026-03-16.22:12:27::SCWPlatform::Found the Hw Db part of the input DSA
TRACE::2026-03-16.22:12:27::SCWMssOS::Checking the sw design at  C:/Users/ER250/OneDrive/Documents/ECE520_SOC/ECE520_SandBox/int_gen_soc_re/int_gen_soc_vitis/int_gen_plat/ps7_cortexa9_0/standalone_domain/bsp/system.mss
TRACE::2026-03-16.22:12:27::SCWMssOS::DEBUG:  swdes dump  C:/Users/ER250/OneDrive/Documents/ECE520_SOC/ECE520_SandBox/int_gen_soc_re/int_gen_soc_vitis/int_gen_plat/ps7_cortexa9_0/standalone_domain/bsp/system.mss|system_0||
C:/Users/ER250/OneDrive/Documents/ECE520_SOC/ECE520_SandBox/int_gen_soc_re/int_gen_soc_vitis/int_gen_plat/zynq_fsbl/zynq_fsbl_bsp/system.mss|system||

TRACE::2026-03-16.22:12:27::SCWMssOS::Sw design exists and opened at  C:/Users/ER250/OneDrive/Documents/ECE520_SOC/ECE520_SandBox/int_gen_soc_re/int_gen_soc_vitis/int_gen_plat/ps7_cortexa9_0/standalone_domain/bsp/system.mss
TRACE::2026-03-23.09:06:19::SCWPlatform::Trying to open the hw design at C:/Users/ER250/OneDrive/Documents/ECE520_SOC/ECE520_SandBox/int_gen_soc_re/int_gen_soc_vitis/int_gen_plat/hw/int_gen_bd_re_wrapper.xsa
TRACE::2026-03-23.09:06:19::SCWPlatform::DSA given C:/Users/ER250/OneDrive/Documents/ECE520_SOC/ECE520_SandBox/int_gen_soc_re/int_gen_soc_vitis/int_gen_plat/hw/int_gen_bd_re_wrapper.xsa
TRACE::2026-03-23.09:06:19::SCWPlatform::DSA absoulate path C:/Users/ER250/OneDrive/Documents/ECE520_SOC/ECE520_SandBox/int_gen_soc_re/int_gen_soc_vitis/int_gen_plat/hw/int_gen_bd_re_wrapper.xsa
TRACE::2026-03-23.09:06:19::SCWPlatform::DSA directory C:/Users/ER250/OneDrive/Documents/ECE520_SOC/ECE520_SandBox/int_gen_soc_re/int_gen_soc_vitis/int_gen_plat/hw
TRACE::2026-03-23.09:06:19::SCWPlatform:: Platform Path C:/Users/ER250/OneDrive/Documents/ECE520_SOC/ECE520_SandBox/int_gen_soc_re/int_gen_soc_vitis/int_gen_plat/hw/int_gen_bd_re_wrapper.xsa
TRACE::2026-03-23.09:06:19::SCWPlatform:: Unique name xilinx:zybo-z7-10::0.0
TRACE::2026-03-23.09:06:19::SCWPlatform::Do not have an existing db opened. 
TRACE::2026-03-23.09:06:22::SCWPlatform::Opened new HwDB with name int_gen_bd_re_wrapper
TRACE::2026-03-23.09:06:22::SCWReader::Active system found as  int_gen_plat
TRACE::2026-03-23.09:06:22::SCWReader::Handling sysconfig int_gen_plat
TRACE::2026-03-23.09:06:22::SCWDomain::checking for install qemu data   : 
TRACE::2026-03-23.09:06:22::SCWDomain:: Using the QEMU Data from install at  : C:/Xilinx/Vitis/2023.1/data/emulation/platforms/zynq/sw/a9_standalone/qemu/
TRACE::2026-03-23.09:06:22::SCWDomain:: Using the QEMU args  from install at  : C:/Xilinx/Vitis/2023.1/data/emulation/platforms/zynq/sw/a9_standalone/qemu/qemu_args.txt
TRACE::2026-03-23.09:06:22::SCWPlatform::Trying to open the hw design at C:/Users/ER250/OneDrive/Documents/ECE520_SOC/ECE520_SandBox/int_gen_soc_re/int_gen_soc_vitis/int_gen_plat/hw/int_gen_bd_re_wrapper.xsa
TRACE::2026-03-23.09:06:22::SCWPlatform::DSA given C:/Users/ER250/OneDrive/Documents/ECE520_SOC/ECE520_SandBox/int_gen_soc_re/int_gen_soc_vitis/int_gen_plat/hw/int_gen_bd_re_wrapper.xsa
TRACE::2026-03-23.09:06:22::SCWPlatform::DSA absoulate path C:/Users/ER250/OneDrive/Documents/ECE520_SOC/ECE520_SandBox/int_gen_soc_re/int_gen_soc_vitis/int_gen_plat/hw/int_gen_bd_re_wrapper.xsa
TRACE::2026-03-23.09:06:22::SCWPlatform::DSA directory C:/Users/ER250/OneDrive/Documents/ECE520_SOC/ECE520_SandBox/int_gen_soc_re/int_gen_soc_vitis/int_gen_plat/hw
TRACE::2026-03-23.09:06:22::SCWPlatform:: Platform Path C:/Users/ER250/OneDrive/Documents/ECE520_SOC/ECE520_SandBox/int_gen_soc_re/int_gen_soc_vitis/int_gen_plat/hw/int_gen_bd_re_wrapper.xsa
TRACE::2026-03-23.09:06:22::SCWPlatform:: Unique name xilinx:zybo-z7-10::0.0
TRACE::2026-03-23.09:06:22::SCWPlatform::Trying to set the existing hwdb with name int_gen_bd_re_wrapper
TRACE::2026-03-23.09:06:22::SCWPlatform::Opened existing hwdb int_gen_bd_re_wrapper
TRACE::2026-03-23.09:06:22::SCWPlatform::Found the Hw Db part of the input DSA
TRACE::2026-03-23.09:06:22::SCWPlatform::Trying to open the hw design at C:/Users/ER250/OneDrive/Documents/ECE520_SOC/ECE520_SandBox/int_gen_soc_re/int_gen_soc_vitis/int_gen_plat/hw/int_gen_bd_re_wrapper.xsa
TRACE::2026-03-23.09:06:22::SCWPlatform::DSA given C:/Users/ER250/OneDrive/Documents/ECE520_SOC/ECE520_SandBox/int_gen_soc_re/int_gen_soc_vitis/int_gen_plat/hw/int_gen_bd_re_wrapper.xsa
TRACE::2026-03-23.09:06:22::SCWPlatform::DSA absoulate path C:/Users/ER250/OneDrive/Documents/ECE520_SOC/ECE520_SandBox/int_gen_soc_re/int_gen_soc_vitis/int_gen_plat/hw/int_gen_bd_re_wrapper.xsa
TRACE::2026-03-23.09:06:22::SCWPlatform::DSA directory C:/Users/ER250/OneDrive/Documents/ECE520_SOC/ECE520_SandBox/int_gen_soc_re/int_gen_soc_vitis/int_gen_plat/hw
TRACE::2026-03-23.09:06:22::SCWPlatform:: Platform Path C:/Users/ER250/OneDrive/Documents/ECE520_SOC/ECE520_SandBox/int_gen_soc_re/int_gen_soc_vitis/int_gen_plat/hw/int_gen_bd_re_wrapper.xsa
TRACE::2026-03-23.09:06:22::SCWPlatform:: Unique name xilinx:zybo-z7-10::0.0
TRACE::2026-03-23.09:06:22::SCWPlatform::Trying to set the existing hwdb with name int_gen_bd_re_wrapper
TRACE::2026-03-23.09:06:22::SCWPlatform::Opened existing hwdb int_gen_bd_re_wrapper
TRACE::2026-03-23.09:06:22::SCWPlatform::Found the Hw Db part of the input DSA
TRACE::2026-03-23.09:06:22::SCWPlatform::Trying to open the hw design at C:/Users/ER250/OneDrive/Documents/ECE520_SOC/ECE520_SandBox/int_gen_soc_re/int_gen_soc_vitis/int_gen_plat/hw/int_gen_bd_re_wrapper.xsa
TRACE::2026-03-23.09:06:22::SCWPlatform::DSA given C:/Users/ER250/OneDrive/Documents/ECE520_SOC/ECE520_SandBox/int_gen_soc_re/int_gen_soc_vitis/int_gen_plat/hw/int_gen_bd_re_wrapper.xsa
TRACE::2026-03-23.09:06:22::SCWPlatform::DSA absoulate path C:/Users/ER250/OneDrive/Documents/ECE520_SOC/ECE520_SandBox/int_gen_soc_re/int_gen_soc_vitis/int_gen_plat/hw/int_gen_bd_re_wrapper.xsa
TRACE::2026-03-23.09:06:22::SCWPlatform::DSA directory C:/Users/ER250/OneDrive/Documents/ECE520_SOC/ECE520_SandBox/int_gen_soc_re/int_gen_soc_vitis/int_gen_plat/hw
TRACE::2026-03-23.09:06:22::SCWPlatform:: Platform Path C:/Users/ER250/OneDrive/Documents/ECE520_SOC/ECE520_SandBox/int_gen_soc_re/int_gen_soc_vitis/int_gen_plat/hw/int_gen_bd_re_wrapper.xsa
TRACE::2026-03-23.09:06:22::SCWPlatform:: Unique name xilinx:zybo-z7-10::0.0
TRACE::2026-03-23.09:06:22::SCWPlatform::Trying to set the existing hwdb with name int_gen_bd_re_wrapper
TRACE::2026-03-23.09:06:22::SCWPlatform::Opened existing hwdb int_gen_bd_re_wrapper
TRACE::2026-03-23.09:06:22::SCWPlatform::Found the Hw Db part of the input DSA
TRACE::2026-03-23.09:06:22::SCWReader::Boot application domain added for zynq_fsbl
TRACE::2026-03-23.09:06:22::SCWPlatform::Trying to open the hw design at C:/Users/ER250/OneDrive/Documents/ECE520_SOC/ECE520_SandBox/int_gen_soc_re/int_gen_soc_vitis/int_gen_plat/hw/int_gen_bd_re_wrapper.xsa
TRACE::2026-03-23.09:06:22::SCWPlatform::DSA given C:/Users/ER250/OneDrive/Documents/ECE520_SOC/ECE520_SandBox/int_gen_soc_re/int_gen_soc_vitis/int_gen_plat/hw/int_gen_bd_re_wrapper.xsa
TRACE::2026-03-23.09:06:22::SCWPlatform::DSA absoulate path C:/Users/ER250/OneDrive/Documents/ECE520_SOC/ECE520_SandBox/int_gen_soc_re/int_gen_soc_vitis/int_gen_plat/hw/int_gen_bd_re_wrapper.xsa
TRACE::2026-03-23.09:06:22::SCWPlatform::DSA directory C:/Users/ER250/OneDrive/Documents/ECE520_SOC/ECE520_SandBox/int_gen_soc_re/int_gen_soc_vitis/int_gen_plat/hw
TRACE::2026-03-23.09:06:22::SCWPlatform:: Platform Path C:/Users/ER250/OneDrive/Documents/ECE520_SOC/ECE520_SandBox/int_gen_soc_re/int_gen_soc_vitis/int_gen_plat/hw/int_gen_bd_re_wrapper.xsa
TRACE::2026-03-23.09:06:22::SCWPlatform:: Unique name xilinx:zybo-z7-10::0.0
TRACE::2026-03-23.09:06:22::SCWPlatform::Trying to set the existing hwdb with name int_gen_bd_re_wrapper
TRACE::2026-03-23.09:06:22::SCWPlatform::Opened existing hwdb int_gen_bd_re_wrapper
TRACE::2026-03-23.09:06:22::SCWPlatform::Found the Hw Db part of the input DSA
TRACE::2026-03-23.09:06:22::SCWMssOS::Checking the sw design at  C:/Users/ER250/OneDrive/Documents/ECE520_SOC/ECE520_SandBox/int_gen_soc_re/int_gen_soc_vitis/int_gen_plat/zynq_fsbl/zynq_fsbl_bsp/system.mss
TRACE::2026-03-23.09:06:22::SCWMssOS::DEBUG:  swdes dump  
TRACE::2026-03-23.09:06:22::SCWMssOS::No sw design opened at  C:/Users/ER250/OneDrive/Documents/ECE520_SOC/ECE520_SandBox/int_gen_soc_re/int_gen_soc_vitis/int_gen_plat/zynq_fsbl/zynq_fsbl_bsp/system.mss
TRACE::2026-03-23.09:06:22::SCWMssOS::mss exists loading the mss file  C:/Users/ER250/OneDrive/Documents/ECE520_SOC/ECE520_SandBox/int_gen_soc_re/int_gen_soc_vitis/int_gen_plat/zynq_fsbl/zynq_fsbl_bsp/system.mss
TRACE::2026-03-23.09:06:22::SCWMssOS::Opened the sw design from mss  C:/Users/ER250/OneDrive/Documents/ECE520_SOC/ECE520_SandBox/int_gen_soc_re/int_gen_soc_vitis/int_gen_plat/zynq_fsbl/zynq_fsbl_bsp/system.mss
TRACE::2026-03-23.09:06:22::SCWMssOS::Adding the swdes entry C:/Users/ER250/OneDrive/Documents/ECE520_SOC/ECE520_SandBox/int_gen_soc_re/int_gen_soc_vitis/int_gen_plat/zynq_fsbl/zynq_fsbl_bsp/system.mss with des name system
TRACE::2026-03-23.09:06:22::SCWMssOS::updating the scw layer about changes
TRACE::2026-03-23.09:06:22::SCWMssOS::Opened the sw design.  C:/Users/ER250/OneDrive/Documents/ECE520_SOC/ECE520_SandBox/int_gen_soc_re/int_gen_soc_vitis/int_gen_plat/zynq_fsbl/zynq_fsbl_bsp/system.mss
TRACE::2026-03-23.09:06:22::SCWPlatform::Trying to open the hw design at C:/Users/ER250/OneDrive/Documents/ECE520_SOC/ECE520_SandBox/int_gen_soc_re/int_gen_soc_vitis/int_gen_plat/hw/int_gen_bd_re_wrapper.xsa
TRACE::2026-03-23.09:06:22::SCWPlatform::DSA given C:/Users/ER250/OneDrive/Documents/ECE520_SOC/ECE520_SandBox/int_gen_soc_re/int_gen_soc_vitis/int_gen_plat/hw/int_gen_bd_re_wrapper.xsa
TRACE::2026-03-23.09:06:22::SCWPlatform::DSA absoulate path C:/Users/ER250/OneDrive/Documents/ECE520_SOC/ECE520_SandBox/int_gen_soc_re/int_gen_soc_vitis/int_gen_plat/hw/int_gen_bd_re_wrapper.xsa
TRACE::2026-03-23.09:06:22::SCWPlatform::DSA directory C:/Users/ER250/OneDrive/Documents/ECE520_SOC/ECE520_SandBox/int_gen_soc_re/int_gen_soc_vitis/int_gen_plat/hw
TRACE::2026-03-23.09:06:22::SCWPlatform:: Platform Path C:/Users/ER250/OneDrive/Documents/ECE520_SOC/ECE520_SandBox/int_gen_soc_re/int_gen_soc_vitis/int_gen_plat/hw/int_gen_bd_re_wrapper.xsa
TRACE::2026-03-23.09:06:22::SCWPlatform:: Unique name xilinx:zybo-z7-10::0.0
TRACE::2026-03-23.09:06:22::SCWPlatform::Trying to set the existing hwdb with name int_gen_bd_re_wrapper
TRACE::2026-03-23.09:06:22::SCWPlatform::Opened existing hwdb int_gen_bd_re_wrapper
TRACE::2026-03-23.09:06:22::SCWPlatform::Found the Hw Db part of the input DSA
TRACE::2026-03-23.09:06:22::SCWMssOS::Checking the sw design at  C:/Users/ER250/OneDrive/Documents/ECE520_SOC/ECE520_SandBox/int_gen_soc_re/int_gen_soc_vitis/int_gen_plat/zynq_fsbl/zynq_fsbl_bsp/system.mss
TRACE::2026-03-23.09:06:22::SCWMssOS::DEBUG:  swdes dump  C:/Users/ER250/OneDrive/Documents/ECE520_SOC/ECE520_SandBox/int_gen_soc_re/int_gen_soc_vitis/int_gen_plat/zynq_fsbl/zynq_fsbl_bsp/system.mss|system||

TRACE::2026-03-23.09:06:22::SCWMssOS::Sw design exists and opened at  C:/Users/ER250/OneDrive/Documents/ECE520_SOC/ECE520_SandBox/int_gen_soc_re/int_gen_soc_vitis/int_gen_plat/zynq_fsbl/zynq_fsbl_bsp/system.mss
TRACE::2026-03-23.09:06:22::SCWMssOS:: library already available in sw design:  xilffs:5.0
TRACE::2026-03-23.09:06:22::SCWPlatform::Trying to open the hw design at C:/Users/ER250/OneDrive/Documents/ECE520_SOC/ECE520_SandBox/int_gen_soc_re/int_gen_soc_vitis/int_gen_plat/hw/int_gen_bd_re_wrapper.xsa
TRACE::2026-03-23.09:06:22::SCWPlatform::DSA given C:/Users/ER250/OneDrive/Documents/ECE520_SOC/ECE520_SandBox/int_gen_soc_re/int_gen_soc_vitis/int_gen_plat/hw/int_gen_bd_re_wrapper.xsa
TRACE::2026-03-23.09:06:22::SCWPlatform::DSA absoulate path C:/Users/ER250/OneDrive/Documents/ECE520_SOC/ECE520_SandBox/int_gen_soc_re/int_gen_soc_vitis/int_gen_plat/hw/int_gen_bd_re_wrapper.xsa
TRACE::2026-03-23.09:06:22::SCWPlatform::DSA directory C:/Users/ER250/OneDrive/Documents/ECE520_SOC/ECE520_SandBox/int_gen_soc_re/int_gen_soc_vitis/int_gen_plat/hw
TRACE::2026-03-23.09:06:22::SCWPlatform:: Platform Path C:/Users/ER250/OneDrive/Documents/ECE520_SOC/ECE520_SandBox/int_gen_soc_re/int_gen_soc_vitis/int_gen_plat/hw/int_gen_bd_re_wrapper.xsa
TRACE::2026-03-23.09:06:22::SCWPlatform:: Unique name xilinx:zybo-z7-10::0.0
TRACE::2026-03-23.09:06:22::SCWPlatform::Trying to set the existing hwdb with name int_gen_bd_re_wrapper
TRACE::2026-03-23.09:06:22::SCWPlatform::Opened existing hwdb int_gen_bd_re_wrapper
TRACE::2026-03-23.09:06:22::SCWPlatform::Found the Hw Db part of the input DSA
TRACE::2026-03-23.09:06:22::SCWMssOS::Checking the sw design at  C:/Users/ER250/OneDrive/Documents/ECE520_SOC/ECE520_SandBox/int_gen_soc_re/int_gen_soc_vitis/int_gen_plat/zynq_fsbl/zynq_fsbl_bsp/system.mss
TRACE::2026-03-23.09:06:22::SCWMssOS::DEBUG:  swdes dump  C:/Users/ER250/OneDrive/Documents/ECE520_SOC/ECE520_SandBox/int_gen_soc_re/int_gen_soc_vitis/int_gen_plat/zynq_fsbl/zynq_fsbl_bsp/system.mss|system||

TRACE::2026-03-23.09:06:22::SCWMssOS::Sw design exists and opened at  C:/Users/ER250/OneDrive/Documents/ECE520_SOC/ECE520_SandBox/int_gen_soc_re/int_gen_soc_vitis/int_gen_plat/zynq_fsbl/zynq_fsbl_bsp/system.mss
TRACE::2026-03-23.09:06:22::SCWMssOS:: library already available in sw design:  xilrsa:1.6
TRACE::2026-03-23.09:06:22::SCWPlatform::Trying to open the hw design at C:/Users/ER250/OneDrive/Documents/ECE520_SOC/ECE520_SandBox/int_gen_soc_re/int_gen_soc_vitis/int_gen_plat/hw/int_gen_bd_re_wrapper.xsa
TRACE::2026-03-23.09:06:22::SCWPlatform::DSA given C:/Users/ER250/OneDrive/Documents/ECE520_SOC/ECE520_SandBox/int_gen_soc_re/int_gen_soc_vitis/int_gen_plat/hw/int_gen_bd_re_wrapper.xsa
TRACE::2026-03-23.09:06:22::SCWPlatform::DSA absoulate path C:/Users/ER250/OneDrive/Documents/ECE520_SOC/ECE520_SandBox/int_gen_soc_re/int_gen_soc_vitis/int_gen_plat/hw/int_gen_bd_re_wrapper.xsa
TRACE::2026-03-23.09:06:22::SCWPlatform::DSA directory C:/Users/ER250/OneDrive/Documents/ECE520_SOC/ECE520_SandBox/int_gen_soc_re/int_gen_soc_vitis/int_gen_plat/hw
TRACE::2026-03-23.09:06:22::SCWPlatform:: Platform Path C:/Users/ER250/OneDrive/Documents/ECE520_SOC/ECE520_SandBox/int_gen_soc_re/int_gen_soc_vitis/int_gen_plat/hw/int_gen_bd_re_wrapper.xsa
TRACE::2026-03-23.09:06:22::SCWPlatform:: Unique name xilinx:zybo-z7-10::0.0
TRACE::2026-03-23.09:06:22::SCWPlatform::Trying to set the existing hwdb with name int_gen_bd_re_wrapper
TRACE::2026-03-23.09:06:22::SCWPlatform::Opened existing hwdb int_gen_bd_re_wrapper
TRACE::2026-03-23.09:06:22::SCWPlatform::Found the Hw Db part of the input DSA
TRACE::2026-03-23.09:06:22::SCWMssOS::Checking the sw design at  C:/Users/ER250/OneDrive/Documents/ECE520_SOC/ECE520_SandBox/int_gen_soc_re/int_gen_soc_vitis/int_gen_plat/zynq_fsbl/zynq_fsbl_bsp/system.mss
TRACE::2026-03-23.09:06:22::SCWMssOS::DEBUG:  swdes dump  C:/Users/ER250/OneDrive/Documents/ECE520_SOC/ECE520_SandBox/int_gen_soc_re/int_gen_soc_vitis/int_gen_plat/zynq_fsbl/zynq_fsbl_bsp/system.mss|system||

TRACE::2026-03-23.09:06:22::SCWMssOS::Sw design exists and opened at  C:/Users/ER250/OneDrive/Documents/ECE520_SOC/ECE520_SandBox/int_gen_soc_re/int_gen_soc_vitis/int_gen_plat/zynq_fsbl/zynq_fsbl_bsp/system.mss
TRACE::2026-03-23.09:06:22::SCWMssOS::Saving the mss changes C:/Users/ER250/OneDrive/Documents/ECE520_SOC/ECE520_SandBox/int_gen_soc_re/int_gen_soc_vitis/int_gen_plat/zynq_fsbl/zynq_fsbl_bsp/system.mss
TRACE::2026-03-23.09:06:22::SCWMssOS::Found a swdesign opened with the mssfile.
TRACE::2026-03-23.09:06:22::SCWMssOS::Completed writemss as part of save.
TRACE::2026-03-23.09:06:22::SCWMssOS::Commit changes completed.
TRACE::2026-03-23.09:06:22::SCWReader::Adding prebuilt librarypaths as   
TRACE::2026-03-23.09:06:22::SCWReader::Adding prebuilt incpaths  as   
TRACE::2026-03-23.09:06:22::SCWPlatform::Trying to open the hw design at C:/Users/ER250/OneDrive/Documents/ECE520_SOC/ECE520_SandBox/int_gen_soc_re/int_gen_soc_vitis/int_gen_plat/hw/int_gen_bd_re_wrapper.xsa
TRACE::2026-03-23.09:06:22::SCWPlatform::DSA given C:/Users/ER250/OneDrive/Documents/ECE520_SOC/ECE520_SandBox/int_gen_soc_re/int_gen_soc_vitis/int_gen_plat/hw/int_gen_bd_re_wrapper.xsa
TRACE::2026-03-23.09:06:22::SCWPlatform::DSA absoulate path C:/Users/ER250/OneDrive/Documents/ECE520_SOC/ECE520_SandBox/int_gen_soc_re/int_gen_soc_vitis/int_gen_plat/hw/int_gen_bd_re_wrapper.xsa
TRACE::2026-03-23.09:06:22::SCWPlatform::DSA directory C:/Users/ER250/OneDrive/Documents/ECE520_SOC/ECE520_SandBox/int_gen_soc_re/int_gen_soc_vitis/int_gen_plat/hw
TRACE::2026-03-23.09:06:22::SCWPlatform:: Platform Path C:/Users/ER250/OneDrive/Documents/ECE520_SOC/ECE520_SandBox/int_gen_soc_re/int_gen_soc_vitis/int_gen_plat/hw/int_gen_bd_re_wrapper.xsa
TRACE::2026-03-23.09:06:22::SCWPlatform:: Unique name xilinx:zybo-z7-10::0.0
TRACE::2026-03-23.09:06:22::SCWPlatform::Trying to set the existing hwdb with name int_gen_bd_re_wrapper
TRACE::2026-03-23.09:06:22::SCWPlatform::Opened existing hwdb int_gen_bd_re_wrapper
TRACE::2026-03-23.09:06:22::SCWPlatform::Found the Hw Db part of the input DSA
TRACE::2026-03-23.09:06:22::SCWMssOS::Checking the sw design at  C:/Users/ER250/OneDrive/Documents/ECE520_SOC/ECE520_SandBox/int_gen_soc_re/int_gen_soc_vitis/int_gen_plat/zynq_fsbl/zynq_fsbl_bsp/system.mss
TRACE::2026-03-23.09:06:22::SCWMssOS::DEBUG:  swdes dump  C:/Users/ER250/OneDrive/Documents/ECE520_SOC/ECE520_SandBox/int_gen_soc_re/int_gen_soc_vitis/int_gen_plat/zynq_fsbl/zynq_fsbl_bsp/system.mss|system||

TRACE::2026-03-23.09:06:22::SCWMssOS::Sw design exists and opened at  C:/Users/ER250/OneDrive/Documents/ECE520_SOC/ECE520_SandBox/int_gen_soc_re/int_gen_soc_vitis/int_gen_plat/zynq_fsbl/zynq_fsbl_bsp/system.mss
TRACE::2026-03-23.09:06:22::SCWReader::No isolation master present  
TRACE::2026-03-23.09:06:22::SCWDomain::checking for install qemu data   : 
TRACE::2026-03-23.09:06:22::SCWDomain:: Using the QEMU Data from install at  : C:/Xilinx/Vitis/2023.1/data/emulation/platforms/zynq/sw/a9_standalone/qemu/
TRACE::2026-03-23.09:06:22::SCWDomain:: Using the QEMU args  from install at  : C:/Xilinx/Vitis/2023.1/data/emulation/platforms/zynq/sw/a9_standalone/qemu/qemu_args.txt
TRACE::2026-03-23.09:06:22::SCWPlatform::Trying to open the hw design at C:/Users/ER250/OneDrive/Documents/ECE520_SOC/ECE520_SandBox/int_gen_soc_re/int_gen_soc_vitis/int_gen_plat/hw/int_gen_bd_re_wrapper.xsa
TRACE::2026-03-23.09:06:22::SCWPlatform::DSA given C:/Users/ER250/OneDrive/Documents/ECE520_SOC/ECE520_SandBox/int_gen_soc_re/int_gen_soc_vitis/int_gen_plat/hw/int_gen_bd_re_wrapper.xsa
TRACE::2026-03-23.09:06:22::SCWPlatform::DSA absoulate path C:/Users/ER250/OneDrive/Documents/ECE520_SOC/ECE520_SandBox/int_gen_soc_re/int_gen_soc_vitis/int_gen_plat/hw/int_gen_bd_re_wrapper.xsa
TRACE::2026-03-23.09:06:22::SCWPlatform::DSA directory C:/Users/ER250/OneDrive/Documents/ECE520_SOC/ECE520_SandBox/int_gen_soc_re/int_gen_soc_vitis/int_gen_plat/hw
TRACE::2026-03-23.09:06:22::SCWPlatform:: Platform Path C:/Users/ER250/OneDrive/Documents/ECE520_SOC/ECE520_SandBox/int_gen_soc_re/int_gen_soc_vitis/int_gen_plat/hw/int_gen_bd_re_wrapper.xsa
TRACE::2026-03-23.09:06:22::SCWPlatform:: Unique name xilinx:zybo-z7-10::0.0
TRACE::2026-03-23.09:06:22::SCWPlatform::Trying to set the existing hwdb with name int_gen_bd_re_wrapper
TRACE::2026-03-23.09:06:22::SCWPlatform::Opened existing hwdb int_gen_bd_re_wrapper
TRACE::2026-03-23.09:06:22::SCWPlatform::Found the Hw Db part of the input DSA
TRACE::2026-03-23.09:06:22::SCWPlatform::Trying to open the hw design at C:/Users/ER250/OneDrive/Documents/ECE520_SOC/ECE520_SandBox/int_gen_soc_re/int_gen_soc_vitis/int_gen_plat/hw/int_gen_bd_re_wrapper.xsa
TRACE::2026-03-23.09:06:22::SCWPlatform::DSA given C:/Users/ER250/OneDrive/Documents/ECE520_SOC/ECE520_SandBox/int_gen_soc_re/int_gen_soc_vitis/int_gen_plat/hw/int_gen_bd_re_wrapper.xsa
TRACE::2026-03-23.09:06:22::SCWPlatform::DSA absoulate path C:/Users/ER250/OneDrive/Documents/ECE520_SOC/ECE520_SandBox/int_gen_soc_re/int_gen_soc_vitis/int_gen_plat/hw/int_gen_bd_re_wrapper.xsa
TRACE::2026-03-23.09:06:22::SCWPlatform::DSA directory C:/Users/ER250/OneDrive/Documents/ECE520_SOC/ECE520_SandBox/int_gen_soc_re/int_gen_soc_vitis/int_gen_plat/hw
TRACE::2026-03-23.09:06:22::SCWPlatform:: Platform Path C:/Users/ER250/OneDrive/Documents/ECE520_SOC/ECE520_SandBox/int_gen_soc_re/int_gen_soc_vitis/int_gen_plat/hw/int_gen_bd_re_wrapper.xsa
TRACE::2026-03-23.09:06:22::SCWPlatform:: Unique name xilinx:zybo-z7-10::0.0
TRACE::2026-03-23.09:06:22::SCWPlatform::Trying to set the existing hwdb with name int_gen_bd_re_wrapper
TRACE::2026-03-23.09:06:22::SCWPlatform::Opened existing hwdb int_gen_bd_re_wrapper
TRACE::2026-03-23.09:06:22::SCWPlatform::Found the Hw Db part of the input DSA
TRACE::2026-03-23.09:06:22::SCWPlatform::Trying to open the hw design at C:/Users/ER250/OneDrive/Documents/ECE520_SOC/ECE520_SandBox/int_gen_soc_re/int_gen_soc_vitis/int_gen_plat/hw/int_gen_bd_re_wrapper.xsa
TRACE::2026-03-23.09:06:22::SCWPlatform::DSA given C:/Users/ER250/OneDrive/Documents/ECE520_SOC/ECE520_SandBox/int_gen_soc_re/int_gen_soc_vitis/int_gen_plat/hw/int_gen_bd_re_wrapper.xsa
TRACE::2026-03-23.09:06:22::SCWPlatform::DSA absoulate path C:/Users/ER250/OneDrive/Documents/ECE520_SOC/ECE520_SandBox/int_gen_soc_re/int_gen_soc_vitis/int_gen_plat/hw/int_gen_bd_re_wrapper.xsa
TRACE::2026-03-23.09:06:22::SCWPlatform::DSA directory C:/Users/ER250/OneDrive/Documents/ECE520_SOC/ECE520_SandBox/int_gen_soc_re/int_gen_soc_vitis/int_gen_plat/hw
TRACE::2026-03-23.09:06:22::SCWPlatform:: Platform Path C:/Users/ER250/OneDrive/Documents/ECE520_SOC/ECE520_SandBox/int_gen_soc_re/int_gen_soc_vitis/int_gen_plat/hw/int_gen_bd_re_wrapper.xsa
TRACE::2026-03-23.09:06:22::SCWPlatform:: Unique name xilinx:zybo-z7-10::0.0
TRACE::2026-03-23.09:06:22::SCWPlatform::Trying to set the existing hwdb with name int_gen_bd_re_wrapper
TRACE::2026-03-23.09:06:22::SCWPlatform::Opened existing hwdb int_gen_bd_re_wrapper
TRACE::2026-03-23.09:06:22::SCWPlatform::Found the Hw Db part of the input DSA
TRACE::2026-03-23.09:06:22::SCWMssOS::Checking the sw design at  C:/Users/ER250/OneDrive/Documents/ECE520_SOC/ECE520_SandBox/int_gen_soc_re/int_gen_soc_vitis/int_gen_plat/ps7_cortexa9_0/standalone_domain/bsp/system.mss
TRACE::2026-03-23.09:06:22::SCWMssOS::DEBUG:  swdes dump  C:/Users/ER250/OneDrive/Documents/ECE520_SOC/ECE520_SandBox/int_gen_soc_re/int_gen_soc_vitis/int_gen_plat/zynq_fsbl/zynq_fsbl_bsp/system.mss|system||

TRACE::2026-03-23.09:06:22::SCWMssOS::No sw design opened at  C:/Users/ER250/OneDrive/Documents/ECE520_SOC/ECE520_SandBox/int_gen_soc_re/int_gen_soc_vitis/int_gen_plat/ps7_cortexa9_0/standalone_domain/bsp/system.mss
TRACE::2026-03-23.09:06:22::SCWMssOS::mss exists loading the mss file  C:/Users/ER250/OneDrive/Documents/ECE520_SOC/ECE520_SandBox/int_gen_soc_re/int_gen_soc_vitis/int_gen_plat/ps7_cortexa9_0/standalone_domain/bsp/system.mss
TRACE::2026-03-23.09:06:22::SCWMssOS::Opened the sw design from mss  C:/Users/ER250/OneDrive/Documents/ECE520_SOC/ECE520_SandBox/int_gen_soc_re/int_gen_soc_vitis/int_gen_plat/ps7_cortexa9_0/standalone_domain/bsp/system.mss
TRACE::2026-03-23.09:06:22::SCWMssOS::Adding the swdes entry C:/Users/ER250/OneDrive/Documents/ECE520_SOC/ECE520_SandBox/int_gen_soc_re/int_gen_soc_vitis/int_gen_plat/ps7_cortexa9_0/standalone_domain/bsp/system.mss with des name system_0
TRACE::2026-03-23.09:06:22::SCWMssOS::updating the scw layer about changes
TRACE::2026-03-23.09:06:22::SCWMssOS::Opened the sw design.  C:/Users/ER250/OneDrive/Documents/ECE520_SOC/ECE520_SandBox/int_gen_soc_re/int_gen_soc_vitis/int_gen_plat/ps7_cortexa9_0/standalone_domain/bsp/system.mss
TRACE::2026-03-23.09:06:22::SCWPlatform::Trying to open the hw design at C:/Users/ER250/OneDrive/Documents/ECE520_SOC/ECE520_SandBox/int_gen_soc_re/int_gen_soc_vitis/int_gen_plat/hw/int_gen_bd_re_wrapper.xsa
TRACE::2026-03-23.09:06:22::SCWPlatform::DSA given C:/Users/ER250/OneDrive/Documents/ECE520_SOC/ECE520_SandBox/int_gen_soc_re/int_gen_soc_vitis/int_gen_plat/hw/int_gen_bd_re_wrapper.xsa
TRACE::2026-03-23.09:06:22::SCWPlatform::DSA absoulate path C:/Users/ER250/OneDrive/Documents/ECE520_SOC/ECE520_SandBox/int_gen_soc_re/int_gen_soc_vitis/int_gen_plat/hw/int_gen_bd_re_wrapper.xsa
TRACE::2026-03-23.09:06:22::SCWPlatform::DSA directory C:/Users/ER250/OneDrive/Documents/ECE520_SOC/ECE520_SandBox/int_gen_soc_re/int_gen_soc_vitis/int_gen_plat/hw
TRACE::2026-03-23.09:06:22::SCWPlatform:: Platform Path C:/Users/ER250/OneDrive/Documents/ECE520_SOC/ECE520_SandBox/int_gen_soc_re/int_gen_soc_vitis/int_gen_plat/hw/int_gen_bd_re_wrapper.xsa
TRACE::2026-03-23.09:06:22::SCWPlatform:: Unique name xilinx:zybo-z7-10::0.0
TRACE::2026-03-23.09:06:22::SCWPlatform::Trying to set the existing hwdb with name int_gen_bd_re_wrapper
TRACE::2026-03-23.09:06:22::SCWPlatform::Opened existing hwdb int_gen_bd_re_wrapper
TRACE::2026-03-23.09:06:22::SCWPlatform::Found the Hw Db part of the input DSA
TRACE::2026-03-23.09:06:22::SCWMssOS::Checking the sw design at  C:/Users/ER250/OneDrive/Documents/ECE520_SOC/ECE520_SandBox/int_gen_soc_re/int_gen_soc_vitis/int_gen_plat/ps7_cortexa9_0/standalone_domain/bsp/system.mss
TRACE::2026-03-23.09:06:22::SCWMssOS::DEBUG:  swdes dump  C:/Users/ER250/OneDrive/Documents/ECE520_SOC/ECE520_SandBox/int_gen_soc_re/int_gen_soc_vitis/int_gen_plat/ps7_cortexa9_0/standalone_domain/bsp/system.mss|system_0||
C:/Users/ER250/OneDrive/Documents/ECE520_SOC/ECE520_SandBox/int_gen_soc_re/int_gen_soc_vitis/int_gen_plat/zynq_fsbl/zynq_fsbl_bsp/system.mss|system||

TRACE::2026-03-23.09:06:22::SCWMssOS::Sw design exists and opened at  C:/Users/ER250/OneDrive/Documents/ECE520_SOC/ECE520_SandBox/int_gen_soc_re/int_gen_soc_vitis/int_gen_plat/ps7_cortexa9_0/standalone_domain/bsp/system.mss
TRACE::2026-03-23.09:06:22::SCWMssOS::Saving the mss changes C:/Users/ER250/OneDrive/Documents/ECE520_SOC/ECE520_SandBox/int_gen_soc_re/int_gen_soc_vitis/int_gen_plat/ps7_cortexa9_0/standalone_domain/bsp/system.mss
TRACE::2026-03-23.09:06:22::SCWMssOS::Found a swdesign opened with the mssfile.
TRACE::2026-03-23.09:06:22::SCWMssOS::Completed writemss as part of save.
TRACE::2026-03-23.09:06:22::SCWMssOS::Commit changes completed.
TRACE::2026-03-23.09:06:22::SCWReader::Adding prebuilt librarypaths as   
TRACE::2026-03-23.09:06:22::SCWReader::Adding prebuilt incpaths  as   
TRACE::2026-03-23.09:06:22::SCWPlatform::Trying to open the hw design at C:/Users/ER250/OneDrive/Documents/ECE520_SOC/ECE520_SandBox/int_gen_soc_re/int_gen_soc_vitis/int_gen_plat/hw/int_gen_bd_re_wrapper.xsa
TRACE::2026-03-23.09:06:22::SCWPlatform::DSA given C:/Users/ER250/OneDrive/Documents/ECE520_SOC/ECE520_SandBox/int_gen_soc_re/int_gen_soc_vitis/int_gen_plat/hw/int_gen_bd_re_wrapper.xsa
TRACE::2026-03-23.09:06:22::SCWPlatform::DSA absoulate path C:/Users/ER250/OneDrive/Documents/ECE520_SOC/ECE520_SandBox/int_gen_soc_re/int_gen_soc_vitis/int_gen_plat/hw/int_gen_bd_re_wrapper.xsa
TRACE::2026-03-23.09:06:22::SCWPlatform::DSA directory C:/Users/ER250/OneDrive/Documents/ECE520_SOC/ECE520_SandBox/int_gen_soc_re/int_gen_soc_vitis/int_gen_plat/hw
TRACE::2026-03-23.09:06:22::SCWPlatform:: Platform Path C:/Users/ER250/OneDrive/Documents/ECE520_SOC/ECE520_SandBox/int_gen_soc_re/int_gen_soc_vitis/int_gen_plat/hw/int_gen_bd_re_wrapper.xsa
TRACE::2026-03-23.09:06:22::SCWPlatform:: Unique name xilinx:zybo-z7-10::0.0
TRACE::2026-03-23.09:06:22::SCWPlatform::Trying to set the existing hwdb with name int_gen_bd_re_wrapper
TRACE::2026-03-23.09:06:22::SCWPlatform::Opened existing hwdb int_gen_bd_re_wrapper
TRACE::2026-03-23.09:06:22::SCWPlatform::Found the Hw Db part of the input DSA
TRACE::2026-03-23.09:06:22::SCWMssOS::Checking the sw design at  C:/Users/ER250/OneDrive/Documents/ECE520_SOC/ECE520_SandBox/int_gen_soc_re/int_gen_soc_vitis/int_gen_plat/ps7_cortexa9_0/standalone_domain/bsp/system.mss
TRACE::2026-03-23.09:06:22::SCWMssOS::DEBUG:  swdes dump  C:/Users/ER250/OneDrive/Documents/ECE520_SOC/ECE520_SandBox/int_gen_soc_re/int_gen_soc_vitis/int_gen_plat/ps7_cortexa9_0/standalone_domain/bsp/system.mss|system_0||
C:/Users/ER250/OneDrive/Documents/ECE520_SOC/ECE520_SandBox/int_gen_soc_re/int_gen_soc_vitis/int_gen_plat/zynq_fsbl/zynq_fsbl_bsp/system.mss|system||

TRACE::2026-03-23.09:06:22::SCWMssOS::Sw design exists and opened at  C:/Users/ER250/OneDrive/Documents/ECE520_SOC/ECE520_SandBox/int_gen_soc_re/int_gen_soc_vitis/int_gen_plat/ps7_cortexa9_0/standalone_domain/bsp/system.mss
TRACE::2026-03-23.09:06:22::SCWReader::No isolation master present  
LOG::2026-03-23.09:06:22::SCWPlatform::Started generating the artifacts platform int_gen_plat
TRACE::2026-03-23.09:06:22::SCWPlatform::Sanity checking of platform is completed
LOG::2026-03-23.09:06:22::SCWPlatform::Started generating the artifacts for system configuration int_gen_plat
LOG::2026-03-23.09:06:22::SCWSystem::Checking the domain zynq_fsbl
LOG::2026-03-23.09:06:22::SCWSystem::Doing application build for :  zynq_fsbl
TRACE::2026-03-23.09:06:22::SCWBDomain::Not a forced makefile updation, No changes are present. 
TRACE::2026-03-23.09:06:22::SCWDomain::Building the domain as part of full build :  zynq_fsbl
TRACE::2026-03-23.09:06:22::SCWPlatform::Trying to open the hw design at C:/Users/ER250/OneDrive/Documents/ECE520_SOC/ECE520_SandBox/int_gen_soc_re/int_gen_soc_vitis/int_gen_plat/hw/int_gen_bd_re_wrapper.xsa
TRACE::2026-03-23.09:06:22::SCWPlatform::DSA given C:/Users/ER250/OneDrive/Documents/ECE520_SOC/ECE520_SandBox/int_gen_soc_re/int_gen_soc_vitis/int_gen_plat/hw/int_gen_bd_re_wrapper.xsa
TRACE::2026-03-23.09:06:22::SCWPlatform::DSA absoulate path C:/Users/ER250/OneDrive/Documents/ECE520_SOC/ECE520_SandBox/int_gen_soc_re/int_gen_soc_vitis/int_gen_plat/hw/int_gen_bd_re_wrapper.xsa
TRACE::2026-03-23.09:06:22::SCWPlatform::DSA directory C:/Users/ER250/OneDrive/Documents/ECE520_SOC/ECE520_SandBox/int_gen_soc_re/int_gen_soc_vitis/int_gen_plat/hw
TRACE::2026-03-23.09:06:22::SCWPlatform:: Platform Path C:/Users/ER250/OneDrive/Documents/ECE520_SOC/ECE520_SandBox/int_gen_soc_re/int_gen_soc_vitis/int_gen_plat/hw/int_gen_bd_re_wrapper.xsa
TRACE::2026-03-23.09:06:22::SCWPlatform:: Unique name xilinx:zybo-z7-10::0.0
TRACE::2026-03-23.09:06:22::SCWPlatform::Trying to set the existing hwdb with name int_gen_bd_re_wrapper
TRACE::2026-03-23.09:06:22::SCWPlatform::Opened existing hwdb int_gen_bd_re_wrapper
TRACE::2026-03-23.09:06:22::SCWPlatform::Found the Hw Db part of the input DSA
TRACE::2026-03-23.09:06:22::SCWMssOS::Checking the sw design at  C:/Users/ER250/OneDrive/Documents/ECE520_SOC/ECE520_SandBox/int_gen_soc_re/int_gen_soc_vitis/int_gen_plat/zynq_fsbl/zynq_fsbl_bsp/system.mss
TRACE::2026-03-23.09:06:22::SCWMssOS::DEBUG:  swdes dump  C:/Users/ER250/OneDrive/Documents/ECE520_SOC/ECE520_SandBox/int_gen_soc_re/int_gen_soc_vitis/int_gen_plat/ps7_cortexa9_0/standalone_domain/bsp/system.mss|system_0||
C:/Users/ER250/OneDrive/Documents/ECE520_SOC/ECE520_SandBox/int_gen_soc_re/int_gen_soc_vitis/int_gen_plat/zynq_fsbl/zynq_fsbl_bsp/system.mss|system||

TRACE::2026-03-23.09:06:22::SCWMssOS::Sw design exists and opened at  C:/Users/ER250/OneDrive/Documents/ECE520_SOC/ECE520_SandBox/int_gen_soc_re/int_gen_soc_vitis/int_gen_plat/zynq_fsbl/zynq_fsbl_bsp/system.mss
TRACE::2026-03-23.09:06:22::SCWBDomain::Completed writing the mss file at C:/Users/ER250/OneDrive/Documents/ECE520_SOC/ECE520_SandBox/int_gen_soc_re/int_gen_soc_vitis/int_gen_plat/zynq_fsbl/zynq_fsbl_bsp
TRACE::2026-03-23.09:06:23::SCWBDomain::bsp generated is stale removing and regenerating. 
TRACE::2026-03-23.09:06:26::SCWBDomain::Updating the makefile used for building the Application zynq_fsbl
TRACE::2026-03-23.09:06:26::SCWPlatform::Trying to open the hw design at C:/Users/ER250/OneDrive/Documents/ECE520_SOC/ECE520_SandBox/int_gen_soc_re/int_gen_soc_vitis/int_gen_plat/hw/int_gen_bd_re_wrapper.xsa
TRACE::2026-03-23.09:06:26::SCWPlatform::DSA given C:/Users/ER250/OneDrive/Documents/ECE520_SOC/ECE520_SandBox/int_gen_soc_re/int_gen_soc_vitis/int_gen_plat/hw/int_gen_bd_re_wrapper.xsa
TRACE::2026-03-23.09:06:26::SCWPlatform::DSA absoulate path C:/Users/ER250/OneDrive/Documents/ECE520_SOC/ECE520_SandBox/int_gen_soc_re/int_gen_soc_vitis/int_gen_plat/hw/int_gen_bd_re_wrapper.xsa
TRACE::2026-03-23.09:06:26::SCWPlatform::DSA directory C:/Users/ER250/OneDrive/Documents/ECE520_SOC/ECE520_SandBox/int_gen_soc_re/int_gen_soc_vitis/int_gen_plat/hw
TRACE::2026-03-23.09:06:26::SCWPlatform:: Platform Path C:/Users/ER250/OneDrive/Documents/ECE520_SOC/ECE520_SandBox/int_gen_soc_re/int_gen_soc_vitis/int_gen_plat/hw/int_gen_bd_re_wrapper.xsa
TRACE::2026-03-23.09:06:26::SCWPlatform:: Unique name xilinx:zybo-z7-10::0.0
TRACE::2026-03-23.09:06:26::SCWPlatform::Trying to set the existing hwdb with name int_gen_bd_re_wrapper
TRACE::2026-03-23.09:06:26::SCWPlatform::Opened existing hwdb int_gen_bd_re_wrapper
TRACE::2026-03-23.09:06:26::SCWPlatform::Found the Hw Db part of the input DSA
TRACE::2026-03-23.09:06:26::SCWMssOS::Checking the sw design at  C:/Users/ER250/OneDrive/Documents/ECE520_SOC/ECE520_SandBox/int_gen_soc_re/int_gen_soc_vitis/int_gen_plat/zynq_fsbl/zynq_fsbl_bsp/system.mss
TRACE::2026-03-23.09:06:26::SCWMssOS::DEBUG:  swdes dump  C:/Users/ER250/OneDrive/Documents/ECE520_SOC/ECE520_SandBox/int_gen_soc_re/int_gen_soc_vitis/int_gen_plat/ps7_cortexa9_0/standalone_domain/bsp/system.mss|system_0||

TRACE::2026-03-23.09:06:26::SCWMssOS::No sw design opened at  C:/Users/ER250/OneDrive/Documents/ECE520_SOC/ECE520_SandBox/int_gen_soc_re/int_gen_soc_vitis/int_gen_plat/zynq_fsbl/zynq_fsbl_bsp/system.mss
TRACE::2026-03-23.09:06:26::SCWMssOS::mss exists loading the mss file  C:/Users/ER250/OneDrive/Documents/ECE520_SOC/ECE520_SandBox/int_gen_soc_re/int_gen_soc_vitis/int_gen_plat/zynq_fsbl/zynq_fsbl_bsp/system.mss
TRACE::2026-03-23.09:06:26::SCWMssOS::Opened the sw design from mss  C:/Users/ER250/OneDrive/Documents/ECE520_SOC/ECE520_SandBox/int_gen_soc_re/int_gen_soc_vitis/int_gen_plat/zynq_fsbl/zynq_fsbl_bsp/system.mss
TRACE::2026-03-23.09:06:26::SCWMssOS::Adding the swdes entry C:/Users/ER250/OneDrive/Documents/ECE520_SOC/ECE520_SandBox/int_gen_soc_re/int_gen_soc_vitis/int_gen_plat/zynq_fsbl/zynq_fsbl_bsp/system.mss with des name system
TRACE::2026-03-23.09:06:26::SCWMssOS::updating the scw layer about changes
TRACE::2026-03-23.09:06:26::SCWMssOS::Opened the sw design.  C:/Users/ER250/OneDrive/Documents/ECE520_SOC/ECE520_SandBox/int_gen_soc_re/int_gen_soc_vitis/int_gen_plat/zynq_fsbl/zynq_fsbl_bsp/system.mss
TRACE::2026-03-23.09:06:33::SCWBDomain::removing the temporary location in _platform.
TRACE::2026-03-23.09:06:33::SCWBDomain::Makefile is Updated.
TRACE::2026-03-23.09:06:33::SCWBDomain::doing clean.
TRACE::2026-03-23.09:06:33::SCWBDomain::System Command Ran  C:&  cd  C:/Users/ER250/OneDrive/Documents/ECE520_SOC/ECE520_SandBox/int_gen_soc_re/int_gen_soc_vitis/int_gen_plat/zynq_fsbl & make clean
TRACE::2026-03-23.09:06:34::SCWBDomain::rm -rf  sd.o  nand.o  image_mover.o  md5.o  fsbl_hooks.o  main.o  nor.o  qspi.o  rsa.o  ps7_init.o  pcap.o  fsbl_handoff.o zynq
TRACE::2026-03-23.09:06:34::SCWBDomain::_fsbl_bsp/ps7_cortexa9_0/lib/libxil.a fsbl.elf *.o

TRACE::2026-03-23.09:06:35::SCWBDomain::System Command Ran  C:&  cd  C:/Users/ER250/OneDrive/Documents/ECE520_SOC/ECE520_SandBox/int_gen_soc_re/int_gen_soc_vitis/int_gen_plat/zynq_fsbl& make -C  zynq_fsbl_bsp & make 
TRACE::2026-03-23.09:06:35::SCWBDomain::make: Entering directory 'C:/Users/ER250/OneDrive/Documents/ECE520_SOC/ECE520_SandBox/int_gen_soc_re/int_gen_soc_vitis/int_gen_
TRACE::2026-03-23.09:06:35::SCWBDomain::plat/zynq_fsbl/zynq_fsbl_bsp'

TRACE::2026-03-23.09:06:35::SCWBDomain::make --no-print-directory seq_libs

TRACE::2026-03-23.09:06:35::SCWBDomain::"Running Make include in ps7_cortexa9_0/libsrc/coresightps_dcc_v1_8/src"

TRACE::2026-03-23.09:06:35::SCWBDomain::make -C ps7_cortexa9_0/libsrc/coresightps_dcc_v1_8/src -s include  "SHELL=CMD" "COMPILER=arm-none-eabi-gcc" "ASSEMBLER=arm-none
TRACE::2026-03-23.09:06:35::SCWBDomain::-eabi-as" "ARCHIVER=arm-none-eabi-ar" "COMPILER_FLAGS=  -O2 -c" "EXTRA_COMPILER_FLAGS=-mcpu=cortex-a9 -mfpu=vfpv3 -mfloat-abi=h
TRACE::2026-03-23.09:06:35::SCWBDomain::ard -nostartfiles -g -Wall -Wextra -fno-tree-loop-distribute-patterns"

TRACE::2026-03-23.09:06:35::SCWBDomain::"Running Make include in ps7_cortexa9_0/libsrc/cpu_cortexa9_v2_11/src"

TRACE::2026-03-23.09:06:35::SCWBDomain::make -C ps7_cortexa9_0/libsrc/cpu_cortexa9_v2_11/src -s include  "SHELL=CMD" "COMPILER=arm-none-eabi-gcc" "ASSEMBLER=arm-none-e
TRACE::2026-03-23.09:06:35::SCWBDomain::abi-as" "ARCHIVER=arm-none-eabi-ar" "COMPILER_FLAGS=  -O2 -c" "EXTRA_COMPILER_FLAGS=-mcpu=cortex-a9 -mfpu=vfpv3 -mfloat-abi=har
TRACE::2026-03-23.09:06:35::SCWBDomain::d -nostartfiles -g -Wall -Wextra -fno-tree-loop-distribute-patterns"

TRACE::2026-03-23.09:06:35::SCWBDomain::"Running Make include in ps7_cortexa9_0/libsrc/ddrps_v1_2/src"

TRACE::2026-03-23.09:06:35::SCWBDomain::make -C ps7_cortexa9_0/libsrc/ddrps_v1_2/src -s include  "SHELL=CMD" "COMPILER=arm-none-eabi-gcc" "ASSEMBLER=arm-none-eabi-as" 
TRACE::2026-03-23.09:06:35::SCWBDomain::"ARCHIVER=arm-none-eabi-ar" "COMPILER_FLAGS=  -O2 -c" "EXTRA_COMPILER_FLAGS=-mcpu=cortex-a9 -mfpu=vfpv3 -mfloat-abi=hard -nosta
TRACE::2026-03-23.09:06:35::SCWBDomain::rtfiles -g -Wall -Wextra -fno-tree-loop-distribute-patterns"

TRACE::2026-03-23.09:06:35::SCWBDomain::"Running Make include in ps7_cortexa9_0/libsrc/devcfg_v3_7/src"

TRACE::2026-03-23.09:06:35::SCWBDomain::make -C ps7_cortexa9_0/libsrc/devcfg_v3_7/src -s include  "SHELL=CMD" "COMPILER=arm-none-eabi-gcc" "ASSEMBLER=arm-none-eabi-as"
TRACE::2026-03-23.09:06:35::SCWBDomain:: "ARCHIVER=arm-none-eabi-ar" "COMPILER_FLAGS=  -O2 -c" "EXTRA_COMPILER_FLAGS=-mcpu=cortex-a9 -mfpu=vfpv3 -mfloat-abi=hard -nost
TRACE::2026-03-23.09:06:35::SCWBDomain::artfiles -g -Wall -Wextra -fno-tree-loop-distribute-patterns"

TRACE::2026-03-23.09:06:36::SCWBDomain::"Running Make include in ps7_cortexa9_0/libsrc/dmaps_v2_8/src"

TRACE::2026-03-23.09:06:36::SCWBDomain::make -C ps7_cortexa9_0/libsrc/dmaps_v2_8/src -s include  "SHELL=CMD" "COMPILER=arm-none-eabi-gcc" "ASSEMBLER=arm-none-eabi-as" 
TRACE::2026-03-23.09:06:36::SCWBDomain::"ARCHIVER=arm-none-eabi-ar" "COMPILER_FLAGS=  -O2 -c" "EXTRA_COMPILER_FLAGS=-mcpu=cortex-a9 -mfpu=vfpv3 -mfloat-abi=hard -nosta
TRACE::2026-03-23.09:06:36::SCWBDomain::rtfiles -g -Wall -Wextra -fno-tree-loop-distribute-patterns"

TRACE::2026-03-23.09:06:36::SCWBDomain::"Running Make include in ps7_cortexa9_0/libsrc/emacps_v3_18/src"

TRACE::2026-03-23.09:06:36::SCWBDomain::make -C ps7_cortexa9_0/libsrc/emacps_v3_18/src -s include  "SHELL=CMD" "COMPILER=arm-none-eabi-gcc" "ASSEMBLER=arm-none-eabi-as
TRACE::2026-03-23.09:06:36::SCWBDomain::" "ARCHIVER=arm-none-eabi-ar" "COMPILER_FLAGS=  -O2 -c" "EXTRA_COMPILER_FLAGS=-mcpu=cortex-a9 -mfpu=vfpv3 -mfloat-abi=hard -nos
TRACE::2026-03-23.09:06:36::SCWBDomain::tartfiles -g -Wall -Wextra -fno-tree-loop-distribute-patterns"

TRACE::2026-03-23.09:06:36::SCWBDomain::"Running Make include in ps7_cortexa9_0/libsrc/gpiops_v3_11/src"

TRACE::2026-03-23.09:06:36::SCWBDomain::make -C ps7_cortexa9_0/libsrc/gpiops_v3_11/src -s include  "SHELL=CMD" "COMPILER=arm-none-eabi-gcc" "ASSEMBLER=arm-none-eabi-as
TRACE::2026-03-23.09:06:36::SCWBDomain::" "ARCHIVER=arm-none-eabi-ar" "COMPILER_FLAGS=  -O2 -c" "EXTRA_COMPILER_FLAGS=-mcpu=cortex-a9 -mfpu=vfpv3 -mfloat-abi=hard -nos
TRACE::2026-03-23.09:06:36::SCWBDomain::tartfiles -g -Wall -Wextra -fno-tree-loop-distribute-patterns"

TRACE::2026-03-23.09:06:37::SCWBDomain::"Running Make include in ps7_cortexa9_0/libsrc/qspips_v3_10/src"

TRACE::2026-03-23.09:06:37::SCWBDomain::make -C ps7_cortexa9_0/libsrc/qspips_v3_10/src -s include  "SHELL=CMD" "COMPILER=arm-none-eabi-gcc" "ASSEMBLER=arm-none-eabi-as
TRACE::2026-03-23.09:06:37::SCWBDomain::" "ARCHIVER=arm-none-eabi-ar" "COMPILER_FLAGS=  -O2 -c" "EXTRA_COMPILER_FLAGS=-mcpu=cortex-a9 -mfpu=vfpv3 -mfloat-abi=hard -nos
TRACE::2026-03-23.09:06:37::SCWBDomain::tartfiles -g -Wall -Wextra -fno-tree-loop-distribute-patterns"

TRACE::2026-03-23.09:06:37::SCWBDomain::"Running Make include in ps7_cortexa9_0/libsrc/scugic_v5_1/src"

TRACE::2026-03-23.09:06:37::SCWBDomain::make -C ps7_cortexa9_0/libsrc/scugic_v5_1/src -s include  "SHELL=CMD" "COMPILER=arm-none-eabi-gcc" "ASSEMBLER=arm-none-eabi-as"
TRACE::2026-03-23.09:06:37::SCWBDomain:: "ARCHIVER=arm-none-eabi-ar" "COMPILER_FLAGS=  -O2 -c" "EXTRA_COMPILER_FLAGS=-mcpu=cortex-a9 -mfpu=vfpv3 -mfloat-abi=hard -nost
TRACE::2026-03-23.09:06:37::SCWBDomain::artfiles -g -Wall -Wextra -fno-tree-loop-distribute-patterns"

TRACE::2026-03-23.09:06:37::SCWBDomain::"Running Make include in ps7_cortexa9_0/libsrc/scutimer_v2_4/src"

TRACE::2026-03-23.09:06:37::SCWBDomain::make -C ps7_cortexa9_0/libsrc/scutimer_v2_4/src -s include  "SHELL=CMD" "COMPILER=arm-none-eabi-gcc" "ASSEMBLER=arm-none-eabi-a
TRACE::2026-03-23.09:06:37::SCWBDomain::s" "ARCHIVER=arm-none-eabi-ar" "COMPILER_FLAGS=  -O2 -c" "EXTRA_COMPILER_FLAGS=-mcpu=cortex-a9 -mfpu=vfpv3 -mfloat-abi=hard -no
TRACE::2026-03-23.09:06:37::SCWBDomain::startfiles -g -Wall -Wextra -fno-tree-loop-distribute-patterns"

TRACE::2026-03-23.09:06:37::SCWBDomain::"Running Make include in ps7_cortexa9_0/libsrc/scuwdt_v2_4/src"

TRACE::2026-03-23.09:06:37::SCWBDomain::make -C ps7_cortexa9_0/libsrc/scuwdt_v2_4/src -s include  "SHELL=CMD" "COMPILER=arm-none-eabi-gcc" "ASSEMBLER=arm-none-eabi-as"
TRACE::2026-03-23.09:06:37::SCWBDomain:: "ARCHIVER=arm-none-eabi-ar" "COMPILER_FLAGS=  -O2 -c" "EXTRA_COMPILER_FLAGS=-mcpu=cortex-a9 -mfpu=vfpv3 -mfloat-abi=hard -nost
TRACE::2026-03-23.09:06:37::SCWBDomain::artfiles -g -Wall -Wextra -fno-tree-loop-distribute-patterns"

TRACE::2026-03-23.09:06:38::SCWBDomain::"Running Make include in ps7_cortexa9_0/libsrc/sdps_v4_1/src"

TRACE::2026-03-23.09:06:38::SCWBDomain::make -C ps7_cortexa9_0/libsrc/sdps_v4_1/src -s include  "SHELL=CMD" "COMPILER=arm-none-eabi-gcc" "ASSEMBLER=arm-none-eabi-as" "
TRACE::2026-03-23.09:06:38::SCWBDomain::ARCHIVER=arm-none-eabi-ar" "COMPILER_FLAGS=  -O2 -c" "EXTRA_COMPILER_FLAGS=-mcpu=cortex-a9 -mfpu=vfpv3 -mfloat-abi=hard -nostar
TRACE::2026-03-23.09:06:38::SCWBDomain::tfiles -g -Wall -Wextra -fno-tree-loop-distribute-patterns"

TRACE::2026-03-23.09:06:38::SCWBDomain::"Running Make include in ps7_cortexa9_0/libsrc/standalone_v8_1/src"

TRACE::2026-03-23.09:06:38::SCWBDomain::make -C ps7_cortexa9_0/libsrc/standalone_v8_1/src -s include  "SHELL=CMD" "COMPILER=arm-none-eabi-gcc" "ASSEMBLER=arm-none-eabi
TRACE::2026-03-23.09:06:38::SCWBDomain::-as" "ARCHIVER=arm-none-eabi-ar" "COMPILER_FLAGS=  -O2 -c" "EXTRA_COMPILER_FLAGS=-mcpu=cortex-a9 -mfpu=vfpv3 -mfloat-abi=hard -
TRACE::2026-03-23.09:06:38::SCWBDomain::nostartfiles -g -Wall -Wextra -fno-tree-loop-distribute-patterns"

TRACE::2026-03-23.09:06:40::SCWBDomain::"Running Make include in ps7_cortexa9_0/libsrc/uartps_v3_12/src"

TRACE::2026-03-23.09:06:40::SCWBDomain::make -C ps7_cortexa9_0/libsrc/uartps_v3_12/src -s include  "SHELL=CMD" "COMPILER=arm-none-eabi-gcc" "ASSEMBLER=arm-none-eabi-as
TRACE::2026-03-23.09:06:40::SCWBDomain::" "ARCHIVER=arm-none-eabi-ar" "COMPILER_FLAGS=  -O2 -c" "EXTRA_COMPILER_FLAGS=-mcpu=cortex-a9 -mfpu=vfpv3 -mfloat-abi=hard -nos
TRACE::2026-03-23.09:06:40::SCWBDomain::tartfiles -g -Wall -Wextra -fno-tree-loop-distribute-patterns"

TRACE::2026-03-23.09:06:40::SCWBDomain::"Running Make include in ps7_cortexa9_0/libsrc/usbps_v2_7/src"

TRACE::2026-03-23.09:06:40::SCWBDomain::make -C ps7_cortexa9_0/libsrc/usbps_v2_7/src -s include  "SHELL=CMD" "COMPILER=arm-none-eabi-gcc" "ASSEMBLER=arm-none-eabi-as" 
TRACE::2026-03-23.09:06:40::SCWBDomain::"ARCHIVER=arm-none-eabi-ar" "COMPILER_FLAGS=  -O2 -c" "EXTRA_COMPILER_FLAGS=-mcpu=cortex-a9 -mfpu=vfpv3 -mfloat-abi=hard -nosta
TRACE::2026-03-23.09:06:40::SCWBDomain::rtfiles -g -Wall -Wextra -fno-tree-loop-distribute-patterns"

TRACE::2026-03-23.09:06:41::SCWBDomain::"Running Make include in ps7_cortexa9_0/libsrc/xadcps_v2_6/src"

TRACE::2026-03-23.09:06:41::SCWBDomain::make -C ps7_cortexa9_0/libsrc/xadcps_v2_6/src -s include  "SHELL=CMD" "COMPILER=arm-none-eabi-gcc" "ASSEMBLER=arm-none-eabi-as"
TRACE::2026-03-23.09:06:41::SCWBDomain:: "ARCHIVER=arm-none-eabi-ar" "COMPILER_FLAGS=  -O2 -c" "EXTRA_COMPILER_FLAGS=-mcpu=cortex-a9 -mfpu=vfpv3 -mfloat-abi=hard -nost
TRACE::2026-03-23.09:06:41::SCWBDomain::artfiles -g -Wall -Wextra -fno-tree-loop-distribute-patterns"

TRACE::2026-03-23.09:06:41::SCWBDomain::"Running Make include in ps7_cortexa9_0/libsrc/xilffs_v5_0/src"

TRACE::2026-03-23.09:06:41::SCWBDomain::make -C ps7_cortexa9_0/libsrc/xilffs_v5_0/src -s include  "SHELL=CMD" "COMPILER=arm-none-eabi-gcc" "ASSEMBLER=arm-none-eabi-as"
TRACE::2026-03-23.09:06:41::SCWBDomain:: "ARCHIVER=arm-none-eabi-ar" "COMPILER_FLAGS=  -O2 -c" "EXTRA_COMPILER_FLAGS=-mcpu=cortex-a9 -mfpu=vfpv3 -mfloat-abi=hard -nost
TRACE::2026-03-23.09:06:41::SCWBDomain::artfiles -g -Wall -Wextra -fno-tree-loop-distribute-patterns"

TRACE::2026-03-23.09:06:41::SCWBDomain::"Running Make include in ps7_cortexa9_0/libsrc/xilrsa_v1_6/src"

TRACE::2026-03-23.09:06:41::SCWBDomain::make -C ps7_cortexa9_0/libsrc/xilrsa_v1_6/src -s include  "SHELL=CMD" "COMPILER=arm-none-eabi-gcc" "ASSEMBLER=arm-none-eabi-as"
TRACE::2026-03-23.09:06:41::SCWBDomain:: "ARCHIVER=arm-none-eabi-ar" "COMPILER_FLAGS=  -O2 -c" "EXTRA_COMPILER_FLAGS=-mcpu=cortex-a9 -mfpu=vfpv3 -mfloat-abi=hard -nost
TRACE::2026-03-23.09:06:41::SCWBDomain::artfiles -g -Wall -Wextra -fno-tree-loop-distribute-patterns"

TRACE::2026-03-23.09:06:41::SCWBDomain::"Running Make libs in ps7_cortexa9_0/libsrc/xilrsa_v1_6/src"

TRACE::2026-03-23.09:06:41::SCWBDomain::make -C ps7_cortexa9_0/libsrc/xilrsa_v1_6/src -s libs  "SHELL=CMD" "COMPILER=arm-none-eabi-gcc" "ASSEMBLER=arm-none-eabi-as" "A
TRACE::2026-03-23.09:06:41::SCWBDomain::RCHIVER=arm-none-eabi-ar" "COMPILER_FLAGS=  -O2 -c" "EXTRA_COMPILER_FLAGS=-mcpu=cortex-a9 -mfpu=vfpv3 -mfloat-abi=hard -nostart
TRACE::2026-03-23.09:06:41::SCWBDomain::files -g -Wall -Wextra -fno-tree-loop-distribute-patterns"

TRACE::2026-03-23.09:06:41::SCWBDomain::'Finished building libraries sequentially.'

TRACE::2026-03-23.09:06:41::SCWBDomain::make -j 10 --no-print-directory par_libs

TRACE::2026-03-23.09:06:41::SCWBDomain::"Running Make include in ps7_cortexa9_0/libsrc/coresightps_dcc_v1_8/src"

TRACE::2026-03-23.09:06:41::SCWBDomain::"Running Make include in ps7_cortexa9_0/libsrc/cpu_cortexa9_v2_11/src"

TRACE::2026-03-23.09:06:41::SCWBDomain::make -C ps7_cortexa9_0/libsrc/coresightps_dcc_v1_8/src -s include  "SHELL=CMD" "COMPILER=arm-none-eabi-gcc" "ASSEMBLER=arm-none
TRACE::2026-03-23.09:06:41::SCWBDomain::-eabi-as" "ARCHIVER=arm-none-eabi-ar" "COMPILER_FLAGS=  -O2 -c" "EXTRA_COMPILER_FLAGS=-mcpu=cortex-a9 -mfpu=vfpv3 -mfloat-abi=h
TRACE::2026-03-23.09:06:41::SCWBDomain::ard -nostartfiles -g -Wall -Wextra -fno-tree-loop-distribute-patterns"

TRACE::2026-03-23.09:06:41::SCWBDomain::make -C ps7_cortexa9_0/libsrc/cpu_cortexa9_v2_11/src -s include  "SHELL=CMD" "COMPILER=arm-none-eabi-gcc" "ASSEMBLER=arm-none-e
TRACE::2026-03-23.09:06:41::SCWBDomain::abi-as" "ARCHIVER=arm-none-eabi-ar" "COMPILER_FLAGS=  -O2 -c" "EXTRA_COMPILER_FLAGS=-mcpu=cortex-a9 -mfpu=vfpv3 -mfloat-abi=har
TRACE::2026-03-23.09:06:41::SCWBDomain::d -nostartfiles -g -Wall -Wextra -fno-tree-loop-distribute-patterns"

TRACE::2026-03-23.09:06:41::SCWBDomain::"Running Make include in ps7_cortexa9_0/libsrc/ddrps_v1_2/src"

TRACE::2026-03-23.09:06:41::SCWBDomain::"Running Make include in ps7_cortexa9_0/libsrc/devcfg_v3_7/src"

TRACE::2026-03-23.09:06:41::SCWBDomain::make -C ps7_cortexa9_0/libsrc/ddrps_v1_2/src -s include  "SHELL=CMD" "COMPILER=arm-none-eabi-gcc" "ASSEMBLER=arm-none-eabi-as" 
TRACE::2026-03-23.09:06:41::SCWBDomain::"ARCHIVER=arm-none-eabi-ar" "COMPILER_FLAGS=  -O2 -c" "EXTRA_COMPILER_FLAGS=-mcpu=cortex-a9 -mfpu=vfpv3 -mfloat-abi=hard -nosta
TRACE::2026-03-23.09:06:41::SCWBDomain::rtfiles -g -Wall -Wextra -fno-tree-loop-distribute-patterns"

TRACE::2026-03-23.09:06:41::SCWBDomain::make -C ps7_cortexa9_0/libsrc/devcfg_v3_7/src -s include  "SHELL=CMD" "COMPILER=arm-none-eabi-gcc" "ASSEMBLER=arm-none-eabi-as"
TRACE::2026-03-23.09:06:41::SCWBDomain:: "ARCHIVER=arm-none-eabi-ar" "COMPILER_FLAGS=  -O2 -c" "EXTRA_COMPILER_FLAGS=-mcpu=cortex-a9 -mfpu=vfpv3 -mfloat-abi=hard -nost
TRACE::2026-03-23.09:06:41::SCWBDomain::artfiles -g -Wall -Wextra -fno-tree-loop-distribute-patterns"

TRACE::2026-03-23.09:06:42::SCWBDomain::"Running Make include in ps7_cortexa9_0/libsrc/dmaps_v2_8/src"

TRACE::2026-03-23.09:06:42::SCWBDomain::make -C ps7_cortexa9_0/libsrc/dmaps_v2_8/src -s include  "SHELL=CMD" "COMPILER=arm-none-eabi-gcc" "ASSEMBLER=arm-none-eabi-as" 
TRACE::2026-03-23.09:06:42::SCWBDomain::"ARCHIVER=arm-none-eabi-ar" "COMPILER_FLAGS=  -O2 -c" "EXTRA_COMPILER_FLAGS=-mcpu=cortex-a9 -mfpu=vfpv3 -mfloat-abi=hard -nosta
TRACE::2026-03-23.09:06:42::SCWBDomain::rtfiles -g -Wall -Wextra -fno-tree-loop-distribute-patterns"

TRACE::2026-03-23.09:06:42::SCWBDomain::"Running Make include in ps7_cortexa9_0/libsrc/emacps_v3_18/src"

TRACE::2026-03-23.09:06:42::SCWBDomain::make -C ps7_cortexa9_0/libsrc/emacps_v3_18/src -s include  "SHELL=CMD" "COMPILER=arm-none-eabi-gcc" "ASSEMBLER=arm-none-eabi-as
TRACE::2026-03-23.09:06:42::SCWBDomain::" "ARCHIVER=arm-none-eabi-ar" "COMPILER_FLAGS=  -O2 -c" "EXTRA_COMPILER_FLAGS=-mcpu=cortex-a9 -mfpu=vfpv3 -mfloat-abi=hard -nos
TRACE::2026-03-23.09:06:42::SCWBDomain::tartfiles -g -Wall -Wextra -fno-tree-loop-distribute-patterns"

TRACE::2026-03-23.09:06:42::SCWBDomain::"Running Make include in ps7_cortexa9_0/libsrc/gpiops_v3_11/src"

TRACE::2026-03-23.09:06:42::SCWBDomain::make -C ps7_cortexa9_0/libsrc/gpiops_v3_11/src -s include  "SHELL=CMD" "COMPILER=arm-none-eabi-gcc" "ASSEMBLER=arm-none-eabi-as
TRACE::2026-03-23.09:06:42::SCWBDomain::" "ARCHIVER=arm-none-eabi-ar" "COMPILER_FLAGS=  -O2 -c" "EXTRA_COMPILER_FLAGS=-mcpu=cortex-a9 -mfpu=vfpv3 -mfloat-abi=hard -nos
TRACE::2026-03-23.09:06:42::SCWBDomain::tartfiles -g -Wall -Wextra -fno-tree-loop-distribute-patterns"

TRACE::2026-03-23.09:06:42::SCWBDomain::"Running Make include in ps7_cortexa9_0/libsrc/qspips_v3_10/src"

TRACE::2026-03-23.09:06:42::SCWBDomain::make -C ps7_cortexa9_0/libsrc/qspips_v3_10/src -s include  "SHELL=CMD" "COMPILER=arm-none-eabi-gcc" "ASSEMBLER=arm-none-eabi-as
TRACE::2026-03-23.09:06:42::SCWBDomain::" "ARCHIVER=arm-none-eabi-ar" "COMPILER_FLAGS=  -O2 -c" "EXTRA_COMPILER_FLAGS=-mcpu=cortex-a9 -mfpu=vfpv3 -mfloat-abi=hard -nos
TRACE::2026-03-23.09:06:42::SCWBDomain::tartfiles -g -Wall -Wextra -fno-tree-loop-distribute-patterns"

TRACE::2026-03-23.09:06:42::SCWBDomain::"Running Make include in ps7_cortexa9_0/libsrc/scugic_v5_1/src"

TRACE::2026-03-23.09:06:42::SCWBDomain::make -C ps7_cortexa9_0/libsrc/scugic_v5_1/src -s include  "SHELL=CMD" "COMPILER=arm-none-eabi-gcc" "ASSEMBLER=arm-none-eabi-as"
TRACE::2026-03-23.09:06:42::SCWBDomain:: "ARCHIVER=arm-none-eabi-ar" "COMPILER_FLAGS=  -O2 -c" "EXTRA_COMPILER_FLAGS=-mcpu=cortex-a9 -mfpu=vfpv3 -mfloat-abi=hard -nost
TRACE::2026-03-23.09:06:42::SCWBDomain::artfiles -g -Wall -Wextra -fno-tree-loop-distribute-patterns"

TRACE::2026-03-23.09:06:42::SCWBDomain::"Running Make include in ps7_cortexa9_0/libsrc/scutimer_v2_4/src"

TRACE::2026-03-23.09:06:42::SCWBDomain::make -C ps7_cortexa9_0/libsrc/scutimer_v2_4/src -s include  "SHELL=CMD" "COMPILER=arm-none-eabi-gcc" "ASSEMBLER=arm-none-eabi-a
TRACE::2026-03-23.09:06:42::SCWBDomain::s" "ARCHIVER=arm-none-eabi-ar" "COMPILER_FLAGS=  -O2 -c" "EXTRA_COMPILER_FLAGS=-mcpu=cortex-a9 -mfpu=vfpv3 -mfloat-abi=hard -no
TRACE::2026-03-23.09:06:42::SCWBDomain::startfiles -g -Wall -Wextra -fno-tree-loop-distribute-patterns"

TRACE::2026-03-23.09:06:42::SCWBDomain::"Running Make include in ps7_cortexa9_0/libsrc/scuwdt_v2_4/src"

TRACE::2026-03-23.09:06:42::SCWBDomain::make -C ps7_cortexa9_0/libsrc/scuwdt_v2_4/src -s include  "SHELL=CMD" "COMPILER=arm-none-eabi-gcc" "ASSEMBLER=arm-none-eabi-as"
TRACE::2026-03-23.09:06:42::SCWBDomain:: "ARCHIVER=arm-none-eabi-ar" "COMPILER_FLAGS=  -O2 -c" "EXTRA_COMPILER_FLAGS=-mcpu=cortex-a9 -mfpu=vfpv3 -mfloat-abi=hard -nost
TRACE::2026-03-23.09:06:42::SCWBDomain::artfiles -g -Wall -Wextra -fno-tree-loop-distribute-patterns"

TRACE::2026-03-23.09:06:42::SCWBDomain::"Running Make include in ps7_cortexa9_0/libsrc/sdps_v4_1/src"

TRACE::2026-03-23.09:06:42::SCWBDomain::"Running Make include in ps7_cortexa9_0/libsrc/standalone_v8_1/src"

TRACE::2026-03-23.09:06:42::SCWBDomain::make -C ps7_cortexa9_0/libsrc/sdps_v4_1/src -s include  "SHELL=CMD" "COMPILER=arm-none-eabi-gcc" "ASSEMBLER=arm-none-eabi-as" "
TRACE::2026-03-23.09:06:42::SCWBDomain::ARCHIVER=arm-none-eabi-ar" "COMPILER_FLAGS=  -O2 -c" "EXTRA_COMPILER_FLAGS=-mcpu=cortex-a9 -mfpu=vfpv3 -mfloat-abi=hard -nostar
TRACE::2026-03-23.09:06:42::SCWBDomain::tfiles -g -Wall -Wextra -fno-tree-loop-distribute-patterns"

TRACE::2026-03-23.09:06:42::SCWBDomain::make -C ps7_cortexa9_0/libsrc/standalone_v8_1/src -s include  "SHELL=CMD" "COMPILER=arm-none-eabi-gcc" "ASSEMBLER=arm-none-eabi
TRACE::2026-03-23.09:06:42::SCWBDomain::-as" "ARCHIVER=arm-none-eabi-ar" "COMPILER_FLAGS=  -O2 -c" "EXTRA_COMPILER_FLAGS=-mcpu=cortex-a9 -mfpu=vfpv3 -mfloat-abi=hard -
TRACE::2026-03-23.09:06:42::SCWBDomain::nostartfiles -g -Wall -Wextra -fno-tree-loop-distribute-patterns"

TRACE::2026-03-23.09:06:42::SCWBDomain::"Running Make include in ps7_cortexa9_0/libsrc/uartps_v3_12/src"

TRACE::2026-03-23.09:06:42::SCWBDomain::make -C ps7_cortexa9_0/libsrc/uartps_v3_12/src -s include  "SHELL=CMD" "COMPILER=arm-none-eabi-gcc" "ASSEMBLER=arm-none-eabi-as
TRACE::2026-03-23.09:06:42::SCWBDomain::" "ARCHIVER=arm-none-eabi-ar" "COMPILER_FLAGS=  -O2 -c" "EXTRA_COMPILER_FLAGS=-mcpu=cortex-a9 -mfpu=vfpv3 -mfloat-abi=hard -nos
TRACE::2026-03-23.09:06:42::SCWBDomain::tartfiles -g -Wall -Wextra -fno-tree-loop-distribute-patterns"

TRACE::2026-03-23.09:06:42::SCWBDomain::"Running Make include in ps7_cortexa9_0/libsrc/usbps_v2_7/src"

TRACE::2026-03-23.09:06:42::SCWBDomain::"Running Make include in ps7_cortexa9_0/libsrc/xadcps_v2_6/src"

TRACE::2026-03-23.09:06:42::SCWBDomain::make -C ps7_cortexa9_0/libsrc/usbps_v2_7/src -s include  "SHELL=CMD" "COMPILER=arm-none-eabi-gcc" "ASSEMBLER=arm-none-eabi-as" 
TRACE::2026-03-23.09:06:42::SCWBDomain::"ARCHIVER=arm-none-eabi-ar" "COMPILER_FLAGS=  -O2 -c" "EXTRA_COMPILER_FLAGS=-mcpu=cortex-a9 -mfpu=vfpv3 -mfloat-abi=hard -nosta
TRACE::2026-03-23.09:06:42::SCWBDomain::rtfiles -g -Wall -Wextra -fno-tree-loop-distribute-patterns"

TRACE::2026-03-23.09:06:42::SCWBDomain::make -C ps7_cortexa9_0/libsrc/xadcps_v2_6/src -s include  "SHELL=CMD" "COMPILER=arm-none-eabi-gcc" "ASSEMBLER=arm-none-eabi-as"
TRACE::2026-03-23.09:06:42::SCWBDomain:: "ARCHIVER=arm-none-eabi-ar" "COMPILER_FLAGS=  -O2 -c" "EXTRA_COMPILER_FLAGS=-mcpu=cortex-a9 -mfpu=vfpv3 -mfloat-abi=hard -nost
TRACE::2026-03-23.09:06:42::SCWBDomain::artfiles -g -Wall -Wextra -fno-tree-loop-distribute-patterns"

TRACE::2026-03-23.09:06:42::SCWBDomain::"Running Make include in ps7_cortexa9_0/libsrc/xilffs_v5_0/src"

TRACE::2026-03-23.09:06:42::SCWBDomain::make -C ps7_cortexa9_0/libsrc/xilffs_v5_0/src -s include  "SHELL=CMD" "COMPILER=arm-none-eabi-gcc" "ASSEMBLER=arm-none-eabi-as"
TRACE::2026-03-23.09:06:42::SCWBDomain:: "ARCHIVER=arm-none-eabi-ar" "COMPILER_FLAGS=  -O2 -c" "EXTRA_COMPILER_FLAGS=-mcpu=cortex-a9 -mfpu=vfpv3 -mfloat-abi=hard -nost
TRACE::2026-03-23.09:06:42::SCWBDomain::artfiles -g -Wall -Wextra -fno-tree-loop-distribute-patterns"

TRACE::2026-03-23.09:06:42::SCWBDomain::"Running Make include in ps7_cortexa9_0/libsrc/xilrsa_v1_6/src"

TRACE::2026-03-23.09:06:42::SCWBDomain::make -C ps7_cortexa9_0/libsrc/xilrsa_v1_6/src -s include  "SHELL=CMD" "COMPILER=arm-none-eabi-gcc" "ASSEMBLER=arm-none-eabi-as"
TRACE::2026-03-23.09:06:42::SCWBDomain:: "ARCHIVER=arm-none-eabi-ar" "COMPILER_FLAGS=  -O2 -c" "EXTRA_COMPILER_FLAGS=-mcpu=cortex-a9 -mfpu=vfpv3 -mfloat-abi=hard -nost
TRACE::2026-03-23.09:06:42::SCWBDomain::artfiles -g -Wall -Wextra -fno-tree-loop-distribute-patterns"

TRACE::2026-03-23.09:06:42::SCWBDomain::"Running Make libs in ps7_cortexa9_0/libsrc/coresightps_dcc_v1_8/src"

TRACE::2026-03-23.09:06:42::SCWBDomain::make -C ps7_cortexa9_0/libsrc/coresightps_dcc_v1_8/src -s libs  "SHELL=CMD" "COMPILER=arm-none-eabi-gcc" "ASSEMBLER=arm-none-ea
TRACE::2026-03-23.09:06:42::SCWBDomain::bi-as" "ARCHIVER=arm-none-eabi-ar" "COMPILER_FLAGS=  -O2 -c" "EXTRA_COMPILER_FLAGS=-mcpu=cortex-a9 -mfpu=vfpv3 -mfloat-abi=hard
TRACE::2026-03-23.09:06:42::SCWBDomain:: -nostartfiles -g -Wall -Wextra -fno-tree-loop-distribute-patterns"

TRACE::2026-03-23.09:06:42::SCWBDomain::"Running Make libs in ps7_cortexa9_0/libsrc/cpu_cortexa9_v2_11/src"

TRACE::2026-03-23.09:06:42::SCWBDomain::make -C ps7_cortexa9_0/libsrc/cpu_cortexa9_v2_11/src -s libs  "SHELL=CMD" "COMPILER=arm-none-eabi-gcc" "ASSEMBLER=arm-none-eabi
TRACE::2026-03-23.09:06:42::SCWBDomain::-as" "ARCHIVER=arm-none-eabi-ar" "COMPILER_FLAGS=  -O2 -c" "EXTRA_COMPILER_FLAGS=-mcpu=cortex-a9 -mfpu=vfpv3 -mfloat-abi=hard -
TRACE::2026-03-23.09:06:42::SCWBDomain::nostartfiles -g -Wall -Wextra -fno-tree-loop-distribute-patterns"

TRACE::2026-03-23.09:06:42::SCWBDomain::"Running Make libs in ps7_cortexa9_0/libsrc/ddrps_v1_2/src"

TRACE::2026-03-23.09:06:42::SCWBDomain::make -C ps7_cortexa9_0/libsrc/ddrps_v1_2/src -s libs  "SHELL=CMD" "COMPILER=arm-none-eabi-gcc" "ASSEMBLER=arm-none-eabi-as" "AR
TRACE::2026-03-23.09:06:42::SCWBDomain::CHIVER=arm-none-eabi-ar" "COMPILER_FLAGS=  -O2 -c" "EXTRA_COMPILER_FLAGS=-mcpu=cortex-a9 -mfpu=vfpv3 -mfloat-abi=hard -nostartf
TRACE::2026-03-23.09:06:42::SCWBDomain::iles -g -Wall -Wextra -fno-tree-loop-distribute-patterns"

TRACE::2026-03-23.09:06:42::SCWBDomain::"Running Make libs in ps7_cortexa9_0/libsrc/devcfg_v3_7/src"

TRACE::2026-03-23.09:06:42::SCWBDomain::make -C ps7_cortexa9_0/libsrc/devcfg_v3_7/src -s libs  "SHELL=CMD" "COMPILER=arm-none-eabi-gcc" "ASSEMBLER=arm-none-eabi-as" "A
TRACE::2026-03-23.09:06:42::SCWBDomain::RCHIVER=arm-none-eabi-ar" "COMPILER_FLAGS=  -O2 -c" "EXTRA_COMPILER_FLAGS=-mcpu=cortex-a9 -mfpu=vfpv3 -mfloat-abi=hard -nostart
TRACE::2026-03-23.09:06:42::SCWBDomain::files -g -Wall -Wextra -fno-tree-loop-distribute-patterns"

TRACE::2026-03-23.09:06:43::SCWBDomain::"Running Make libs in ps7_cortexa9_0/libsrc/dmaps_v2_8/src"

TRACE::2026-03-23.09:06:43::SCWBDomain::make -C ps7_cortexa9_0/libsrc/dmaps_v2_8/src -s libs  "SHELL=CMD" "COMPILER=arm-none-eabi-gcc" "ASSEMBLER=arm-none-eabi-as" "AR
TRACE::2026-03-23.09:06:43::SCWBDomain::CHIVER=arm-none-eabi-ar" "COMPILER_FLAGS=  -O2 -c" "EXTRA_COMPILER_FLAGS=-mcpu=cortex-a9 -mfpu=vfpv3 -mfloat-abi=hard -nostartf
TRACE::2026-03-23.09:06:43::SCWBDomain::iles -g -Wall -Wextra -fno-tree-loop-distribute-patterns"

TRACE::2026-03-23.09:06:43::SCWBDomain::"Running Make libs in ps7_cortexa9_0/libsrc/emacps_v3_18/src"

TRACE::2026-03-23.09:06:43::SCWBDomain::make -C ps7_cortexa9_0/libsrc/emacps_v3_18/src -s libs  "SHELL=CMD" "COMPILER=arm-none-eabi-gcc" "ASSEMBLER=arm-none-eabi-as" "
TRACE::2026-03-23.09:06:43::SCWBDomain::ARCHIVER=arm-none-eabi-ar" "COMPILER_FLAGS=  -O2 -c" "EXTRA_COMPILER_FLAGS=-mcpu=cortex-a9 -mfpu=vfpv3 -mfloat-abi=hard -nostar
TRACE::2026-03-23.09:06:43::SCWBDomain::tfiles -g -Wall -Wextra -fno-tree-loop-distribute-patterns"

TRACE::2026-03-23.09:06:43::SCWBDomain::"Running Make libs in ps7_cortexa9_0/libsrc/gpiops_v3_11/src"

TRACE::2026-03-23.09:06:43::SCWBDomain::make -C ps7_cortexa9_0/libsrc/gpiops_v3_11/src -s libs  "SHELL=CMD" "COMPILER=arm-none-eabi-gcc" "ASSEMBLER=arm-none-eabi-as" "
TRACE::2026-03-23.09:06:43::SCWBDomain::ARCHIVER=arm-none-eabi-ar" "COMPILER_FLAGS=  -O2 -c" "EXTRA_COMPILER_FLAGS=-mcpu=cortex-a9 -mfpu=vfpv3 -mfloat-abi=hard -nostar
TRACE::2026-03-23.09:06:43::SCWBDomain::tfiles -g -Wall -Wextra -fno-tree-loop-distribute-patterns"

TRACE::2026-03-23.09:06:44::SCWBDomain::"Running Make libs in ps7_cortexa9_0/libsrc/qspips_v3_10/src"

TRACE::2026-03-23.09:06:44::SCWBDomain::make -C ps7_cortexa9_0/libsrc/qspips_v3_10/src -s libs  "SHELL=CMD" "COMPILER=arm-none-eabi-gcc" "ASSEMBLER=arm-none-eabi-as" "
TRACE::2026-03-23.09:06:44::SCWBDomain::ARCHIVER=arm-none-eabi-ar" "COMPILER_FLAGS=  -O2 -c" "EXTRA_COMPILER_FLAGS=-mcpu=cortex-a9 -mfpu=vfpv3 -mfloat-abi=hard -nostar
TRACE::2026-03-23.09:06:44::SCWBDomain::tfiles -g -Wall -Wextra -fno-tree-loop-distribute-patterns"

TRACE::2026-03-23.09:06:44::SCWBDomain::"Running Make libs in ps7_cortexa9_0/libsrc/scugic_v5_1/src"

TRACE::2026-03-23.09:06:44::SCWBDomain::make -C ps7_cortexa9_0/libsrc/scugic_v5_1/src -s libs  "SHELL=CMD" "COMPILER=arm-none-eabi-gcc" "ASSEMBLER=arm-none-eabi-as" "A
TRACE::2026-03-23.09:06:44::SCWBDomain::RCHIVER=arm-none-eabi-ar" "COMPILER_FLAGS=  -O2 -c" "EXTRA_COMPILER_FLAGS=-mcpu=cortex-a9 -mfpu=vfpv3 -mfloat-abi=hard -nostart
TRACE::2026-03-23.09:06:44::SCWBDomain::files -g -Wall -Wextra -fno-tree-loop-distribute-patterns"

TRACE::2026-03-23.09:06:45::SCWBDomain::"Running Make libs in ps7_cortexa9_0/libsrc/scutimer_v2_4/src"

TRACE::2026-03-23.09:06:45::SCWBDomain::make -C ps7_cortexa9_0/libsrc/scutimer_v2_4/src -s libs  "SHELL=CMD" "COMPILER=arm-none-eabi-gcc" "ASSEMBLER=arm-none-eabi-as" 
TRACE::2026-03-23.09:06:45::SCWBDomain::"ARCHIVER=arm-none-eabi-ar" "COMPILER_FLAGS=  -O2 -c" "EXTRA_COMPILER_FLAGS=-mcpu=cortex-a9 -mfpu=vfpv3 -mfloat-abi=hard -nosta
TRACE::2026-03-23.09:06:45::SCWBDomain::rtfiles -g -Wall -Wextra -fno-tree-loop-distribute-patterns"

TRACE::2026-03-23.09:06:45::SCWBDomain::"Running Make libs in ps7_cortexa9_0/libsrc/scuwdt_v2_4/src"

TRACE::2026-03-23.09:06:45::SCWBDomain::make -C ps7_cortexa9_0/libsrc/scuwdt_v2_4/src -s libs  "SHELL=CMD" "COMPILER=arm-none-eabi-gcc" "ASSEMBLER=arm-none-eabi-as" "A
TRACE::2026-03-23.09:06:45::SCWBDomain::RCHIVER=arm-none-eabi-ar" "COMPILER_FLAGS=  -O2 -c" "EXTRA_COMPILER_FLAGS=-mcpu=cortex-a9 -mfpu=vfpv3 -mfloat-abi=hard -nostart
TRACE::2026-03-23.09:06:45::SCWBDomain::files -g -Wall -Wextra -fno-tree-loop-distribute-patterns"

TRACE::2026-03-23.09:06:50::SCWBDomain::"Running Make libs in ps7_cortexa9_0/libsrc/sdps_v4_1/src"

TRACE::2026-03-23.09:06:50::SCWBDomain::make -C ps7_cortexa9_0/libsrc/sdps_v4_1/src -s libs  "SHELL=CMD" "COMPILER=arm-none-eabi-gcc" "ASSEMBLER=arm-none-eabi-as" "ARC
TRACE::2026-03-23.09:06:50::SCWBDomain::HIVER=arm-none-eabi-ar" "COMPILER_FLAGS=  -O2 -c" "EXTRA_COMPILER_FLAGS=-mcpu=cortex-a9 -mfpu=vfpv3 -mfloat-abi=hard -nostartfi
TRACE::2026-03-23.09:06:50::SCWBDomain::les -g -Wall -Wextra -fno-tree-loop-distribute-patterns"

TRACE::2026-03-23.09:06:50::SCWBDomain::"Running Make libs in ps7_cortexa9_0/libsrc/standalone_v8_1/src"

TRACE::2026-03-23.09:06:50::SCWBDomain::make -C ps7_cortexa9_0/libsrc/standalone_v8_1/src -s libs  "SHELL=CMD" "COMPILER=arm-none-eabi-gcc" "ASSEMBLER=arm-none-eabi-as
TRACE::2026-03-23.09:06:50::SCWBDomain::" "ARCHIVER=arm-none-eabi-ar" "COMPILER_FLAGS=  -O2 -c" "EXTRA_COMPILER_FLAGS=-mcpu=cortex-a9 -mfpu=vfpv3 -mfloat-abi=hard -nos
TRACE::2026-03-23.09:06:50::SCWBDomain::tartfiles -g -Wall -Wextra -fno-tree-loop-distribute-patterns"

TRACE::2026-03-23.09:06:50::SCWBDomain::"Running Make libs in ps7_cortexa9_0/libsrc/uartps_v3_12/src"

TRACE::2026-03-23.09:06:50::SCWBDomain::make -C ps7_cortexa9_0/libsrc/uartps_v3_12/src -s libs  "SHELL=CMD" "COMPILER=arm-none-eabi-gcc" "ASSEMBLER=arm-none-eabi-as" "
TRACE::2026-03-23.09:06:50::SCWBDomain::ARCHIVER=arm-none-eabi-ar" "COMPILER_FLAGS=  -O2 -c" "EXTRA_COMPILER_FLAGS=-mcpu=cortex-a9 -mfpu=vfpv3 -mfloat-abi=hard -nostar
TRACE::2026-03-23.09:06:50::SCWBDomain::tfiles -g -Wall -Wextra -fno-tree-loop-distribute-patterns"

TRACE::2026-03-23.09:06:51::SCWBDomain::"Running Make libs in ps7_cortexa9_0/libsrc/usbps_v2_7/src"

TRACE::2026-03-23.09:06:51::SCWBDomain::make -C ps7_cortexa9_0/libsrc/usbps_v2_7/src -s libs  "SHELL=CMD" "COMPILER=arm-none-eabi-gcc" "ASSEMBLER=arm-none-eabi-as" "AR
TRACE::2026-03-23.09:06:51::SCWBDomain::CHIVER=arm-none-eabi-ar" "COMPILER_FLAGS=  -O2 -c" "EXTRA_COMPILER_FLAGS=-mcpu=cortex-a9 -mfpu=vfpv3 -mfloat-abi=hard -nostartf
TRACE::2026-03-23.09:06:51::SCWBDomain::iles -g -Wall -Wextra -fno-tree-loop-distribute-patterns"

TRACE::2026-03-23.09:06:51::SCWBDomain::"Running Make libs in ps7_cortexa9_0/libsrc/xadcps_v2_6/src"

TRACE::2026-03-23.09:06:51::SCWBDomain::make -C ps7_cortexa9_0/libsrc/xadcps_v2_6/src -s libs  "SHELL=CMD" "COMPILER=arm-none-eabi-gcc" "ASSEMBLER=arm-none-eabi-as" "A
TRACE::2026-03-23.09:06:51::SCWBDomain::RCHIVER=arm-none-eabi-ar" "COMPILER_FLAGS=  -O2 -c" "EXTRA_COMPILER_FLAGS=-mcpu=cortex-a9 -mfpu=vfpv3 -mfloat-abi=hard -nostart
TRACE::2026-03-23.09:06:51::SCWBDomain::files -g -Wall -Wextra -fno-tree-loop-distribute-patterns"

TRACE::2026-03-23.09:06:51::SCWBDomain::"Running Make libs in ps7_cortexa9_0/libsrc/xilffs_v5_0/src"

TRACE::2026-03-23.09:06:51::SCWBDomain::make -C ps7_cortexa9_0/libsrc/xilffs_v5_0/src -s libs  "SHELL=CMD" "COMPILER=arm-none-eabi-gcc" "ASSEMBLER=arm-none-eabi-as" "A
TRACE::2026-03-23.09:06:51::SCWBDomain::RCHIVER=arm-none-eabi-ar" "COMPILER_FLAGS=  -O2 -c" "EXTRA_COMPILER_FLAGS=-mcpu=cortex-a9 -mfpu=vfpv3 -mfloat-abi=hard -nostart
TRACE::2026-03-23.09:06:51::SCWBDomain::files -g -Wall -Wextra -fno-tree-loop-distribute-patterns"

TRACE::2026-03-23.09:06:59::SCWBDomain::'Finished building libraries parallelly.'

TRACE::2026-03-23.09:06:59::SCWBDomain::make --no-print-directory archive

TRACE::2026-03-23.09:06:59::SCWBDomain::arm-none-eabi-ar -r  ps7_cortexa9_0/lib/libxil.a ps7_cortexa9_0/lib/_exit.o ps7_cortexa9_0/lib/_open.o ps7_cortexa9_0/lib/_sbrk
TRACE::2026-03-23.09:06:59::SCWBDomain::.o ps7_cortexa9_0/lib/abort.o ps7_cortexa9_0/lib/asm_vectors.o ps7_cortexa9_0/lib/boot.o ps7_cortexa9_0/lib/close.o ps7_cortexa
TRACE::2026-03-23.09:06:59::SCWBDomain::9_0/lib/cpputest_time.o ps7_cortexa9_0/lib/cpu_init.o ps7_cortexa9_0/lib/errno.o ps7_cortexa9_0/lib/fcntl.o ps7_cortexa9_0/lib/
TRACE::2026-03-23.09:06:59::SCWBDomain::fstat.o ps7_cortexa9_0/lib/getentropy.o ps7_cortexa9_0/lib/getpid.o ps7_cortexa9_0/lib/inbyte.o ps7_cortexa9_0/lib/isatty.o ps7
TRACE::2026-03-23.09:06:59::SCWBDomain::_cortexa9_0/lib/kill.o ps7_cortexa9_0/lib/lseek.o ps7_cortexa9_0/lib/open.o ps7_cortexa9_0/lib/outbyte.o ps7_cortexa9_0/lib/pri
TRACE::2026-03-23.09:06:59::SCWBDomain::nt.o ps7_cortexa9_0/lib/putnum.o ps7_cortexa9_0/lib/read.o ps7_cortexa9_0/lib/sbrk.o ps7_cortexa9_0/lib/sleep.o ps7_cortexa9_0/
TRACE::2026-03-23.09:06:59::SCWBDomain::lib/time.o ps7_cortexa9_0/lib/translation_table.o ps7_cortexa9_0/lib/unlink.o ps7_cortexa9_0/lib/usleep.o ps7_cortexa9_0/lib/ve
TRACE::2026-03-23.09:06:59::SCWBDomain::ctors.o ps7_cortexa9_0/lib/write.o ps7_cortexa9_0/lib/xadcps.o ps7_cortexa9_0/lib/xadcps_g.o ps7_cortexa9_0/lib/xadcps_intr.o p
TRACE::2026-03-23.09:06:59::SCWBDomain::s7_cortexa9_0/lib/xadcps_selftest.o ps7_cortexa9_0/lib/xadcps_sinit.o ps7_cortexa9_0/lib/xcoresightpsdcc.o ps7_cortexa9_0/lib/x
TRACE::2026-03-23.09:06:59::SCWBDomain::devcfg.o ps7_cortexa9_0/lib/xdevcfg_g.o ps7_cortexa9_0/lib/xdevcfg_hw.o ps7_cortexa9_0/lib/xdevcfg_intr.o ps7_cortexa9_0/lib/xd
TRACE::2026-03-23.09:06:59::SCWBDomain::evcfg_selftest.o ps7_cortexa9_0/lib/xdevcfg_sinit.o ps7_cortexa9_0/lib/xdmaps.o ps7_cortexa9_0/lib/xdmaps_g.o ps7_cortexa9_0/li
TRACE::2026-03-23.09:06:59::SCWBDomain::b/xdmaps_hw.o ps7_cortexa9_0/lib/xdmaps_selftest.o ps7_cortexa9_0/lib/xdmaps_sinit.o ps7_cortexa9_0/lib/xemacps.o ps7_cortexa9_
TRACE::2026-03-23.09:06:59::SCWBDomain::0/lib/xemacps_bdring.o ps7_cortexa9_0/lib/xemacps_control.o ps7_cortexa9_0/lib/xemacps_g.o ps7_cortexa9_0/lib/xemacps_hw.o ps7_
TRACE::2026-03-23.09:06:59::SCWBDomain::cortexa9_0/lib/xemacps_intr.o ps7_cortexa9_0/lib/xemacps_sinit.o ps7_cortexa9_0/lib/xgpiops.o ps7_cortexa9_0/lib/xgpiops_g.o ps
TRACE::2026-03-23.09:06:59::SCWBDomain::7_cortexa9_0/lib/xgpiops_hw.o ps7_cortexa9_0/lib/xgpiops_intr.o ps7_cortexa9_0/lib/xgpiops_selftest.o ps7_cortexa9_0/lib/xgpiop
TRACE::2026-03-23.09:06:59::SCWBDomain::s_sinit.o ps7_cortexa9_0/lib/xil-crt0.o ps7_cortexa9_0/lib/xil_assert.o ps7_cortexa9_0/lib/xil_cache.o ps7_cortexa9_0/lib/xil_c
TRACE::2026-03-23.09:06:59::SCWBDomain::locking.o ps7_cortexa9_0/lib/xil_exception.o ps7_cortexa9_0/lib/xil_mem.o ps7_cortexa9_0/lib/xil_misc_psreset_api.o ps7_cortexa
TRACE::2026-03-23.09:06:59::SCWBDomain::9_0/lib/xil_mmu.o ps7_cortexa9_0/lib/xil_printf.o ps7_cortexa9_0/lib/xil_sleepcommon.o ps7_cortexa9_0/lib/xil_sleeptimer.o ps7_
TRACE::2026-03-23.09:06:59::SCWBDomain::cortexa9_0/lib/xil_spinlock.o ps7_cortexa9_0/lib/xil_testcache.o ps7_cortexa9_0/lib/xil_testio.o ps7_cortexa9_0/lib/xil_testmem
TRACE::2026-03-23.09:06:59::SCWBDomain::.o ps7_cortexa9_0/lib/xil_util.o ps7_cortexa9_0/lib/xinterrupt_wrap.o ps7_cortexa9_0/lib/xl2cc_counter.o ps7_cortexa9_0/lib/xpl
TRACE::2026-03-23.09:06:59::SCWBDomain::atform_info.o ps7_cortexa9_0/lib/xpm_counter.o ps7_cortexa9_0/lib/xqspips.o ps7_cortexa9_0/lib/xqspips_g.o ps7_cortexa9_0/lib/x
TRACE::2026-03-23.09:06:59::SCWBDomain::qspips_hw.o ps7_cortexa9_0/lib/xqspips_options.o ps7_cortexa9_0/lib/xqspips_selftest.o ps7_cortexa9_0/lib/xqspips_sinit.o ps7_c
TRACE::2026-03-23.09:06:59::SCWBDomain::ortexa9_0/lib/xscugic.o ps7_cortexa9_0/lib/xscugic_g.o ps7_cortexa9_0/lib/xscugic_hw.o ps7_cortexa9_0/lib/xscugic_intr.o ps7_co
TRACE::2026-03-23.09:06:59::SCWBDomain::rtexa9_0/lib/xscugic_selftest.o ps7_cortexa9_0/lib/xscugic_sinit.o ps7_cortexa9_0/lib/xscutimer.o ps7_cortexa9_0/lib/xscutimer_
TRACE::2026-03-23.09:06:59::SCWBDomain::g.o ps7_cortexa9_0/lib/xscutimer_selftest.o ps7_cortexa9_0/lib/xscutimer_sinit.o ps7_cortexa9_0/lib/xscuwdt.o ps7_cortexa9_0/li
TRACE::2026-03-23.09:06:59::SCWBDomain::b/xscuwdt_g.o ps7_cortexa9_0/lib/xscuwdt_selftest.o ps7_cortexa9_0/lib/xscuwdt_sinit.o ps7_cortexa9_0/lib/xsdps.o ps7_cortexa9_
TRACE::2026-03-23.09:06:59::SCWBDomain::0/lib/xsdps_card.o ps7_cortexa9_0/lib/xsdps_g.o ps7_cortexa9_0/lib/xsdps_host.o ps7_cortexa9_0/lib/xsdps_options.o ps7_cortexa9
TRACE::2026-03-23.09:06:59::SCWBDomain::_0/lib/xsdps_sinit.o ps7_cortexa9_0/lib/xtime_l.o ps7_cortexa9_0/lib/xuartps.o ps7_cortexa9_0/lib/xuartps_g.o ps7_cortexa9_0/li
TRACE::2026-03-23.09:06:59::SCWBDomain::b/xuartps_hw.o ps7_cortexa9_0/lib/xuartps_intr.o ps7_cortexa9_0/lib/xuartps_options.o ps7_cortexa9_0/lib/xuartps_selftest.o ps7
TRACE::2026-03-23.09:06:59::SCWBDomain::_cortexa9_0/lib/xuartps_sinit.o ps7_cortexa9_0/lib/xusbps.o ps7_cortexa9_0/lib/xusbps_endpoint.o ps7_cortexa9_0/lib/xusbps_g.o 
TRACE::2026-03-23.09:06:59::SCWBDomain::ps7_cortexa9_0/lib/xusbps_hw.o ps7_cortexa9_0/lib/xusbps_intr.o ps7_cortexa9_0/lib/xusbps_sinit.o

TRACE::2026-03-23.09:06:59::SCWBDomain::'Finished building libraries'

TRACE::2026-03-23.09:06:59::SCWBDomain::make: Leaving directory 'C:/Users/ER250/OneDrive/Documents/ECE520_SOC/ECE520_SandBox/int_gen_soc_re/int_gen_soc_vitis/int_gen_p
TRACE::2026-03-23.09:06:59::SCWBDomain::lat/zynq_fsbl/zynq_fsbl_bsp'

TRACE::2026-03-23.09:06:59::SCWBDomain::arm-none-eabi-gcc  -O2 -c -MMD -MP       -mcpu=cortex-a9 -mfpu=vfpv3 -mfloat-abi=hard  -c sd.c -o sd.o -Izynq_fsbl_bsp/ps7_cort
TRACE::2026-03-23.09:06:59::SCWBDomain::exa9_0/include -I.

TRACE::2026-03-23.09:07:00::SCWBDomain::arm-none-eabi-gcc  -O2 -c -MMD -MP       -mcpu=cortex-a9 -mfpu=vfpv3 -mfloat-abi=hard  -c nand.c -o nand.o -Izynq_fsbl_bsp/ps7_
TRACE::2026-03-23.09:07:00::SCWBDomain::cortexa9_0/include -I.

TRACE::2026-03-23.09:07:00::SCWBDomain::arm-none-eabi-gcc  -O2 -c -MMD -MP       -mcpu=cortex-a9 -mfpu=vfpv3 -mfloat-abi=hard  -c image_mover.c -o image_mover.o -Izynq
TRACE::2026-03-23.09:07:00::SCWBDomain::_fsbl_bsp/ps7_cortexa9_0/include -I.

TRACE::2026-03-23.09:07:00::SCWBDomain::arm-none-eabi-gcc  -O2 -c -MMD -MP       -mcpu=cortex-a9 -mfpu=vfpv3 -mfloat-abi=hard  -c md5.c -o md5.o -Izynq_fsbl_bsp/ps7_co
TRACE::2026-03-23.09:07:00::SCWBDomain::rtexa9_0/include -I.

TRACE::2026-03-23.09:07:00::SCWBDomain::arm-none-eabi-gcc  -O2 -c -MMD -MP       -mcpu=cortex-a9 -mfpu=vfpv3 -mfloat-abi=hard  -c fsbl_hooks.c -o fsbl_hooks.o -Izynq_f
TRACE::2026-03-23.09:07:00::SCWBDomain::sbl_bsp/ps7_cortexa9_0/include -I.

TRACE::2026-03-23.09:07:00::SCWBDomain::arm-none-eabi-gcc  -O2 -c -MMD -MP       -mcpu=cortex-a9 -mfpu=vfpv3 -mfloat-abi=hard  -c main.c -o main.o -Izynq_fsbl_bsp/ps7_
TRACE::2026-03-23.09:07:00::SCWBDomain::cortexa9_0/include -I.

TRACE::2026-03-23.09:07:01::SCWBDomain::arm-none-eabi-gcc  -O2 -c -MMD -MP       -mcpu=cortex-a9 -mfpu=vfpv3 -mfloat-abi=hard  -c rsa.c -o rsa.o -Izynq_fsbl_bsp/ps7_co
TRACE::2026-03-23.09:07:01::SCWBDomain::rtexa9_0/include -I.

TRACE::2026-03-23.09:07:01::SCWBDomain::arm-none-eabi-gcc  -O2 -c -MMD -MP       -mcpu=cortex-a9 -mfpu=vfpv3 -mfloat-abi=hard  -c nor.c -o nor.o -Izynq_fsbl_bsp/ps7_co
TRACE::2026-03-23.09:07:01::SCWBDomain::rtexa9_0/include -I.

TRACE::2026-03-23.09:07:01::SCWBDomain::arm-none-eabi-gcc  -O2 -c -MMD -MP       -mcpu=cortex-a9 -mfpu=vfpv3 -mfloat-abi=hard  -c qspi.c -o qspi.o -Izynq_fsbl_bsp/ps7_
TRACE::2026-03-23.09:07:01::SCWBDomain::cortexa9_0/include -I.

TRACE::2026-03-23.09:07:01::SCWBDomain::arm-none-eabi-gcc  -O2 -c -MMD -MP       -mcpu=cortex-a9 -mfpu=vfpv3 -mfloat-abi=hard  -c ps7_init.c -o ps7_init.o -Izynq_fsbl_
TRACE::2026-03-23.09:07:01::SCWBDomain::bsp/ps7_cortexa9_0/include -I.

TRACE::2026-03-23.09:07:02::SCWBDomain::arm-none-eabi-gcc  -O2 -c -MMD -MP       -mcpu=cortex-a9 -mfpu=vfpv3 -mfloat-abi=hard  -c pcap.c -o pcap.o -Izynq_fsbl_bsp/ps7_
TRACE::2026-03-23.09:07:02::SCWBDomain::cortexa9_0/include -I.

TRACE::2026-03-23.09:07:02::SCWBDomain::arm-none-eabi-gcc  -O2 -c -MMD -MP       -mcpu=cortex-a9 -mfpu=vfpv3 -mfloat-abi=hard  -c fsbl_handoff.S -o fsbl_handoff.o -Izy
TRACE::2026-03-23.09:07:02::SCWBDomain::nq_fsbl_bsp/ps7_cortexa9_0/include -I.

TRACE::2026-03-23.09:07:02::SCWBDomain::arm-none-eabi-gcc -o fsbl.elf fsbl_handoff.o fsbl_hooks.o image_mover.o main.o md5.o nand.o nor.o pcap.o ps7_init.o qspi.o rsa.
TRACE::2026-03-23.09:07:02::SCWBDomain::o sd.o -MMD -MP       -mcpu=cortex-a9 -mfpu=vfpv3 -mfloat-abi=hard   -mcpu=cortex-a9 -mfpu=vfpv3 -mfloat-abi=hard -Wl,-build-id
TRACE::2026-03-23.09:07:02::SCWBDomain::=none -specs=Xilinx.spec  -lrsa -Wl,--start-group,-lxil,-lgcc,-lc,--end-group -Wl,--start-group,-lxilffs,-lxil,-lgcc,-lc,--end-
TRACE::2026-03-23.09:07:02::SCWBDomain::group -Wl,--start-group,-lrsa,-lxil,-lgcc,-lc,--end-group                                   -Wl,--gc-sections -Lzynq_fsbl_bsp/p
TRACE::2026-03-23.09:07:02::SCWBDomain::s7_cortexa9_0/lib -L./ -Tlscript.ld

LOG::2026-03-23.09:07:03::SCWSystem::Checking the domain standalone_domain
LOG::2026-03-23.09:07:03::SCWSystem::Not a boot domain 
LOG::2026-03-23.09:07:03::SCWSystem::Started Processing the domain standalone_domain
TRACE::2026-03-23.09:07:03::SCWDomain::Generating domain artifcats
TRACE::2026-03-23.09:07:03::SCWMssOS::Generating standalone artifcats
TRACE::2026-03-23.09:07:03::SCWMssOS::Copying the qemu file from  C:/Users/ER250/OneDrive/Documents/ECE520_SOC/ECE520_SandBox/int_gen_soc_re/int_gen_soc_vitis/int_gen_plat/resources/int_gen_plat/standalone_domain/qemu_args.txt To C:/Users/ER250/OneDrive/Documents/ECE520_SOC/ECE520_SandBox/int_gen_soc_re/int_gen_soc_vitis/int_gen_plat/export/int_gen_plat/sw/int_gen_plat/qemu/
TRACE::2026-03-23.09:07:03::SCWMssOS::Copying the qemu file from  C:/Users/ER250/OneDrive/Documents/ECE520_SOC/ECE520_SandBox/int_gen_soc_re/int_gen_soc_vitis/int_gen_plat/resources/int_gen_plat/standalone_domain/qemu_args.txt To C:/Users/ER250/OneDrive/Documents/ECE520_SOC/ECE520_SandBox/int_gen_soc_re/int_gen_soc_vitis/int_gen_plat/export/int_gen_plat/sw/int_gen_plat/standalone_domain/qemu/
TRACE::2026-03-23.09:07:03::SCWMssOS:: Copying the user libraries. 
TRACE::2026-03-23.09:07:03::SCWPlatform::Trying to open the hw design at C:/Users/ER250/OneDrive/Documents/ECE520_SOC/ECE520_SandBox/int_gen_soc_re/int_gen_soc_vitis/int_gen_plat/hw/int_gen_bd_re_wrapper.xsa
TRACE::2026-03-23.09:07:03::SCWPlatform::DSA given C:/Users/ER250/OneDrive/Documents/ECE520_SOC/ECE520_SandBox/int_gen_soc_re/int_gen_soc_vitis/int_gen_plat/hw/int_gen_bd_re_wrapper.xsa
TRACE::2026-03-23.09:07:03::SCWPlatform::DSA absoulate path C:/Users/ER250/OneDrive/Documents/ECE520_SOC/ECE520_SandBox/int_gen_soc_re/int_gen_soc_vitis/int_gen_plat/hw/int_gen_bd_re_wrapper.xsa
TRACE::2026-03-23.09:07:03::SCWPlatform::DSA directory C:/Users/ER250/OneDrive/Documents/ECE520_SOC/ECE520_SandBox/int_gen_soc_re/int_gen_soc_vitis/int_gen_plat/hw
TRACE::2026-03-23.09:07:03::SCWPlatform:: Platform Path C:/Users/ER250/OneDrive/Documents/ECE520_SOC/ECE520_SandBox/int_gen_soc_re/int_gen_soc_vitis/int_gen_plat/hw/int_gen_bd_re_wrapper.xsa
TRACE::2026-03-23.09:07:03::SCWPlatform:: Unique name xilinx:zybo-z7-10::0.0
TRACE::2026-03-23.09:07:03::SCWPlatform::Trying to set the existing hwdb with name int_gen_bd_re_wrapper
TRACE::2026-03-23.09:07:03::SCWPlatform::Opened existing hwdb int_gen_bd_re_wrapper
TRACE::2026-03-23.09:07:03::SCWPlatform::Found the Hw Db part of the input DSA
TRACE::2026-03-23.09:07:03::SCWMssOS::Checking the sw design at  C:/Users/ER250/OneDrive/Documents/ECE520_SOC/ECE520_SandBox/int_gen_soc_re/int_gen_soc_vitis/int_gen_plat/ps7_cortexa9_0/standalone_domain/bsp/system.mss
TRACE::2026-03-23.09:07:03::SCWMssOS::DEBUG:  swdes dump  C:/Users/ER250/OneDrive/Documents/ECE520_SOC/ECE520_SandBox/int_gen_soc_re/int_gen_soc_vitis/int_gen_plat/ps7_cortexa9_0/standalone_domain/bsp/system.mss|system_0||
C:/Users/ER250/OneDrive/Documents/ECE520_SOC/ECE520_SandBox/int_gen_soc_re/int_gen_soc_vitis/int_gen_plat/zynq_fsbl/zynq_fsbl_bsp/system.mss|system||

TRACE::2026-03-23.09:07:03::SCWMssOS::Sw design exists and opened at  C:/Users/ER250/OneDrive/Documents/ECE520_SOC/ECE520_SandBox/int_gen_soc_re/int_gen_soc_vitis/int_gen_plat/ps7_cortexa9_0/standalone_domain/bsp/system.mss
TRACE::2026-03-23.09:07:03::SCWMssOS::Completed writing the mss file at C:/Users/ER250/OneDrive/Documents/ECE520_SOC/ECE520_SandBox/int_gen_soc_re/int_gen_soc_vitis/int_gen_plat/ps7_cortexa9_0/standalone_domain/bsp
TRACE::2026-03-23.09:07:03::SCWMssOS::Mss edits present, copying mssfile into export location C:/Users/ER250/OneDrive/Documents/ECE520_SOC/ECE520_SandBox/int_gen_soc_re/int_gen_soc_vitis/int_gen_plat/ps7_cortexa9_0/standalone_domain/bsp/system.mss
TRACE::2026-03-23.09:07:03::SCWMssOS::bsp generated is upto date with the mss file. Skipping bsp generation.
TRACE::2026-03-23.09:07:03::SCWMssOS::BSP is already built. skipping the bsp build ... 
TRACE::2026-03-23.09:07:03::SCWDomain::Building the domain as part of full build :  standalone_domain
TRACE::2026-03-23.09:07:03::SCWMssOS::doing bsp build ... 
TRACE::2026-03-23.09:07:03::SCWMssOS::System Command Ran  C: & cd  C:/Users/ER250/OneDrive/Documents/ECE520_SOC/ECE520_SandBox/int_gen_soc_re/int_gen_soc_vitis/int_gen_plat/ps7_cortexa9_0/standalone_domain/bsp & make 
TRACE::2026-03-23.09:07:03::SCWMssOS::make --no-print-directory seq_libs

TRACE::2026-03-23.09:07:03::SCWMssOS::'Finished building libraries sequentially.'

TRACE::2026-03-23.09:07:03::SCWMssOS::make -j 10 --no-print-directory par_libs

TRACE::2026-03-23.09:07:03::SCWMssOS::"Running Make include in ps7_cortexa9_0/libsrc/coresightps_dcc_v1_8/src"

TRACE::2026-03-23.09:07:04::SCWMssOS::make -C ps7_cortexa9_0/libsrc/coresightps_dcc_v1_8/src -s include  "SHELL=CMD" "COMPILER=arm-none-eabi-gcc" "ASSEMBLER=arm-none
TRACE::2026-03-23.09:07:04::SCWMssOS::-eabi-as" "ARCHIVER=arm-none-eabi-ar" "COMPILER_FLAGS=  -O2 -c" "EXTRA_COMPILER_FLAGS=-mcpu=cortex-a9 -mfpu=vfpv3 -mfloat-abi=h
TRACE::2026-03-23.09:07:04::SCWMssOS::ard -nostartfiles -g -Wall -Wextra -fno-tree-loop-distribute-patterns"

TRACE::2026-03-23.09:07:04::SCWMssOS::"Running Make include in ps7_cortexa9_0/libsrc/cpu_cortexa9_v2_11/src"

TRACE::2026-03-23.09:07:04::SCWMssOS::"Running Make include in ps7_cortexa9_0/libsrc/ddrps_v1_2/src"

TRACE::2026-03-23.09:07:04::SCWMssOS::make -C ps7_cortexa9_0/libsrc/cpu_cortexa9_v2_11/src -s include  "SHELL=CMD" "COMPILER=arm-none-eabi-gcc" "ASSEMBLER=arm-none-e
TRACE::2026-03-23.09:07:04::SCWMssOS::abi-as" "ARCHIVER=arm-none-eabi-ar" "COMPILER_FLAGS=  -O2 -c" "EXTRA_COMPILER_FLAGS=-mcpu=cortex-a9 -mfpu=vfpv3 -mfloat-abi=har
TRACE::2026-03-23.09:07:04::SCWMssOS::d -nostartfiles -g -Wall -Wextra -fno-tree-loop-distribute-patterns"

TRACE::2026-03-23.09:07:04::SCWMssOS::make -C ps7_cortexa9_0/libsrc/ddrps_v1_2/src -s include  "SHELL=CMD" "COMPILER=arm-none-eabi-gcc" "ASSEMBLER=arm-none-eabi-as" 
TRACE::2026-03-23.09:07:04::SCWMssOS::"ARCHIVER=arm-none-eabi-ar" "COMPILER_FLAGS=  -O2 -c" "EXTRA_COMPILER_FLAGS=-mcpu=cortex-a9 -mfpu=vfpv3 -mfloat-abi=hard -nosta
TRACE::2026-03-23.09:07:04::SCWMssOS::rtfiles -g -Wall -Wextra -fno-tree-loop-distribute-patterns"

TRACE::2026-03-23.09:07:04::SCWMssOS::"Running Make include in ps7_cortexa9_0/libsrc/devcfg_v3_7/src"

TRACE::2026-03-23.09:07:04::SCWMssOS::make -C ps7_cortexa9_0/libsrc/devcfg_v3_7/src -s include  "SHELL=CMD" "COMPILER=arm-none-eabi-gcc" "ASSEMBLER=arm-none-eabi-as"
TRACE::2026-03-23.09:07:04::SCWMssOS:: "ARCHIVER=arm-none-eabi-ar" "COMPILER_FLAGS=  -O2 -c" "EXTRA_COMPILER_FLAGS=-mcpu=cortex-a9 -mfpu=vfpv3 -mfloat-abi=hard -nost
TRACE::2026-03-23.09:07:04::SCWMssOS::artfiles -g -Wall -Wextra -fno-tree-loop-distribute-patterns"

TRACE::2026-03-23.09:07:04::SCWMssOS::"Running Make include in ps7_cortexa9_0/libsrc/dmaps_v2_8/src"

TRACE::2026-03-23.09:07:04::SCWMssOS::"Running Make include in ps7_cortexa9_0/libsrc/emacps_v3_18/src"

TRACE::2026-03-23.09:07:04::SCWMssOS::make -C ps7_cortexa9_0/libsrc/dmaps_v2_8/src -s include  "SHELL=CMD" "COMPILER=arm-none-eabi-gcc" "ASSEMBLER=arm-none-eabi-as" 
TRACE::2026-03-23.09:07:04::SCWMssOS::"ARCHIVER=arm-none-eabi-ar" "COMPILER_FLAGS=  -O2 -c" "EXTRA_COMPILER_FLAGS=-mcpu=cortex-a9 -mfpu=vfpv3 -mfloat-abi=hard -nosta
TRACE::2026-03-23.09:07:04::SCWMssOS::rtfiles -g -Wall -Wextra -fno-tree-loop-distribute-patterns"

TRACE::2026-03-23.09:07:04::SCWMssOS::make -C ps7_cortexa9_0/libsrc/emacps_v3_18/src -s include  "SHELL=CMD" "COMPILER=arm-none-eabi-gcc" "ASSEMBLER=arm-none-eabi-as
TRACE::2026-03-23.09:07:04::SCWMssOS::" "ARCHIVER=arm-none-eabi-ar" "COMPILER_FLAGS=  -O2 -c" "EXTRA_COMPILER_FLAGS=-mcpu=cortex-a9 -mfpu=vfpv3 -mfloat-abi=hard -nos
TRACE::2026-03-23.09:07:04::SCWMssOS::tartfiles -g -Wall -Wextra -fno-tree-loop-distribute-patterns"

TRACE::2026-03-23.09:07:04::SCWMssOS::"Running Make include in ps7_cortexa9_0/libsrc/gpiops_v3_11/src"

TRACE::2026-03-23.09:07:04::SCWMssOS::make -C ps7_cortexa9_0/libsrc/gpiops_v3_11/src -s include  "SHELL=CMD" "COMPILER=arm-none-eabi-gcc" "ASSEMBLER=arm-none-eabi-as
TRACE::2026-03-23.09:07:04::SCWMssOS::" "ARCHIVER=arm-none-eabi-ar" "COMPILER_FLAGS=  -O2 -c" "EXTRA_COMPILER_FLAGS=-mcpu=cortex-a9 -mfpu=vfpv3 -mfloat-abi=hard -nos
TRACE::2026-03-23.09:07:04::SCWMssOS::tartfiles -g -Wall -Wextra -fno-tree-loop-distribute-patterns"

TRACE::2026-03-23.09:07:04::SCWMssOS::"Running Make include in ps7_cortexa9_0/libsrc/qspips_v3_10/src"

TRACE::2026-03-23.09:07:04::SCWMssOS::make -C ps7_cortexa9_0/libsrc/qspips_v3_10/src -s include  "SHELL=CMD" "COMPILER=arm-none-eabi-gcc" "ASSEMBLER=arm-none-eabi-as
TRACE::2026-03-23.09:07:04::SCWMssOS::" "ARCHIVER=arm-none-eabi-ar" "COMPILER_FLAGS=  -O2 -c" "EXTRA_COMPILER_FLAGS=-mcpu=cortex-a9 -mfpu=vfpv3 -mfloat-abi=hard -nos
TRACE::2026-03-23.09:07:04::SCWMssOS::tartfiles -g -Wall -Wextra -fno-tree-loop-distribute-patterns"

TRACE::2026-03-23.09:07:04::SCWMssOS::"Running Make include in ps7_cortexa9_0/libsrc/scugic_v5_1/src"

TRACE::2026-03-23.09:07:04::SCWMssOS::"Running Make include in ps7_cortexa9_0/libsrc/scutimer_v2_4/src"

TRACE::2026-03-23.09:07:04::SCWMssOS::make -C ps7_cortexa9_0/libsrc/scugic_v5_1/src -s include  "SHELL=CMD" "COMPILER=arm-none-eabi-gcc" "ASSEMBLER=arm-none-eabi-as"
TRACE::2026-03-23.09:07:04::SCWMssOS:: "ARCHIVER=arm-none-eabi-ar" "COMPILER_FLAGS=  -O2 -c" "EXTRA_COMPILER_FLAGS=-mcpu=cortex-a9 -mfpu=vfpv3 -mfloat-abi=hard -nost
TRACE::2026-03-23.09:07:04::SCWMssOS::artfiles -g -Wall -Wextra -fno-tree-loop-distribute-patterns"

TRACE::2026-03-23.09:07:04::SCWMssOS::make -C ps7_cortexa9_0/libsrc/scutimer_v2_4/src -s include  "SHELL=CMD" "COMPILER=arm-none-eabi-gcc" "ASSEMBLER=arm-none-eabi-a
TRACE::2026-03-23.09:07:04::SCWMssOS::s" "ARCHIVER=arm-none-eabi-ar" "COMPILER_FLAGS=  -O2 -c" "EXTRA_COMPILER_FLAGS=-mcpu=cortex-a9 -mfpu=vfpv3 -mfloat-abi=hard -no
TRACE::2026-03-23.09:07:04::SCWMssOS::startfiles -g -Wall -Wextra -fno-tree-loop-distribute-patterns"

TRACE::2026-03-23.09:07:04::SCWMssOS::"Running Make include in ps7_cortexa9_0/libsrc/scuwdt_v2_4/src"

TRACE::2026-03-23.09:07:04::SCWMssOS::make -C ps7_cortexa9_0/libsrc/scuwdt_v2_4/src -s include  "SHELL=CMD" "COMPILER=arm-none-eabi-gcc" "ASSEMBLER=arm-none-eabi-as"
TRACE::2026-03-23.09:07:04::SCWMssOS:: "ARCHIVER=arm-none-eabi-ar" "COMPILER_FLAGS=  -O2 -c" "EXTRA_COMPILER_FLAGS=-mcpu=cortex-a9 -mfpu=vfpv3 -mfloat-abi=hard -nost
TRACE::2026-03-23.09:07:04::SCWMssOS::artfiles -g -Wall -Wextra -fno-tree-loop-distribute-patterns"

TRACE::2026-03-23.09:07:04::SCWMssOS::"Running Make include in ps7_cortexa9_0/libsrc/sdps_v4_1/src"

TRACE::2026-03-23.09:07:04::SCWMssOS::"Running Make include in ps7_cortexa9_0/libsrc/standalone_v8_1/src"

TRACE::2026-03-23.09:07:04::SCWMssOS::make -C ps7_cortexa9_0/libsrc/sdps_v4_1/src -s include  "SHELL=CMD" "COMPILER=arm-none-eabi-gcc" "ASSEMBLER=arm-none-eabi-as" "
TRACE::2026-03-23.09:07:04::SCWMssOS::ARCHIVER=arm-none-eabi-ar" "COMPILER_FLAGS=  -O2 -c" "EXTRA_COMPILER_FLAGS=-mcpu=cortex-a9 -mfpu=vfpv3 -mfloat-abi=hard -nostar
TRACE::2026-03-23.09:07:04::SCWMssOS::tfiles -g -Wall -Wextra -fno-tree-loop-distribute-patterns"

TRACE::2026-03-23.09:07:04::SCWMssOS::make -C ps7_cortexa9_0/libsrc/standalone_v8_1/src -s include  "SHELL=CMD" "COMPILER=arm-none-eabi-gcc" "ASSEMBLER=arm-none-eabi
TRACE::2026-03-23.09:07:04::SCWMssOS::-as" "ARCHIVER=arm-none-eabi-ar" "COMPILER_FLAGS=  -O2 -c" "EXTRA_COMPILER_FLAGS=-mcpu=cortex-a9 -mfpu=vfpv3 -mfloat-abi=hard -
TRACE::2026-03-23.09:07:04::SCWMssOS::nostartfiles -g -Wall -Wextra -fno-tree-loop-distribute-patterns"

TRACE::2026-03-23.09:07:04::SCWMssOS::"Running Make include in ps7_cortexa9_0/libsrc/uartps_v3_12/src"

TRACE::2026-03-23.09:07:04::SCWMssOS::"Running Make include in ps7_cortexa9_0/libsrc/usbps_v2_7/src"

TRACE::2026-03-23.09:07:04::SCWMssOS::make -C ps7_cortexa9_0/libsrc/uartps_v3_12/src -s include  "SHELL=CMD" "COMPILER=arm-none-eabi-gcc" "ASSEMBLER=arm-none-eabi-as
TRACE::2026-03-23.09:07:04::SCWMssOS::" "ARCHIVER=arm-none-eabi-ar" "COMPILER_FLAGS=  -O2 -c" "EXTRA_COMPILER_FLAGS=-mcpu=cortex-a9 -mfpu=vfpv3 -mfloat-abi=hard -nos
TRACE::2026-03-23.09:07:04::SCWMssOS::tartfiles -g -Wall -Wextra -fno-tree-loop-distribute-patterns"

TRACE::2026-03-23.09:07:04::SCWMssOS::make -C ps7_cortexa9_0/libsrc/usbps_v2_7/src -s include  "SHELL=CMD" "COMPILER=arm-none-eabi-gcc" "ASSEMBLER=arm-none-eabi-as" 
TRACE::2026-03-23.09:07:04::SCWMssOS::"ARCHIVER=arm-none-eabi-ar" "COMPILER_FLAGS=  -O2 -c" "EXTRA_COMPILER_FLAGS=-mcpu=cortex-a9 -mfpu=vfpv3 -mfloat-abi=hard -nosta
TRACE::2026-03-23.09:07:04::SCWMssOS::rtfiles -g -Wall -Wextra -fno-tree-loop-distribute-patterns"

TRACE::2026-03-23.09:07:04::SCWMssOS::"Running Make include in ps7_cortexa9_0/libsrc/xadcps_v2_6/src"

TRACE::2026-03-23.09:07:04::SCWMssOS::make -C ps7_cortexa9_0/libsrc/xadcps_v2_6/src -s include  "SHELL=CMD" "COMPILER=arm-none-eabi-gcc" "ASSEMBLER=arm-none-eabi-as"
TRACE::2026-03-23.09:07:04::SCWMssOS:: "ARCHIVER=arm-none-eabi-ar" "COMPILER_FLAGS=  -O2 -c" "EXTRA_COMPILER_FLAGS=-mcpu=cortex-a9 -mfpu=vfpv3 -mfloat-abi=hard -nost
TRACE::2026-03-23.09:07:04::SCWMssOS::artfiles -g -Wall -Wextra -fno-tree-loop-distribute-patterns"

TRACE::2026-03-23.09:07:06::SCWMssOS::"Running Make libs in ps7_cortexa9_0/libsrc/coresightps_dcc_v1_8/src"

TRACE::2026-03-23.09:07:06::SCWMssOS::"Running Make libs in ps7_cortexa9_0/libsrc/cpu_cortexa9_v2_11/src"

TRACE::2026-03-23.09:07:06::SCWMssOS::make -C ps7_cortexa9_0/libsrc/coresightps_dcc_v1_8/src -s libs  "SHELL=CMD" "COMPILER=arm-none-eabi-gcc" "ASSEMBLER=arm-none-ea
TRACE::2026-03-23.09:07:06::SCWMssOS::bi-as" "ARCHIVER=arm-none-eabi-ar" "COMPILER_FLAGS=  -O2 -c" "EXTRA_COMPILER_FLAGS=-mcpu=cortex-a9 -mfpu=vfpv3 -mfloat-abi=hard
TRACE::2026-03-23.09:07:06::SCWMssOS:: -nostartfiles -g -Wall -Wextra -fno-tree-loop-distribute-patterns"

TRACE::2026-03-23.09:07:06::SCWMssOS::make -C ps7_cortexa9_0/libsrc/cpu_cortexa9_v2_11/src -s libs  "SHELL=CMD" "COMPILER=arm-none-eabi-gcc" "ASSEMBLER=arm-none-eabi
TRACE::2026-03-23.09:07:06::SCWMssOS::-as" "ARCHIVER=arm-none-eabi-ar" "COMPILER_FLAGS=  -O2 -c" "EXTRA_COMPILER_FLAGS=-mcpu=cortex-a9 -mfpu=vfpv3 -mfloat-abi=hard -
TRACE::2026-03-23.09:07:06::SCWMssOS::nostartfiles -g -Wall -Wextra -fno-tree-loop-distribute-patterns"

TRACE::2026-03-23.09:07:06::SCWMssOS::"Running Make libs in ps7_cortexa9_0/libsrc/ddrps_v1_2/src"

TRACE::2026-03-23.09:07:06::SCWMssOS::"Running Make libs in ps7_cortexa9_0/libsrc/devcfg_v3_7/src"

TRACE::2026-03-23.09:07:06::SCWMssOS::make -C ps7_cortexa9_0/libsrc/ddrps_v1_2/src -s libs  "SHELL=CMD" "COMPILER=arm-none-eabi-gcc" "ASSEMBLER=arm-none-eabi-as" "AR
TRACE::2026-03-23.09:07:06::SCWMssOS::CHIVER=arm-none-eabi-ar" "COMPILER_FLAGS=  -O2 -c" "EXTRA_COMPILER_FLAGS=-mcpu=cortex-a9 -mfpu=vfpv3 -mfloat-abi=hard -nostartf
TRACE::2026-03-23.09:07:06::SCWMssOS::iles -g -Wall -Wextra -fno-tree-loop-distribute-patterns"

TRACE::2026-03-23.09:07:06::SCWMssOS::make -C ps7_cortexa9_0/libsrc/devcfg_v3_7/src -s libs  "SHELL=CMD" "COMPILER=arm-none-eabi-gcc" "ASSEMBLER=arm-none-eabi-as" "A
TRACE::2026-03-23.09:07:06::SCWMssOS::RCHIVER=arm-none-eabi-ar" "COMPILER_FLAGS=  -O2 -c" "EXTRA_COMPILER_FLAGS=-mcpu=cortex-a9 -mfpu=vfpv3 -mfloat-abi=hard -nostart
TRACE::2026-03-23.09:07:06::SCWMssOS::files -g -Wall -Wextra -fno-tree-loop-distribute-patterns"

TRACE::2026-03-23.09:07:06::SCWMssOS::"Running Make libs in ps7_cortexa9_0/libsrc/dmaps_v2_8/src"

TRACE::2026-03-23.09:07:06::SCWMssOS::make -C ps7_cortexa9_0/libsrc/dmaps_v2_8/src -s libs  "SHELL=CMD" "COMPILER=arm-none-eabi-gcc" "ASSEMBLER=arm-none-eabi-as" "AR
TRACE::2026-03-23.09:07:06::SCWMssOS::CHIVER=arm-none-eabi-ar" "COMPILER_FLAGS=  -O2 -c" "EXTRA_COMPILER_FLAGS=-mcpu=cortex-a9 -mfpu=vfpv3 -mfloat-abi=hard -nostartf
TRACE::2026-03-23.09:07:06::SCWMssOS::iles -g -Wall -Wextra -fno-tree-loop-distribute-patterns"

TRACE::2026-03-23.09:07:06::SCWMssOS::"Running Make libs in ps7_cortexa9_0/libsrc/emacps_v3_18/src"

TRACE::2026-03-23.09:07:06::SCWMssOS::make -C ps7_cortexa9_0/libsrc/emacps_v3_18/src -s libs  "SHELL=CMD" "COMPILER=arm-none-eabi-gcc" "ASSEMBLER=arm-none-eabi-as" "
TRACE::2026-03-23.09:07:06::SCWMssOS::ARCHIVER=arm-none-eabi-ar" "COMPILER_FLAGS=  -O2 -c" "EXTRA_COMPILER_FLAGS=-mcpu=cortex-a9 -mfpu=vfpv3 -mfloat-abi=hard -nostar
TRACE::2026-03-23.09:07:06::SCWMssOS::tfiles -g -Wall -Wextra -fno-tree-loop-distribute-patterns"

TRACE::2026-03-23.09:07:06::SCWMssOS::"Running Make libs in ps7_cortexa9_0/libsrc/gpiops_v3_11/src"

TRACE::2026-03-23.09:07:06::SCWMssOS::make -C ps7_cortexa9_0/libsrc/gpiops_v3_11/src -s libs  "SHELL=CMD" "COMPILER=arm-none-eabi-gcc" "ASSEMBLER=arm-none-eabi-as" "
TRACE::2026-03-23.09:07:06::SCWMssOS::ARCHIVER=arm-none-eabi-ar" "COMPILER_FLAGS=  -O2 -c" "EXTRA_COMPILER_FLAGS=-mcpu=cortex-a9 -mfpu=vfpv3 -mfloat-abi=hard -nostar
TRACE::2026-03-23.09:07:06::SCWMssOS::tfiles -g -Wall -Wextra -fno-tree-loop-distribute-patterns"

TRACE::2026-03-23.09:07:06::SCWMssOS::"Running Make libs in ps7_cortexa9_0/libsrc/qspips_v3_10/src"

TRACE::2026-03-23.09:07:06::SCWMssOS::make -C ps7_cortexa9_0/libsrc/qspips_v3_10/src -s libs  "SHELL=CMD" "COMPILER=arm-none-eabi-gcc" "ASSEMBLER=arm-none-eabi-as" "
TRACE::2026-03-23.09:07:06::SCWMssOS::ARCHIVER=arm-none-eabi-ar" "COMPILER_FLAGS=  -O2 -c" "EXTRA_COMPILER_FLAGS=-mcpu=cortex-a9 -mfpu=vfpv3 -mfloat-abi=hard -nostar
TRACE::2026-03-23.09:07:06::SCWMssOS::tfiles -g -Wall -Wextra -fno-tree-loop-distribute-patterns"

TRACE::2026-03-23.09:07:06::SCWMssOS::"Running Make libs in ps7_cortexa9_0/libsrc/scugic_v5_1/src"

TRACE::2026-03-23.09:07:06::SCWMssOS::make -C ps7_cortexa9_0/libsrc/scugic_v5_1/src -s libs  "SHELL=CMD" "COMPILER=arm-none-eabi-gcc" "ASSEMBLER=arm-none-eabi-as" "A
TRACE::2026-03-23.09:07:06::SCWMssOS::RCHIVER=arm-none-eabi-ar" "COMPILER_FLAGS=  -O2 -c" "EXTRA_COMPILER_FLAGS=-mcpu=cortex-a9 -mfpu=vfpv3 -mfloat-abi=hard -nostart
TRACE::2026-03-23.09:07:06::SCWMssOS::files -g -Wall -Wextra -fno-tree-loop-distribute-patterns"

TRACE::2026-03-23.09:07:06::SCWMssOS::"Running Make libs in ps7_cortexa9_0/libsrc/scutimer_v2_4/src"

TRACE::2026-03-23.09:07:06::SCWMssOS::"Running Make libs in ps7_cortexa9_0/libsrc/scuwdt_v2_4/src"

TRACE::2026-03-23.09:07:06::SCWMssOS::make -C ps7_cortexa9_0/libsrc/scutimer_v2_4/src -s libs  "SHELL=CMD" "COMPILER=arm-none-eabi-gcc" "ASSEMBLER=arm-none-eabi-as" 
TRACE::2026-03-23.09:07:06::SCWMssOS::"ARCHIVER=arm-none-eabi-ar" "COMPILER_FLAGS=  -O2 -c" "EXTRA_COMPILER_FLAGS=-mcpu=cortex-a9 -mfpu=vfpv3 -mfloat-abi=hard -nosta
TRACE::2026-03-23.09:07:06::SCWMssOS::rtfiles -g -Wall -Wextra -fno-tree-loop-distribute-patterns"

TRACE::2026-03-23.09:07:06::SCWMssOS::make -C ps7_cortexa9_0/libsrc/scuwdt_v2_4/src -s libs  "SHELL=CMD" "COMPILER=arm-none-eabi-gcc" "ASSEMBLER=arm-none-eabi-as" "A
TRACE::2026-03-23.09:07:06::SCWMssOS::RCHIVER=arm-none-eabi-ar" "COMPILER_FLAGS=  -O2 -c" "EXTRA_COMPILER_FLAGS=-mcpu=cortex-a9 -mfpu=vfpv3 -mfloat-abi=hard -nostart
TRACE::2026-03-23.09:07:06::SCWMssOS::files -g -Wall -Wextra -fno-tree-loop-distribute-patterns"

TRACE::2026-03-23.09:07:06::SCWMssOS::"Running Make libs in ps7_cortexa9_0/libsrc/sdps_v4_1/src"

TRACE::2026-03-23.09:07:06::SCWMssOS::make -C ps7_cortexa9_0/libsrc/sdps_v4_1/src -s libs  "SHELL=CMD" "COMPILER=arm-none-eabi-gcc" "ASSEMBLER=arm-none-eabi-as" "ARC
TRACE::2026-03-23.09:07:06::SCWMssOS::HIVER=arm-none-eabi-ar" "COMPILER_FLAGS=  -O2 -c" "EXTRA_COMPILER_FLAGS=-mcpu=cortex-a9 -mfpu=vfpv3 -mfloat-abi=hard -nostartfi
TRACE::2026-03-23.09:07:06::SCWMssOS::les -g -Wall -Wextra -fno-tree-loop-distribute-patterns"

TRACE::2026-03-23.09:07:06::SCWMssOS::"Running Make libs in ps7_cortexa9_0/libsrc/standalone_v8_1/src"

TRACE::2026-03-23.09:07:06::SCWMssOS::"Running Make libs in ps7_cortexa9_0/libsrc/uartps_v3_12/src"

TRACE::2026-03-23.09:07:06::SCWMssOS::make -C ps7_cortexa9_0/libsrc/standalone_v8_1/src -s libs  "SHELL=CMD" "COMPILER=arm-none-eabi-gcc" "ASSEMBLER=arm-none-eabi-as
TRACE::2026-03-23.09:07:06::SCWMssOS::" "ARCHIVER=arm-none-eabi-ar" "COMPILER_FLAGS=  -O2 -c" "EXTRA_COMPILER_FLAGS=-mcpu=cortex-a9 -mfpu=vfpv3 -mfloat-abi=hard -nos
TRACE::2026-03-23.09:07:06::SCWMssOS::tartfiles -g -Wall -Wextra -fno-tree-loop-distribute-patterns"

TRACE::2026-03-23.09:07:06::SCWMssOS::make -C ps7_cortexa9_0/libsrc/uartps_v3_12/src -s libs  "SHELL=CMD" "COMPILER=arm-none-eabi-gcc" "ASSEMBLER=arm-none-eabi-as" "
TRACE::2026-03-23.09:07:06::SCWMssOS::ARCHIVER=arm-none-eabi-ar" "COMPILER_FLAGS=  -O2 -c" "EXTRA_COMPILER_FLAGS=-mcpu=cortex-a9 -mfpu=vfpv3 -mfloat-abi=hard -nostar
TRACE::2026-03-23.09:07:06::SCWMssOS::tfiles -g -Wall -Wextra -fno-tree-loop-distribute-patterns"

TRACE::2026-03-23.09:07:06::SCWMssOS::"Running Make libs in ps7_cortexa9_0/libsrc/usbps_v2_7/src"

TRACE::2026-03-23.09:07:06::SCWMssOS::make -C ps7_cortexa9_0/libsrc/usbps_v2_7/src -s libs  "SHELL=CMD" "COMPILER=arm-none-eabi-gcc" "ASSEMBLER=arm-none-eabi-as" "AR
TRACE::2026-03-23.09:07:06::SCWMssOS::CHIVER=arm-none-eabi-ar" "COMPILER_FLAGS=  -O2 -c" "EXTRA_COMPILER_FLAGS=-mcpu=cortex-a9 -mfpu=vfpv3 -mfloat-abi=hard -nostartf
TRACE::2026-03-23.09:07:06::SCWMssOS::iles -g -Wall -Wextra -fno-tree-loop-distribute-patterns"

TRACE::2026-03-23.09:07:06::SCWMssOS::"Running Make libs in ps7_cortexa9_0/libsrc/xadcps_v2_6/src"

TRACE::2026-03-23.09:07:06::SCWMssOS::make -C ps7_cortexa9_0/libsrc/xadcps_v2_6/src -s libs  "SHELL=CMD" "COMPILER=arm-none-eabi-gcc" "ASSEMBLER=arm-none-eabi-as" "A
TRACE::2026-03-23.09:07:06::SCWMssOS::RCHIVER=arm-none-eabi-ar" "COMPILER_FLAGS=  -O2 -c" "EXTRA_COMPILER_FLAGS=-mcpu=cortex-a9 -mfpu=vfpv3 -mfloat-abi=hard -nostart
TRACE::2026-03-23.09:07:06::SCWMssOS::files -g -Wall -Wextra -fno-tree-loop-distribute-patterns"

TRACE::2026-03-23.09:07:07::SCWMssOS::'Finished building libraries parallelly.'

TRACE::2026-03-23.09:07:07::SCWMssOS::make --no-print-directory archive

TRACE::2026-03-23.09:07:07::SCWMssOS::arm-none-eabi-ar -r  ps7_cortexa9_0/lib/libxil.a ps7_cortexa9_0/lib/_exit.o ps7_cortexa9_0/lib/_open.o ps7_cortexa9_0/lib/_sbrk
TRACE::2026-03-23.09:07:07::SCWMssOS::.o ps7_cortexa9_0/lib/abort.o ps7_cortexa9_0/lib/asm_vectors.o ps7_cortexa9_0/lib/boot.o ps7_cortexa9_0/lib/close.o ps7_cortexa
TRACE::2026-03-23.09:07:07::SCWMssOS::9_0/lib/cpputest_time.o ps7_cortexa9_0/lib/cpu_init.o ps7_cortexa9_0/lib/errno.o ps7_cortexa9_0/lib/fcntl.o ps7_cortexa9_0/lib/
TRACE::2026-03-23.09:07:07::SCWMssOS::fstat.o ps7_cortexa9_0/lib/getentropy.o ps7_cortexa9_0/lib/getpid.o ps7_cortexa9_0/lib/inbyte.o ps7_cortexa9_0/lib/isatty.o ps7
TRACE::2026-03-23.09:07:07::SCWMssOS::_cortexa9_0/lib/kill.o ps7_cortexa9_0/lib/lseek.o ps7_cortexa9_0/lib/open.o ps7_cortexa9_0/lib/outbyte.o ps7_cortexa9_0/lib/pri
TRACE::2026-03-23.09:07:07::SCWMssOS::nt.o ps7_cortexa9_0/lib/putnum.o ps7_cortexa9_0/lib/read.o ps7_cortexa9_0/lib/sbrk.o ps7_cortexa9_0/lib/sleep.o ps7_cortexa9_0/
TRACE::2026-03-23.09:07:07::SCWMssOS::lib/time.o ps7_cortexa9_0/lib/translation_table.o ps7_cortexa9_0/lib/unlink.o ps7_cortexa9_0/lib/usleep.o ps7_cortexa9_0/lib/ve
TRACE::2026-03-23.09:07:07::SCWMssOS::ctors.o ps7_cortexa9_0/lib/write.o ps7_cortexa9_0/lib/xadcps.o ps7_cortexa9_0/lib/xadcps_g.o ps7_cortexa9_0/lib/xadcps_intr.o p
TRACE::2026-03-23.09:07:07::SCWMssOS::s7_cortexa9_0/lib/xadcps_selftest.o ps7_cortexa9_0/lib/xadcps_sinit.o ps7_cortexa9_0/lib/xcoresightpsdcc.o ps7_cortexa9_0/lib/x
TRACE::2026-03-23.09:07:07::SCWMssOS::devcfg.o ps7_cortexa9_0/lib/xdevcfg_g.o ps7_cortexa9_0/lib/xdevcfg_hw.o ps7_cortexa9_0/lib/xdevcfg_intr.o ps7_cortexa9_0/lib/xd
TRACE::2026-03-23.09:07:07::SCWMssOS::evcfg_selftest.o ps7_cortexa9_0/lib/xdevcfg_sinit.o ps7_cortexa9_0/lib/xdmaps.o ps7_cortexa9_0/lib/xdmaps_g.o ps7_cortexa9_0/li
TRACE::2026-03-23.09:07:07::SCWMssOS::b/xdmaps_hw.o ps7_cortexa9_0/lib/xdmaps_selftest.o ps7_cortexa9_0/lib/xdmaps_sinit.o ps7_cortexa9_0/lib/xemacps.o ps7_cortexa9_
TRACE::2026-03-23.09:07:07::SCWMssOS::0/lib/xemacps_bdring.o ps7_cortexa9_0/lib/xemacps_control.o ps7_cortexa9_0/lib/xemacps_g.o ps7_cortexa9_0/lib/xemacps_hw.o ps7_
TRACE::2026-03-23.09:07:07::SCWMssOS::cortexa9_0/lib/xemacps_intr.o ps7_cortexa9_0/lib/xemacps_sinit.o ps7_cortexa9_0/lib/xgpiops.o ps7_cortexa9_0/lib/xgpiops_g.o ps
TRACE::2026-03-23.09:07:07::SCWMssOS::7_cortexa9_0/lib/xgpiops_hw.o ps7_cortexa9_0/lib/xgpiops_intr.o ps7_cortexa9_0/lib/xgpiops_selftest.o ps7_cortexa9_0/lib/xgpiop
TRACE::2026-03-23.09:07:07::SCWMssOS::s_sinit.o ps7_cortexa9_0/lib/xil-crt0.o ps7_cortexa9_0/lib/xil_assert.o ps7_cortexa9_0/lib/xil_cache.o ps7_cortexa9_0/lib/xil_c
TRACE::2026-03-23.09:07:07::SCWMssOS::locking.o ps7_cortexa9_0/lib/xil_exception.o ps7_cortexa9_0/lib/xil_mem.o ps7_cortexa9_0/lib/xil_misc_psreset_api.o ps7_cortexa
TRACE::2026-03-23.09:07:07::SCWMssOS::9_0/lib/xil_mmu.o ps7_cortexa9_0/lib/xil_printf.o ps7_cortexa9_0/lib/xil_sleepcommon.o ps7_cortexa9_0/lib/xil_sleeptimer.o ps7_
TRACE::2026-03-23.09:07:07::SCWMssOS::cortexa9_0/lib/xil_spinlock.o ps7_cortexa9_0/lib/xil_testcache.o ps7_cortexa9_0/lib/xil_testio.o ps7_cortexa9_0/lib/xil_testmem
TRACE::2026-03-23.09:07:07::SCWMssOS::.o ps7_cortexa9_0/lib/xil_util.o ps7_cortexa9_0/lib/xinterrupt_wrap.o ps7_cortexa9_0/lib/xl2cc_counter.o ps7_cortexa9_0/lib/xpl
TRACE::2026-03-23.09:07:07::SCWMssOS::atform_info.o ps7_cortexa9_0/lib/xpm_counter.o ps7_cortexa9_0/lib/xqspips.o ps7_cortexa9_0/lib/xqspips_g.o ps7_cortexa9_0/lib/x
TRACE::2026-03-23.09:07:07::SCWMssOS::qspips_hw.o ps7_cortexa9_0/lib/xqspips_options.o ps7_cortexa9_0/lib/xqspips_selftest.o ps7_cortexa9_0/lib/xqspips_sinit.o ps7_c
TRACE::2026-03-23.09:07:07::SCWMssOS::ortexa9_0/lib/xscugic.o ps7_cortexa9_0/lib/xscugic_g.o ps7_cortexa9_0/lib/xscugic_hw.o ps7_cortexa9_0/lib/xscugic_intr.o ps7_co
TRACE::2026-03-23.09:07:07::SCWMssOS::rtexa9_0/lib/xscugic_selftest.o ps7_cortexa9_0/lib/xscugic_sinit.o ps7_cortexa9_0/lib/xscutimer.o ps7_cortexa9_0/lib/xscutimer_
TRACE::2026-03-23.09:07:07::SCWMssOS::g.o ps7_cortexa9_0/lib/xscutimer_selftest.o ps7_cortexa9_0/lib/xscutimer_sinit.o ps7_cortexa9_0/lib/xscuwdt.o ps7_cortexa9_0/li
TRACE::2026-03-23.09:07:07::SCWMssOS::b/xscuwdt_g.o ps7_cortexa9_0/lib/xscuwdt_selftest.o ps7_cortexa9_0/lib/xscuwdt_sinit.o ps7_cortexa9_0/lib/xsdps.o ps7_cortexa9_
TRACE::2026-03-23.09:07:07::SCWMssOS::0/lib/xsdps_card.o ps7_cortexa9_0/lib/xsdps_g.o ps7_cortexa9_0/lib/xsdps_host.o ps7_cortexa9_0/lib/xsdps_options.o ps7_cortexa9
TRACE::2026-03-23.09:07:07::SCWMssOS::_0/lib/xsdps_sinit.o ps7_cortexa9_0/lib/xtime_l.o ps7_cortexa9_0/lib/xuartps.o ps7_cortexa9_0/lib/xuartps_g.o ps7_cortexa9_0/li
TRACE::2026-03-23.09:07:07::SCWMssOS::b/xuartps_hw.o ps7_cortexa9_0/lib/xuartps_intr.o ps7_cortexa9_0/lib/xuartps_options.o ps7_cortexa9_0/lib/xuartps_selftest.o ps7
TRACE::2026-03-23.09:07:07::SCWMssOS::_cortexa9_0/lib/xuartps_sinit.o ps7_cortexa9_0/lib/xusbps.o ps7_cortexa9_0/lib/xusbps_endpoint.o ps7_cortexa9_0/lib/xusbps_g.o 
TRACE::2026-03-23.09:07:07::SCWMssOS::ps7_cortexa9_0/lib/xusbps_hw.o ps7_cortexa9_0/lib/xusbps_intr.o ps7_cortexa9_0/lib/xusbps_sinit.o

TRACE::2026-03-23.09:07:09::SCWMssOS::'Finished building libraries'

TRACE::2026-03-23.09:07:09::SCWMssOS::Copying to export directory.
TRACE::2026-03-23.09:07:09::SCWMssOS:: Checking if to create the Supporting Applications
TRACE::2026-03-23.09:07:09::SCWMssOS:: No Linux domain exists, trying to generate FSBL 
LOG::2026-03-23.09:07:09::SCWSystem::Completed Processing the domain standalone_domain
LOG::2026-03-23.09:07:09::SCWSystem::Completed Processing the sysconfig int_gen_plat
LOG::2026-03-23.09:07:09::SCWPlatform::Completed generating the artifacts for system configuration int_gen_plat
TRACE::2026-03-23.09:07:09::SCWPlatform::Started preparing the platform 
TRACE::2026-03-23.09:07:09::SCWSystem::Writing the bif file for system config int_gen_plat
TRACE::2026-03-23.09:07:09::SCWSystem::dir created 
TRACE::2026-03-23.09:07:09::SCWSystem::Writing the bif 
TRACE::2026-03-23.09:07:09::SCWPlatform::Started writing the spfm file 
TRACE::2026-03-23.09:07:09::SCWPlatform::Started writing the xpfm file 
TRACE::2026-03-23.09:07:09::SCWPlatform::Completed generating the platform
TRACE::2026-03-23.09:07:09::SCWMssOS::Saving the mss changes C:/Users/ER250/OneDrive/Documents/ECE520_SOC/ECE520_SandBox/int_gen_soc_re/int_gen_soc_vitis/int_gen_plat/zynq_fsbl/zynq_fsbl_bsp/system.mss
TRACE::2026-03-23.09:07:09::SCWMssOS::Found a swdesign opened with the mssfile.
TRACE::2026-03-23.09:07:09::SCWMssOS::Running validate of swdbs.
KEYINFO::2026-03-23.09:07:09::SCWMssOS::Could not open the swdb for system
KEYINFO::2026-03-23.09:07:09::SCWMssOS::Could not open the sw design at  system
ERROR: [Hsi 55-1558] Software Design system is not found

TRACE::2026-03-23.09:07:09::SCWMssOS::Cleared the swdb table entry
TRACE::2026-03-23.09:07:09::SCWMssOS::Adding the swdes entry, mss present, able to open swdb C:/Users/ER250/OneDrive/Documents/ECE520_SOC/ECE520_SandBox/int_gen_soc_re/int_gen_soc_vitis/int_gen_plat/zynq_fsbl/zynq_fsbl_bsp/system.mss with des name system
TRACE::2026-03-23.09:07:09::SCWMssOS::Writing the mss file completed C:/Users/ER250/OneDrive/Documents/ECE520_SOC/ECE520_SandBox/int_gen_soc_re/int_gen_soc_vitis/int_gen_plat/zynq_fsbl/zynq_fsbl_bsp/system.mss
TRACE::2026-03-23.09:07:09::SCWMssOS::Commit changes completed.
TRACE::2026-03-23.09:07:09::SCWMssOS::Saving the mss changes C:/Users/ER250/OneDrive/Documents/ECE520_SOC/ECE520_SandBox/int_gen_soc_re/int_gen_soc_vitis/int_gen_plat/ps7_cortexa9_0/standalone_domain/bsp/system.mss
TRACE::2026-03-23.09:07:09::SCWMssOS::Found a swdesign opened with the mssfile.
TRACE::2026-03-23.09:07:09::SCWMssOS::Completed writemss as part of save.
TRACE::2026-03-23.09:07:09::SCWMssOS::Commit changes completed.
TRACE::2026-03-23.09:07:09::SCWPlatform::Trying to open the hw design at C:/Users/ER250/OneDrive/Documents/ECE520_SOC/ECE520_SandBox/int_gen_soc_re/int_gen_soc_vitis/int_gen_plat/hw/int_gen_bd_re_wrapper.xsa
TRACE::2026-03-23.09:07:09::SCWPlatform::DSA given C:/Users/ER250/OneDrive/Documents/ECE520_SOC/ECE520_SandBox/int_gen_soc_re/int_gen_soc_vitis/int_gen_plat/hw/int_gen_bd_re_wrapper.xsa
TRACE::2026-03-23.09:07:09::SCWPlatform::DSA absoulate path C:/Users/ER250/OneDrive/Documents/ECE520_SOC/ECE520_SandBox/int_gen_soc_re/int_gen_soc_vitis/int_gen_plat/hw/int_gen_bd_re_wrapper.xsa
TRACE::2026-03-23.09:07:09::SCWPlatform::DSA directory C:/Users/ER250/OneDrive/Documents/ECE520_SOC/ECE520_SandBox/int_gen_soc_re/int_gen_soc_vitis/int_gen_plat/hw
TRACE::2026-03-23.09:07:09::SCWPlatform:: Platform Path C:/Users/ER250/OneDrive/Documents/ECE520_SOC/ECE520_SandBox/int_gen_soc_re/int_gen_soc_vitis/int_gen_plat/hw/int_gen_bd_re_wrapper.xsa
TRACE::2026-03-23.09:07:09::SCWPlatform:: Unique name xilinx:zybo-z7-10::0.0
TRACE::2026-03-23.09:07:09::SCWPlatform::Trying to set the existing hwdb with name int_gen_bd_re_wrapper
TRACE::2026-03-23.09:07:09::SCWPlatform::Opened existing hwdb int_gen_bd_re_wrapper
TRACE::2026-03-23.09:07:09::SCWPlatform::Found the Hw Db part of the input DSA
TRACE::2026-03-23.09:07:09::SCWMssOS::Checking the sw design at  C:/Users/ER250/OneDrive/Documents/ECE520_SOC/ECE520_SandBox/int_gen_soc_re/int_gen_soc_vitis/int_gen_plat/zynq_fsbl/zynq_fsbl_bsp/system.mss
TRACE::2026-03-23.09:07:09::SCWMssOS::DEBUG:  swdes dump  C:/Users/ER250/OneDrive/Documents/ECE520_SOC/ECE520_SandBox/int_gen_soc_re/int_gen_soc_vitis/int_gen_plat/ps7_cortexa9_0/standalone_domain/bsp/system.mss|system_0||
C:/Users/ER250/OneDrive/Documents/ECE520_SOC/ECE520_SandBox/int_gen_soc_re/int_gen_soc_vitis/int_gen_plat/zynq_fsbl/zynq_fsbl_bsp/system.mss|system||

TRACE::2026-03-23.09:07:09::SCWMssOS::Sw design exists and opened at  C:/Users/ER250/OneDrive/Documents/ECE520_SOC/ECE520_SandBox/int_gen_soc_re/int_gen_soc_vitis/int_gen_plat/zynq_fsbl/zynq_fsbl_bsp/system.mss
TRACE::2026-03-23.09:07:09::SCWPlatform::Trying to open the hw design at C:/Users/ER250/OneDrive/Documents/ECE520_SOC/ECE520_SandBox/int_gen_soc_re/int_gen_soc_vitis/int_gen_plat/hw/int_gen_bd_re_wrapper.xsa
TRACE::2026-03-23.09:07:09::SCWPlatform::DSA given C:/Users/ER250/OneDrive/Documents/ECE520_SOC/ECE520_SandBox/int_gen_soc_re/int_gen_soc_vitis/int_gen_plat/hw/int_gen_bd_re_wrapper.xsa
TRACE::2026-03-23.09:07:09::SCWPlatform::DSA absoulate path C:/Users/ER250/OneDrive/Documents/ECE520_SOC/ECE520_SandBox/int_gen_soc_re/int_gen_soc_vitis/int_gen_plat/hw/int_gen_bd_re_wrapper.xsa
TRACE::2026-03-23.09:07:09::SCWPlatform::DSA directory C:/Users/ER250/OneDrive/Documents/ECE520_SOC/ECE520_SandBox/int_gen_soc_re/int_gen_soc_vitis/int_gen_plat/hw
TRACE::2026-03-23.09:07:09::SCWPlatform:: Platform Path C:/Users/ER250/OneDrive/Documents/ECE520_SOC/ECE520_SandBox/int_gen_soc_re/int_gen_soc_vitis/int_gen_plat/hw/int_gen_bd_re_wrapper.xsa
TRACE::2026-03-23.09:07:09::SCWPlatform:: Unique name xilinx:zybo-z7-10::0.0
TRACE::2026-03-23.09:07:09::SCWPlatform::Trying to set the existing hwdb with name int_gen_bd_re_wrapper
TRACE::2026-03-23.09:07:09::SCWPlatform::Opened existing hwdb int_gen_bd_re_wrapper
TRACE::2026-03-23.09:07:09::SCWPlatform::Found the Hw Db part of the input DSA
TRACE::2026-03-23.09:07:09::SCWMssOS::Checking the sw design at  C:/Users/ER250/OneDrive/Documents/ECE520_SOC/ECE520_SandBox/int_gen_soc_re/int_gen_soc_vitis/int_gen_plat/ps7_cortexa9_0/standalone_domain/bsp/system.mss
TRACE::2026-03-23.09:07:09::SCWMssOS::DEBUG:  swdes dump  C:/Users/ER250/OneDrive/Documents/ECE520_SOC/ECE520_SandBox/int_gen_soc_re/int_gen_soc_vitis/int_gen_plat/ps7_cortexa9_0/standalone_domain/bsp/system.mss|system_0||
C:/Users/ER250/OneDrive/Documents/ECE520_SOC/ECE520_SandBox/int_gen_soc_re/int_gen_soc_vitis/int_gen_plat/zynq_fsbl/zynq_fsbl_bsp/system.mss|system||

TRACE::2026-03-23.09:07:09::SCWMssOS::Sw design exists and opened at  C:/Users/ER250/OneDrive/Documents/ECE520_SOC/ECE520_SandBox/int_gen_soc_re/int_gen_soc_vitis/int_gen_plat/ps7_cortexa9_0/standalone_domain/bsp/system.mss
TRACE::2026-03-23.09:07:09::SCWWriter::formatted JSON is {
	"platformName":	"int_gen_plat",
	"sprVersion":	"2.0",
	"mode":	"gui",
	"dsaType":	"Fixed",
	"platformDesc":	"int_gen_plat",
	"platHandOff":	"C:/Users/ER250/OneDrive/Documents/ECE520_SOC/ECE520_SandBox/int_gen_soc_re/int_gen_bd_re_wrapper.xsa",
	"platIntHandOff":	"<platformDir>/hw/int_gen_bd_re_wrapper.xsa",
	"deviceType":	"zynq",
	"platIsPrebuiltAutogen":	"false",
	"platIsNoBootBsp":	"false",
	"hasFsblMakeHasChanges":	"false",
	"hasPmufwMakeHasChanges":	"false",
	"fsblExtraCompilerFlags":	"-MMD -MP       -mcpu=cortex-a9 -mfpu=vfpv3 -mfloat-abi=hard ",
	"platPreBuiltFlag":	false,
	"platformSamplesDir":	"",
	"platActiveSys":	"int_gen_plat",
	"systems":	[{
			"systemName":	"int_gen_plat",
			"systemDesc":	"int_gen_plat",
			"sysIsBootAutoGen":	"true",
			"systemDispName":	"int_gen_plat",
			"sysActiveDom":	"standalone_domain",
			"sysDefaultDom":	"standalone_domain",
			"domains":	[{
					"domainName":	"zynq_fsbl",
					"domainDispName":	"zynq_fsbl",
					"domainDesc":	"FSBL Application BSP - Auto Generated.",
					"processors":	"ps7_cortexa9_0",
					"os":	"standalone",
					"sdxOs":	"standalone",
					"debugEnable":	"",
					"domRuntimes":	["cpp"],
					"swRepo":	"",
					"mssOsVer":	"8.1",
					"mssFile":	"",
					"md5Digest":	"710bbb872de411420e38ee1f9a6d73dd",
					"compatibleApp":	"zynq_fsbl",
					"domType":	"bootDomain",
					"arch":	"32-bit",
					"appSettings":	{
						"appCompilerFlags":	"",
						"appLinkerFlags":	""
					},
					"addedLibs":	["xilffs:5.0", "xilrsa:1.6"],
					"libOptions":	{
						"libsContainingOptions":	[]
					},
					"changedDrivers":	{
						"interrupt_generator_0":	"none:",
						"changedCells":	["interrupt_generator_0"]
					},
					"prebuiltLibs":	{
						"prebuiltIncPath":	[],
						"prebuiltLibPath":	[]
					},
					"isolation":	{
					}
				}, {
					"domainName":	"standalone_domain",
					"domainDispName":	"standalone on ps7_cortexa9_0",
					"domainDesc":	"standalone_domain",
					"processors":	"ps7_cortexa9_0",
					"os":	"standalone",
					"sdxOs":	"standalone",
					"qemuArgs":	"<platformDir>/resources/int_gen_plat/standalone_domain/qemu_args.txt",
					"qemuData":	"<platformDir>/resources/int_gen_plat/standalone_domain/qemu",
					"debugEnable":	"False",
					"domRuntimes":	["cpp"],
					"swRepo":	"",
					"mssOsVer":	"8.1",
					"mssFile":	"",
					"md5Digest":	"afe1403ea604de9520c811a3fdd9c4f7",
					"compatibleApp":	"",
					"domType":	"mssDomain",
					"appSettings":	{
						"appCompilerFlags":	"",
						"appLinkerFlags":	""
					},
					"addedLibs":	[],
					"libOptions":	{
						"libsContainingOptions":	[]
					},
					"changedDrivers":	{
						"interrupt_generator_0":	"none:",
						"changedCells":	["interrupt_generator_0"]
					},
					"prebuiltLibs":	{
						"prebuiltIncPath":	[],
						"prebuiltLibPath":	[]
					},
					"isolation":	{
					}
				}]
		}]
}
KEYINFO::2026-03-23.09:07:09::SCWPlatform::updated the xpfm file.
TRACE::2026-03-23.09:07:10::SCWPlatform::Trying to open the hw design at C:/Users/ER250/OneDrive/Documents/ECE520_SOC/ECE520_SandBox/int_gen_soc_re/int_gen_soc_vitis/int_gen_plat/hw/int_gen_bd_re_wrapper.xsa
TRACE::2026-03-23.09:07:10::SCWPlatform::DSA given C:/Users/ER250/OneDrive/Documents/ECE520_SOC/ECE520_SandBox/int_gen_soc_re/int_gen_soc_vitis/int_gen_plat/hw/int_gen_bd_re_wrapper.xsa
TRACE::2026-03-23.09:07:10::SCWPlatform::DSA absoulate path C:/Users/ER250/OneDrive/Documents/ECE520_SOC/ECE520_SandBox/int_gen_soc_re/int_gen_soc_vitis/int_gen_plat/hw/int_gen_bd_re_wrapper.xsa
TRACE::2026-03-23.09:07:10::SCWPlatform::DSA directory C:/Users/ER250/OneDrive/Documents/ECE520_SOC/ECE520_SandBox/int_gen_soc_re/int_gen_soc_vitis/int_gen_plat/hw
TRACE::2026-03-23.09:07:10::SCWPlatform:: Platform Path C:/Users/ER250/OneDrive/Documents/ECE520_SOC/ECE520_SandBox/int_gen_soc_re/int_gen_soc_vitis/int_gen_plat/hw/int_gen_bd_re_wrapper.xsa
TRACE::2026-03-23.09:07:10::SCWPlatform:: Unique name xilinx:zybo-z7-10::0.0
TRACE::2026-03-23.09:07:10::SCWPlatform::Trying to set the existing hwdb with name int_gen_bd_re_wrapper
TRACE::2026-03-23.09:07:10::SCWPlatform::Opened existing hwdb int_gen_bd_re_wrapper
TRACE::2026-03-23.09:07:10::SCWPlatform::Found the Hw Db part of the input DSA
TRACE::2026-03-23.09:07:10::SCWMssOS::Checking the sw design at  C:/Users/ER250/OneDrive/Documents/ECE520_SOC/ECE520_SandBox/int_gen_soc_re/int_gen_soc_vitis/int_gen_plat/ps7_cortexa9_0/standalone_domain/bsp/system.mss
TRACE::2026-03-23.09:07:10::SCWMssOS::DEBUG:  swdes dump  C:/Users/ER250/OneDrive/Documents/ECE520_SOC/ECE520_SandBox/int_gen_soc_re/int_gen_soc_vitis/int_gen_plat/ps7_cortexa9_0/standalone_domain/bsp/system.mss|system_0||
C:/Users/ER250/OneDrive/Documents/ECE520_SOC/ECE520_SandBox/int_gen_soc_re/int_gen_soc_vitis/int_gen_plat/zynq_fsbl/zynq_fsbl_bsp/system.mss|system||

TRACE::2026-03-23.09:07:10::SCWMssOS::Sw design exists and opened at  C:/Users/ER250/OneDrive/Documents/ECE520_SOC/ECE520_SandBox/int_gen_soc_re/int_gen_soc_vitis/int_gen_plat/ps7_cortexa9_0/standalone_domain/bsp/system.mss
TRACE::2026-03-23.09:27:15::SCWPlatform::Clearing the existing platform
TRACE::2026-03-23.09:27:15::SCWSystem::Clearing the existing sysconfig
TRACE::2026-03-23.09:27:15::SCWBDomain::clearing the fsbl build
TRACE::2026-03-23.09:27:15::SCWMssOS::Removing the swdes entry for  C:/Users/ER250/OneDrive/Documents/ECE520_SOC/ECE520_SandBox/int_gen_soc_re/int_gen_soc_vitis/int_gen_plat/zynq_fsbl/zynq_fsbl_bsp/system.mss
TRACE::2026-03-23.09:27:15::SCWMssOS::Removing the swdes entry for  C:/Users/ER250/OneDrive/Documents/ECE520_SOC/ECE520_SandBox/int_gen_soc_re/int_gen_soc_vitis/int_gen_plat/ps7_cortexa9_0/standalone_domain/bsp/system.mss
TRACE::2026-03-23.09:27:15::SCWSystem::Clearing the domains completed.
TRACE::2026-03-23.09:27:15::SCWPlatform::Clearing the opened hw db.
TRACE::2026-03-23.09:27:15::SCWPlatform::DSA given C:/Users/ER250/OneDrive/Documents/ECE520_SOC/ECE520_SandBox/int_gen_soc_re/int_gen_soc_vitis/int_gen_plat/hw/int_gen_bd_re_wrapper.xsa
TRACE::2026-03-23.09:27:15::SCWPlatform::DSA absoulate path C:/Users/ER250/OneDrive/Documents/ECE520_SOC/ECE520_SandBox/int_gen_soc_re/int_gen_soc_vitis/int_gen_plat/hw/int_gen_bd_re_wrapper.xsa
TRACE::2026-03-23.09:27:15::SCWPlatform:: Platform location is C:/Users/ER250/OneDrive/Documents/ECE520_SOC/ECE520_SandBox/int_gen_soc_re/int_gen_soc_vitis/int_gen_plat/hw
TRACE::2026-03-23.09:27:15::SCWPlatform:: Platform Path C:/Users/ER250/OneDrive/Documents/ECE520_SOC/ECE520_SandBox/int_gen_soc_re/int_gen_soc_vitis/int_gen_plat/hw/int_gen_bd_re_wrapper.xsa
TRACE::2026-03-23.09:27:15::SCWPlatform:: Unique name xilinx:zybo-z7-10::0.0
TRACE::2026-03-23.09:27:15::SCWPlatform::Removing the HwDB with name C:/Users/ER250/OneDrive/Documents/ECE520_SOC/ECE520_SandBox/int_gen_soc_re/int_gen_soc_vitis/int_gen_plat/hw/int_gen_bd_re_wrapper.xsa
TRACE::2026-03-23.09:27:15::SCWPlatform::Trying to open the hw design at C:/Users/ER250/OneDrive/Documents/ECE520_SOC/ECE520_SandBox/int_gen_soc_re/int_gen_soc_vitis/int_gen_plat/hw/int_gen_bd_re_wrapper.xsa
TRACE::2026-03-23.09:27:15::SCWPlatform::DSA given C:/Users/ER250/OneDrive/Documents/ECE520_SOC/ECE520_SandBox/int_gen_soc_re/int_gen_soc_vitis/int_gen_plat/hw/int_gen_bd_re_wrapper.xsa
TRACE::2026-03-23.09:27:15::SCWPlatform::DSA absoulate path C:/Users/ER250/OneDrive/Documents/ECE520_SOC/ECE520_SandBox/int_gen_soc_re/int_gen_soc_vitis/int_gen_plat/hw/int_gen_bd_re_wrapper.xsa
TRACE::2026-03-23.09:27:15::SCWPlatform::DSA directory C:/Users/ER250/OneDrive/Documents/ECE520_SOC/ECE520_SandBox/int_gen_soc_re/int_gen_soc_vitis/int_gen_plat/hw
TRACE::2026-03-23.09:27:15::SCWPlatform:: Platform Path C:/Users/ER250/OneDrive/Documents/ECE520_SOC/ECE520_SandBox/int_gen_soc_re/int_gen_soc_vitis/int_gen_plat/hw/int_gen_bd_re_wrapper.xsa
TRACE::2026-03-23.09:27:15::SCWPlatform:: Unique name xilinx:zybo-z7-10::0.0
TRACE::2026-03-23.09:27:15::SCWPlatform::Do not have an existing db opened. 
TRACE::2026-03-23.09:27:19::SCWPlatform::Opened new HwDB with name int_gen_bd_re_wrapper_4
TRACE::2026-03-23.09:27:19::SCWReader::Active system found as  int_gen_plat
TRACE::2026-03-23.09:27:19::SCWReader::Handling sysconfig int_gen_plat
TRACE::2026-03-23.09:27:19::SCWDomain::checking for install qemu data   : 
TRACE::2026-03-23.09:27:19::SCWDomain:: Using the QEMU Data from install at  : C:/Xilinx/Vitis/2023.1/data/emulation/platforms/zynq/sw/a9_standalone/qemu/
TRACE::2026-03-23.09:27:19::SCWDomain:: Using the QEMU args  from install at  : C:/Xilinx/Vitis/2023.1/data/emulation/platforms/zynq/sw/a9_standalone/qemu/qemu_args.txt
TRACE::2026-03-23.09:27:19::SCWPlatform::Trying to open the hw design at C:/Users/ER250/OneDrive/Documents/ECE520_SOC/ECE520_SandBox/int_gen_soc_re/int_gen_soc_vitis/int_gen_plat/hw/int_gen_bd_re_wrapper.xsa
TRACE::2026-03-23.09:27:19::SCWPlatform::DSA given C:/Users/ER250/OneDrive/Documents/ECE520_SOC/ECE520_SandBox/int_gen_soc_re/int_gen_soc_vitis/int_gen_plat/hw/int_gen_bd_re_wrapper.xsa
TRACE::2026-03-23.09:27:19::SCWPlatform::DSA absoulate path C:/Users/ER250/OneDrive/Documents/ECE520_SOC/ECE520_SandBox/int_gen_soc_re/int_gen_soc_vitis/int_gen_plat/hw/int_gen_bd_re_wrapper.xsa
TRACE::2026-03-23.09:27:19::SCWPlatform::DSA directory C:/Users/ER250/OneDrive/Documents/ECE520_SOC/ECE520_SandBox/int_gen_soc_re/int_gen_soc_vitis/int_gen_plat/hw
TRACE::2026-03-23.09:27:19::SCWPlatform:: Platform Path C:/Users/ER250/OneDrive/Documents/ECE520_SOC/ECE520_SandBox/int_gen_soc_re/int_gen_soc_vitis/int_gen_plat/hw/int_gen_bd_re_wrapper.xsa
TRACE::2026-03-23.09:27:19::SCWPlatform:: Unique name xilinx:zybo-z7-10::0.0
TRACE::2026-03-23.09:27:19::SCWPlatform::Trying to set the existing hwdb with name int_gen_bd_re_wrapper_4
TRACE::2026-03-23.09:27:19::SCWPlatform::Opened existing hwdb int_gen_bd_re_wrapper_4
TRACE::2026-03-23.09:27:19::SCWPlatform::Found the Hw Db part of the input DSA
TRACE::2026-03-23.09:27:19::SCWPlatform::Trying to open the hw design at C:/Users/ER250/OneDrive/Documents/ECE520_SOC/ECE520_SandBox/int_gen_soc_re/int_gen_soc_vitis/int_gen_plat/hw/int_gen_bd_re_wrapper.xsa
TRACE::2026-03-23.09:27:19::SCWPlatform::DSA given C:/Users/ER250/OneDrive/Documents/ECE520_SOC/ECE520_SandBox/int_gen_soc_re/int_gen_soc_vitis/int_gen_plat/hw/int_gen_bd_re_wrapper.xsa
TRACE::2026-03-23.09:27:19::SCWPlatform::DSA absoulate path C:/Users/ER250/OneDrive/Documents/ECE520_SOC/ECE520_SandBox/int_gen_soc_re/int_gen_soc_vitis/int_gen_plat/hw/int_gen_bd_re_wrapper.xsa
TRACE::2026-03-23.09:27:19::SCWPlatform::DSA directory C:/Users/ER250/OneDrive/Documents/ECE520_SOC/ECE520_SandBox/int_gen_soc_re/int_gen_soc_vitis/int_gen_plat/hw
TRACE::2026-03-23.09:27:19::SCWPlatform:: Platform Path C:/Users/ER250/OneDrive/Documents/ECE520_SOC/ECE520_SandBox/int_gen_soc_re/int_gen_soc_vitis/int_gen_plat/hw/int_gen_bd_re_wrapper.xsa
TRACE::2026-03-23.09:27:19::SCWPlatform:: Unique name xilinx:zybo-z7-10::0.0
TRACE::2026-03-23.09:27:19::SCWPlatform::Trying to set the existing hwdb with name int_gen_bd_re_wrapper_4
TRACE::2026-03-23.09:27:19::SCWPlatform::Opened existing hwdb int_gen_bd_re_wrapper_4
TRACE::2026-03-23.09:27:19::SCWPlatform::Found the Hw Db part of the input DSA
TRACE::2026-03-23.09:27:19::SCWPlatform::Trying to open the hw design at C:/Users/ER250/OneDrive/Documents/ECE520_SOC/ECE520_SandBox/int_gen_soc_re/int_gen_soc_vitis/int_gen_plat/hw/int_gen_bd_re_wrapper.xsa
TRACE::2026-03-23.09:27:19::SCWPlatform::DSA given C:/Users/ER250/OneDrive/Documents/ECE520_SOC/ECE520_SandBox/int_gen_soc_re/int_gen_soc_vitis/int_gen_plat/hw/int_gen_bd_re_wrapper.xsa
TRACE::2026-03-23.09:27:19::SCWPlatform::DSA absoulate path C:/Users/ER250/OneDrive/Documents/ECE520_SOC/ECE520_SandBox/int_gen_soc_re/int_gen_soc_vitis/int_gen_plat/hw/int_gen_bd_re_wrapper.xsa
TRACE::2026-03-23.09:27:19::SCWPlatform::DSA directory C:/Users/ER250/OneDrive/Documents/ECE520_SOC/ECE520_SandBox/int_gen_soc_re/int_gen_soc_vitis/int_gen_plat/hw
TRACE::2026-03-23.09:27:19::SCWPlatform:: Platform Path C:/Users/ER250/OneDrive/Documents/ECE520_SOC/ECE520_SandBox/int_gen_soc_re/int_gen_soc_vitis/int_gen_plat/hw/int_gen_bd_re_wrapper.xsa
TRACE::2026-03-23.09:27:19::SCWPlatform:: Unique name xilinx:zybo-z7-10::0.0
TRACE::2026-03-23.09:27:19::SCWPlatform::Trying to set the existing hwdb with name int_gen_bd_re_wrapper_4
TRACE::2026-03-23.09:27:19::SCWPlatform::Opened existing hwdb int_gen_bd_re_wrapper_4
TRACE::2026-03-23.09:27:19::SCWPlatform::Found the Hw Db part of the input DSA
TRACE::2026-03-23.09:27:19::SCWReader::Boot application domain added for zynq_fsbl
TRACE::2026-03-23.09:27:19::SCWPlatform::Trying to open the hw design at C:/Users/ER250/OneDrive/Documents/ECE520_SOC/ECE520_SandBox/int_gen_soc_re/int_gen_soc_vitis/int_gen_plat/hw/int_gen_bd_re_wrapper.xsa
TRACE::2026-03-23.09:27:19::SCWPlatform::DSA given C:/Users/ER250/OneDrive/Documents/ECE520_SOC/ECE520_SandBox/int_gen_soc_re/int_gen_soc_vitis/int_gen_plat/hw/int_gen_bd_re_wrapper.xsa
TRACE::2026-03-23.09:27:19::SCWPlatform::DSA absoulate path C:/Users/ER250/OneDrive/Documents/ECE520_SOC/ECE520_SandBox/int_gen_soc_re/int_gen_soc_vitis/int_gen_plat/hw/int_gen_bd_re_wrapper.xsa
TRACE::2026-03-23.09:27:19::SCWPlatform::DSA directory C:/Users/ER250/OneDrive/Documents/ECE520_SOC/ECE520_SandBox/int_gen_soc_re/int_gen_soc_vitis/int_gen_plat/hw
TRACE::2026-03-23.09:27:19::SCWPlatform:: Platform Path C:/Users/ER250/OneDrive/Documents/ECE520_SOC/ECE520_SandBox/int_gen_soc_re/int_gen_soc_vitis/int_gen_plat/hw/int_gen_bd_re_wrapper.xsa
TRACE::2026-03-23.09:27:19::SCWPlatform:: Unique name xilinx:zybo-z7-10::0.0
TRACE::2026-03-23.09:27:19::SCWPlatform::Trying to set the existing hwdb with name int_gen_bd_re_wrapper_4
TRACE::2026-03-23.09:27:19::SCWPlatform::Opened existing hwdb int_gen_bd_re_wrapper_4
TRACE::2026-03-23.09:27:19::SCWPlatform::Found the Hw Db part of the input DSA
TRACE::2026-03-23.09:27:19::SCWMssOS::Checking the sw design at  C:/Users/ER250/OneDrive/Documents/ECE520_SOC/ECE520_SandBox/int_gen_soc_re/int_gen_soc_vitis/int_gen_plat/zynq_fsbl/zynq_fsbl_bsp/system.mss
TRACE::2026-03-23.09:27:19::SCWMssOS::DEBUG:  swdes dump  
TRACE::2026-03-23.09:27:19::SCWMssOS::No sw design opened at  C:/Users/ER250/OneDrive/Documents/ECE520_SOC/ECE520_SandBox/int_gen_soc_re/int_gen_soc_vitis/int_gen_plat/zynq_fsbl/zynq_fsbl_bsp/system.mss
TRACE::2026-03-23.09:27:19::SCWMssOS::mss exists loading the mss file  C:/Users/ER250/OneDrive/Documents/ECE520_SOC/ECE520_SandBox/int_gen_soc_re/int_gen_soc_vitis/int_gen_plat/zynq_fsbl/zynq_fsbl_bsp/system.mss
TRACE::2026-03-23.09:27:19::SCWMssOS::Opened the sw design from mss  C:/Users/ER250/OneDrive/Documents/ECE520_SOC/ECE520_SandBox/int_gen_soc_re/int_gen_soc_vitis/int_gen_plat/zynq_fsbl/zynq_fsbl_bsp/system.mss
TRACE::2026-03-23.09:27:19::SCWMssOS::Adding the swdes entry C:/Users/ER250/OneDrive/Documents/ECE520_SOC/ECE520_SandBox/int_gen_soc_re/int_gen_soc_vitis/int_gen_plat/zynq_fsbl/zynq_fsbl_bsp/system.mss with des name system
TRACE::2026-03-23.09:27:19::SCWMssOS::updating the scw layer about changes
TRACE::2026-03-23.09:27:19::SCWMssOS::Opened the sw design.  C:/Users/ER250/OneDrive/Documents/ECE520_SOC/ECE520_SandBox/int_gen_soc_re/int_gen_soc_vitis/int_gen_plat/zynq_fsbl/zynq_fsbl_bsp/system.mss
TRACE::2026-03-23.09:27:19::SCWPlatform::Trying to open the hw design at C:/Users/ER250/OneDrive/Documents/ECE520_SOC/ECE520_SandBox/int_gen_soc_re/int_gen_soc_vitis/int_gen_plat/hw/int_gen_bd_re_wrapper.xsa
TRACE::2026-03-23.09:27:19::SCWPlatform::DSA given C:/Users/ER250/OneDrive/Documents/ECE520_SOC/ECE520_SandBox/int_gen_soc_re/int_gen_soc_vitis/int_gen_plat/hw/int_gen_bd_re_wrapper.xsa
TRACE::2026-03-23.09:27:19::SCWPlatform::DSA absoulate path C:/Users/ER250/OneDrive/Documents/ECE520_SOC/ECE520_SandBox/int_gen_soc_re/int_gen_soc_vitis/int_gen_plat/hw/int_gen_bd_re_wrapper.xsa
TRACE::2026-03-23.09:27:19::SCWPlatform::DSA directory C:/Users/ER250/OneDrive/Documents/ECE520_SOC/ECE520_SandBox/int_gen_soc_re/int_gen_soc_vitis/int_gen_plat/hw
TRACE::2026-03-23.09:27:19::SCWPlatform:: Platform Path C:/Users/ER250/OneDrive/Documents/ECE520_SOC/ECE520_SandBox/int_gen_soc_re/int_gen_soc_vitis/int_gen_plat/hw/int_gen_bd_re_wrapper.xsa
TRACE::2026-03-23.09:27:19::SCWPlatform:: Unique name xilinx:zybo-z7-10::0.0
TRACE::2026-03-23.09:27:19::SCWPlatform::Trying to set the existing hwdb with name int_gen_bd_re_wrapper_4
TRACE::2026-03-23.09:27:19::SCWPlatform::Opened existing hwdb int_gen_bd_re_wrapper_4
TRACE::2026-03-23.09:27:19::SCWPlatform::Found the Hw Db part of the input DSA
TRACE::2026-03-23.09:27:19::SCWMssOS::Checking the sw design at  C:/Users/ER250/OneDrive/Documents/ECE520_SOC/ECE520_SandBox/int_gen_soc_re/int_gen_soc_vitis/int_gen_plat/zynq_fsbl/zynq_fsbl_bsp/system.mss
TRACE::2026-03-23.09:27:19::SCWMssOS::DEBUG:  swdes dump  C:/Users/ER250/OneDrive/Documents/ECE520_SOC/ECE520_SandBox/int_gen_soc_re/int_gen_soc_vitis/int_gen_plat/zynq_fsbl/zynq_fsbl_bsp/system.mss|system||

TRACE::2026-03-23.09:27:19::SCWMssOS::Sw design exists and opened at  C:/Users/ER250/OneDrive/Documents/ECE520_SOC/ECE520_SandBox/int_gen_soc_re/int_gen_soc_vitis/int_gen_plat/zynq_fsbl/zynq_fsbl_bsp/system.mss
TRACE::2026-03-23.09:27:19::SCWMssOS:: library already available in sw design:  xilffs:5.0
TRACE::2026-03-23.09:27:19::SCWPlatform::Trying to open the hw design at C:/Users/ER250/OneDrive/Documents/ECE520_SOC/ECE520_SandBox/int_gen_soc_re/int_gen_soc_vitis/int_gen_plat/hw/int_gen_bd_re_wrapper.xsa
TRACE::2026-03-23.09:27:19::SCWPlatform::DSA given C:/Users/ER250/OneDrive/Documents/ECE520_SOC/ECE520_SandBox/int_gen_soc_re/int_gen_soc_vitis/int_gen_plat/hw/int_gen_bd_re_wrapper.xsa
TRACE::2026-03-23.09:27:19::SCWPlatform::DSA absoulate path C:/Users/ER250/OneDrive/Documents/ECE520_SOC/ECE520_SandBox/int_gen_soc_re/int_gen_soc_vitis/int_gen_plat/hw/int_gen_bd_re_wrapper.xsa
TRACE::2026-03-23.09:27:19::SCWPlatform::DSA directory C:/Users/ER250/OneDrive/Documents/ECE520_SOC/ECE520_SandBox/int_gen_soc_re/int_gen_soc_vitis/int_gen_plat/hw
TRACE::2026-03-23.09:27:19::SCWPlatform:: Platform Path C:/Users/ER250/OneDrive/Documents/ECE520_SOC/ECE520_SandBox/int_gen_soc_re/int_gen_soc_vitis/int_gen_plat/hw/int_gen_bd_re_wrapper.xsa
TRACE::2026-03-23.09:27:19::SCWPlatform:: Unique name xilinx:zybo-z7-10::0.0
TRACE::2026-03-23.09:27:19::SCWPlatform::Trying to set the existing hwdb with name int_gen_bd_re_wrapper_4
TRACE::2026-03-23.09:27:19::SCWPlatform::Opened existing hwdb int_gen_bd_re_wrapper_4
TRACE::2026-03-23.09:27:19::SCWPlatform::Found the Hw Db part of the input DSA
TRACE::2026-03-23.09:27:19::SCWMssOS::Checking the sw design at  C:/Users/ER250/OneDrive/Documents/ECE520_SOC/ECE520_SandBox/int_gen_soc_re/int_gen_soc_vitis/int_gen_plat/zynq_fsbl/zynq_fsbl_bsp/system.mss
TRACE::2026-03-23.09:27:19::SCWMssOS::DEBUG:  swdes dump  C:/Users/ER250/OneDrive/Documents/ECE520_SOC/ECE520_SandBox/int_gen_soc_re/int_gen_soc_vitis/int_gen_plat/zynq_fsbl/zynq_fsbl_bsp/system.mss|system||

TRACE::2026-03-23.09:27:19::SCWMssOS::Sw design exists and opened at  C:/Users/ER250/OneDrive/Documents/ECE520_SOC/ECE520_SandBox/int_gen_soc_re/int_gen_soc_vitis/int_gen_plat/zynq_fsbl/zynq_fsbl_bsp/system.mss
TRACE::2026-03-23.09:27:19::SCWMssOS:: library already available in sw design:  xilrsa:1.6
TRACE::2026-03-23.09:27:19::SCWPlatform::Trying to open the hw design at C:/Users/ER250/OneDrive/Documents/ECE520_SOC/ECE520_SandBox/int_gen_soc_re/int_gen_soc_vitis/int_gen_plat/hw/int_gen_bd_re_wrapper.xsa
TRACE::2026-03-23.09:27:19::SCWPlatform::DSA given C:/Users/ER250/OneDrive/Documents/ECE520_SOC/ECE520_SandBox/int_gen_soc_re/int_gen_soc_vitis/int_gen_plat/hw/int_gen_bd_re_wrapper.xsa
TRACE::2026-03-23.09:27:19::SCWPlatform::DSA absoulate path C:/Users/ER250/OneDrive/Documents/ECE520_SOC/ECE520_SandBox/int_gen_soc_re/int_gen_soc_vitis/int_gen_plat/hw/int_gen_bd_re_wrapper.xsa
TRACE::2026-03-23.09:27:19::SCWPlatform::DSA directory C:/Users/ER250/OneDrive/Documents/ECE520_SOC/ECE520_SandBox/int_gen_soc_re/int_gen_soc_vitis/int_gen_plat/hw
TRACE::2026-03-23.09:27:19::SCWPlatform:: Platform Path C:/Users/ER250/OneDrive/Documents/ECE520_SOC/ECE520_SandBox/int_gen_soc_re/int_gen_soc_vitis/int_gen_plat/hw/int_gen_bd_re_wrapper.xsa
TRACE::2026-03-23.09:27:19::SCWPlatform:: Unique name xilinx:zybo-z7-10::0.0
TRACE::2026-03-23.09:27:19::SCWPlatform::Trying to set the existing hwdb with name int_gen_bd_re_wrapper_4
TRACE::2026-03-23.09:27:19::SCWPlatform::Opened existing hwdb int_gen_bd_re_wrapper_4
TRACE::2026-03-23.09:27:19::SCWPlatform::Found the Hw Db part of the input DSA
TRACE::2026-03-23.09:27:19::SCWMssOS::Checking the sw design at  C:/Users/ER250/OneDrive/Documents/ECE520_SOC/ECE520_SandBox/int_gen_soc_re/int_gen_soc_vitis/int_gen_plat/zynq_fsbl/zynq_fsbl_bsp/system.mss
TRACE::2026-03-23.09:27:19::SCWMssOS::DEBUG:  swdes dump  C:/Users/ER250/OneDrive/Documents/ECE520_SOC/ECE520_SandBox/int_gen_soc_re/int_gen_soc_vitis/int_gen_plat/zynq_fsbl/zynq_fsbl_bsp/system.mss|system||

TRACE::2026-03-23.09:27:19::SCWMssOS::Sw design exists and opened at  C:/Users/ER250/OneDrive/Documents/ECE520_SOC/ECE520_SandBox/int_gen_soc_re/int_gen_soc_vitis/int_gen_plat/zynq_fsbl/zynq_fsbl_bsp/system.mss
TRACE::2026-03-23.09:27:19::SCWMssOS::Saving the mss changes C:/Users/ER250/OneDrive/Documents/ECE520_SOC/ECE520_SandBox/int_gen_soc_re/int_gen_soc_vitis/int_gen_plat/zynq_fsbl/zynq_fsbl_bsp/system.mss
TRACE::2026-03-23.09:27:19::SCWMssOS::Found a swdesign opened with the mssfile.
TRACE::2026-03-23.09:27:19::SCWMssOS::Completed writemss as part of save.
TRACE::2026-03-23.09:27:19::SCWMssOS::Commit changes completed.
TRACE::2026-03-23.09:27:19::SCWReader::Adding prebuilt librarypaths as   
TRACE::2026-03-23.09:27:19::SCWReader::Adding prebuilt incpaths  as   
TRACE::2026-03-23.09:27:19::SCWPlatform::Trying to open the hw design at C:/Users/ER250/OneDrive/Documents/ECE520_SOC/ECE520_SandBox/int_gen_soc_re/int_gen_soc_vitis/int_gen_plat/hw/int_gen_bd_re_wrapper.xsa
TRACE::2026-03-23.09:27:19::SCWPlatform::DSA given C:/Users/ER250/OneDrive/Documents/ECE520_SOC/ECE520_SandBox/int_gen_soc_re/int_gen_soc_vitis/int_gen_plat/hw/int_gen_bd_re_wrapper.xsa
TRACE::2026-03-23.09:27:19::SCWPlatform::DSA absoulate path C:/Users/ER250/OneDrive/Documents/ECE520_SOC/ECE520_SandBox/int_gen_soc_re/int_gen_soc_vitis/int_gen_plat/hw/int_gen_bd_re_wrapper.xsa
TRACE::2026-03-23.09:27:19::SCWPlatform::DSA directory C:/Users/ER250/OneDrive/Documents/ECE520_SOC/ECE520_SandBox/int_gen_soc_re/int_gen_soc_vitis/int_gen_plat/hw
TRACE::2026-03-23.09:27:19::SCWPlatform:: Platform Path C:/Users/ER250/OneDrive/Documents/ECE520_SOC/ECE520_SandBox/int_gen_soc_re/int_gen_soc_vitis/int_gen_plat/hw/int_gen_bd_re_wrapper.xsa
TRACE::2026-03-23.09:27:19::SCWPlatform:: Unique name xilinx:zybo-z7-10::0.0
TRACE::2026-03-23.09:27:19::SCWPlatform::Trying to set the existing hwdb with name int_gen_bd_re_wrapper_4
TRACE::2026-03-23.09:27:19::SCWPlatform::Opened existing hwdb int_gen_bd_re_wrapper_4
TRACE::2026-03-23.09:27:19::SCWPlatform::Found the Hw Db part of the input DSA
TRACE::2026-03-23.09:27:19::SCWMssOS::Checking the sw design at  C:/Users/ER250/OneDrive/Documents/ECE520_SOC/ECE520_SandBox/int_gen_soc_re/int_gen_soc_vitis/int_gen_plat/zynq_fsbl/zynq_fsbl_bsp/system.mss
TRACE::2026-03-23.09:27:19::SCWMssOS::DEBUG:  swdes dump  C:/Users/ER250/OneDrive/Documents/ECE520_SOC/ECE520_SandBox/int_gen_soc_re/int_gen_soc_vitis/int_gen_plat/zynq_fsbl/zynq_fsbl_bsp/system.mss|system||

TRACE::2026-03-23.09:27:19::SCWMssOS::Sw design exists and opened at  C:/Users/ER250/OneDrive/Documents/ECE520_SOC/ECE520_SandBox/int_gen_soc_re/int_gen_soc_vitis/int_gen_plat/zynq_fsbl/zynq_fsbl_bsp/system.mss
TRACE::2026-03-23.09:27:19::SCWReader::No isolation master present  
TRACE::2026-03-23.09:27:19::SCWDomain::checking for install qemu data   : 
TRACE::2026-03-23.09:27:19::SCWDomain:: Using the QEMU Data from install at  : C:/Xilinx/Vitis/2023.1/data/emulation/platforms/zynq/sw/a9_standalone/qemu/
TRACE::2026-03-23.09:27:19::SCWDomain:: Using the QEMU args  from install at  : C:/Xilinx/Vitis/2023.1/data/emulation/platforms/zynq/sw/a9_standalone/qemu/qemu_args.txt
TRACE::2026-03-23.09:27:19::SCWPlatform::Trying to open the hw design at C:/Users/ER250/OneDrive/Documents/ECE520_SOC/ECE520_SandBox/int_gen_soc_re/int_gen_soc_vitis/int_gen_plat/hw/int_gen_bd_re_wrapper.xsa
TRACE::2026-03-23.09:27:19::SCWPlatform::DSA given C:/Users/ER250/OneDrive/Documents/ECE520_SOC/ECE520_SandBox/int_gen_soc_re/int_gen_soc_vitis/int_gen_plat/hw/int_gen_bd_re_wrapper.xsa
TRACE::2026-03-23.09:27:19::SCWPlatform::DSA absoulate path C:/Users/ER250/OneDrive/Documents/ECE520_SOC/ECE520_SandBox/int_gen_soc_re/int_gen_soc_vitis/int_gen_plat/hw/int_gen_bd_re_wrapper.xsa
TRACE::2026-03-23.09:27:19::SCWPlatform::DSA directory C:/Users/ER250/OneDrive/Documents/ECE520_SOC/ECE520_SandBox/int_gen_soc_re/int_gen_soc_vitis/int_gen_plat/hw
TRACE::2026-03-23.09:27:19::SCWPlatform:: Platform Path C:/Users/ER250/OneDrive/Documents/ECE520_SOC/ECE520_SandBox/int_gen_soc_re/int_gen_soc_vitis/int_gen_plat/hw/int_gen_bd_re_wrapper.xsa
TRACE::2026-03-23.09:27:19::SCWPlatform:: Unique name xilinx:zybo-z7-10::0.0
TRACE::2026-03-23.09:27:19::SCWPlatform::Trying to set the existing hwdb with name int_gen_bd_re_wrapper_4
TRACE::2026-03-23.09:27:19::SCWPlatform::Opened existing hwdb int_gen_bd_re_wrapper_4
TRACE::2026-03-23.09:27:19::SCWPlatform::Found the Hw Db part of the input DSA
TRACE::2026-03-23.09:27:19::SCWPlatform::Trying to open the hw design at C:/Users/ER250/OneDrive/Documents/ECE520_SOC/ECE520_SandBox/int_gen_soc_re/int_gen_soc_vitis/int_gen_plat/hw/int_gen_bd_re_wrapper.xsa
TRACE::2026-03-23.09:27:19::SCWPlatform::DSA given C:/Users/ER250/OneDrive/Documents/ECE520_SOC/ECE520_SandBox/int_gen_soc_re/int_gen_soc_vitis/int_gen_plat/hw/int_gen_bd_re_wrapper.xsa
TRACE::2026-03-23.09:27:19::SCWPlatform::DSA absoulate path C:/Users/ER250/OneDrive/Documents/ECE520_SOC/ECE520_SandBox/int_gen_soc_re/int_gen_soc_vitis/int_gen_plat/hw/int_gen_bd_re_wrapper.xsa
TRACE::2026-03-23.09:27:19::SCWPlatform::DSA directory C:/Users/ER250/OneDrive/Documents/ECE520_SOC/ECE520_SandBox/int_gen_soc_re/int_gen_soc_vitis/int_gen_plat/hw
TRACE::2026-03-23.09:27:19::SCWPlatform:: Platform Path C:/Users/ER250/OneDrive/Documents/ECE520_SOC/ECE520_SandBox/int_gen_soc_re/int_gen_soc_vitis/int_gen_plat/hw/int_gen_bd_re_wrapper.xsa
TRACE::2026-03-23.09:27:19::SCWPlatform:: Unique name xilinx:zybo-z7-10::0.0
TRACE::2026-03-23.09:27:19::SCWPlatform::Trying to set the existing hwdb with name int_gen_bd_re_wrapper_4
TRACE::2026-03-23.09:27:19::SCWPlatform::Opened existing hwdb int_gen_bd_re_wrapper_4
TRACE::2026-03-23.09:27:19::SCWPlatform::Found the Hw Db part of the input DSA
TRACE::2026-03-23.09:27:19::SCWPlatform::Trying to open the hw design at C:/Users/ER250/OneDrive/Documents/ECE520_SOC/ECE520_SandBox/int_gen_soc_re/int_gen_soc_vitis/int_gen_plat/hw/int_gen_bd_re_wrapper.xsa
TRACE::2026-03-23.09:27:19::SCWPlatform::DSA given C:/Users/ER250/OneDrive/Documents/ECE520_SOC/ECE520_SandBox/int_gen_soc_re/int_gen_soc_vitis/int_gen_plat/hw/int_gen_bd_re_wrapper.xsa
TRACE::2026-03-23.09:27:19::SCWPlatform::DSA absoulate path C:/Users/ER250/OneDrive/Documents/ECE520_SOC/ECE520_SandBox/int_gen_soc_re/int_gen_soc_vitis/int_gen_plat/hw/int_gen_bd_re_wrapper.xsa
TRACE::2026-03-23.09:27:19::SCWPlatform::DSA directory C:/Users/ER250/OneDrive/Documents/ECE520_SOC/ECE520_SandBox/int_gen_soc_re/int_gen_soc_vitis/int_gen_plat/hw
TRACE::2026-03-23.09:27:19::SCWPlatform:: Platform Path C:/Users/ER250/OneDrive/Documents/ECE520_SOC/ECE520_SandBox/int_gen_soc_re/int_gen_soc_vitis/int_gen_plat/hw/int_gen_bd_re_wrapper.xsa
TRACE::2026-03-23.09:27:19::SCWPlatform:: Unique name xilinx:zybo-z7-10::0.0
TRACE::2026-03-23.09:27:19::SCWPlatform::Trying to set the existing hwdb with name int_gen_bd_re_wrapper_4
TRACE::2026-03-23.09:27:19::SCWPlatform::Opened existing hwdb int_gen_bd_re_wrapper_4
TRACE::2026-03-23.09:27:19::SCWPlatform::Found the Hw Db part of the input DSA
TRACE::2026-03-23.09:27:19::SCWMssOS::Checking the sw design at  C:/Users/ER250/OneDrive/Documents/ECE520_SOC/ECE520_SandBox/int_gen_soc_re/int_gen_soc_vitis/int_gen_plat/ps7_cortexa9_0/standalone_domain/bsp/system.mss
TRACE::2026-03-23.09:27:19::SCWMssOS::DEBUG:  swdes dump  C:/Users/ER250/OneDrive/Documents/ECE520_SOC/ECE520_SandBox/int_gen_soc_re/int_gen_soc_vitis/int_gen_plat/zynq_fsbl/zynq_fsbl_bsp/system.mss|system||

TRACE::2026-03-23.09:27:19::SCWMssOS::No sw design opened at  C:/Users/ER250/OneDrive/Documents/ECE520_SOC/ECE520_SandBox/int_gen_soc_re/int_gen_soc_vitis/int_gen_plat/ps7_cortexa9_0/standalone_domain/bsp/system.mss
TRACE::2026-03-23.09:27:19::SCWMssOS::mss exists loading the mss file  C:/Users/ER250/OneDrive/Documents/ECE520_SOC/ECE520_SandBox/int_gen_soc_re/int_gen_soc_vitis/int_gen_plat/ps7_cortexa9_0/standalone_domain/bsp/system.mss
TRACE::2026-03-23.09:27:19::SCWMssOS::Opened the sw design from mss  C:/Users/ER250/OneDrive/Documents/ECE520_SOC/ECE520_SandBox/int_gen_soc_re/int_gen_soc_vitis/int_gen_plat/ps7_cortexa9_0/standalone_domain/bsp/system.mss
TRACE::2026-03-23.09:27:19::SCWMssOS::Adding the swdes entry C:/Users/ER250/OneDrive/Documents/ECE520_SOC/ECE520_SandBox/int_gen_soc_re/int_gen_soc_vitis/int_gen_plat/ps7_cortexa9_0/standalone_domain/bsp/system.mss with des name system_0
TRACE::2026-03-23.09:27:19::SCWMssOS::updating the scw layer about changes
TRACE::2026-03-23.09:27:19::SCWMssOS::Opened the sw design.  C:/Users/ER250/OneDrive/Documents/ECE520_SOC/ECE520_SandBox/int_gen_soc_re/int_gen_soc_vitis/int_gen_plat/ps7_cortexa9_0/standalone_domain/bsp/system.mss
TRACE::2026-03-23.09:27:19::SCWPlatform::Trying to open the hw design at C:/Users/ER250/OneDrive/Documents/ECE520_SOC/ECE520_SandBox/int_gen_soc_re/int_gen_soc_vitis/int_gen_plat/hw/int_gen_bd_re_wrapper.xsa
TRACE::2026-03-23.09:27:19::SCWPlatform::DSA given C:/Users/ER250/OneDrive/Documents/ECE520_SOC/ECE520_SandBox/int_gen_soc_re/int_gen_soc_vitis/int_gen_plat/hw/int_gen_bd_re_wrapper.xsa
TRACE::2026-03-23.09:27:19::SCWPlatform::DSA absoulate path C:/Users/ER250/OneDrive/Documents/ECE520_SOC/ECE520_SandBox/int_gen_soc_re/int_gen_soc_vitis/int_gen_plat/hw/int_gen_bd_re_wrapper.xsa
TRACE::2026-03-23.09:27:19::SCWPlatform::DSA directory C:/Users/ER250/OneDrive/Documents/ECE520_SOC/ECE520_SandBox/int_gen_soc_re/int_gen_soc_vitis/int_gen_plat/hw
TRACE::2026-03-23.09:27:19::SCWPlatform:: Platform Path C:/Users/ER250/OneDrive/Documents/ECE520_SOC/ECE520_SandBox/int_gen_soc_re/int_gen_soc_vitis/int_gen_plat/hw/int_gen_bd_re_wrapper.xsa
TRACE::2026-03-23.09:27:19::SCWPlatform:: Unique name xilinx:zybo-z7-10::0.0
TRACE::2026-03-23.09:27:19::SCWPlatform::Trying to set the existing hwdb with name int_gen_bd_re_wrapper_4
TRACE::2026-03-23.09:27:19::SCWPlatform::Opened existing hwdb int_gen_bd_re_wrapper_4
TRACE::2026-03-23.09:27:19::SCWPlatform::Found the Hw Db part of the input DSA
TRACE::2026-03-23.09:27:19::SCWMssOS::Checking the sw design at  C:/Users/ER250/OneDrive/Documents/ECE520_SOC/ECE520_SandBox/int_gen_soc_re/int_gen_soc_vitis/int_gen_plat/ps7_cortexa9_0/standalone_domain/bsp/system.mss
TRACE::2026-03-23.09:27:19::SCWMssOS::DEBUG:  swdes dump  C:/Users/ER250/OneDrive/Documents/ECE520_SOC/ECE520_SandBox/int_gen_soc_re/int_gen_soc_vitis/int_gen_plat/ps7_cortexa9_0/standalone_domain/bsp/system.mss|system_0||
C:/Users/ER250/OneDrive/Documents/ECE520_SOC/ECE520_SandBox/int_gen_soc_re/int_gen_soc_vitis/int_gen_plat/zynq_fsbl/zynq_fsbl_bsp/system.mss|system||

TRACE::2026-03-23.09:27:19::SCWMssOS::Sw design exists and opened at  C:/Users/ER250/OneDrive/Documents/ECE520_SOC/ECE520_SandBox/int_gen_soc_re/int_gen_soc_vitis/int_gen_plat/ps7_cortexa9_0/standalone_domain/bsp/system.mss
TRACE::2026-03-23.09:27:19::SCWMssOS::Saving the mss changes C:/Users/ER250/OneDrive/Documents/ECE520_SOC/ECE520_SandBox/int_gen_soc_re/int_gen_soc_vitis/int_gen_plat/ps7_cortexa9_0/standalone_domain/bsp/system.mss
TRACE::2026-03-23.09:27:19::SCWMssOS::Found a swdesign opened with the mssfile.
TRACE::2026-03-23.09:27:19::SCWMssOS::Completed writemss as part of save.
TRACE::2026-03-23.09:27:19::SCWMssOS::Commit changes completed.
TRACE::2026-03-23.09:27:19::SCWReader::Adding prebuilt librarypaths as   
TRACE::2026-03-23.09:27:19::SCWReader::Adding prebuilt incpaths  as   
TRACE::2026-03-23.09:27:19::SCWPlatform::Trying to open the hw design at C:/Users/ER250/OneDrive/Documents/ECE520_SOC/ECE520_SandBox/int_gen_soc_re/int_gen_soc_vitis/int_gen_plat/hw/int_gen_bd_re_wrapper.xsa
TRACE::2026-03-23.09:27:19::SCWPlatform::DSA given C:/Users/ER250/OneDrive/Documents/ECE520_SOC/ECE520_SandBox/int_gen_soc_re/int_gen_soc_vitis/int_gen_plat/hw/int_gen_bd_re_wrapper.xsa
TRACE::2026-03-23.09:27:19::SCWPlatform::DSA absoulate path C:/Users/ER250/OneDrive/Documents/ECE520_SOC/ECE520_SandBox/int_gen_soc_re/int_gen_soc_vitis/int_gen_plat/hw/int_gen_bd_re_wrapper.xsa
TRACE::2026-03-23.09:27:19::SCWPlatform::DSA directory C:/Users/ER250/OneDrive/Documents/ECE520_SOC/ECE520_SandBox/int_gen_soc_re/int_gen_soc_vitis/int_gen_plat/hw
TRACE::2026-03-23.09:27:19::SCWPlatform:: Platform Path C:/Users/ER250/OneDrive/Documents/ECE520_SOC/ECE520_SandBox/int_gen_soc_re/int_gen_soc_vitis/int_gen_plat/hw/int_gen_bd_re_wrapper.xsa
TRACE::2026-03-23.09:27:19::SCWPlatform:: Unique name xilinx:zybo-z7-10::0.0
TRACE::2026-03-23.09:27:19::SCWPlatform::Trying to set the existing hwdb with name int_gen_bd_re_wrapper_4
TRACE::2026-03-23.09:27:19::SCWPlatform::Opened existing hwdb int_gen_bd_re_wrapper_4
TRACE::2026-03-23.09:27:19::SCWPlatform::Found the Hw Db part of the input DSA
TRACE::2026-03-23.09:27:19::SCWMssOS::Checking the sw design at  C:/Users/ER250/OneDrive/Documents/ECE520_SOC/ECE520_SandBox/int_gen_soc_re/int_gen_soc_vitis/int_gen_plat/ps7_cortexa9_0/standalone_domain/bsp/system.mss
TRACE::2026-03-23.09:27:19::SCWMssOS::DEBUG:  swdes dump  C:/Users/ER250/OneDrive/Documents/ECE520_SOC/ECE520_SandBox/int_gen_soc_re/int_gen_soc_vitis/int_gen_plat/ps7_cortexa9_0/standalone_domain/bsp/system.mss|system_0||
C:/Users/ER250/OneDrive/Documents/ECE520_SOC/ECE520_SandBox/int_gen_soc_re/int_gen_soc_vitis/int_gen_plat/zynq_fsbl/zynq_fsbl_bsp/system.mss|system||

TRACE::2026-03-23.09:27:19::SCWMssOS::Sw design exists and opened at  C:/Users/ER250/OneDrive/Documents/ECE520_SOC/ECE520_SandBox/int_gen_soc_re/int_gen_soc_vitis/int_gen_plat/ps7_cortexa9_0/standalone_domain/bsp/system.mss
TRACE::2026-03-23.09:27:19::SCWReader::No isolation master present  
LOG::2026-03-23.09:35:22::SCWPlatform::Started generating the artifacts platform int_gen_plat
TRACE::2026-03-23.09:35:22::SCWPlatform::Sanity checking of platform is completed
LOG::2026-03-23.09:35:22::SCWPlatform::Started generating the artifacts for system configuration int_gen_plat
LOG::2026-03-23.09:35:22::SCWSystem::Checking the domain zynq_fsbl
LOG::2026-03-23.09:35:22::SCWSystem::Doing application build for :  zynq_fsbl
TRACE::2026-03-23.09:35:22::SCWBDomain::Not a forced makefile updation, No changes are present. 
TRACE::2026-03-23.09:35:22::SCWDomain::Skipping the build for domain :  zynq_fsbl
LOG::2026-03-23.09:35:22::SCWSystem::Checking the domain standalone_domain
LOG::2026-03-23.09:35:22::SCWSystem::Not a boot domain 
LOG::2026-03-23.09:35:22::SCWSystem::Started Processing the domain standalone_domain
TRACE::2026-03-23.09:35:22::SCWDomain::Generating domain artifcats
TRACE::2026-03-23.09:35:22::SCWMssOS::Generating standalone artifcats
TRACE::2026-03-23.09:35:22::SCWMssOS::Copying the qemu file from  C:/Users/ER250/OneDrive/Documents/ECE520_SOC/ECE520_SandBox/int_gen_soc_re/int_gen_soc_vitis/int_gen_plat/resources/int_gen_plat/standalone_domain/qemu_args.txt To C:/Users/ER250/OneDrive/Documents/ECE520_SOC/ECE520_SandBox/int_gen_soc_re/int_gen_soc_vitis/int_gen_plat/export/int_gen_plat/sw/int_gen_plat/qemu/
TRACE::2026-03-23.09:35:22::SCWMssOS::Copying the qemu file from  C:/Users/ER250/OneDrive/Documents/ECE520_SOC/ECE520_SandBox/int_gen_soc_re/int_gen_soc_vitis/int_gen_plat/resources/int_gen_plat/standalone_domain/qemu_args.txt To C:/Users/ER250/OneDrive/Documents/ECE520_SOC/ECE520_SandBox/int_gen_soc_re/int_gen_soc_vitis/int_gen_plat/export/int_gen_plat/sw/int_gen_plat/standalone_domain/qemu/
TRACE::2026-03-23.09:35:22::SCWMssOS:: Copying the user libraries. 
TRACE::2026-03-23.09:35:22::SCWPlatform::Trying to open the hw design at C:/Users/ER250/OneDrive/Documents/ECE520_SOC/ECE520_SandBox/int_gen_soc_re/int_gen_soc_vitis/int_gen_plat/hw/int_gen_bd_re_wrapper.xsa
TRACE::2026-03-23.09:35:22::SCWPlatform::DSA given C:/Users/ER250/OneDrive/Documents/ECE520_SOC/ECE520_SandBox/int_gen_soc_re/int_gen_soc_vitis/int_gen_plat/hw/int_gen_bd_re_wrapper.xsa
TRACE::2026-03-23.09:35:22::SCWPlatform::DSA absoulate path C:/Users/ER250/OneDrive/Documents/ECE520_SOC/ECE520_SandBox/int_gen_soc_re/int_gen_soc_vitis/int_gen_plat/hw/int_gen_bd_re_wrapper.xsa
TRACE::2026-03-23.09:35:22::SCWPlatform::DSA directory C:/Users/ER250/OneDrive/Documents/ECE520_SOC/ECE520_SandBox/int_gen_soc_re/int_gen_soc_vitis/int_gen_plat/hw
TRACE::2026-03-23.09:35:22::SCWPlatform:: Platform Path C:/Users/ER250/OneDrive/Documents/ECE520_SOC/ECE520_SandBox/int_gen_soc_re/int_gen_soc_vitis/int_gen_plat/hw/int_gen_bd_re_wrapper.xsa
TRACE::2026-03-23.09:35:22::SCWPlatform:: Unique name xilinx:zybo-z7-10::0.0
TRACE::2026-03-23.09:35:22::SCWPlatform::Trying to set the existing hwdb with name int_gen_bd_re_wrapper_4
TRACE::2026-03-23.09:35:22::SCWPlatform::Opened existing hwdb int_gen_bd_re_wrapper_4
TRACE::2026-03-23.09:35:22::SCWPlatform::Found the Hw Db part of the input DSA
TRACE::2026-03-23.09:35:22::SCWMssOS::Checking the sw design at  C:/Users/ER250/OneDrive/Documents/ECE520_SOC/ECE520_SandBox/int_gen_soc_re/int_gen_soc_vitis/int_gen_plat/ps7_cortexa9_0/standalone_domain/bsp/system.mss
TRACE::2026-03-23.09:35:22::SCWMssOS::DEBUG:  swdes dump  C:/Users/ER250/OneDrive/Documents/ECE520_SOC/ECE520_SandBox/int_gen_soc_re/int_gen_soc_vitis/int_gen_plat/ps7_cortexa9_0/standalone_domain/bsp/system.mss|system_0||
C:/Users/ER250/OneDrive/Documents/ECE520_SOC/ECE520_SandBox/int_gen_soc_re/int_gen_soc_vitis/int_gen_plat/zynq_fsbl/zynq_fsbl_bsp/system.mss|system||

TRACE::2026-03-23.09:35:22::SCWMssOS::Sw design exists and opened at  C:/Users/ER250/OneDrive/Documents/ECE520_SOC/ECE520_SandBox/int_gen_soc_re/int_gen_soc_vitis/int_gen_plat/ps7_cortexa9_0/standalone_domain/bsp/system.mss
TRACE::2026-03-23.09:35:22::SCWMssOS::Completed writing the mss file at C:/Users/ER250/OneDrive/Documents/ECE520_SOC/ECE520_SandBox/int_gen_soc_re/int_gen_soc_vitis/int_gen_plat/ps7_cortexa9_0/standalone_domain/bsp
TRACE::2026-03-23.09:35:22::SCWMssOS::Mss edits present, copying mssfile into export location C:/Users/ER250/OneDrive/Documents/ECE520_SOC/ECE520_SandBox/int_gen_soc_re/int_gen_soc_vitis/int_gen_plat/ps7_cortexa9_0/standalone_domain/bsp/system.mss
TRACE::2026-03-23.09:35:22::SCWMssOS::bsp generated is upto date with the mss file. Skipping bsp generation.
TRACE::2026-03-23.09:35:22::SCWMssOS::BSP is already built. skipping the bsp build ... 
TRACE::2026-03-23.09:35:22::SCWDomain::Skipping the build for domain :  standalone_domain
TRACE::2026-03-23.09:35:22::SCWMssOS::skipping the bsp build ... 
TRACE::2026-03-23.09:35:22::SCWMssOS::Copying to export directory.
TRACE::2026-03-23.09:35:23::SCWMssOS:: Checking if to create the Supporting Applications
TRACE::2026-03-23.09:35:23::SCWMssOS:: No Linux domain exists, trying to generate FSBL 
LOG::2026-03-23.09:35:23::SCWSystem::Completed Processing the domain standalone_domain
LOG::2026-03-23.09:35:23::SCWSystem::Completed Processing the sysconfig int_gen_plat
LOG::2026-03-23.09:35:23::SCWPlatform::Completed generating the artifacts for system configuration int_gen_plat
TRACE::2026-03-23.09:35:23::SCWPlatform::Started preparing the platform 
TRACE::2026-03-23.09:35:23::SCWSystem::Writing the bif file for system config int_gen_plat
TRACE::2026-03-23.09:35:23::SCWSystem::dir created 
TRACE::2026-03-23.09:35:23::SCWSystem::Writing the bif 
TRACE::2026-03-23.09:35:23::SCWPlatform::Started writing the spfm file 
TRACE::2026-03-23.09:35:23::SCWPlatform::Started writing the xpfm file 
TRACE::2026-03-23.09:35:23::SCWPlatform::Completed generating the platform
TRACE::2026-03-23.09:35:23::SCWMssOS::Saving the mss changes C:/Users/ER250/OneDrive/Documents/ECE520_SOC/ECE520_SandBox/int_gen_soc_re/int_gen_soc_vitis/int_gen_plat/zynq_fsbl/zynq_fsbl_bsp/system.mss
TRACE::2026-03-23.09:35:23::SCWMssOS::Found a swdesign opened with the mssfile.
TRACE::2026-03-23.09:35:23::SCWMssOS::Completed writemss as part of save.
TRACE::2026-03-23.09:35:23::SCWMssOS::Commit changes completed.
TRACE::2026-03-23.09:35:23::SCWMssOS::Saving the mss changes C:/Users/ER250/OneDrive/Documents/ECE520_SOC/ECE520_SandBox/int_gen_soc_re/int_gen_soc_vitis/int_gen_plat/ps7_cortexa9_0/standalone_domain/bsp/system.mss
TRACE::2026-03-23.09:35:23::SCWMssOS::Found a swdesign opened with the mssfile.
TRACE::2026-03-23.09:35:23::SCWMssOS::Completed writemss as part of save.
TRACE::2026-03-23.09:35:23::SCWMssOS::Commit changes completed.
TRACE::2026-03-23.09:35:23::SCWPlatform::Trying to open the hw design at C:/Users/ER250/OneDrive/Documents/ECE520_SOC/ECE520_SandBox/int_gen_soc_re/int_gen_soc_vitis/int_gen_plat/hw/int_gen_bd_re_wrapper.xsa
TRACE::2026-03-23.09:35:23::SCWPlatform::DSA given C:/Users/ER250/OneDrive/Documents/ECE520_SOC/ECE520_SandBox/int_gen_soc_re/int_gen_soc_vitis/int_gen_plat/hw/int_gen_bd_re_wrapper.xsa
TRACE::2026-03-23.09:35:23::SCWPlatform::DSA absoulate path C:/Users/ER250/OneDrive/Documents/ECE520_SOC/ECE520_SandBox/int_gen_soc_re/int_gen_soc_vitis/int_gen_plat/hw/int_gen_bd_re_wrapper.xsa
TRACE::2026-03-23.09:35:23::SCWPlatform::DSA directory C:/Users/ER250/OneDrive/Documents/ECE520_SOC/ECE520_SandBox/int_gen_soc_re/int_gen_soc_vitis/int_gen_plat/hw
TRACE::2026-03-23.09:35:23::SCWPlatform:: Platform Path C:/Users/ER250/OneDrive/Documents/ECE520_SOC/ECE520_SandBox/int_gen_soc_re/int_gen_soc_vitis/int_gen_plat/hw/int_gen_bd_re_wrapper.xsa
TRACE::2026-03-23.09:35:23::SCWPlatform:: Unique name xilinx:zybo-z7-10::0.0
TRACE::2026-03-23.09:35:23::SCWPlatform::Trying to set the existing hwdb with name int_gen_bd_re_wrapper_4
TRACE::2026-03-23.09:35:23::SCWPlatform::Opened existing hwdb int_gen_bd_re_wrapper_4
TRACE::2026-03-23.09:35:23::SCWPlatform::Found the Hw Db part of the input DSA
TRACE::2026-03-23.09:35:23::SCWMssOS::Checking the sw design at  C:/Users/ER250/OneDrive/Documents/ECE520_SOC/ECE520_SandBox/int_gen_soc_re/int_gen_soc_vitis/int_gen_plat/zynq_fsbl/zynq_fsbl_bsp/system.mss
TRACE::2026-03-23.09:35:23::SCWMssOS::DEBUG:  swdes dump  C:/Users/ER250/OneDrive/Documents/ECE520_SOC/ECE520_SandBox/int_gen_soc_re/int_gen_soc_vitis/int_gen_plat/ps7_cortexa9_0/standalone_domain/bsp/system.mss|system_0||
C:/Users/ER250/OneDrive/Documents/ECE520_SOC/ECE520_SandBox/int_gen_soc_re/int_gen_soc_vitis/int_gen_plat/zynq_fsbl/zynq_fsbl_bsp/system.mss|system||

TRACE::2026-03-23.09:35:23::SCWMssOS::Sw design exists and opened at  C:/Users/ER250/OneDrive/Documents/ECE520_SOC/ECE520_SandBox/int_gen_soc_re/int_gen_soc_vitis/int_gen_plat/zynq_fsbl/zynq_fsbl_bsp/system.mss
TRACE::2026-03-23.09:35:23::SCWPlatform::Trying to open the hw design at C:/Users/ER250/OneDrive/Documents/ECE520_SOC/ECE520_SandBox/int_gen_soc_re/int_gen_soc_vitis/int_gen_plat/hw/int_gen_bd_re_wrapper.xsa
TRACE::2026-03-23.09:35:23::SCWPlatform::DSA given C:/Users/ER250/OneDrive/Documents/ECE520_SOC/ECE520_SandBox/int_gen_soc_re/int_gen_soc_vitis/int_gen_plat/hw/int_gen_bd_re_wrapper.xsa
TRACE::2026-03-23.09:35:23::SCWPlatform::DSA absoulate path C:/Users/ER250/OneDrive/Documents/ECE520_SOC/ECE520_SandBox/int_gen_soc_re/int_gen_soc_vitis/int_gen_plat/hw/int_gen_bd_re_wrapper.xsa
TRACE::2026-03-23.09:35:23::SCWPlatform::DSA directory C:/Users/ER250/OneDrive/Documents/ECE520_SOC/ECE520_SandBox/int_gen_soc_re/int_gen_soc_vitis/int_gen_plat/hw
TRACE::2026-03-23.09:35:23::SCWPlatform:: Platform Path C:/Users/ER250/OneDrive/Documents/ECE520_SOC/ECE520_SandBox/int_gen_soc_re/int_gen_soc_vitis/int_gen_plat/hw/int_gen_bd_re_wrapper.xsa
TRACE::2026-03-23.09:35:23::SCWPlatform:: Unique name xilinx:zybo-z7-10::0.0
TRACE::2026-03-23.09:35:23::SCWPlatform::Trying to set the existing hwdb with name int_gen_bd_re_wrapper_4
TRACE::2026-03-23.09:35:23::SCWPlatform::Opened existing hwdb int_gen_bd_re_wrapper_4
TRACE::2026-03-23.09:35:23::SCWPlatform::Found the Hw Db part of the input DSA
TRACE::2026-03-23.09:35:23::SCWMssOS::Checking the sw design at  C:/Users/ER250/OneDrive/Documents/ECE520_SOC/ECE520_SandBox/int_gen_soc_re/int_gen_soc_vitis/int_gen_plat/ps7_cortexa9_0/standalone_domain/bsp/system.mss
TRACE::2026-03-23.09:35:23::SCWMssOS::DEBUG:  swdes dump  C:/Users/ER250/OneDrive/Documents/ECE520_SOC/ECE520_SandBox/int_gen_soc_re/int_gen_soc_vitis/int_gen_plat/ps7_cortexa9_0/standalone_domain/bsp/system.mss|system_0||
C:/Users/ER250/OneDrive/Documents/ECE520_SOC/ECE520_SandBox/int_gen_soc_re/int_gen_soc_vitis/int_gen_plat/zynq_fsbl/zynq_fsbl_bsp/system.mss|system||

TRACE::2026-03-23.09:35:23::SCWMssOS::Sw design exists and opened at  C:/Users/ER250/OneDrive/Documents/ECE520_SOC/ECE520_SandBox/int_gen_soc_re/int_gen_soc_vitis/int_gen_plat/ps7_cortexa9_0/standalone_domain/bsp/system.mss
TRACE::2026-03-23.09:35:23::SCWWriter::formatted JSON is {
	"platformName":	"int_gen_plat",
	"sprVersion":	"2.0",
	"mode":	"gui",
	"dsaType":	"Fixed",
	"platformDesc":	"int_gen_plat",
	"platHandOff":	"C:/Users/ER250/OneDrive/Documents/ECE520_SOC/ECE520_SandBox/int_gen_soc_re/int_gen_bd_re_wrapper.xsa",
	"platIntHandOff":	"<platformDir>/hw/int_gen_bd_re_wrapper.xsa",
	"deviceType":	"zynq",
	"platIsPrebuiltAutogen":	"false",
	"platIsNoBootBsp":	"false",
	"hasFsblMakeHasChanges":	"false",
	"hasPmufwMakeHasChanges":	"false",
	"fsblExtraCompilerFlags":	"-MMD -MP       -mcpu=cortex-a9 -mfpu=vfpv3 -mfloat-abi=hard ",
	"platPreBuiltFlag":	false,
	"platformSamplesDir":	"",
	"platActiveSys":	"int_gen_plat",
	"systems":	[{
			"systemName":	"int_gen_plat",
			"systemDesc":	"int_gen_plat",
			"sysIsBootAutoGen":	"true",
			"systemDispName":	"int_gen_plat",
			"sysActiveDom":	"standalone_domain",
			"sysDefaultDom":	"standalone_domain",
			"domains":	[{
					"domainName":	"zynq_fsbl",
					"domainDispName":	"zynq_fsbl",
					"domainDesc":	"FSBL Application BSP - Auto Generated.",
					"processors":	"ps7_cortexa9_0",
					"os":	"standalone",
					"sdxOs":	"standalone",
					"debugEnable":	"",
					"domRuntimes":	["cpp"],
					"swRepo":	"",
					"mssOsVer":	"8.1",
					"mssFile":	"",
					"md5Digest":	"710bbb872de411420e38ee1f9a6d73dd",
					"compatibleApp":	"zynq_fsbl",
					"domType":	"bootDomain",
					"arch":	"32-bit",
					"appSettings":	{
						"appCompilerFlags":	"",
						"appLinkerFlags":	""
					},
					"addedLibs":	["xilffs:5.0", "xilrsa:1.6"],
					"libOptions":	{
						"libsContainingOptions":	[]
					},
					"changedDrivers":	{
						"interrupt_generator_0":	"none:",
						"changedCells":	["interrupt_generator_0"]
					},
					"prebuiltLibs":	{
						"prebuiltIncPath":	[],
						"prebuiltLibPath":	[]
					},
					"isolation":	{
					}
				}, {
					"domainName":	"standalone_domain",
					"domainDispName":	"standalone on ps7_cortexa9_0",
					"domainDesc":	"standalone_domain",
					"processors":	"ps7_cortexa9_0",
					"os":	"standalone",
					"sdxOs":	"standalone",
					"qemuArgs":	"<platformDir>/resources/int_gen_plat/standalone_domain/qemu_args.txt",
					"qemuData":	"<platformDir>/resources/int_gen_plat/standalone_domain/qemu",
					"debugEnable":	"False",
					"domRuntimes":	["cpp"],
					"swRepo":	"",
					"mssOsVer":	"8.1",
					"mssFile":	"",
					"md5Digest":	"afe1403ea604de9520c811a3fdd9c4f7",
					"compatibleApp":	"",
					"domType":	"mssDomain",
					"appSettings":	{
						"appCompilerFlags":	"",
						"appLinkerFlags":	""
					},
					"addedLibs":	[],
					"libOptions":	{
						"libsContainingOptions":	[]
					},
					"changedDrivers":	{
						"interrupt_generator_0":	"none:",
						"changedCells":	["interrupt_generator_0"]
					},
					"prebuiltLibs":	{
						"prebuiltIncPath":	[],
						"prebuiltLibPath":	[]
					},
					"isolation":	{
					}
				}]
		}]
}
KEYINFO::2026-03-23.09:35:23::SCWPlatform::updated the xpfm file.
TRACE::2026-03-23.09:35:24::SCWPlatform::Trying to open the hw design at C:/Users/ER250/OneDrive/Documents/ECE520_SOC/ECE520_SandBox/int_gen_soc_re/int_gen_soc_vitis/int_gen_plat/hw/int_gen_bd_re_wrapper.xsa
TRACE::2026-03-23.09:35:24::SCWPlatform::DSA given C:/Users/ER250/OneDrive/Documents/ECE520_SOC/ECE520_SandBox/int_gen_soc_re/int_gen_soc_vitis/int_gen_plat/hw/int_gen_bd_re_wrapper.xsa
TRACE::2026-03-23.09:35:24::SCWPlatform::DSA absoulate path C:/Users/ER250/OneDrive/Documents/ECE520_SOC/ECE520_SandBox/int_gen_soc_re/int_gen_soc_vitis/int_gen_plat/hw/int_gen_bd_re_wrapper.xsa
TRACE::2026-03-23.09:35:24::SCWPlatform::DSA directory C:/Users/ER250/OneDrive/Documents/ECE520_SOC/ECE520_SandBox/int_gen_soc_re/int_gen_soc_vitis/int_gen_plat/hw
TRACE::2026-03-23.09:35:24::SCWPlatform:: Platform Path C:/Users/ER250/OneDrive/Documents/ECE520_SOC/ECE520_SandBox/int_gen_soc_re/int_gen_soc_vitis/int_gen_plat/hw/int_gen_bd_re_wrapper.xsa
TRACE::2026-03-23.09:35:24::SCWPlatform:: Unique name xilinx:zybo-z7-10::0.0
TRACE::2026-03-23.09:35:24::SCWPlatform::Trying to set the existing hwdb with name int_gen_bd_re_wrapper_4
TRACE::2026-03-23.09:35:24::SCWPlatform::Opened existing hwdb int_gen_bd_re_wrapper_4
TRACE::2026-03-23.09:35:24::SCWPlatform::Found the Hw Db part of the input DSA
TRACE::2026-03-23.09:35:24::SCWMssOS::Checking the sw design at  C:/Users/ER250/OneDrive/Documents/ECE520_SOC/ECE520_SandBox/int_gen_soc_re/int_gen_soc_vitis/int_gen_plat/ps7_cortexa9_0/standalone_domain/bsp/system.mss
TRACE::2026-03-23.09:35:24::SCWMssOS::DEBUG:  swdes dump  C:/Users/ER250/OneDrive/Documents/ECE520_SOC/ECE520_SandBox/int_gen_soc_re/int_gen_soc_vitis/int_gen_plat/ps7_cortexa9_0/standalone_domain/bsp/system.mss|system_0||
C:/Users/ER250/OneDrive/Documents/ECE520_SOC/ECE520_SandBox/int_gen_soc_re/int_gen_soc_vitis/int_gen_plat/zynq_fsbl/zynq_fsbl_bsp/system.mss|system||

TRACE::2026-03-23.09:35:24::SCWMssOS::Sw design exists and opened at  C:/Users/ER250/OneDrive/Documents/ECE520_SOC/ECE520_SandBox/int_gen_soc_re/int_gen_soc_vitis/int_gen_plat/ps7_cortexa9_0/standalone_domain/bsp/system.mss
TRACE::2026-03-29.19:29:19::SCWPlatform::Trying to open the hw design at C:/Users/ER250/OneDrive/Documents/ECE520_SOC/ECE520_SandBox/int_gen_soc_re/int_gen_soc_vitis/int_gen_plat/hw/int_gen_bd_re_wrapper.xsa
TRACE::2026-03-29.19:29:19::SCWPlatform::DSA given C:/Users/ER250/OneDrive/Documents/ECE520_SOC/ECE520_SandBox/int_gen_soc_re/int_gen_soc_vitis/int_gen_plat/hw/int_gen_bd_re_wrapper.xsa
TRACE::2026-03-29.19:29:19::SCWPlatform::DSA absoulate path C:/Users/ER250/OneDrive/Documents/ECE520_SOC/ECE520_SandBox/int_gen_soc_re/int_gen_soc_vitis/int_gen_plat/hw/int_gen_bd_re_wrapper.xsa
TRACE::2026-03-29.19:29:19::SCWPlatform::DSA directory C:/Users/ER250/OneDrive/Documents/ECE520_SOC/ECE520_SandBox/int_gen_soc_re/int_gen_soc_vitis/int_gen_plat/hw
TRACE::2026-03-29.19:29:19::SCWPlatform:: Platform Path C:/Users/ER250/OneDrive/Documents/ECE520_SOC/ECE520_SandBox/int_gen_soc_re/int_gen_soc_vitis/int_gen_plat/hw/int_gen_bd_re_wrapper.xsa
TRACE::2026-03-29.19:29:19::SCWPlatform:: Unique name xilinx:zybo-z7-10::0.0
TRACE::2026-03-29.19:29:19::SCWPlatform::Do not have an existing db opened. 
TRACE::2026-03-29.19:29:21::SCWPlatform::Opened new HwDB with name int_gen_bd_re_wrapper
TRACE::2026-03-29.19:29:21::SCWReader::Active system found as  int_gen_plat
TRACE::2026-03-29.19:29:21::SCWReader::Handling sysconfig int_gen_plat
TRACE::2026-03-29.19:29:21::SCWDomain::checking for install qemu data   : 
TRACE::2026-03-29.19:29:21::SCWDomain:: Using the QEMU Data from install at  : C:/Xilinx/Vitis/2023.1/data/emulation/platforms/zynq/sw/a9_standalone/qemu/
TRACE::2026-03-29.19:29:21::SCWDomain:: Using the QEMU args  from install at  : C:/Xilinx/Vitis/2023.1/data/emulation/platforms/zynq/sw/a9_standalone/qemu/qemu_args.txt
TRACE::2026-03-29.19:29:21::SCWPlatform::Trying to open the hw design at C:/Users/ER250/OneDrive/Documents/ECE520_SOC/ECE520_SandBox/int_gen_soc_re/int_gen_soc_vitis/int_gen_plat/hw/int_gen_bd_re_wrapper.xsa
TRACE::2026-03-29.19:29:21::SCWPlatform::DSA given C:/Users/ER250/OneDrive/Documents/ECE520_SOC/ECE520_SandBox/int_gen_soc_re/int_gen_soc_vitis/int_gen_plat/hw/int_gen_bd_re_wrapper.xsa
TRACE::2026-03-29.19:29:21::SCWPlatform::DSA absoulate path C:/Users/ER250/OneDrive/Documents/ECE520_SOC/ECE520_SandBox/int_gen_soc_re/int_gen_soc_vitis/int_gen_plat/hw/int_gen_bd_re_wrapper.xsa
TRACE::2026-03-29.19:29:21::SCWPlatform::DSA directory C:/Users/ER250/OneDrive/Documents/ECE520_SOC/ECE520_SandBox/int_gen_soc_re/int_gen_soc_vitis/int_gen_plat/hw
TRACE::2026-03-29.19:29:21::SCWPlatform:: Platform Path C:/Users/ER250/OneDrive/Documents/ECE520_SOC/ECE520_SandBox/int_gen_soc_re/int_gen_soc_vitis/int_gen_plat/hw/int_gen_bd_re_wrapper.xsa
TRACE::2026-03-29.19:29:21::SCWPlatform:: Unique name xilinx:zybo-z7-10::0.0
TRACE::2026-03-29.19:29:21::SCWPlatform::Trying to set the existing hwdb with name int_gen_bd_re_wrapper
TRACE::2026-03-29.19:29:21::SCWPlatform::Opened existing hwdb int_gen_bd_re_wrapper
TRACE::2026-03-29.19:29:21::SCWPlatform::Found the Hw Db part of the input DSA
TRACE::2026-03-29.19:29:21::SCWPlatform::Trying to open the hw design at C:/Users/ER250/OneDrive/Documents/ECE520_SOC/ECE520_SandBox/int_gen_soc_re/int_gen_soc_vitis/int_gen_plat/hw/int_gen_bd_re_wrapper.xsa
TRACE::2026-03-29.19:29:21::SCWPlatform::DSA given C:/Users/ER250/OneDrive/Documents/ECE520_SOC/ECE520_SandBox/int_gen_soc_re/int_gen_soc_vitis/int_gen_plat/hw/int_gen_bd_re_wrapper.xsa
TRACE::2026-03-29.19:29:21::SCWPlatform::DSA absoulate path C:/Users/ER250/OneDrive/Documents/ECE520_SOC/ECE520_SandBox/int_gen_soc_re/int_gen_soc_vitis/int_gen_plat/hw/int_gen_bd_re_wrapper.xsa
TRACE::2026-03-29.19:29:21::SCWPlatform::DSA directory C:/Users/ER250/OneDrive/Documents/ECE520_SOC/ECE520_SandBox/int_gen_soc_re/int_gen_soc_vitis/int_gen_plat/hw
TRACE::2026-03-29.19:29:21::SCWPlatform:: Platform Path C:/Users/ER250/OneDrive/Documents/ECE520_SOC/ECE520_SandBox/int_gen_soc_re/int_gen_soc_vitis/int_gen_plat/hw/int_gen_bd_re_wrapper.xsa
TRACE::2026-03-29.19:29:21::SCWPlatform:: Unique name xilinx:zybo-z7-10::0.0
TRACE::2026-03-29.19:29:21::SCWPlatform::Trying to set the existing hwdb with name int_gen_bd_re_wrapper
TRACE::2026-03-29.19:29:21::SCWPlatform::Opened existing hwdb int_gen_bd_re_wrapper
TRACE::2026-03-29.19:29:21::SCWPlatform::Found the Hw Db part of the input DSA
TRACE::2026-03-29.19:29:21::SCWPlatform::Trying to open the hw design at C:/Users/ER250/OneDrive/Documents/ECE520_SOC/ECE520_SandBox/int_gen_soc_re/int_gen_soc_vitis/int_gen_plat/hw/int_gen_bd_re_wrapper.xsa
TRACE::2026-03-29.19:29:21::SCWPlatform::DSA given C:/Users/ER250/OneDrive/Documents/ECE520_SOC/ECE520_SandBox/int_gen_soc_re/int_gen_soc_vitis/int_gen_plat/hw/int_gen_bd_re_wrapper.xsa
TRACE::2026-03-29.19:29:21::SCWPlatform::DSA absoulate path C:/Users/ER250/OneDrive/Documents/ECE520_SOC/ECE520_SandBox/int_gen_soc_re/int_gen_soc_vitis/int_gen_plat/hw/int_gen_bd_re_wrapper.xsa
TRACE::2026-03-29.19:29:21::SCWPlatform::DSA directory C:/Users/ER250/OneDrive/Documents/ECE520_SOC/ECE520_SandBox/int_gen_soc_re/int_gen_soc_vitis/int_gen_plat/hw
TRACE::2026-03-29.19:29:21::SCWPlatform:: Platform Path C:/Users/ER250/OneDrive/Documents/ECE520_SOC/ECE520_SandBox/int_gen_soc_re/int_gen_soc_vitis/int_gen_plat/hw/int_gen_bd_re_wrapper.xsa
TRACE::2026-03-29.19:29:21::SCWPlatform:: Unique name xilinx:zybo-z7-10::0.0
TRACE::2026-03-29.19:29:21::SCWPlatform::Trying to set the existing hwdb with name int_gen_bd_re_wrapper
TRACE::2026-03-29.19:29:21::SCWPlatform::Opened existing hwdb int_gen_bd_re_wrapper
TRACE::2026-03-29.19:29:21::SCWPlatform::Found the Hw Db part of the input DSA
TRACE::2026-03-29.19:29:21::SCWReader::Boot application domain added for zynq_fsbl
TRACE::2026-03-29.19:29:21::SCWPlatform::Trying to open the hw design at C:/Users/ER250/OneDrive/Documents/ECE520_SOC/ECE520_SandBox/int_gen_soc_re/int_gen_soc_vitis/int_gen_plat/hw/int_gen_bd_re_wrapper.xsa
TRACE::2026-03-29.19:29:21::SCWPlatform::DSA given C:/Users/ER250/OneDrive/Documents/ECE520_SOC/ECE520_SandBox/int_gen_soc_re/int_gen_soc_vitis/int_gen_plat/hw/int_gen_bd_re_wrapper.xsa
TRACE::2026-03-29.19:29:21::SCWPlatform::DSA absoulate path C:/Users/ER250/OneDrive/Documents/ECE520_SOC/ECE520_SandBox/int_gen_soc_re/int_gen_soc_vitis/int_gen_plat/hw/int_gen_bd_re_wrapper.xsa
TRACE::2026-03-29.19:29:21::SCWPlatform::DSA directory C:/Users/ER250/OneDrive/Documents/ECE520_SOC/ECE520_SandBox/int_gen_soc_re/int_gen_soc_vitis/int_gen_plat/hw
TRACE::2026-03-29.19:29:21::SCWPlatform:: Platform Path C:/Users/ER250/OneDrive/Documents/ECE520_SOC/ECE520_SandBox/int_gen_soc_re/int_gen_soc_vitis/int_gen_plat/hw/int_gen_bd_re_wrapper.xsa
TRACE::2026-03-29.19:29:21::SCWPlatform:: Unique name xilinx:zybo-z7-10::0.0
TRACE::2026-03-29.19:29:21::SCWPlatform::Trying to set the existing hwdb with name int_gen_bd_re_wrapper
TRACE::2026-03-29.19:29:21::SCWPlatform::Opened existing hwdb int_gen_bd_re_wrapper
TRACE::2026-03-29.19:29:21::SCWPlatform::Found the Hw Db part of the input DSA
TRACE::2026-03-29.19:29:21::SCWMssOS::Checking the sw design at  C:/Users/ER250/OneDrive/Documents/ECE520_SOC/ECE520_SandBox/int_gen_soc_re/int_gen_soc_vitis/int_gen_plat/zynq_fsbl/zynq_fsbl_bsp/system.mss
TRACE::2026-03-29.19:29:21::SCWMssOS::DEBUG:  swdes dump  
TRACE::2026-03-29.19:29:21::SCWMssOS::No sw design opened at  C:/Users/ER250/OneDrive/Documents/ECE520_SOC/ECE520_SandBox/int_gen_soc_re/int_gen_soc_vitis/int_gen_plat/zynq_fsbl/zynq_fsbl_bsp/system.mss
TRACE::2026-03-29.19:29:21::SCWMssOS::mss exists loading the mss file  C:/Users/ER250/OneDrive/Documents/ECE520_SOC/ECE520_SandBox/int_gen_soc_re/int_gen_soc_vitis/int_gen_plat/zynq_fsbl/zynq_fsbl_bsp/system.mss
TRACE::2026-03-29.19:29:21::SCWMssOS::Opened the sw design from mss  C:/Users/ER250/OneDrive/Documents/ECE520_SOC/ECE520_SandBox/int_gen_soc_re/int_gen_soc_vitis/int_gen_plat/zynq_fsbl/zynq_fsbl_bsp/system.mss
TRACE::2026-03-29.19:29:21::SCWMssOS::Adding the swdes entry C:/Users/ER250/OneDrive/Documents/ECE520_SOC/ECE520_SandBox/int_gen_soc_re/int_gen_soc_vitis/int_gen_plat/zynq_fsbl/zynq_fsbl_bsp/system.mss with des name system
TRACE::2026-03-29.19:29:21::SCWMssOS::updating the scw layer about changes
TRACE::2026-03-29.19:29:21::SCWMssOS::Opened the sw design.  C:/Users/ER250/OneDrive/Documents/ECE520_SOC/ECE520_SandBox/int_gen_soc_re/int_gen_soc_vitis/int_gen_plat/zynq_fsbl/zynq_fsbl_bsp/system.mss
TRACE::2026-03-29.19:29:21::SCWPlatform::Trying to open the hw design at C:/Users/ER250/OneDrive/Documents/ECE520_SOC/ECE520_SandBox/int_gen_soc_re/int_gen_soc_vitis/int_gen_plat/hw/int_gen_bd_re_wrapper.xsa
TRACE::2026-03-29.19:29:21::SCWPlatform::DSA given C:/Users/ER250/OneDrive/Documents/ECE520_SOC/ECE520_SandBox/int_gen_soc_re/int_gen_soc_vitis/int_gen_plat/hw/int_gen_bd_re_wrapper.xsa
TRACE::2026-03-29.19:29:21::SCWPlatform::DSA absoulate path C:/Users/ER250/OneDrive/Documents/ECE520_SOC/ECE520_SandBox/int_gen_soc_re/int_gen_soc_vitis/int_gen_plat/hw/int_gen_bd_re_wrapper.xsa
TRACE::2026-03-29.19:29:21::SCWPlatform::DSA directory C:/Users/ER250/OneDrive/Documents/ECE520_SOC/ECE520_SandBox/int_gen_soc_re/int_gen_soc_vitis/int_gen_plat/hw
TRACE::2026-03-29.19:29:21::SCWPlatform:: Platform Path C:/Users/ER250/OneDrive/Documents/ECE520_SOC/ECE520_SandBox/int_gen_soc_re/int_gen_soc_vitis/int_gen_plat/hw/int_gen_bd_re_wrapper.xsa
TRACE::2026-03-29.19:29:21::SCWPlatform:: Unique name xilinx:zybo-z7-10::0.0
TRACE::2026-03-29.19:29:21::SCWPlatform::Trying to set the existing hwdb with name int_gen_bd_re_wrapper
TRACE::2026-03-29.19:29:21::SCWPlatform::Opened existing hwdb int_gen_bd_re_wrapper
TRACE::2026-03-29.19:29:21::SCWPlatform::Found the Hw Db part of the input DSA
TRACE::2026-03-29.19:29:21::SCWMssOS::Checking the sw design at  C:/Users/ER250/OneDrive/Documents/ECE520_SOC/ECE520_SandBox/int_gen_soc_re/int_gen_soc_vitis/int_gen_plat/zynq_fsbl/zynq_fsbl_bsp/system.mss
TRACE::2026-03-29.19:29:21::SCWMssOS::DEBUG:  swdes dump  C:/Users/ER250/OneDrive/Documents/ECE520_SOC/ECE520_SandBox/int_gen_soc_re/int_gen_soc_vitis/int_gen_plat/zynq_fsbl/zynq_fsbl_bsp/system.mss|system||

TRACE::2026-03-29.19:29:21::SCWMssOS::Sw design exists and opened at  C:/Users/ER250/OneDrive/Documents/ECE520_SOC/ECE520_SandBox/int_gen_soc_re/int_gen_soc_vitis/int_gen_plat/zynq_fsbl/zynq_fsbl_bsp/system.mss
TRACE::2026-03-29.19:29:21::SCWMssOS:: library already available in sw design:  xilffs:5.0
TRACE::2026-03-29.19:29:21::SCWPlatform::Trying to open the hw design at C:/Users/ER250/OneDrive/Documents/ECE520_SOC/ECE520_SandBox/int_gen_soc_re/int_gen_soc_vitis/int_gen_plat/hw/int_gen_bd_re_wrapper.xsa
TRACE::2026-03-29.19:29:21::SCWPlatform::DSA given C:/Users/ER250/OneDrive/Documents/ECE520_SOC/ECE520_SandBox/int_gen_soc_re/int_gen_soc_vitis/int_gen_plat/hw/int_gen_bd_re_wrapper.xsa
TRACE::2026-03-29.19:29:21::SCWPlatform::DSA absoulate path C:/Users/ER250/OneDrive/Documents/ECE520_SOC/ECE520_SandBox/int_gen_soc_re/int_gen_soc_vitis/int_gen_plat/hw/int_gen_bd_re_wrapper.xsa
TRACE::2026-03-29.19:29:21::SCWPlatform::DSA directory C:/Users/ER250/OneDrive/Documents/ECE520_SOC/ECE520_SandBox/int_gen_soc_re/int_gen_soc_vitis/int_gen_plat/hw
TRACE::2026-03-29.19:29:21::SCWPlatform:: Platform Path C:/Users/ER250/OneDrive/Documents/ECE520_SOC/ECE520_SandBox/int_gen_soc_re/int_gen_soc_vitis/int_gen_plat/hw/int_gen_bd_re_wrapper.xsa
TRACE::2026-03-29.19:29:21::SCWPlatform:: Unique name xilinx:zybo-z7-10::0.0
TRACE::2026-03-29.19:29:21::SCWPlatform::Trying to set the existing hwdb with name int_gen_bd_re_wrapper
TRACE::2026-03-29.19:29:21::SCWPlatform::Opened existing hwdb int_gen_bd_re_wrapper
TRACE::2026-03-29.19:29:21::SCWPlatform::Found the Hw Db part of the input DSA
TRACE::2026-03-29.19:29:21::SCWMssOS::Checking the sw design at  C:/Users/ER250/OneDrive/Documents/ECE520_SOC/ECE520_SandBox/int_gen_soc_re/int_gen_soc_vitis/int_gen_plat/zynq_fsbl/zynq_fsbl_bsp/system.mss
TRACE::2026-03-29.19:29:21::SCWMssOS::DEBUG:  swdes dump  C:/Users/ER250/OneDrive/Documents/ECE520_SOC/ECE520_SandBox/int_gen_soc_re/int_gen_soc_vitis/int_gen_plat/zynq_fsbl/zynq_fsbl_bsp/system.mss|system||

TRACE::2026-03-29.19:29:21::SCWMssOS::Sw design exists and opened at  C:/Users/ER250/OneDrive/Documents/ECE520_SOC/ECE520_SandBox/int_gen_soc_re/int_gen_soc_vitis/int_gen_plat/zynq_fsbl/zynq_fsbl_bsp/system.mss
TRACE::2026-03-29.19:29:21::SCWMssOS:: library already available in sw design:  xilrsa:1.6
TRACE::2026-03-29.19:29:21::SCWPlatform::Trying to open the hw design at C:/Users/ER250/OneDrive/Documents/ECE520_SOC/ECE520_SandBox/int_gen_soc_re/int_gen_soc_vitis/int_gen_plat/hw/int_gen_bd_re_wrapper.xsa
TRACE::2026-03-29.19:29:21::SCWPlatform::DSA given C:/Users/ER250/OneDrive/Documents/ECE520_SOC/ECE520_SandBox/int_gen_soc_re/int_gen_soc_vitis/int_gen_plat/hw/int_gen_bd_re_wrapper.xsa
TRACE::2026-03-29.19:29:21::SCWPlatform::DSA absoulate path C:/Users/ER250/OneDrive/Documents/ECE520_SOC/ECE520_SandBox/int_gen_soc_re/int_gen_soc_vitis/int_gen_plat/hw/int_gen_bd_re_wrapper.xsa
TRACE::2026-03-29.19:29:21::SCWPlatform::DSA directory C:/Users/ER250/OneDrive/Documents/ECE520_SOC/ECE520_SandBox/int_gen_soc_re/int_gen_soc_vitis/int_gen_plat/hw
TRACE::2026-03-29.19:29:21::SCWPlatform:: Platform Path C:/Users/ER250/OneDrive/Documents/ECE520_SOC/ECE520_SandBox/int_gen_soc_re/int_gen_soc_vitis/int_gen_plat/hw/int_gen_bd_re_wrapper.xsa
TRACE::2026-03-29.19:29:21::SCWPlatform:: Unique name xilinx:zybo-z7-10::0.0
TRACE::2026-03-29.19:29:21::SCWPlatform::Trying to set the existing hwdb with name int_gen_bd_re_wrapper
TRACE::2026-03-29.19:29:21::SCWPlatform::Opened existing hwdb int_gen_bd_re_wrapper
TRACE::2026-03-29.19:29:21::SCWPlatform::Found the Hw Db part of the input DSA
TRACE::2026-03-29.19:29:21::SCWMssOS::Checking the sw design at  C:/Users/ER250/OneDrive/Documents/ECE520_SOC/ECE520_SandBox/int_gen_soc_re/int_gen_soc_vitis/int_gen_plat/zynq_fsbl/zynq_fsbl_bsp/system.mss
TRACE::2026-03-29.19:29:21::SCWMssOS::DEBUG:  swdes dump  C:/Users/ER250/OneDrive/Documents/ECE520_SOC/ECE520_SandBox/int_gen_soc_re/int_gen_soc_vitis/int_gen_plat/zynq_fsbl/zynq_fsbl_bsp/system.mss|system||

TRACE::2026-03-29.19:29:21::SCWMssOS::Sw design exists and opened at  C:/Users/ER250/OneDrive/Documents/ECE520_SOC/ECE520_SandBox/int_gen_soc_re/int_gen_soc_vitis/int_gen_plat/zynq_fsbl/zynq_fsbl_bsp/system.mss
TRACE::2026-03-29.19:29:21::SCWMssOS::Saving the mss changes C:/Users/ER250/OneDrive/Documents/ECE520_SOC/ECE520_SandBox/int_gen_soc_re/int_gen_soc_vitis/int_gen_plat/zynq_fsbl/zynq_fsbl_bsp/system.mss
TRACE::2026-03-29.19:29:21::SCWMssOS::Found a swdesign opened with the mssfile.
TRACE::2026-03-29.19:29:21::SCWMssOS::Completed writemss as part of save.
TRACE::2026-03-29.19:29:21::SCWMssOS::Commit changes completed.
TRACE::2026-03-29.19:29:21::SCWReader::Adding prebuilt librarypaths as   
TRACE::2026-03-29.19:29:21::SCWReader::Adding prebuilt incpaths  as   
TRACE::2026-03-29.19:29:21::SCWPlatform::Trying to open the hw design at C:/Users/ER250/OneDrive/Documents/ECE520_SOC/ECE520_SandBox/int_gen_soc_re/int_gen_soc_vitis/int_gen_plat/hw/int_gen_bd_re_wrapper.xsa
TRACE::2026-03-29.19:29:21::SCWPlatform::DSA given C:/Users/ER250/OneDrive/Documents/ECE520_SOC/ECE520_SandBox/int_gen_soc_re/int_gen_soc_vitis/int_gen_plat/hw/int_gen_bd_re_wrapper.xsa
TRACE::2026-03-29.19:29:21::SCWPlatform::DSA absoulate path C:/Users/ER250/OneDrive/Documents/ECE520_SOC/ECE520_SandBox/int_gen_soc_re/int_gen_soc_vitis/int_gen_plat/hw/int_gen_bd_re_wrapper.xsa
TRACE::2026-03-29.19:29:21::SCWPlatform::DSA directory C:/Users/ER250/OneDrive/Documents/ECE520_SOC/ECE520_SandBox/int_gen_soc_re/int_gen_soc_vitis/int_gen_plat/hw
TRACE::2026-03-29.19:29:21::SCWPlatform:: Platform Path C:/Users/ER250/OneDrive/Documents/ECE520_SOC/ECE520_SandBox/int_gen_soc_re/int_gen_soc_vitis/int_gen_plat/hw/int_gen_bd_re_wrapper.xsa
TRACE::2026-03-29.19:29:21::SCWPlatform:: Unique name xilinx:zybo-z7-10::0.0
TRACE::2026-03-29.19:29:21::SCWPlatform::Trying to set the existing hwdb with name int_gen_bd_re_wrapper
TRACE::2026-03-29.19:29:21::SCWPlatform::Opened existing hwdb int_gen_bd_re_wrapper
TRACE::2026-03-29.19:29:21::SCWPlatform::Found the Hw Db part of the input DSA
TRACE::2026-03-29.19:29:21::SCWMssOS::Checking the sw design at  C:/Users/ER250/OneDrive/Documents/ECE520_SOC/ECE520_SandBox/int_gen_soc_re/int_gen_soc_vitis/int_gen_plat/zynq_fsbl/zynq_fsbl_bsp/system.mss
TRACE::2026-03-29.19:29:21::SCWMssOS::DEBUG:  swdes dump  C:/Users/ER250/OneDrive/Documents/ECE520_SOC/ECE520_SandBox/int_gen_soc_re/int_gen_soc_vitis/int_gen_plat/zynq_fsbl/zynq_fsbl_bsp/system.mss|system||

TRACE::2026-03-29.19:29:21::SCWMssOS::Sw design exists and opened at  C:/Users/ER250/OneDrive/Documents/ECE520_SOC/ECE520_SandBox/int_gen_soc_re/int_gen_soc_vitis/int_gen_plat/zynq_fsbl/zynq_fsbl_bsp/system.mss
TRACE::2026-03-29.19:29:21::SCWReader::No isolation master present  
TRACE::2026-03-29.19:29:21::SCWDomain::checking for install qemu data   : 
TRACE::2026-03-29.19:29:21::SCWDomain:: Using the QEMU Data from install at  : C:/Xilinx/Vitis/2023.1/data/emulation/platforms/zynq/sw/a9_standalone/qemu/
TRACE::2026-03-29.19:29:21::SCWDomain:: Using the QEMU args  from install at  : C:/Xilinx/Vitis/2023.1/data/emulation/platforms/zynq/sw/a9_standalone/qemu/qemu_args.txt
TRACE::2026-03-29.19:29:21::SCWPlatform::Trying to open the hw design at C:/Users/ER250/OneDrive/Documents/ECE520_SOC/ECE520_SandBox/int_gen_soc_re/int_gen_soc_vitis/int_gen_plat/hw/int_gen_bd_re_wrapper.xsa
TRACE::2026-03-29.19:29:21::SCWPlatform::DSA given C:/Users/ER250/OneDrive/Documents/ECE520_SOC/ECE520_SandBox/int_gen_soc_re/int_gen_soc_vitis/int_gen_plat/hw/int_gen_bd_re_wrapper.xsa
TRACE::2026-03-29.19:29:21::SCWPlatform::DSA absoulate path C:/Users/ER250/OneDrive/Documents/ECE520_SOC/ECE520_SandBox/int_gen_soc_re/int_gen_soc_vitis/int_gen_plat/hw/int_gen_bd_re_wrapper.xsa
TRACE::2026-03-29.19:29:21::SCWPlatform::DSA directory C:/Users/ER250/OneDrive/Documents/ECE520_SOC/ECE520_SandBox/int_gen_soc_re/int_gen_soc_vitis/int_gen_plat/hw
TRACE::2026-03-29.19:29:22::SCWPlatform:: Platform Path C:/Users/ER250/OneDrive/Documents/ECE520_SOC/ECE520_SandBox/int_gen_soc_re/int_gen_soc_vitis/int_gen_plat/hw/int_gen_bd_re_wrapper.xsa
TRACE::2026-03-29.19:29:22::SCWPlatform:: Unique name xilinx:zybo-z7-10::0.0
TRACE::2026-03-29.19:29:22::SCWPlatform::Trying to set the existing hwdb with name int_gen_bd_re_wrapper
TRACE::2026-03-29.19:29:22::SCWPlatform::Opened existing hwdb int_gen_bd_re_wrapper
TRACE::2026-03-29.19:29:22::SCWPlatform::Found the Hw Db part of the input DSA
TRACE::2026-03-29.19:29:22::SCWPlatform::Trying to open the hw design at C:/Users/ER250/OneDrive/Documents/ECE520_SOC/ECE520_SandBox/int_gen_soc_re/int_gen_soc_vitis/int_gen_plat/hw/int_gen_bd_re_wrapper.xsa
TRACE::2026-03-29.19:29:22::SCWPlatform::DSA given C:/Users/ER250/OneDrive/Documents/ECE520_SOC/ECE520_SandBox/int_gen_soc_re/int_gen_soc_vitis/int_gen_plat/hw/int_gen_bd_re_wrapper.xsa
TRACE::2026-03-29.19:29:22::SCWPlatform::DSA absoulate path C:/Users/ER250/OneDrive/Documents/ECE520_SOC/ECE520_SandBox/int_gen_soc_re/int_gen_soc_vitis/int_gen_plat/hw/int_gen_bd_re_wrapper.xsa
TRACE::2026-03-29.19:29:22::SCWPlatform::DSA directory C:/Users/ER250/OneDrive/Documents/ECE520_SOC/ECE520_SandBox/int_gen_soc_re/int_gen_soc_vitis/int_gen_plat/hw
TRACE::2026-03-29.19:29:22::SCWPlatform:: Platform Path C:/Users/ER250/OneDrive/Documents/ECE520_SOC/ECE520_SandBox/int_gen_soc_re/int_gen_soc_vitis/int_gen_plat/hw/int_gen_bd_re_wrapper.xsa
TRACE::2026-03-29.19:29:22::SCWPlatform:: Unique name xilinx:zybo-z7-10::0.0
TRACE::2026-03-29.19:29:22::SCWPlatform::Trying to set the existing hwdb with name int_gen_bd_re_wrapper
TRACE::2026-03-29.19:29:22::SCWPlatform::Opened existing hwdb int_gen_bd_re_wrapper
TRACE::2026-03-29.19:29:22::SCWPlatform::Found the Hw Db part of the input DSA
TRACE::2026-03-29.19:29:22::SCWPlatform::Trying to open the hw design at C:/Users/ER250/OneDrive/Documents/ECE520_SOC/ECE520_SandBox/int_gen_soc_re/int_gen_soc_vitis/int_gen_plat/hw/int_gen_bd_re_wrapper.xsa
TRACE::2026-03-29.19:29:22::SCWPlatform::DSA given C:/Users/ER250/OneDrive/Documents/ECE520_SOC/ECE520_SandBox/int_gen_soc_re/int_gen_soc_vitis/int_gen_plat/hw/int_gen_bd_re_wrapper.xsa
TRACE::2026-03-29.19:29:22::SCWPlatform::DSA absoulate path C:/Users/ER250/OneDrive/Documents/ECE520_SOC/ECE520_SandBox/int_gen_soc_re/int_gen_soc_vitis/int_gen_plat/hw/int_gen_bd_re_wrapper.xsa
TRACE::2026-03-29.19:29:22::SCWPlatform::DSA directory C:/Users/ER250/OneDrive/Documents/ECE520_SOC/ECE520_SandBox/int_gen_soc_re/int_gen_soc_vitis/int_gen_plat/hw
TRACE::2026-03-29.19:29:22::SCWPlatform:: Platform Path C:/Users/ER250/OneDrive/Documents/ECE520_SOC/ECE520_SandBox/int_gen_soc_re/int_gen_soc_vitis/int_gen_plat/hw/int_gen_bd_re_wrapper.xsa
TRACE::2026-03-29.19:29:22::SCWPlatform:: Unique name xilinx:zybo-z7-10::0.0
TRACE::2026-03-29.19:29:22::SCWPlatform::Trying to set the existing hwdb with name int_gen_bd_re_wrapper
TRACE::2026-03-29.19:29:22::SCWPlatform::Opened existing hwdb int_gen_bd_re_wrapper
TRACE::2026-03-29.19:29:22::SCWPlatform::Found the Hw Db part of the input DSA
TRACE::2026-03-29.19:29:22::SCWMssOS::Checking the sw design at  C:/Users/ER250/OneDrive/Documents/ECE520_SOC/ECE520_SandBox/int_gen_soc_re/int_gen_soc_vitis/int_gen_plat/ps7_cortexa9_0/standalone_domain/bsp/system.mss
TRACE::2026-03-29.19:29:22::SCWMssOS::DEBUG:  swdes dump  C:/Users/ER250/OneDrive/Documents/ECE520_SOC/ECE520_SandBox/int_gen_soc_re/int_gen_soc_vitis/int_gen_plat/zynq_fsbl/zynq_fsbl_bsp/system.mss|system||

TRACE::2026-03-29.19:29:22::SCWMssOS::No sw design opened at  C:/Users/ER250/OneDrive/Documents/ECE520_SOC/ECE520_SandBox/int_gen_soc_re/int_gen_soc_vitis/int_gen_plat/ps7_cortexa9_0/standalone_domain/bsp/system.mss
TRACE::2026-03-29.19:29:22::SCWMssOS::mss exists loading the mss file  C:/Users/ER250/OneDrive/Documents/ECE520_SOC/ECE520_SandBox/int_gen_soc_re/int_gen_soc_vitis/int_gen_plat/ps7_cortexa9_0/standalone_domain/bsp/system.mss
TRACE::2026-03-29.19:29:22::SCWMssOS::Opened the sw design from mss  C:/Users/ER250/OneDrive/Documents/ECE520_SOC/ECE520_SandBox/int_gen_soc_re/int_gen_soc_vitis/int_gen_plat/ps7_cortexa9_0/standalone_domain/bsp/system.mss
TRACE::2026-03-29.19:29:22::SCWMssOS::Adding the swdes entry C:/Users/ER250/OneDrive/Documents/ECE520_SOC/ECE520_SandBox/int_gen_soc_re/int_gen_soc_vitis/int_gen_plat/ps7_cortexa9_0/standalone_domain/bsp/system.mss with des name system_0
TRACE::2026-03-29.19:29:22::SCWMssOS::updating the scw layer about changes
TRACE::2026-03-29.19:29:22::SCWMssOS::Opened the sw design.  C:/Users/ER250/OneDrive/Documents/ECE520_SOC/ECE520_SandBox/int_gen_soc_re/int_gen_soc_vitis/int_gen_plat/ps7_cortexa9_0/standalone_domain/bsp/system.mss
TRACE::2026-03-29.19:29:22::SCWPlatform::Trying to open the hw design at C:/Users/ER250/OneDrive/Documents/ECE520_SOC/ECE520_SandBox/int_gen_soc_re/int_gen_soc_vitis/int_gen_plat/hw/int_gen_bd_re_wrapper.xsa
TRACE::2026-03-29.19:29:22::SCWPlatform::DSA given C:/Users/ER250/OneDrive/Documents/ECE520_SOC/ECE520_SandBox/int_gen_soc_re/int_gen_soc_vitis/int_gen_plat/hw/int_gen_bd_re_wrapper.xsa
TRACE::2026-03-29.19:29:22::SCWPlatform::DSA absoulate path C:/Users/ER250/OneDrive/Documents/ECE520_SOC/ECE520_SandBox/int_gen_soc_re/int_gen_soc_vitis/int_gen_plat/hw/int_gen_bd_re_wrapper.xsa
TRACE::2026-03-29.19:29:22::SCWPlatform::DSA directory C:/Users/ER250/OneDrive/Documents/ECE520_SOC/ECE520_SandBox/int_gen_soc_re/int_gen_soc_vitis/int_gen_plat/hw
TRACE::2026-03-29.19:29:22::SCWPlatform:: Platform Path C:/Users/ER250/OneDrive/Documents/ECE520_SOC/ECE520_SandBox/int_gen_soc_re/int_gen_soc_vitis/int_gen_plat/hw/int_gen_bd_re_wrapper.xsa
TRACE::2026-03-29.19:29:22::SCWPlatform:: Unique name xilinx:zybo-z7-10::0.0
TRACE::2026-03-29.19:29:22::SCWPlatform::Trying to set the existing hwdb with name int_gen_bd_re_wrapper
TRACE::2026-03-29.19:29:22::SCWPlatform::Opened existing hwdb int_gen_bd_re_wrapper
TRACE::2026-03-29.19:29:22::SCWPlatform::Found the Hw Db part of the input DSA
TRACE::2026-03-29.19:29:22::SCWMssOS::Checking the sw design at  C:/Users/ER250/OneDrive/Documents/ECE520_SOC/ECE520_SandBox/int_gen_soc_re/int_gen_soc_vitis/int_gen_plat/ps7_cortexa9_0/standalone_domain/bsp/system.mss
TRACE::2026-03-29.19:29:22::SCWMssOS::DEBUG:  swdes dump  C:/Users/ER250/OneDrive/Documents/ECE520_SOC/ECE520_SandBox/int_gen_soc_re/int_gen_soc_vitis/int_gen_plat/ps7_cortexa9_0/standalone_domain/bsp/system.mss|system_0||
C:/Users/ER250/OneDrive/Documents/ECE520_SOC/ECE520_SandBox/int_gen_soc_re/int_gen_soc_vitis/int_gen_plat/zynq_fsbl/zynq_fsbl_bsp/system.mss|system||

TRACE::2026-03-29.19:29:22::SCWMssOS::Sw design exists and opened at  C:/Users/ER250/OneDrive/Documents/ECE520_SOC/ECE520_SandBox/int_gen_soc_re/int_gen_soc_vitis/int_gen_plat/ps7_cortexa9_0/standalone_domain/bsp/system.mss
TRACE::2026-03-29.19:29:22::SCWMssOS::Saving the mss changes C:/Users/ER250/OneDrive/Documents/ECE520_SOC/ECE520_SandBox/int_gen_soc_re/int_gen_soc_vitis/int_gen_plat/ps7_cortexa9_0/standalone_domain/bsp/system.mss
TRACE::2026-03-29.19:29:22::SCWMssOS::Found a swdesign opened with the mssfile.
TRACE::2026-03-29.19:29:22::SCWMssOS::Completed writemss as part of save.
TRACE::2026-03-29.19:29:22::SCWMssOS::Commit changes completed.
TRACE::2026-03-29.19:29:22::SCWReader::Adding prebuilt librarypaths as   
TRACE::2026-03-29.19:29:22::SCWReader::Adding prebuilt incpaths  as   
TRACE::2026-03-29.19:29:22::SCWPlatform::Trying to open the hw design at C:/Users/ER250/OneDrive/Documents/ECE520_SOC/ECE520_SandBox/int_gen_soc_re/int_gen_soc_vitis/int_gen_plat/hw/int_gen_bd_re_wrapper.xsa
TRACE::2026-03-29.19:29:22::SCWPlatform::DSA given C:/Users/ER250/OneDrive/Documents/ECE520_SOC/ECE520_SandBox/int_gen_soc_re/int_gen_soc_vitis/int_gen_plat/hw/int_gen_bd_re_wrapper.xsa
TRACE::2026-03-29.19:29:22::SCWPlatform::DSA absoulate path C:/Users/ER250/OneDrive/Documents/ECE520_SOC/ECE520_SandBox/int_gen_soc_re/int_gen_soc_vitis/int_gen_plat/hw/int_gen_bd_re_wrapper.xsa
TRACE::2026-03-29.19:29:22::SCWPlatform::DSA directory C:/Users/ER250/OneDrive/Documents/ECE520_SOC/ECE520_SandBox/int_gen_soc_re/int_gen_soc_vitis/int_gen_plat/hw
TRACE::2026-03-29.19:29:22::SCWPlatform:: Platform Path C:/Users/ER250/OneDrive/Documents/ECE520_SOC/ECE520_SandBox/int_gen_soc_re/int_gen_soc_vitis/int_gen_plat/hw/int_gen_bd_re_wrapper.xsa
TRACE::2026-03-29.19:29:22::SCWPlatform:: Unique name xilinx:zybo-z7-10::0.0
TRACE::2026-03-29.19:29:22::SCWPlatform::Trying to set the existing hwdb with name int_gen_bd_re_wrapper
TRACE::2026-03-29.19:29:22::SCWPlatform::Opened existing hwdb int_gen_bd_re_wrapper
TRACE::2026-03-29.19:29:22::SCWPlatform::Found the Hw Db part of the input DSA
TRACE::2026-03-29.19:29:22::SCWMssOS::Checking the sw design at  C:/Users/ER250/OneDrive/Documents/ECE520_SOC/ECE520_SandBox/int_gen_soc_re/int_gen_soc_vitis/int_gen_plat/ps7_cortexa9_0/standalone_domain/bsp/system.mss
TRACE::2026-03-29.19:29:22::SCWMssOS::DEBUG:  swdes dump  C:/Users/ER250/OneDrive/Documents/ECE520_SOC/ECE520_SandBox/int_gen_soc_re/int_gen_soc_vitis/int_gen_plat/ps7_cortexa9_0/standalone_domain/bsp/system.mss|system_0||
C:/Users/ER250/OneDrive/Documents/ECE520_SOC/ECE520_SandBox/int_gen_soc_re/int_gen_soc_vitis/int_gen_plat/zynq_fsbl/zynq_fsbl_bsp/system.mss|system||

TRACE::2026-03-29.19:29:22::SCWMssOS::Sw design exists and opened at  C:/Users/ER250/OneDrive/Documents/ECE520_SOC/ECE520_SandBox/int_gen_soc_re/int_gen_soc_vitis/int_gen_plat/ps7_cortexa9_0/standalone_domain/bsp/system.mss
TRACE::2026-03-29.19:29:22::SCWReader::No isolation master present  
TRACE::2026-03-29.19:29:27::SCWPlatform::DSA given C:/Users/ER250/OneDrive/Documents/ECE520_SOC/ECE520_SandBox/int_gen_soc_re/int_gen_soc_vitis/int_gen_plat/tempdsa/int_gen_bd_re_wrapper.xsa
TRACE::2026-03-29.19:29:27::SCWPlatform::DSA absoulate path C:/Users/ER250/OneDrive/Documents/ECE520_SOC/ECE520_SandBox/int_gen_soc_re/int_gen_soc_vitis/int_gen_plat/tempdsa/int_gen_bd_re_wrapper.xsa
TRACE::2026-03-29.19:29:27::SCWPlatform:: Platform location is C:/Users/ER250/OneDrive/Documents/ECE520_SOC/ECE520_SandBox/int_gen_soc_re/int_gen_soc_vitis/int_gen_plat/tempdsa
TRACE::2026-03-29.19:29:27::SCWPlatform:: Platform Path C:/Users/ER250/OneDrive/Documents/ECE520_SOC/ECE520_SandBox/int_gen_soc_re/int_gen_soc_vitis/int_gen_plat/tempdsa/int_gen_bd_re_wrapper.xsa
TRACE::2026-03-29.19:29:27::SCWPlatform:: Unique name xilinx:zybo-z7-10::0.0
TRACE::2026-03-29.19:29:30::SCWPlatform::Found the Hw Db part of the input DSA
TRACE::2026-03-29.19:29:30::SCWMssOS::Doing hw sync for the mss in domain: zynq_fsbl
TRACE::2026-03-29.19:29:30::SCWPlatform::Trying to open the hw design at C:/Users/ER250/OneDrive/Documents/ECE520_SOC/ECE520_SandBox/int_gen_soc_re/int_gen_soc_vitis/int_gen_plat/hw/int_gen_bd_re_wrapper.xsa
TRACE::2026-03-29.19:29:30::SCWPlatform::DSA given C:/Users/ER250/OneDrive/Documents/ECE520_SOC/ECE520_SandBox/int_gen_soc_re/int_gen_soc_vitis/int_gen_plat/hw/int_gen_bd_re_wrapper.xsa
TRACE::2026-03-29.19:29:30::SCWPlatform::DSA absoulate path C:/Users/ER250/OneDrive/Documents/ECE520_SOC/ECE520_SandBox/int_gen_soc_re/int_gen_soc_vitis/int_gen_plat/hw/int_gen_bd_re_wrapper.xsa
TRACE::2026-03-29.19:29:30::SCWPlatform::DSA directory C:/Users/ER250/OneDrive/Documents/ECE520_SOC/ECE520_SandBox/int_gen_soc_re/int_gen_soc_vitis/int_gen_plat/hw
TRACE::2026-03-29.19:29:30::SCWPlatform:: Platform Path C:/Users/ER250/OneDrive/Documents/ECE520_SOC/ECE520_SandBox/int_gen_soc_re/int_gen_soc_vitis/int_gen_plat/hw/int_gen_bd_re_wrapper.xsa
TRACE::2026-03-29.19:29:30::SCWPlatform:: Unique name xilinx:zybo-z7-10::0.0
TRACE::2026-03-29.19:29:30::SCWPlatform::Trying to set the existing hwdb with name int_gen_bd_re_wrapper
TRACE::2026-03-29.19:29:30::SCWPlatform::Opened existing hwdb int_gen_bd_re_wrapper
TRACE::2026-03-29.19:29:30::SCWPlatform::Found the Hw Db part of the input DSA
TRACE::2026-03-29.19:29:30::SCWPlatform::Trying to open the hw design at C:/Users/ER250/OneDrive/Documents/ECE520_SOC/ECE520_SandBox/int_gen_soc_re/int_gen_soc_vitis/int_gen_plat/hw/int_gen_bd_re_wrapper.xsa
TRACE::2026-03-29.19:29:30::SCWPlatform::DSA given C:/Users/ER250/OneDrive/Documents/ECE520_SOC/ECE520_SandBox/int_gen_soc_re/int_gen_soc_vitis/int_gen_plat/hw/int_gen_bd_re_wrapper.xsa
TRACE::2026-03-29.19:29:30::SCWPlatform::DSA absoulate path C:/Users/ER250/OneDrive/Documents/ECE520_SOC/ECE520_SandBox/int_gen_soc_re/int_gen_soc_vitis/int_gen_plat/hw/int_gen_bd_re_wrapper.xsa
TRACE::2026-03-29.19:29:30::SCWPlatform::DSA directory C:/Users/ER250/OneDrive/Documents/ECE520_SOC/ECE520_SandBox/int_gen_soc_re/int_gen_soc_vitis/int_gen_plat/hw
TRACE::2026-03-29.19:29:30::SCWPlatform:: Platform Path C:/Users/ER250/OneDrive/Documents/ECE520_SOC/ECE520_SandBox/int_gen_soc_re/int_gen_soc_vitis/int_gen_plat/hw/int_gen_bd_re_wrapper.xsa
TRACE::2026-03-29.19:29:30::SCWPlatform:: Unique name xilinx:zybo-z7-10::0.0
TRACE::2026-03-29.19:29:30::SCWPlatform::Trying to set the existing hwdb with name int_gen_bd_re_wrapper
TRACE::2026-03-29.19:29:30::SCWPlatform::Opened existing hwdb int_gen_bd_re_wrapper
TRACE::2026-03-29.19:29:30::SCWPlatform::Found the Hw Db part of the input DSA
TRACE::2026-03-29.19:29:30::SCWMssOS::Checking the sw design at  C:/Users/ER250/OneDrive/Documents/ECE520_SOC/ECE520_SandBox/int_gen_soc_re/int_gen_soc_vitis/int_gen_plat/zynq_fsbl/zynq_fsbl_bsp/system.mss
TRACE::2026-03-29.19:29:30::SCWMssOS::DEBUG:  swdes dump  C:/Users/ER250/OneDrive/Documents/ECE520_SOC/ECE520_SandBox/int_gen_soc_re/int_gen_soc_vitis/int_gen_plat/ps7_cortexa9_0/standalone_domain/bsp/system.mss|system_0||
C:/Users/ER250/OneDrive/Documents/ECE520_SOC/ECE520_SandBox/int_gen_soc_re/int_gen_soc_vitis/int_gen_plat/zynq_fsbl/zynq_fsbl_bsp/system.mss|system||

TRACE::2026-03-29.19:29:30::SCWMssOS::Sw design exists and opened at  C:/Users/ER250/OneDrive/Documents/ECE520_SOC/ECE520_SandBox/int_gen_soc_re/int_gen_soc_vitis/int_gen_plat/zynq_fsbl/zynq_fsbl_bsp/system.mss
TRACE::2026-03-29.19:29:30::SCWPlatform::Trying to open the hw design at C:/Users/ER250/OneDrive/Documents/ECE520_SOC/ECE520_SandBox/int_gen_soc_re/int_gen_soc_vitis/int_gen_plat/tempdsa/int_gen_bd_re_wrapper.xsa
TRACE::2026-03-29.19:29:30::SCWPlatform::DSA given C:/Users/ER250/OneDrive/Documents/ECE520_SOC/ECE520_SandBox/int_gen_soc_re/int_gen_soc_vitis/int_gen_plat/tempdsa/int_gen_bd_re_wrapper.xsa
TRACE::2026-03-29.19:29:30::SCWPlatform::DSA absoulate path C:/Users/ER250/OneDrive/Documents/ECE520_SOC/ECE520_SandBox/int_gen_soc_re/int_gen_soc_vitis/int_gen_plat/tempdsa/int_gen_bd_re_wrapper.xsa
TRACE::2026-03-29.19:29:30::SCWPlatform::DSA directory C:/Users/ER250/OneDrive/Documents/ECE520_SOC/ECE520_SandBox/int_gen_soc_re/int_gen_soc_vitis/int_gen_plat/tempdsa
TRACE::2026-03-29.19:29:30::SCWPlatform:: Platform Path C:/Users/ER250/OneDrive/Documents/ECE520_SOC/ECE520_SandBox/int_gen_soc_re/int_gen_soc_vitis/int_gen_plat/tempdsa/int_gen_bd_re_wrapper.xsa
TRACE::2026-03-29.19:29:30::SCWPlatform:: Unique name xilinx:zybo-z7-10::0.0
TRACE::2026-03-29.19:29:30::SCWPlatform::update - Opened existing hwdb int_gen_bd_re_wrapper_0
TRACE::2026-03-29.19:29:30::SCWPlatform::Found the Hw Db part of the input DSA
TRACE::2026-03-29.19:29:30::SCWMssOS::Doing hw sync for the mss in domain: standalone_domain
TRACE::2026-03-29.19:29:30::SCWPlatform::Trying to open the hw design at C:/Users/ER250/OneDrive/Documents/ECE520_SOC/ECE520_SandBox/int_gen_soc_re/int_gen_soc_vitis/int_gen_plat/hw/int_gen_bd_re_wrapper.xsa
TRACE::2026-03-29.19:29:30::SCWPlatform::DSA given C:/Users/ER250/OneDrive/Documents/ECE520_SOC/ECE520_SandBox/int_gen_soc_re/int_gen_soc_vitis/int_gen_plat/hw/int_gen_bd_re_wrapper.xsa
TRACE::2026-03-29.19:29:30::SCWPlatform::DSA absoulate path C:/Users/ER250/OneDrive/Documents/ECE520_SOC/ECE520_SandBox/int_gen_soc_re/int_gen_soc_vitis/int_gen_plat/hw/int_gen_bd_re_wrapper.xsa
TRACE::2026-03-29.19:29:30::SCWPlatform::DSA directory C:/Users/ER250/OneDrive/Documents/ECE520_SOC/ECE520_SandBox/int_gen_soc_re/int_gen_soc_vitis/int_gen_plat/hw
TRACE::2026-03-29.19:29:30::SCWPlatform:: Platform Path C:/Users/ER250/OneDrive/Documents/ECE520_SOC/ECE520_SandBox/int_gen_soc_re/int_gen_soc_vitis/int_gen_plat/hw/int_gen_bd_re_wrapper.xsa
TRACE::2026-03-29.19:29:30::SCWPlatform:: Unique name xilinx:zybo-z7-10::0.0
TRACE::2026-03-29.19:29:30::SCWPlatform::Trying to set the existing hwdb with name int_gen_bd_re_wrapper
TRACE::2026-03-29.19:29:30::SCWPlatform::Opened existing hwdb int_gen_bd_re_wrapper
TRACE::2026-03-29.19:29:30::SCWPlatform::Found the Hw Db part of the input DSA
TRACE::2026-03-29.19:29:30::SCWPlatform::Trying to open the hw design at C:/Users/ER250/OneDrive/Documents/ECE520_SOC/ECE520_SandBox/int_gen_soc_re/int_gen_soc_vitis/int_gen_plat/hw/int_gen_bd_re_wrapper.xsa
TRACE::2026-03-29.19:29:30::SCWPlatform::DSA given C:/Users/ER250/OneDrive/Documents/ECE520_SOC/ECE520_SandBox/int_gen_soc_re/int_gen_soc_vitis/int_gen_plat/hw/int_gen_bd_re_wrapper.xsa
TRACE::2026-03-29.19:29:30::SCWPlatform::DSA absoulate path C:/Users/ER250/OneDrive/Documents/ECE520_SOC/ECE520_SandBox/int_gen_soc_re/int_gen_soc_vitis/int_gen_plat/hw/int_gen_bd_re_wrapper.xsa
TRACE::2026-03-29.19:29:30::SCWPlatform::DSA directory C:/Users/ER250/OneDrive/Documents/ECE520_SOC/ECE520_SandBox/int_gen_soc_re/int_gen_soc_vitis/int_gen_plat/hw
TRACE::2026-03-29.19:29:30::SCWPlatform:: Platform Path C:/Users/ER250/OneDrive/Documents/ECE520_SOC/ECE520_SandBox/int_gen_soc_re/int_gen_soc_vitis/int_gen_plat/hw/int_gen_bd_re_wrapper.xsa
TRACE::2026-03-29.19:29:30::SCWPlatform:: Unique name xilinx:zybo-z7-10::0.0
TRACE::2026-03-29.19:29:30::SCWPlatform::Trying to set the existing hwdb with name int_gen_bd_re_wrapper
TRACE::2026-03-29.19:29:30::SCWPlatform::Opened existing hwdb int_gen_bd_re_wrapper
TRACE::2026-03-29.19:29:30::SCWPlatform::Found the Hw Db part of the input DSA
TRACE::2026-03-29.19:29:30::SCWMssOS::Checking the sw design at  C:/Users/ER250/OneDrive/Documents/ECE520_SOC/ECE520_SandBox/int_gen_soc_re/int_gen_soc_vitis/int_gen_plat/ps7_cortexa9_0/standalone_domain/bsp/system.mss
TRACE::2026-03-29.19:29:30::SCWMssOS::DEBUG:  swdes dump  C:/Users/ER250/OneDrive/Documents/ECE520_SOC/ECE520_SandBox/int_gen_soc_re/int_gen_soc_vitis/int_gen_plat/ps7_cortexa9_0/standalone_domain/bsp/system.mss|system_0||
C:/Users/ER250/OneDrive/Documents/ECE520_SOC/ECE520_SandBox/int_gen_soc_re/int_gen_soc_vitis/int_gen_plat/zynq_fsbl/zynq_fsbl_bsp/system.mss|system||

TRACE::2026-03-29.19:29:30::SCWMssOS::Sw design exists and opened at  C:/Users/ER250/OneDrive/Documents/ECE520_SOC/ECE520_SandBox/int_gen_soc_re/int_gen_soc_vitis/int_gen_plat/ps7_cortexa9_0/standalone_domain/bsp/system.mss
TRACE::2026-03-29.19:29:30::SCWPlatform::Trying to open the hw design at C:/Users/ER250/OneDrive/Documents/ECE520_SOC/ECE520_SandBox/int_gen_soc_re/int_gen_soc_vitis/int_gen_plat/tempdsa/int_gen_bd_re_wrapper.xsa
TRACE::2026-03-29.19:29:30::SCWPlatform::DSA given C:/Users/ER250/OneDrive/Documents/ECE520_SOC/ECE520_SandBox/int_gen_soc_re/int_gen_soc_vitis/int_gen_plat/tempdsa/int_gen_bd_re_wrapper.xsa
TRACE::2026-03-29.19:29:30::SCWPlatform::DSA absoulate path C:/Users/ER250/OneDrive/Documents/ECE520_SOC/ECE520_SandBox/int_gen_soc_re/int_gen_soc_vitis/int_gen_plat/tempdsa/int_gen_bd_re_wrapper.xsa
TRACE::2026-03-29.19:29:30::SCWPlatform::DSA directory C:/Users/ER250/OneDrive/Documents/ECE520_SOC/ECE520_SandBox/int_gen_soc_re/int_gen_soc_vitis/int_gen_plat/tempdsa
TRACE::2026-03-29.19:29:30::SCWPlatform:: Platform Path C:/Users/ER250/OneDrive/Documents/ECE520_SOC/ECE520_SandBox/int_gen_soc_re/int_gen_soc_vitis/int_gen_plat/tempdsa/int_gen_bd_re_wrapper.xsa
TRACE::2026-03-29.19:29:30::SCWPlatform:: Unique name xilinx:zybo-z7-10::0.0
TRACE::2026-03-29.19:29:30::SCWPlatform::update - Opened existing hwdb int_gen_bd_re_wrapper_0
TRACE::2026-03-29.19:29:30::SCWPlatform::Found the Hw Db part of the input DSA
TRACE::2026-03-29.19:29:30::SCWMssOS::Saving the mss changes C:/Users/ER250/OneDrive/Documents/ECE520_SOC/ECE520_SandBox/int_gen_soc_re/int_gen_soc_vitis/int_gen_plat/zynq_fsbl/zynq_fsbl_bsp/system.mss
TRACE::2026-03-29.19:29:30::SCWMssOS::Found a swdesign opened with the mssfile.
TRACE::2026-03-29.19:29:30::SCWMssOS::Completed writemss as part of save.
TRACE::2026-03-29.19:29:30::SCWMssOS::Commit changes completed.
TRACE::2026-03-29.19:29:30::SCWMssOS::Completed hw sync for the mss in domain: zynq_fsbl
TRACE::2026-03-29.19:29:30::SCWMssOS::Removing the swdes entry for  C:/Users/ER250/OneDrive/Documents/ECE520_SOC/ECE520_SandBox/int_gen_soc_re/int_gen_soc_vitis/int_gen_plat/zynq_fsbl/zynq_fsbl_bsp/system.mss
TRACE::2026-03-29.19:29:30::SCWMssOS::Saving the mss changes C:/Users/ER250/OneDrive/Documents/ECE520_SOC/ECE520_SandBox/int_gen_soc_re/int_gen_soc_vitis/int_gen_plat/ps7_cortexa9_0/standalone_domain/bsp/system.mss
TRACE::2026-03-29.19:29:30::SCWMssOS::Found a swdesign opened with the mssfile.
TRACE::2026-03-29.19:29:30::SCWMssOS::Completed writemss as part of save.
TRACE::2026-03-29.19:29:30::SCWMssOS::Commit changes completed.
TRACE::2026-03-29.19:29:30::SCWMssOS::Completed hw sync for the mss in domain: standalone_domain
TRACE::2026-03-29.19:29:30::SCWMssOS::Removing the swdes entry for  C:/Users/ER250/OneDrive/Documents/ECE520_SOC/ECE520_SandBox/int_gen_soc_re/int_gen_soc_vitis/int_gen_plat/ps7_cortexa9_0/standalone_domain/bsp/system.mss
TRACE::2026-03-29.19:29:30::SCWPlatform::Trying to open the hw design at C:/Users/ER250/OneDrive/Documents/ECE520_SOC/ECE520_SandBox/int_gen_soc_re/int_gen_soc_vitis/int_gen_plat/hw/int_gen_bd_re_wrapper.xsa
TRACE::2026-03-29.19:29:30::SCWPlatform::DSA given C:/Users/ER250/OneDrive/Documents/ECE520_SOC/ECE520_SandBox/int_gen_soc_re/int_gen_soc_vitis/int_gen_plat/hw/int_gen_bd_re_wrapper.xsa
TRACE::2026-03-29.19:29:30::SCWPlatform::DSA absoulate path C:/Users/ER250/OneDrive/Documents/ECE520_SOC/ECE520_SandBox/int_gen_soc_re/int_gen_soc_vitis/int_gen_plat/hw/int_gen_bd_re_wrapper.xsa
TRACE::2026-03-29.19:29:30::SCWPlatform::DSA directory C:/Users/ER250/OneDrive/Documents/ECE520_SOC/ECE520_SandBox/int_gen_soc_re/int_gen_soc_vitis/int_gen_plat/hw
TRACE::2026-03-29.19:29:30::SCWPlatform:: Platform Path C:/Users/ER250/OneDrive/Documents/ECE520_SOC/ECE520_SandBox/int_gen_soc_re/int_gen_soc_vitis/int_gen_plat/hw/int_gen_bd_re_wrapper.xsa
TRACE::2026-03-29.19:29:30::SCWPlatform:: Unique name xilinx:zybo-z7-10::0.0
TRACE::2026-03-29.19:29:30::SCWPlatform::Do not have an existing db opened. 
TRACE::2026-03-29.19:29:32::SCWPlatform::Opened new HwDB with name int_gen_bd_re_wrapper_1
TRACE::2026-03-29.19:29:32::SCWMssOS::Saving the mss changes C:/Users/ER250/OneDrive/Documents/ECE520_SOC/ECE520_SandBox/int_gen_soc_re/int_gen_soc_vitis/int_gen_plat/zynq_fsbl/zynq_fsbl_bsp/system.mss
TRACE::2026-03-29.19:29:32::SCWMssOS::Adding the swdes entry, mss present, able to open swdb C:/Users/ER250/OneDrive/Documents/ECE520_SOC/ECE520_SandBox/int_gen_soc_re/int_gen_soc_vitis/int_gen_plat/zynq_fsbl/zynq_fsbl_bsp/system.mss with des name system
TRACE::2026-03-29.19:29:32::SCWMssOS::Writing the mss file completed C:/Users/ER250/OneDrive/Documents/ECE520_SOC/ECE520_SandBox/int_gen_soc_re/int_gen_soc_vitis/int_gen_plat/zynq_fsbl/zynq_fsbl_bsp/system.mss
TRACE::2026-03-29.19:29:32::SCWMssOS::Commit changes completed.
TRACE::2026-03-29.19:29:32::SCWMssOS::Saving the mss changes C:/Users/ER250/OneDrive/Documents/ECE520_SOC/ECE520_SandBox/int_gen_soc_re/int_gen_soc_vitis/int_gen_plat/ps7_cortexa9_0/standalone_domain/bsp/system.mss
TRACE::2026-03-29.19:29:32::SCWMssOS::Adding the swdes entry, mss present, able to open swdb C:/Users/ER250/OneDrive/Documents/ECE520_SOC/ECE520_SandBox/int_gen_soc_re/int_gen_soc_vitis/int_gen_plat/ps7_cortexa9_0/standalone_domain/bsp/system.mss with des name system_0
TRACE::2026-03-29.19:29:32::SCWMssOS::Writing the mss file completed C:/Users/ER250/OneDrive/Documents/ECE520_SOC/ECE520_SandBox/int_gen_soc_re/int_gen_soc_vitis/int_gen_plat/ps7_cortexa9_0/standalone_domain/bsp/system.mss
TRACE::2026-03-29.19:29:32::SCWMssOS::Commit changes completed.
TRACE::2026-03-29.19:29:32::SCWPlatform::Trying to open the hw design at C:/Users/ER250/OneDrive/Documents/ECE520_SOC/ECE520_SandBox/int_gen_soc_re/int_gen_soc_vitis/int_gen_plat/hw/int_gen_bd_re_wrapper.xsa
TRACE::2026-03-29.19:29:32::SCWPlatform::DSA given C:/Users/ER250/OneDrive/Documents/ECE520_SOC/ECE520_SandBox/int_gen_soc_re/int_gen_soc_vitis/int_gen_plat/hw/int_gen_bd_re_wrapper.xsa
TRACE::2026-03-29.19:29:32::SCWPlatform::DSA absoulate path C:/Users/ER250/OneDrive/Documents/ECE520_SOC/ECE520_SandBox/int_gen_soc_re/int_gen_soc_vitis/int_gen_plat/hw/int_gen_bd_re_wrapper.xsa
TRACE::2026-03-29.19:29:32::SCWPlatform::DSA directory C:/Users/ER250/OneDrive/Documents/ECE520_SOC/ECE520_SandBox/int_gen_soc_re/int_gen_soc_vitis/int_gen_plat/hw
TRACE::2026-03-29.19:29:32::SCWPlatform:: Platform Path C:/Users/ER250/OneDrive/Documents/ECE520_SOC/ECE520_SandBox/int_gen_soc_re/int_gen_soc_vitis/int_gen_plat/hw/int_gen_bd_re_wrapper.xsa
TRACE::2026-03-29.19:29:32::SCWPlatform:: Unique name xilinx:zybo-z7-10::0.0
TRACE::2026-03-29.19:29:32::SCWPlatform::Trying to set the existing hwdb with name int_gen_bd_re_wrapper_1
TRACE::2026-03-29.19:29:32::SCWPlatform::Opened existing hwdb int_gen_bd_re_wrapper_1
TRACE::2026-03-29.19:29:32::SCWPlatform::Found the Hw Db part of the input DSA
TRACE::2026-03-29.19:29:32::SCWMssOS::Checking the sw design at  C:/Users/ER250/OneDrive/Documents/ECE520_SOC/ECE520_SandBox/int_gen_soc_re/int_gen_soc_vitis/int_gen_plat/zynq_fsbl/zynq_fsbl_bsp/system.mss
TRACE::2026-03-29.19:29:32::SCWMssOS::DEBUG:  swdes dump  C:/Users/ER250/OneDrive/Documents/ECE520_SOC/ECE520_SandBox/int_gen_soc_re/int_gen_soc_vitis/int_gen_plat/ps7_cortexa9_0/standalone_domain/bsp/system.mss|system_0||
C:/Users/ER250/OneDrive/Documents/ECE520_SOC/ECE520_SandBox/int_gen_soc_re/int_gen_soc_vitis/int_gen_plat/zynq_fsbl/zynq_fsbl_bsp/system.mss|system||

TRACE::2026-03-29.19:29:32::SCWMssOS::Sw design exists and opened at  C:/Users/ER250/OneDrive/Documents/ECE520_SOC/ECE520_SandBox/int_gen_soc_re/int_gen_soc_vitis/int_gen_plat/zynq_fsbl/zynq_fsbl_bsp/system.mss
TRACE::2026-03-29.19:29:32::SCWPlatform::Trying to open the hw design at C:/Users/ER250/OneDrive/Documents/ECE520_SOC/ECE520_SandBox/int_gen_soc_re/int_gen_soc_vitis/int_gen_plat/hw/int_gen_bd_re_wrapper.xsa
TRACE::2026-03-29.19:29:32::SCWPlatform::DSA given C:/Users/ER250/OneDrive/Documents/ECE520_SOC/ECE520_SandBox/int_gen_soc_re/int_gen_soc_vitis/int_gen_plat/hw/int_gen_bd_re_wrapper.xsa
TRACE::2026-03-29.19:29:32::SCWPlatform::DSA absoulate path C:/Users/ER250/OneDrive/Documents/ECE520_SOC/ECE520_SandBox/int_gen_soc_re/int_gen_soc_vitis/int_gen_plat/hw/int_gen_bd_re_wrapper.xsa
TRACE::2026-03-29.19:29:32::SCWPlatform::DSA directory C:/Users/ER250/OneDrive/Documents/ECE520_SOC/ECE520_SandBox/int_gen_soc_re/int_gen_soc_vitis/int_gen_plat/hw
TRACE::2026-03-29.19:29:32::SCWPlatform:: Platform Path C:/Users/ER250/OneDrive/Documents/ECE520_SOC/ECE520_SandBox/int_gen_soc_re/int_gen_soc_vitis/int_gen_plat/hw/int_gen_bd_re_wrapper.xsa
TRACE::2026-03-29.19:29:32::SCWPlatform:: Unique name xilinx:zybo-z7-10::0.0
TRACE::2026-03-29.19:29:32::SCWPlatform::Trying to set the existing hwdb with name int_gen_bd_re_wrapper_1
TRACE::2026-03-29.19:29:32::SCWPlatform::Opened existing hwdb int_gen_bd_re_wrapper_1
TRACE::2026-03-29.19:29:32::SCWPlatform::Found the Hw Db part of the input DSA
TRACE::2026-03-29.19:29:32::SCWMssOS::Checking the sw design at  C:/Users/ER250/OneDrive/Documents/ECE520_SOC/ECE520_SandBox/int_gen_soc_re/int_gen_soc_vitis/int_gen_plat/ps7_cortexa9_0/standalone_domain/bsp/system.mss
TRACE::2026-03-29.19:29:32::SCWMssOS::DEBUG:  swdes dump  C:/Users/ER250/OneDrive/Documents/ECE520_SOC/ECE520_SandBox/int_gen_soc_re/int_gen_soc_vitis/int_gen_plat/ps7_cortexa9_0/standalone_domain/bsp/system.mss|system_0||
C:/Users/ER250/OneDrive/Documents/ECE520_SOC/ECE520_SandBox/int_gen_soc_re/int_gen_soc_vitis/int_gen_plat/zynq_fsbl/zynq_fsbl_bsp/system.mss|system||

TRACE::2026-03-29.19:29:32::SCWMssOS::Sw design exists and opened at  C:/Users/ER250/OneDrive/Documents/ECE520_SOC/ECE520_SandBox/int_gen_soc_re/int_gen_soc_vitis/int_gen_plat/ps7_cortexa9_0/standalone_domain/bsp/system.mss
TRACE::2026-03-29.19:29:32::SCWWriter::formatted JSON is {
	"platformName":	"int_gen_plat",
	"sprVersion":	"2.0",
	"mode":	"gui",
	"dsaType":	"Fixed",
	"platformDesc":	"int_gen_plat",
	"platHandOff":	"C:/Users/ER250/OneDrive/Documents/ECE520_SOC/ECE520_SandBox/int_gen_soc_re/int_gen_bd_re_wrapper.xsa",
	"platIntHandOff":	"<platformDir>/hw/int_gen_bd_re_wrapper.xsa",
	"deviceType":	"zynq",
	"platIsPrebuiltAutogen":	"false",
	"platIsNoBootBsp":	"false",
	"hasFsblMakeHasChanges":	"false",
	"hasPmufwMakeHasChanges":	"false",
	"fsblExtraCompilerFlags":	"-MMD -MP       -mcpu=cortex-a9 -mfpu=vfpv3 -mfloat-abi=hard ",
	"platPreBuiltFlag":	false,
	"platformSamplesDir":	"",
	"platActiveSys":	"int_gen_plat",
	"systems":	[{
			"systemName":	"int_gen_plat",
			"systemDesc":	"int_gen_plat",
			"sysIsBootAutoGen":	"true",
			"systemDispName":	"int_gen_plat",
			"sysActiveDom":	"standalone_domain",
			"sysDefaultDom":	"standalone_domain",
			"domains":	[{
					"domainName":	"zynq_fsbl",
					"domainDispName":	"zynq_fsbl",
					"domainDesc":	"FSBL Application BSP - Auto Generated.",
					"processors":	"ps7_cortexa9_0",
					"os":	"standalone",
					"sdxOs":	"standalone",
					"debugEnable":	"",
					"domRuntimes":	["cpp"],
					"swRepo":	"",
					"mssOsVer":	"8.1",
					"mssFile":	"",
					"md5Digest":	"710bbb872de411420e38ee1f9a6d73dd1",
					"compatibleApp":	"zynq_fsbl",
					"domType":	"bootDomain",
					"arch":	"32-bit",
					"appSettings":	{
						"appCompilerFlags":	"",
						"appLinkerFlags":	""
					},
					"addedLibs":	["xilffs:5.0", "xilrsa:1.6"],
					"libOptions":	{
						"libsContainingOptions":	[]
					},
					"changedDrivers":	{
						"interrupt_generator_0":	"none:",
						"changedCells":	["interrupt_generator_0"]
					},
					"prebuiltLibs":	{
						"prebuiltIncPath":	[],
						"prebuiltLibPath":	[]
					},
					"isolation":	{
					}
				}, {
					"domainName":	"standalone_domain",
					"domainDispName":	"standalone on ps7_cortexa9_0",
					"domainDesc":	"standalone_domain",
					"processors":	"ps7_cortexa9_0",
					"os":	"standalone",
					"sdxOs":	"standalone",
					"qemuArgs":	"<platformDir>/resources/int_gen_plat/standalone_domain/qemu_args.txt",
					"qemuData":	"<platformDir>/resources/int_gen_plat/standalone_domain/qemu",
					"debugEnable":	"False",
					"domRuntimes":	["cpp"],
					"swRepo":	"",
					"mssOsVer":	"8.1",
					"mssFile":	"",
					"md5Digest":	"afe1403ea604de9520c811a3fdd9c4f71",
					"compatibleApp":	"",
					"domType":	"mssDomain",
					"appSettings":	{
						"appCompilerFlags":	"",
						"appLinkerFlags":	""
					},
					"addedLibs":	[],
					"libOptions":	{
						"libsContainingOptions":	[]
					},
					"changedDrivers":	{
						"interrupt_generator_0":	"none:",
						"changedCells":	["interrupt_generator_0"]
					},
					"prebuiltLibs":	{
						"prebuiltIncPath":	[],
						"prebuiltLibPath":	[]
					},
					"isolation":	{
					}
				}]
		}]
}
TRACE::2026-03-29.19:29:40::SCWPlatform::Clearing the existing platform
TRACE::2026-03-29.19:29:40::SCWSystem::Clearing the existing sysconfig
TRACE::2026-03-29.19:29:40::SCWBDomain::clearing the fsbl build
TRACE::2026-03-29.19:29:40::SCWMssOS::Removing the swdes entry for  C:/Users/ER250/OneDrive/Documents/ECE520_SOC/ECE520_SandBox/int_gen_soc_re/int_gen_soc_vitis/int_gen_plat/zynq_fsbl/zynq_fsbl_bsp/system.mss
TRACE::2026-03-29.19:29:40::SCWMssOS::Removing the swdes entry for  C:/Users/ER250/OneDrive/Documents/ECE520_SOC/ECE520_SandBox/int_gen_soc_re/int_gen_soc_vitis/int_gen_plat/ps7_cortexa9_0/standalone_domain/bsp/system.mss
TRACE::2026-03-29.19:29:40::SCWSystem::Clearing the domains completed.
TRACE::2026-03-29.19:29:40::SCWPlatform::Clearing the opened hw db.
TRACE::2026-03-29.19:29:40::SCWPlatform::DSA given C:/Users/ER250/OneDrive/Documents/ECE520_SOC/ECE520_SandBox/int_gen_soc_re/int_gen_soc_vitis/int_gen_plat/hw/int_gen_bd_re_wrapper.xsa
TRACE::2026-03-29.19:29:40::SCWPlatform::DSA absoulate path C:/Users/ER250/OneDrive/Documents/ECE520_SOC/ECE520_SandBox/int_gen_soc_re/int_gen_soc_vitis/int_gen_plat/hw/int_gen_bd_re_wrapper.xsa
TRACE::2026-03-29.19:29:40::SCWPlatform:: Platform location is C:/Users/ER250/OneDrive/Documents/ECE520_SOC/ECE520_SandBox/int_gen_soc_re/int_gen_soc_vitis/int_gen_plat/hw
TRACE::2026-03-29.19:29:40::SCWPlatform:: Platform Path C:/Users/ER250/OneDrive/Documents/ECE520_SOC/ECE520_SandBox/int_gen_soc_re/int_gen_soc_vitis/int_gen_plat/hw/int_gen_bd_re_wrapper.xsa
TRACE::2026-03-29.19:29:40::SCWPlatform:: Unique name xilinx:zybo-z7-10::0.0
TRACE::2026-03-29.19:29:40::SCWPlatform::Removing the HwDB with name C:/Users/ER250/OneDrive/Documents/ECE520_SOC/ECE520_SandBox/int_gen_soc_re/int_gen_soc_vitis/int_gen_plat/hw/int_gen_bd_re_wrapper.xsa
TRACE::2026-03-29.19:29:40::SCWPlatform::Trying to open the hw design at C:/Users/ER250/OneDrive/Documents/ECE520_SOC/ECE520_SandBox/int_gen_soc_re/int_gen_soc_vitis/int_gen_plat/hw/int_gen_bd_re_wrapper.xsa
TRACE::2026-03-29.19:29:40::SCWPlatform::DSA given C:/Users/ER250/OneDrive/Documents/ECE520_SOC/ECE520_SandBox/int_gen_soc_re/int_gen_soc_vitis/int_gen_plat/hw/int_gen_bd_re_wrapper.xsa
TRACE::2026-03-29.19:29:40::SCWPlatform::DSA absoulate path C:/Users/ER250/OneDrive/Documents/ECE520_SOC/ECE520_SandBox/int_gen_soc_re/int_gen_soc_vitis/int_gen_plat/hw/int_gen_bd_re_wrapper.xsa
TRACE::2026-03-29.19:29:40::SCWPlatform::DSA directory C:/Users/ER250/OneDrive/Documents/ECE520_SOC/ECE520_SandBox/int_gen_soc_re/int_gen_soc_vitis/int_gen_plat/hw
TRACE::2026-03-29.19:29:40::SCWPlatform:: Platform Path C:/Users/ER250/OneDrive/Documents/ECE520_SOC/ECE520_SandBox/int_gen_soc_re/int_gen_soc_vitis/int_gen_plat/hw/int_gen_bd_re_wrapper.xsa
TRACE::2026-03-29.19:29:40::SCWPlatform:: Unique name xilinx:zybo-z7-10::0.0
TRACE::2026-03-29.19:29:40::SCWPlatform::Do not have an existing db opened. 
TRACE::2026-03-29.19:29:42::SCWPlatform::Opened new HwDB with name int_gen_bd_re_wrapper_2
TRACE::2026-03-29.19:29:42::SCWReader::Active system found as  int_gen_plat
TRACE::2026-03-29.19:29:42::SCWReader::Handling sysconfig int_gen_plat
TRACE::2026-03-29.19:29:42::SCWDomain::checking for install qemu data   : 
TRACE::2026-03-29.19:29:42::SCWDomain:: Using the QEMU Data from install at  : C:/Xilinx/Vitis/2023.1/data/emulation/platforms/zynq/sw/a9_standalone/qemu/
TRACE::2026-03-29.19:29:42::SCWDomain:: Using the QEMU args  from install at  : C:/Xilinx/Vitis/2023.1/data/emulation/platforms/zynq/sw/a9_standalone/qemu/qemu_args.txt
TRACE::2026-03-29.19:29:42::SCWPlatform::Trying to open the hw design at C:/Users/ER250/OneDrive/Documents/ECE520_SOC/ECE520_SandBox/int_gen_soc_re/int_gen_soc_vitis/int_gen_plat/hw/int_gen_bd_re_wrapper.xsa
TRACE::2026-03-29.19:29:42::SCWPlatform::DSA given C:/Users/ER250/OneDrive/Documents/ECE520_SOC/ECE520_SandBox/int_gen_soc_re/int_gen_soc_vitis/int_gen_plat/hw/int_gen_bd_re_wrapper.xsa
TRACE::2026-03-29.19:29:42::SCWPlatform::DSA absoulate path C:/Users/ER250/OneDrive/Documents/ECE520_SOC/ECE520_SandBox/int_gen_soc_re/int_gen_soc_vitis/int_gen_plat/hw/int_gen_bd_re_wrapper.xsa
TRACE::2026-03-29.19:29:42::SCWPlatform::DSA directory C:/Users/ER250/OneDrive/Documents/ECE520_SOC/ECE520_SandBox/int_gen_soc_re/int_gen_soc_vitis/int_gen_plat/hw
TRACE::2026-03-29.19:29:42::SCWPlatform:: Platform Path C:/Users/ER250/OneDrive/Documents/ECE520_SOC/ECE520_SandBox/int_gen_soc_re/int_gen_soc_vitis/int_gen_plat/hw/int_gen_bd_re_wrapper.xsa
TRACE::2026-03-29.19:29:42::SCWPlatform:: Unique name xilinx:zybo-z7-10::0.0
TRACE::2026-03-29.19:29:42::SCWPlatform::Trying to set the existing hwdb with name int_gen_bd_re_wrapper_2
TRACE::2026-03-29.19:29:42::SCWPlatform::Opened existing hwdb int_gen_bd_re_wrapper_2
TRACE::2026-03-29.19:29:42::SCWPlatform::Found the Hw Db part of the input DSA
TRACE::2026-03-29.19:29:42::SCWPlatform::Trying to open the hw design at C:/Users/ER250/OneDrive/Documents/ECE520_SOC/ECE520_SandBox/int_gen_soc_re/int_gen_soc_vitis/int_gen_plat/hw/int_gen_bd_re_wrapper.xsa
TRACE::2026-03-29.19:29:42::SCWPlatform::DSA given C:/Users/ER250/OneDrive/Documents/ECE520_SOC/ECE520_SandBox/int_gen_soc_re/int_gen_soc_vitis/int_gen_plat/hw/int_gen_bd_re_wrapper.xsa
TRACE::2026-03-29.19:29:42::SCWPlatform::DSA absoulate path C:/Users/ER250/OneDrive/Documents/ECE520_SOC/ECE520_SandBox/int_gen_soc_re/int_gen_soc_vitis/int_gen_plat/hw/int_gen_bd_re_wrapper.xsa
TRACE::2026-03-29.19:29:42::SCWPlatform::DSA directory C:/Users/ER250/OneDrive/Documents/ECE520_SOC/ECE520_SandBox/int_gen_soc_re/int_gen_soc_vitis/int_gen_plat/hw
TRACE::2026-03-29.19:29:42::SCWPlatform:: Platform Path C:/Users/ER250/OneDrive/Documents/ECE520_SOC/ECE520_SandBox/int_gen_soc_re/int_gen_soc_vitis/int_gen_plat/hw/int_gen_bd_re_wrapper.xsa
TRACE::2026-03-29.19:29:42::SCWPlatform:: Unique name xilinx:zybo-z7-10::0.0
TRACE::2026-03-29.19:29:42::SCWPlatform::Trying to set the existing hwdb with name int_gen_bd_re_wrapper_2
TRACE::2026-03-29.19:29:42::SCWPlatform::Opened existing hwdb int_gen_bd_re_wrapper_2
TRACE::2026-03-29.19:29:42::SCWPlatform::Found the Hw Db part of the input DSA
TRACE::2026-03-29.19:29:42::SCWPlatform::Trying to open the hw design at C:/Users/ER250/OneDrive/Documents/ECE520_SOC/ECE520_SandBox/int_gen_soc_re/int_gen_soc_vitis/int_gen_plat/hw/int_gen_bd_re_wrapper.xsa
TRACE::2026-03-29.19:29:42::SCWPlatform::DSA given C:/Users/ER250/OneDrive/Documents/ECE520_SOC/ECE520_SandBox/int_gen_soc_re/int_gen_soc_vitis/int_gen_plat/hw/int_gen_bd_re_wrapper.xsa
TRACE::2026-03-29.19:29:42::SCWPlatform::DSA absoulate path C:/Users/ER250/OneDrive/Documents/ECE520_SOC/ECE520_SandBox/int_gen_soc_re/int_gen_soc_vitis/int_gen_plat/hw/int_gen_bd_re_wrapper.xsa
TRACE::2026-03-29.19:29:42::SCWPlatform::DSA directory C:/Users/ER250/OneDrive/Documents/ECE520_SOC/ECE520_SandBox/int_gen_soc_re/int_gen_soc_vitis/int_gen_plat/hw
TRACE::2026-03-29.19:29:42::SCWPlatform:: Platform Path C:/Users/ER250/OneDrive/Documents/ECE520_SOC/ECE520_SandBox/int_gen_soc_re/int_gen_soc_vitis/int_gen_plat/hw/int_gen_bd_re_wrapper.xsa
TRACE::2026-03-29.19:29:42::SCWPlatform:: Unique name xilinx:zybo-z7-10::0.0
TRACE::2026-03-29.19:29:42::SCWPlatform::Trying to set the existing hwdb with name int_gen_bd_re_wrapper_2
TRACE::2026-03-29.19:29:42::SCWPlatform::Opened existing hwdb int_gen_bd_re_wrapper_2
TRACE::2026-03-29.19:29:42::SCWPlatform::Found the Hw Db part of the input DSA
TRACE::2026-03-29.19:29:42::SCWReader::Boot application domain added for zynq_fsbl
TRACE::2026-03-29.19:29:42::SCWPlatform::Trying to open the hw design at C:/Users/ER250/OneDrive/Documents/ECE520_SOC/ECE520_SandBox/int_gen_soc_re/int_gen_soc_vitis/int_gen_plat/hw/int_gen_bd_re_wrapper.xsa
TRACE::2026-03-29.19:29:42::SCWPlatform::DSA given C:/Users/ER250/OneDrive/Documents/ECE520_SOC/ECE520_SandBox/int_gen_soc_re/int_gen_soc_vitis/int_gen_plat/hw/int_gen_bd_re_wrapper.xsa
TRACE::2026-03-29.19:29:42::SCWPlatform::DSA absoulate path C:/Users/ER250/OneDrive/Documents/ECE520_SOC/ECE520_SandBox/int_gen_soc_re/int_gen_soc_vitis/int_gen_plat/hw/int_gen_bd_re_wrapper.xsa
TRACE::2026-03-29.19:29:42::SCWPlatform::DSA directory C:/Users/ER250/OneDrive/Documents/ECE520_SOC/ECE520_SandBox/int_gen_soc_re/int_gen_soc_vitis/int_gen_plat/hw
TRACE::2026-03-29.19:29:42::SCWPlatform:: Platform Path C:/Users/ER250/OneDrive/Documents/ECE520_SOC/ECE520_SandBox/int_gen_soc_re/int_gen_soc_vitis/int_gen_plat/hw/int_gen_bd_re_wrapper.xsa
TRACE::2026-03-29.19:29:42::SCWPlatform:: Unique name xilinx:zybo-z7-10::0.0
TRACE::2026-03-29.19:29:42::SCWPlatform::Trying to set the existing hwdb with name int_gen_bd_re_wrapper_2
TRACE::2026-03-29.19:29:42::SCWPlatform::Opened existing hwdb int_gen_bd_re_wrapper_2
TRACE::2026-03-29.19:29:42::SCWPlatform::Found the Hw Db part of the input DSA
TRACE::2026-03-29.19:29:42::SCWMssOS::Checking the sw design at  C:/Users/ER250/OneDrive/Documents/ECE520_SOC/ECE520_SandBox/int_gen_soc_re/int_gen_soc_vitis/int_gen_plat/zynq_fsbl/zynq_fsbl_bsp/system.mss
TRACE::2026-03-29.19:29:42::SCWMssOS::DEBUG:  swdes dump  
TRACE::2026-03-29.19:29:42::SCWMssOS::No sw design opened at  C:/Users/ER250/OneDrive/Documents/ECE520_SOC/ECE520_SandBox/int_gen_soc_re/int_gen_soc_vitis/int_gen_plat/zynq_fsbl/zynq_fsbl_bsp/system.mss
TRACE::2026-03-29.19:29:42::SCWMssOS::mss exists loading the mss file  C:/Users/ER250/OneDrive/Documents/ECE520_SOC/ECE520_SandBox/int_gen_soc_re/int_gen_soc_vitis/int_gen_plat/zynq_fsbl/zynq_fsbl_bsp/system.mss
TRACE::2026-03-29.19:29:42::SCWMssOS::Opened the sw design from mss  C:/Users/ER250/OneDrive/Documents/ECE520_SOC/ECE520_SandBox/int_gen_soc_re/int_gen_soc_vitis/int_gen_plat/zynq_fsbl/zynq_fsbl_bsp/system.mss
TRACE::2026-03-29.19:29:42::SCWMssOS::Adding the swdes entry C:/Users/ER250/OneDrive/Documents/ECE520_SOC/ECE520_SandBox/int_gen_soc_re/int_gen_soc_vitis/int_gen_plat/zynq_fsbl/zynq_fsbl_bsp/system.mss with des name system
TRACE::2026-03-29.19:29:42::SCWMssOS::updating the scw layer about changes
TRACE::2026-03-29.19:29:42::SCWMssOS::Opened the sw design.  C:/Users/ER250/OneDrive/Documents/ECE520_SOC/ECE520_SandBox/int_gen_soc_re/int_gen_soc_vitis/int_gen_plat/zynq_fsbl/zynq_fsbl_bsp/system.mss
TRACE::2026-03-29.19:29:42::SCWPlatform::Trying to open the hw design at C:/Users/ER250/OneDrive/Documents/ECE520_SOC/ECE520_SandBox/int_gen_soc_re/int_gen_soc_vitis/int_gen_plat/hw/int_gen_bd_re_wrapper.xsa
TRACE::2026-03-29.19:29:42::SCWPlatform::DSA given C:/Users/ER250/OneDrive/Documents/ECE520_SOC/ECE520_SandBox/int_gen_soc_re/int_gen_soc_vitis/int_gen_plat/hw/int_gen_bd_re_wrapper.xsa
TRACE::2026-03-29.19:29:42::SCWPlatform::DSA absoulate path C:/Users/ER250/OneDrive/Documents/ECE520_SOC/ECE520_SandBox/int_gen_soc_re/int_gen_soc_vitis/int_gen_plat/hw/int_gen_bd_re_wrapper.xsa
TRACE::2026-03-29.19:29:42::SCWPlatform::DSA directory C:/Users/ER250/OneDrive/Documents/ECE520_SOC/ECE520_SandBox/int_gen_soc_re/int_gen_soc_vitis/int_gen_plat/hw
TRACE::2026-03-29.19:29:42::SCWPlatform:: Platform Path C:/Users/ER250/OneDrive/Documents/ECE520_SOC/ECE520_SandBox/int_gen_soc_re/int_gen_soc_vitis/int_gen_plat/hw/int_gen_bd_re_wrapper.xsa
TRACE::2026-03-29.19:29:42::SCWPlatform:: Unique name xilinx:zybo-z7-10::0.0
TRACE::2026-03-29.19:29:42::SCWPlatform::Trying to set the existing hwdb with name int_gen_bd_re_wrapper_2
TRACE::2026-03-29.19:29:42::SCWPlatform::Opened existing hwdb int_gen_bd_re_wrapper_2
TRACE::2026-03-29.19:29:42::SCWPlatform::Found the Hw Db part of the input DSA
TRACE::2026-03-29.19:29:42::SCWMssOS::Checking the sw design at  C:/Users/ER250/OneDrive/Documents/ECE520_SOC/ECE520_SandBox/int_gen_soc_re/int_gen_soc_vitis/int_gen_plat/zynq_fsbl/zynq_fsbl_bsp/system.mss
TRACE::2026-03-29.19:29:42::SCWMssOS::DEBUG:  swdes dump  C:/Users/ER250/OneDrive/Documents/ECE520_SOC/ECE520_SandBox/int_gen_soc_re/int_gen_soc_vitis/int_gen_plat/zynq_fsbl/zynq_fsbl_bsp/system.mss|system||

TRACE::2026-03-29.19:29:42::SCWMssOS::Sw design exists and opened at  C:/Users/ER250/OneDrive/Documents/ECE520_SOC/ECE520_SandBox/int_gen_soc_re/int_gen_soc_vitis/int_gen_plat/zynq_fsbl/zynq_fsbl_bsp/system.mss
TRACE::2026-03-29.19:29:42::SCWMssOS:: library already available in sw design:  xilffs:5.0
TRACE::2026-03-29.19:29:42::SCWPlatform::Trying to open the hw design at C:/Users/ER250/OneDrive/Documents/ECE520_SOC/ECE520_SandBox/int_gen_soc_re/int_gen_soc_vitis/int_gen_plat/hw/int_gen_bd_re_wrapper.xsa
TRACE::2026-03-29.19:29:42::SCWPlatform::DSA given C:/Users/ER250/OneDrive/Documents/ECE520_SOC/ECE520_SandBox/int_gen_soc_re/int_gen_soc_vitis/int_gen_plat/hw/int_gen_bd_re_wrapper.xsa
TRACE::2026-03-29.19:29:42::SCWPlatform::DSA absoulate path C:/Users/ER250/OneDrive/Documents/ECE520_SOC/ECE520_SandBox/int_gen_soc_re/int_gen_soc_vitis/int_gen_plat/hw/int_gen_bd_re_wrapper.xsa
TRACE::2026-03-29.19:29:42::SCWPlatform::DSA directory C:/Users/ER250/OneDrive/Documents/ECE520_SOC/ECE520_SandBox/int_gen_soc_re/int_gen_soc_vitis/int_gen_plat/hw
TRACE::2026-03-29.19:29:42::SCWPlatform:: Platform Path C:/Users/ER250/OneDrive/Documents/ECE520_SOC/ECE520_SandBox/int_gen_soc_re/int_gen_soc_vitis/int_gen_plat/hw/int_gen_bd_re_wrapper.xsa
TRACE::2026-03-29.19:29:42::SCWPlatform:: Unique name xilinx:zybo-z7-10::0.0
TRACE::2026-03-29.19:29:42::SCWPlatform::Trying to set the existing hwdb with name int_gen_bd_re_wrapper_2
TRACE::2026-03-29.19:29:42::SCWPlatform::Opened existing hwdb int_gen_bd_re_wrapper_2
TRACE::2026-03-29.19:29:42::SCWPlatform::Found the Hw Db part of the input DSA
TRACE::2026-03-29.19:29:42::SCWMssOS::Checking the sw design at  C:/Users/ER250/OneDrive/Documents/ECE520_SOC/ECE520_SandBox/int_gen_soc_re/int_gen_soc_vitis/int_gen_plat/zynq_fsbl/zynq_fsbl_bsp/system.mss
TRACE::2026-03-29.19:29:42::SCWMssOS::DEBUG:  swdes dump  C:/Users/ER250/OneDrive/Documents/ECE520_SOC/ECE520_SandBox/int_gen_soc_re/int_gen_soc_vitis/int_gen_plat/zynq_fsbl/zynq_fsbl_bsp/system.mss|system||

TRACE::2026-03-29.19:29:42::SCWMssOS::Sw design exists and opened at  C:/Users/ER250/OneDrive/Documents/ECE520_SOC/ECE520_SandBox/int_gen_soc_re/int_gen_soc_vitis/int_gen_plat/zynq_fsbl/zynq_fsbl_bsp/system.mss
TRACE::2026-03-29.19:29:42::SCWMssOS:: library already available in sw design:  xilrsa:1.6
TRACE::2026-03-29.19:29:42::SCWPlatform::Trying to open the hw design at C:/Users/ER250/OneDrive/Documents/ECE520_SOC/ECE520_SandBox/int_gen_soc_re/int_gen_soc_vitis/int_gen_plat/hw/int_gen_bd_re_wrapper.xsa
TRACE::2026-03-29.19:29:42::SCWPlatform::DSA given C:/Users/ER250/OneDrive/Documents/ECE520_SOC/ECE520_SandBox/int_gen_soc_re/int_gen_soc_vitis/int_gen_plat/hw/int_gen_bd_re_wrapper.xsa
TRACE::2026-03-29.19:29:42::SCWPlatform::DSA absoulate path C:/Users/ER250/OneDrive/Documents/ECE520_SOC/ECE520_SandBox/int_gen_soc_re/int_gen_soc_vitis/int_gen_plat/hw/int_gen_bd_re_wrapper.xsa
TRACE::2026-03-29.19:29:42::SCWPlatform::DSA directory C:/Users/ER250/OneDrive/Documents/ECE520_SOC/ECE520_SandBox/int_gen_soc_re/int_gen_soc_vitis/int_gen_plat/hw
TRACE::2026-03-29.19:29:42::SCWPlatform:: Platform Path C:/Users/ER250/OneDrive/Documents/ECE520_SOC/ECE520_SandBox/int_gen_soc_re/int_gen_soc_vitis/int_gen_plat/hw/int_gen_bd_re_wrapper.xsa
TRACE::2026-03-29.19:29:42::SCWPlatform:: Unique name xilinx:zybo-z7-10::0.0
TRACE::2026-03-29.19:29:42::SCWPlatform::Trying to set the existing hwdb with name int_gen_bd_re_wrapper_2
TRACE::2026-03-29.19:29:42::SCWPlatform::Opened existing hwdb int_gen_bd_re_wrapper_2
TRACE::2026-03-29.19:29:42::SCWPlatform::Found the Hw Db part of the input DSA
TRACE::2026-03-29.19:29:42::SCWMssOS::Checking the sw design at  C:/Users/ER250/OneDrive/Documents/ECE520_SOC/ECE520_SandBox/int_gen_soc_re/int_gen_soc_vitis/int_gen_plat/zynq_fsbl/zynq_fsbl_bsp/system.mss
TRACE::2026-03-29.19:29:42::SCWMssOS::DEBUG:  swdes dump  C:/Users/ER250/OneDrive/Documents/ECE520_SOC/ECE520_SandBox/int_gen_soc_re/int_gen_soc_vitis/int_gen_plat/zynq_fsbl/zynq_fsbl_bsp/system.mss|system||

TRACE::2026-03-29.19:29:42::SCWMssOS::Sw design exists and opened at  C:/Users/ER250/OneDrive/Documents/ECE520_SOC/ECE520_SandBox/int_gen_soc_re/int_gen_soc_vitis/int_gen_plat/zynq_fsbl/zynq_fsbl_bsp/system.mss
TRACE::2026-03-29.19:29:42::SCWMssOS::Saving the mss changes C:/Users/ER250/OneDrive/Documents/ECE520_SOC/ECE520_SandBox/int_gen_soc_re/int_gen_soc_vitis/int_gen_plat/zynq_fsbl/zynq_fsbl_bsp/system.mss
TRACE::2026-03-29.19:29:42::SCWMssOS::Found a swdesign opened with the mssfile.
TRACE::2026-03-29.19:29:42::SCWMssOS::Completed writemss as part of save.
TRACE::2026-03-29.19:29:42::SCWMssOS::Commit changes completed.
TRACE::2026-03-29.19:29:42::SCWReader::Adding prebuilt librarypaths as   
TRACE::2026-03-29.19:29:42::SCWReader::Adding prebuilt incpaths  as   
TRACE::2026-03-29.19:29:42::SCWPlatform::Trying to open the hw design at C:/Users/ER250/OneDrive/Documents/ECE520_SOC/ECE520_SandBox/int_gen_soc_re/int_gen_soc_vitis/int_gen_plat/hw/int_gen_bd_re_wrapper.xsa
TRACE::2026-03-29.19:29:42::SCWPlatform::DSA given C:/Users/ER250/OneDrive/Documents/ECE520_SOC/ECE520_SandBox/int_gen_soc_re/int_gen_soc_vitis/int_gen_plat/hw/int_gen_bd_re_wrapper.xsa
TRACE::2026-03-29.19:29:42::SCWPlatform::DSA absoulate path C:/Users/ER250/OneDrive/Documents/ECE520_SOC/ECE520_SandBox/int_gen_soc_re/int_gen_soc_vitis/int_gen_plat/hw/int_gen_bd_re_wrapper.xsa
TRACE::2026-03-29.19:29:42::SCWPlatform::DSA directory C:/Users/ER250/OneDrive/Documents/ECE520_SOC/ECE520_SandBox/int_gen_soc_re/int_gen_soc_vitis/int_gen_plat/hw
TRACE::2026-03-29.19:29:42::SCWPlatform:: Platform Path C:/Users/ER250/OneDrive/Documents/ECE520_SOC/ECE520_SandBox/int_gen_soc_re/int_gen_soc_vitis/int_gen_plat/hw/int_gen_bd_re_wrapper.xsa
TRACE::2026-03-29.19:29:42::SCWPlatform:: Unique name xilinx:zybo-z7-10::0.0
TRACE::2026-03-29.19:29:42::SCWPlatform::Trying to set the existing hwdb with name int_gen_bd_re_wrapper_2
TRACE::2026-03-29.19:29:42::SCWPlatform::Opened existing hwdb int_gen_bd_re_wrapper_2
TRACE::2026-03-29.19:29:42::SCWPlatform::Found the Hw Db part of the input DSA
TRACE::2026-03-29.19:29:42::SCWMssOS::Checking the sw design at  C:/Users/ER250/OneDrive/Documents/ECE520_SOC/ECE520_SandBox/int_gen_soc_re/int_gen_soc_vitis/int_gen_plat/zynq_fsbl/zynq_fsbl_bsp/system.mss
TRACE::2026-03-29.19:29:42::SCWMssOS::DEBUG:  swdes dump  C:/Users/ER250/OneDrive/Documents/ECE520_SOC/ECE520_SandBox/int_gen_soc_re/int_gen_soc_vitis/int_gen_plat/zynq_fsbl/zynq_fsbl_bsp/system.mss|system||

TRACE::2026-03-29.19:29:42::SCWMssOS::Sw design exists and opened at  C:/Users/ER250/OneDrive/Documents/ECE520_SOC/ECE520_SandBox/int_gen_soc_re/int_gen_soc_vitis/int_gen_plat/zynq_fsbl/zynq_fsbl_bsp/system.mss
TRACE::2026-03-29.19:29:42::SCWReader::No isolation master present  
TRACE::2026-03-29.19:29:42::SCWDomain::checking for install qemu data   : 
TRACE::2026-03-29.19:29:42::SCWDomain:: Using the QEMU Data from install at  : C:/Xilinx/Vitis/2023.1/data/emulation/platforms/zynq/sw/a9_standalone/qemu/
TRACE::2026-03-29.19:29:42::SCWDomain:: Using the QEMU args  from install at  : C:/Xilinx/Vitis/2023.1/data/emulation/platforms/zynq/sw/a9_standalone/qemu/qemu_args.txt
TRACE::2026-03-29.19:29:42::SCWPlatform::Trying to open the hw design at C:/Users/ER250/OneDrive/Documents/ECE520_SOC/ECE520_SandBox/int_gen_soc_re/int_gen_soc_vitis/int_gen_plat/hw/int_gen_bd_re_wrapper.xsa
TRACE::2026-03-29.19:29:42::SCWPlatform::DSA given C:/Users/ER250/OneDrive/Documents/ECE520_SOC/ECE520_SandBox/int_gen_soc_re/int_gen_soc_vitis/int_gen_plat/hw/int_gen_bd_re_wrapper.xsa
TRACE::2026-03-29.19:29:42::SCWPlatform::DSA absoulate path C:/Users/ER250/OneDrive/Documents/ECE520_SOC/ECE520_SandBox/int_gen_soc_re/int_gen_soc_vitis/int_gen_plat/hw/int_gen_bd_re_wrapper.xsa
TRACE::2026-03-29.19:29:42::SCWPlatform::DSA directory C:/Users/ER250/OneDrive/Documents/ECE520_SOC/ECE520_SandBox/int_gen_soc_re/int_gen_soc_vitis/int_gen_plat/hw
TRACE::2026-03-29.19:29:42::SCWPlatform:: Platform Path C:/Users/ER250/OneDrive/Documents/ECE520_SOC/ECE520_SandBox/int_gen_soc_re/int_gen_soc_vitis/int_gen_plat/hw/int_gen_bd_re_wrapper.xsa
TRACE::2026-03-29.19:29:42::SCWPlatform:: Unique name xilinx:zybo-z7-10::0.0
TRACE::2026-03-29.19:29:42::SCWPlatform::Trying to set the existing hwdb with name int_gen_bd_re_wrapper_2
TRACE::2026-03-29.19:29:42::SCWPlatform::Opened existing hwdb int_gen_bd_re_wrapper_2
TRACE::2026-03-29.19:29:42::SCWPlatform::Found the Hw Db part of the input DSA
TRACE::2026-03-29.19:29:42::SCWPlatform::Trying to open the hw design at C:/Users/ER250/OneDrive/Documents/ECE520_SOC/ECE520_SandBox/int_gen_soc_re/int_gen_soc_vitis/int_gen_plat/hw/int_gen_bd_re_wrapper.xsa
TRACE::2026-03-29.19:29:42::SCWPlatform::DSA given C:/Users/ER250/OneDrive/Documents/ECE520_SOC/ECE520_SandBox/int_gen_soc_re/int_gen_soc_vitis/int_gen_plat/hw/int_gen_bd_re_wrapper.xsa
TRACE::2026-03-29.19:29:42::SCWPlatform::DSA absoulate path C:/Users/ER250/OneDrive/Documents/ECE520_SOC/ECE520_SandBox/int_gen_soc_re/int_gen_soc_vitis/int_gen_plat/hw/int_gen_bd_re_wrapper.xsa
TRACE::2026-03-29.19:29:42::SCWPlatform::DSA directory C:/Users/ER250/OneDrive/Documents/ECE520_SOC/ECE520_SandBox/int_gen_soc_re/int_gen_soc_vitis/int_gen_plat/hw
TRACE::2026-03-29.19:29:42::SCWPlatform:: Platform Path C:/Users/ER250/OneDrive/Documents/ECE520_SOC/ECE520_SandBox/int_gen_soc_re/int_gen_soc_vitis/int_gen_plat/hw/int_gen_bd_re_wrapper.xsa
TRACE::2026-03-29.19:29:42::SCWPlatform:: Unique name xilinx:zybo-z7-10::0.0
TRACE::2026-03-29.19:29:42::SCWPlatform::Trying to set the existing hwdb with name int_gen_bd_re_wrapper_2
TRACE::2026-03-29.19:29:42::SCWPlatform::Opened existing hwdb int_gen_bd_re_wrapper_2
TRACE::2026-03-29.19:29:42::SCWPlatform::Found the Hw Db part of the input DSA
TRACE::2026-03-29.19:29:42::SCWPlatform::Trying to open the hw design at C:/Users/ER250/OneDrive/Documents/ECE520_SOC/ECE520_SandBox/int_gen_soc_re/int_gen_soc_vitis/int_gen_plat/hw/int_gen_bd_re_wrapper.xsa
TRACE::2026-03-29.19:29:42::SCWPlatform::DSA given C:/Users/ER250/OneDrive/Documents/ECE520_SOC/ECE520_SandBox/int_gen_soc_re/int_gen_soc_vitis/int_gen_plat/hw/int_gen_bd_re_wrapper.xsa
TRACE::2026-03-29.19:29:42::SCWPlatform::DSA absoulate path C:/Users/ER250/OneDrive/Documents/ECE520_SOC/ECE520_SandBox/int_gen_soc_re/int_gen_soc_vitis/int_gen_plat/hw/int_gen_bd_re_wrapper.xsa
TRACE::2026-03-29.19:29:42::SCWPlatform::DSA directory C:/Users/ER250/OneDrive/Documents/ECE520_SOC/ECE520_SandBox/int_gen_soc_re/int_gen_soc_vitis/int_gen_plat/hw
TRACE::2026-03-29.19:29:42::SCWPlatform:: Platform Path C:/Users/ER250/OneDrive/Documents/ECE520_SOC/ECE520_SandBox/int_gen_soc_re/int_gen_soc_vitis/int_gen_plat/hw/int_gen_bd_re_wrapper.xsa
TRACE::2026-03-29.19:29:42::SCWPlatform:: Unique name xilinx:zybo-z7-10::0.0
TRACE::2026-03-29.19:29:42::SCWPlatform::Trying to set the existing hwdb with name int_gen_bd_re_wrapper_2
TRACE::2026-03-29.19:29:42::SCWPlatform::Opened existing hwdb int_gen_bd_re_wrapper_2
TRACE::2026-03-29.19:29:42::SCWPlatform::Found the Hw Db part of the input DSA
TRACE::2026-03-29.19:29:42::SCWMssOS::Checking the sw design at  C:/Users/ER250/OneDrive/Documents/ECE520_SOC/ECE520_SandBox/int_gen_soc_re/int_gen_soc_vitis/int_gen_plat/ps7_cortexa9_0/standalone_domain/bsp/system.mss
TRACE::2026-03-29.19:29:42::SCWMssOS::DEBUG:  swdes dump  C:/Users/ER250/OneDrive/Documents/ECE520_SOC/ECE520_SandBox/int_gen_soc_re/int_gen_soc_vitis/int_gen_plat/zynq_fsbl/zynq_fsbl_bsp/system.mss|system||

TRACE::2026-03-29.19:29:42::SCWMssOS::No sw design opened at  C:/Users/ER250/OneDrive/Documents/ECE520_SOC/ECE520_SandBox/int_gen_soc_re/int_gen_soc_vitis/int_gen_plat/ps7_cortexa9_0/standalone_domain/bsp/system.mss
TRACE::2026-03-29.19:29:42::SCWMssOS::mss exists loading the mss file  C:/Users/ER250/OneDrive/Documents/ECE520_SOC/ECE520_SandBox/int_gen_soc_re/int_gen_soc_vitis/int_gen_plat/ps7_cortexa9_0/standalone_domain/bsp/system.mss
TRACE::2026-03-29.19:29:42::SCWMssOS::Opened the sw design from mss  C:/Users/ER250/OneDrive/Documents/ECE520_SOC/ECE520_SandBox/int_gen_soc_re/int_gen_soc_vitis/int_gen_plat/ps7_cortexa9_0/standalone_domain/bsp/system.mss
TRACE::2026-03-29.19:29:42::SCWMssOS::Adding the swdes entry C:/Users/ER250/OneDrive/Documents/ECE520_SOC/ECE520_SandBox/int_gen_soc_re/int_gen_soc_vitis/int_gen_plat/ps7_cortexa9_0/standalone_domain/bsp/system.mss with des name system_0
TRACE::2026-03-29.19:29:42::SCWMssOS::updating the scw layer about changes
TRACE::2026-03-29.19:29:42::SCWMssOS::Opened the sw design.  C:/Users/ER250/OneDrive/Documents/ECE520_SOC/ECE520_SandBox/int_gen_soc_re/int_gen_soc_vitis/int_gen_plat/ps7_cortexa9_0/standalone_domain/bsp/system.mss
TRACE::2026-03-29.19:29:42::SCWPlatform::Trying to open the hw design at C:/Users/ER250/OneDrive/Documents/ECE520_SOC/ECE520_SandBox/int_gen_soc_re/int_gen_soc_vitis/int_gen_plat/hw/int_gen_bd_re_wrapper.xsa
TRACE::2026-03-29.19:29:42::SCWPlatform::DSA given C:/Users/ER250/OneDrive/Documents/ECE520_SOC/ECE520_SandBox/int_gen_soc_re/int_gen_soc_vitis/int_gen_plat/hw/int_gen_bd_re_wrapper.xsa
TRACE::2026-03-29.19:29:42::SCWPlatform::DSA absoulate path C:/Users/ER250/OneDrive/Documents/ECE520_SOC/ECE520_SandBox/int_gen_soc_re/int_gen_soc_vitis/int_gen_plat/hw/int_gen_bd_re_wrapper.xsa
TRACE::2026-03-29.19:29:42::SCWPlatform::DSA directory C:/Users/ER250/OneDrive/Documents/ECE520_SOC/ECE520_SandBox/int_gen_soc_re/int_gen_soc_vitis/int_gen_plat/hw
TRACE::2026-03-29.19:29:42::SCWPlatform:: Platform Path C:/Users/ER250/OneDrive/Documents/ECE520_SOC/ECE520_SandBox/int_gen_soc_re/int_gen_soc_vitis/int_gen_plat/hw/int_gen_bd_re_wrapper.xsa
TRACE::2026-03-29.19:29:42::SCWPlatform:: Unique name xilinx:zybo-z7-10::0.0
TRACE::2026-03-29.19:29:42::SCWPlatform::Trying to set the existing hwdb with name int_gen_bd_re_wrapper_2
TRACE::2026-03-29.19:29:42::SCWPlatform::Opened existing hwdb int_gen_bd_re_wrapper_2
TRACE::2026-03-29.19:29:42::SCWPlatform::Found the Hw Db part of the input DSA
TRACE::2026-03-29.19:29:42::SCWMssOS::Checking the sw design at  C:/Users/ER250/OneDrive/Documents/ECE520_SOC/ECE520_SandBox/int_gen_soc_re/int_gen_soc_vitis/int_gen_plat/ps7_cortexa9_0/standalone_domain/bsp/system.mss
TRACE::2026-03-29.19:29:42::SCWMssOS::DEBUG:  swdes dump  C:/Users/ER250/OneDrive/Documents/ECE520_SOC/ECE520_SandBox/int_gen_soc_re/int_gen_soc_vitis/int_gen_plat/ps7_cortexa9_0/standalone_domain/bsp/system.mss|system_0||
C:/Users/ER250/OneDrive/Documents/ECE520_SOC/ECE520_SandBox/int_gen_soc_re/int_gen_soc_vitis/int_gen_plat/zynq_fsbl/zynq_fsbl_bsp/system.mss|system||

TRACE::2026-03-29.19:29:42::SCWMssOS::Sw design exists and opened at  C:/Users/ER250/OneDrive/Documents/ECE520_SOC/ECE520_SandBox/int_gen_soc_re/int_gen_soc_vitis/int_gen_plat/ps7_cortexa9_0/standalone_domain/bsp/system.mss
TRACE::2026-03-29.19:29:42::SCWMssOS::Saving the mss changes C:/Users/ER250/OneDrive/Documents/ECE520_SOC/ECE520_SandBox/int_gen_soc_re/int_gen_soc_vitis/int_gen_plat/ps7_cortexa9_0/standalone_domain/bsp/system.mss
TRACE::2026-03-29.19:29:42::SCWMssOS::Found a swdesign opened with the mssfile.
TRACE::2026-03-29.19:29:42::SCWMssOS::Completed writemss as part of save.
TRACE::2026-03-29.19:29:42::SCWMssOS::Commit changes completed.
TRACE::2026-03-29.19:29:42::SCWReader::Adding prebuilt librarypaths as   
TRACE::2026-03-29.19:29:42::SCWReader::Adding prebuilt incpaths  as   
TRACE::2026-03-29.19:29:42::SCWPlatform::Trying to open the hw design at C:/Users/ER250/OneDrive/Documents/ECE520_SOC/ECE520_SandBox/int_gen_soc_re/int_gen_soc_vitis/int_gen_plat/hw/int_gen_bd_re_wrapper.xsa
TRACE::2026-03-29.19:29:42::SCWPlatform::DSA given C:/Users/ER250/OneDrive/Documents/ECE520_SOC/ECE520_SandBox/int_gen_soc_re/int_gen_soc_vitis/int_gen_plat/hw/int_gen_bd_re_wrapper.xsa
TRACE::2026-03-29.19:29:42::SCWPlatform::DSA absoulate path C:/Users/ER250/OneDrive/Documents/ECE520_SOC/ECE520_SandBox/int_gen_soc_re/int_gen_soc_vitis/int_gen_plat/hw/int_gen_bd_re_wrapper.xsa
TRACE::2026-03-29.19:29:42::SCWPlatform::DSA directory C:/Users/ER250/OneDrive/Documents/ECE520_SOC/ECE520_SandBox/int_gen_soc_re/int_gen_soc_vitis/int_gen_plat/hw
TRACE::2026-03-29.19:29:42::SCWPlatform:: Platform Path C:/Users/ER250/OneDrive/Documents/ECE520_SOC/ECE520_SandBox/int_gen_soc_re/int_gen_soc_vitis/int_gen_plat/hw/int_gen_bd_re_wrapper.xsa
TRACE::2026-03-29.19:29:42::SCWPlatform:: Unique name xilinx:zybo-z7-10::0.0
TRACE::2026-03-29.19:29:42::SCWPlatform::Trying to set the existing hwdb with name int_gen_bd_re_wrapper_2
TRACE::2026-03-29.19:29:42::SCWPlatform::Opened existing hwdb int_gen_bd_re_wrapper_2
TRACE::2026-03-29.19:29:42::SCWPlatform::Found the Hw Db part of the input DSA
TRACE::2026-03-29.19:29:42::SCWMssOS::Checking the sw design at  C:/Users/ER250/OneDrive/Documents/ECE520_SOC/ECE520_SandBox/int_gen_soc_re/int_gen_soc_vitis/int_gen_plat/ps7_cortexa9_0/standalone_domain/bsp/system.mss
TRACE::2026-03-29.19:29:42::SCWMssOS::DEBUG:  swdes dump  C:/Users/ER250/OneDrive/Documents/ECE520_SOC/ECE520_SandBox/int_gen_soc_re/int_gen_soc_vitis/int_gen_plat/ps7_cortexa9_0/standalone_domain/bsp/system.mss|system_0||
C:/Users/ER250/OneDrive/Documents/ECE520_SOC/ECE520_SandBox/int_gen_soc_re/int_gen_soc_vitis/int_gen_plat/zynq_fsbl/zynq_fsbl_bsp/system.mss|system||

TRACE::2026-03-29.19:29:42::SCWMssOS::Sw design exists and opened at  C:/Users/ER250/OneDrive/Documents/ECE520_SOC/ECE520_SandBox/int_gen_soc_re/int_gen_soc_vitis/int_gen_plat/ps7_cortexa9_0/standalone_domain/bsp/system.mss
TRACE::2026-03-29.19:29:42::SCWReader::No isolation master present  
LOG::2026-03-29.19:30:02::SCWPlatform::Started generating the artifacts platform int_gen_plat
TRACE::2026-03-29.19:30:02::SCWPlatform::Sanity checking of platform is completed
LOG::2026-03-29.19:30:02::SCWPlatform::Started generating the artifacts for system configuration int_gen_plat
LOG::2026-03-29.19:30:02::SCWSystem::Checking the domain zynq_fsbl
LOG::2026-03-29.19:30:02::SCWSystem::Doing application build for :  zynq_fsbl
TRACE::2026-03-29.19:30:02::SCWBDomain::Not a forced makefile updation, No changes are present. 
TRACE::2026-03-29.19:30:02::SCWDomain::Building the domain as part of full build :  zynq_fsbl
TRACE::2026-03-29.19:30:02::SCWPlatform::Trying to open the hw design at C:/Users/ER250/OneDrive/Documents/ECE520_SOC/ECE520_SandBox/int_gen_soc_re/int_gen_soc_vitis/int_gen_plat/hw/int_gen_bd_re_wrapper.xsa
TRACE::2026-03-29.19:30:02::SCWPlatform::DSA given C:/Users/ER250/OneDrive/Documents/ECE520_SOC/ECE520_SandBox/int_gen_soc_re/int_gen_soc_vitis/int_gen_plat/hw/int_gen_bd_re_wrapper.xsa
TRACE::2026-03-29.19:30:02::SCWPlatform::DSA absoulate path C:/Users/ER250/OneDrive/Documents/ECE520_SOC/ECE520_SandBox/int_gen_soc_re/int_gen_soc_vitis/int_gen_plat/hw/int_gen_bd_re_wrapper.xsa
TRACE::2026-03-29.19:30:02::SCWPlatform::DSA directory C:/Users/ER250/OneDrive/Documents/ECE520_SOC/ECE520_SandBox/int_gen_soc_re/int_gen_soc_vitis/int_gen_plat/hw
TRACE::2026-03-29.19:30:02::SCWPlatform:: Platform Path C:/Users/ER250/OneDrive/Documents/ECE520_SOC/ECE520_SandBox/int_gen_soc_re/int_gen_soc_vitis/int_gen_plat/hw/int_gen_bd_re_wrapper.xsa
TRACE::2026-03-29.19:30:02::SCWPlatform:: Unique name xilinx:zybo-z7-10::0.0
TRACE::2026-03-29.19:30:02::SCWPlatform::Trying to set the existing hwdb with name int_gen_bd_re_wrapper_2
TRACE::2026-03-29.19:30:02::SCWPlatform::Opened existing hwdb int_gen_bd_re_wrapper_2
TRACE::2026-03-29.19:30:02::SCWPlatform::Found the Hw Db part of the input DSA
TRACE::2026-03-29.19:30:02::SCWMssOS::Checking the sw design at  C:/Users/ER250/OneDrive/Documents/ECE520_SOC/ECE520_SandBox/int_gen_soc_re/int_gen_soc_vitis/int_gen_plat/zynq_fsbl/zynq_fsbl_bsp/system.mss
TRACE::2026-03-29.19:30:02::SCWMssOS::DEBUG:  swdes dump  C:/Users/ER250/OneDrive/Documents/ECE520_SOC/ECE520_SandBox/int_gen_soc_re/int_gen_soc_vitis/int_gen_plat/ps7_cortexa9_0/standalone_domain/bsp/system.mss|system_0||
C:/Users/ER250/OneDrive/Documents/ECE520_SOC/ECE520_SandBox/int_gen_soc_re/int_gen_soc_vitis/int_gen_plat/zynq_fsbl/zynq_fsbl_bsp/system.mss|system||

TRACE::2026-03-29.19:30:02::SCWMssOS::Sw design exists and opened at  C:/Users/ER250/OneDrive/Documents/ECE520_SOC/ECE520_SandBox/int_gen_soc_re/int_gen_soc_vitis/int_gen_plat/zynq_fsbl/zynq_fsbl_bsp/system.mss
TRACE::2026-03-29.19:30:02::SCWBDomain::Completed writing the mss file at C:/Users/ER250/OneDrive/Documents/ECE520_SOC/ECE520_SandBox/int_gen_soc_re/int_gen_soc_vitis/int_gen_plat/zynq_fsbl/zynq_fsbl_bsp
TRACE::2026-03-29.19:30:02::SCWBDomain::bsp generated is stale removing and regenerating. 
TRACE::2026-03-29.19:30:07::SCWBDomain::Updating the makefile used for building the Application zynq_fsbl
TRACE::2026-03-29.19:30:07::SCWPlatform::Trying to open the hw design at C:/Users/ER250/OneDrive/Documents/ECE520_SOC/ECE520_SandBox/int_gen_soc_re/int_gen_soc_vitis/int_gen_plat/hw/int_gen_bd_re_wrapper.xsa
TRACE::2026-03-29.19:30:07::SCWPlatform::DSA given C:/Users/ER250/OneDrive/Documents/ECE520_SOC/ECE520_SandBox/int_gen_soc_re/int_gen_soc_vitis/int_gen_plat/hw/int_gen_bd_re_wrapper.xsa
TRACE::2026-03-29.19:30:07::SCWPlatform::DSA absoulate path C:/Users/ER250/OneDrive/Documents/ECE520_SOC/ECE520_SandBox/int_gen_soc_re/int_gen_soc_vitis/int_gen_plat/hw/int_gen_bd_re_wrapper.xsa
TRACE::2026-03-29.19:30:07::SCWPlatform::DSA directory C:/Users/ER250/OneDrive/Documents/ECE520_SOC/ECE520_SandBox/int_gen_soc_re/int_gen_soc_vitis/int_gen_plat/hw
TRACE::2026-03-29.19:30:07::SCWPlatform:: Platform Path C:/Users/ER250/OneDrive/Documents/ECE520_SOC/ECE520_SandBox/int_gen_soc_re/int_gen_soc_vitis/int_gen_plat/hw/int_gen_bd_re_wrapper.xsa
TRACE::2026-03-29.19:30:07::SCWPlatform:: Unique name xilinx:zybo-z7-10::0.0
TRACE::2026-03-29.19:30:07::SCWPlatform::Trying to set the existing hwdb with name int_gen_bd_re_wrapper_2
TRACE::2026-03-29.19:30:07::SCWPlatform::Opened existing hwdb int_gen_bd_re_wrapper_2
TRACE::2026-03-29.19:30:07::SCWPlatform::Found the Hw Db part of the input DSA
TRACE::2026-03-29.19:30:07::SCWMssOS::Checking the sw design at  C:/Users/ER250/OneDrive/Documents/ECE520_SOC/ECE520_SandBox/int_gen_soc_re/int_gen_soc_vitis/int_gen_plat/zynq_fsbl/zynq_fsbl_bsp/system.mss
TRACE::2026-03-29.19:30:07::SCWMssOS::DEBUG:  swdes dump  C:/Users/ER250/OneDrive/Documents/ECE520_SOC/ECE520_SandBox/int_gen_soc_re/int_gen_soc_vitis/int_gen_plat/ps7_cortexa9_0/standalone_domain/bsp/system.mss|system_0||

TRACE::2026-03-29.19:30:07::SCWMssOS::No sw design opened at  C:/Users/ER250/OneDrive/Documents/ECE520_SOC/ECE520_SandBox/int_gen_soc_re/int_gen_soc_vitis/int_gen_plat/zynq_fsbl/zynq_fsbl_bsp/system.mss
TRACE::2026-03-29.19:30:07::SCWMssOS::mss exists loading the mss file  C:/Users/ER250/OneDrive/Documents/ECE520_SOC/ECE520_SandBox/int_gen_soc_re/int_gen_soc_vitis/int_gen_plat/zynq_fsbl/zynq_fsbl_bsp/system.mss
TRACE::2026-03-29.19:30:07::SCWMssOS::Opened the sw design from mss  C:/Users/ER250/OneDrive/Documents/ECE520_SOC/ECE520_SandBox/int_gen_soc_re/int_gen_soc_vitis/int_gen_plat/zynq_fsbl/zynq_fsbl_bsp/system.mss
TRACE::2026-03-29.19:30:07::SCWMssOS::Adding the swdes entry C:/Users/ER250/OneDrive/Documents/ECE520_SOC/ECE520_SandBox/int_gen_soc_re/int_gen_soc_vitis/int_gen_plat/zynq_fsbl/zynq_fsbl_bsp/system.mss with des name system
TRACE::2026-03-29.19:30:07::SCWMssOS::updating the scw layer about changes
TRACE::2026-03-29.19:30:07::SCWMssOS::Opened the sw design.  C:/Users/ER250/OneDrive/Documents/ECE520_SOC/ECE520_SandBox/int_gen_soc_re/int_gen_soc_vitis/int_gen_plat/zynq_fsbl/zynq_fsbl_bsp/system.mss
TRACE::2026-03-29.19:30:16::SCWBDomain::removing the temporary location in _platform.
TRACE::2026-03-29.19:30:16::SCWBDomain::Makefile is Updated.
TRACE::2026-03-29.19:30:16::SCWBDomain::doing clean.
TRACE::2026-03-29.19:30:16::SCWBDomain::System Command Ran  C:&  cd  C:/Users/ER250/OneDrive/Documents/ECE520_SOC/ECE520_SandBox/int_gen_soc_re/int_gen_soc_vitis/int_gen_plat/zynq_fsbl & make clean
TRACE::2026-03-29.19:30:17::SCWBDomain::rm -rf  sd.o  nand.o  image_mover.o  md5.o  fsbl_hooks.o  main.o  nor.o  qspi.o  rsa.o  ps7_init.o  pcap.o  fsbl_handoff.o zynq
TRACE::2026-03-29.19:30:17::SCWBDomain::_fsbl_bsp/ps7_cortexa9_0/lib/libxil.a fsbl.elf *.o

TRACE::2026-03-29.19:30:17::SCWBDomain::System Command Ran  C:&  cd  C:/Users/ER250/OneDrive/Documents/ECE520_SOC/ECE520_SandBox/int_gen_soc_re/int_gen_soc_vitis/int_gen_plat/zynq_fsbl& make -C  zynq_fsbl_bsp & make 
TRACE::2026-03-29.19:30:17::SCWBDomain::make: Entering directory 'C:/Users/ER250/OneDrive/Documents/ECE520_SOC/ECE520_SandBox/int_gen_soc_re/int_gen_soc_vitis/int_gen_
TRACE::2026-03-29.19:30:17::SCWBDomain::plat/zynq_fsbl/zynq_fsbl_bsp'

TRACE::2026-03-29.19:30:17::SCWBDomain::make --no-print-directory seq_libs

TRACE::2026-03-29.19:30:18::SCWBDomain::"Running Make include in ps7_cortexa9_0/libsrc/coresightps_dcc_v1_8/src"

TRACE::2026-03-29.19:30:18::SCWBDomain::make -C ps7_cortexa9_0/libsrc/coresightps_dcc_v1_8/src -s include  "SHELL=CMD" "COMPILER=arm-none-eabi-gcc" "ASSEMBLER=arm-none
TRACE::2026-03-29.19:30:18::SCWBDomain::-eabi-as" "ARCHIVER=arm-none-eabi-ar" "COMPILER_FLAGS=  -O2 -c" "EXTRA_COMPILER_FLAGS=-mcpu=cortex-a9 -mfpu=vfpv3 -mfloat-abi=h
TRACE::2026-03-29.19:30:18::SCWBDomain::ard -nostartfiles -g -Wall -Wextra -fno-tree-loop-distribute-patterns"

TRACE::2026-03-29.19:30:18::SCWBDomain::"Running Make include in ps7_cortexa9_0/libsrc/cpu_cortexa9_v2_11/src"

TRACE::2026-03-29.19:30:18::SCWBDomain::make -C ps7_cortexa9_0/libsrc/cpu_cortexa9_v2_11/src -s include  "SHELL=CMD" "COMPILER=arm-none-eabi-gcc" "ASSEMBLER=arm-none-e
TRACE::2026-03-29.19:30:18::SCWBDomain::abi-as" "ARCHIVER=arm-none-eabi-ar" "COMPILER_FLAGS=  -O2 -c" "EXTRA_COMPILER_FLAGS=-mcpu=cortex-a9 -mfpu=vfpv3 -mfloat-abi=har
TRACE::2026-03-29.19:30:18::SCWBDomain::d -nostartfiles -g -Wall -Wextra -fno-tree-loop-distribute-patterns"

TRACE::2026-03-29.19:30:18::SCWBDomain::"Running Make include in ps7_cortexa9_0/libsrc/ddrps_v1_2/src"

TRACE::2026-03-29.19:30:18::SCWBDomain::make -C ps7_cortexa9_0/libsrc/ddrps_v1_2/src -s include  "SHELL=CMD" "COMPILER=arm-none-eabi-gcc" "ASSEMBLER=arm-none-eabi-as" 
TRACE::2026-03-29.19:30:18::SCWBDomain::"ARCHIVER=arm-none-eabi-ar" "COMPILER_FLAGS=  -O2 -c" "EXTRA_COMPILER_FLAGS=-mcpu=cortex-a9 -mfpu=vfpv3 -mfloat-abi=hard -nosta
TRACE::2026-03-29.19:30:18::SCWBDomain::rtfiles -g -Wall -Wextra -fno-tree-loop-distribute-patterns"

TRACE::2026-03-29.19:30:19::SCWBDomain::"Running Make include in ps7_cortexa9_0/libsrc/devcfg_v3_7/src"

TRACE::2026-03-29.19:30:19::SCWBDomain::make -C ps7_cortexa9_0/libsrc/devcfg_v3_7/src -s include  "SHELL=CMD" "COMPILER=arm-none-eabi-gcc" "ASSEMBLER=arm-none-eabi-as"
TRACE::2026-03-29.19:30:19::SCWBDomain:: "ARCHIVER=arm-none-eabi-ar" "COMPILER_FLAGS=  -O2 -c" "EXTRA_COMPILER_FLAGS=-mcpu=cortex-a9 -mfpu=vfpv3 -mfloat-abi=hard -nost
TRACE::2026-03-29.19:30:19::SCWBDomain::artfiles -g -Wall -Wextra -fno-tree-loop-distribute-patterns"

TRACE::2026-03-29.19:30:19::SCWBDomain::"Running Make include in ps7_cortexa9_0/libsrc/dmaps_v2_8/src"

TRACE::2026-03-29.19:30:19::SCWBDomain::make -C ps7_cortexa9_0/libsrc/dmaps_v2_8/src -s include  "SHELL=CMD" "COMPILER=arm-none-eabi-gcc" "ASSEMBLER=arm-none-eabi-as" 
TRACE::2026-03-29.19:30:19::SCWBDomain::"ARCHIVER=arm-none-eabi-ar" "COMPILER_FLAGS=  -O2 -c" "EXTRA_COMPILER_FLAGS=-mcpu=cortex-a9 -mfpu=vfpv3 -mfloat-abi=hard -nosta
TRACE::2026-03-29.19:30:19::SCWBDomain::rtfiles -g -Wall -Wextra -fno-tree-loop-distribute-patterns"

TRACE::2026-03-29.19:30:20::SCWBDomain::"Running Make include in ps7_cortexa9_0/libsrc/emacps_v3_18/src"

TRACE::2026-03-29.19:30:20::SCWBDomain::make -C ps7_cortexa9_0/libsrc/emacps_v3_18/src -s include  "SHELL=CMD" "COMPILER=arm-none-eabi-gcc" "ASSEMBLER=arm-none-eabi-as
TRACE::2026-03-29.19:30:20::SCWBDomain::" "ARCHIVER=arm-none-eabi-ar" "COMPILER_FLAGS=  -O2 -c" "EXTRA_COMPILER_FLAGS=-mcpu=cortex-a9 -mfpu=vfpv3 -mfloat-abi=hard -nos
TRACE::2026-03-29.19:30:20::SCWBDomain::tartfiles -g -Wall -Wextra -fno-tree-loop-distribute-patterns"

TRACE::2026-03-29.19:30:20::SCWBDomain::"Running Make include in ps7_cortexa9_0/libsrc/gpiops_v3_11/src"

TRACE::2026-03-29.19:30:20::SCWBDomain::make -C ps7_cortexa9_0/libsrc/gpiops_v3_11/src -s include  "SHELL=CMD" "COMPILER=arm-none-eabi-gcc" "ASSEMBLER=arm-none-eabi-as
TRACE::2026-03-29.19:30:20::SCWBDomain::" "ARCHIVER=arm-none-eabi-ar" "COMPILER_FLAGS=  -O2 -c" "EXTRA_COMPILER_FLAGS=-mcpu=cortex-a9 -mfpu=vfpv3 -mfloat-abi=hard -nos
TRACE::2026-03-29.19:30:20::SCWBDomain::tartfiles -g -Wall -Wextra -fno-tree-loop-distribute-patterns"

TRACE::2026-03-29.19:30:21::SCWBDomain::"Running Make include in ps7_cortexa9_0/libsrc/qspips_v3_10/src"

TRACE::2026-03-29.19:30:21::SCWBDomain::make -C ps7_cortexa9_0/libsrc/qspips_v3_10/src -s include  "SHELL=CMD" "COMPILER=arm-none-eabi-gcc" "ASSEMBLER=arm-none-eabi-as
TRACE::2026-03-29.19:30:21::SCWBDomain::" "ARCHIVER=arm-none-eabi-ar" "COMPILER_FLAGS=  -O2 -c" "EXTRA_COMPILER_FLAGS=-mcpu=cortex-a9 -mfpu=vfpv3 -mfloat-abi=hard -nos
TRACE::2026-03-29.19:30:21::SCWBDomain::tartfiles -g -Wall -Wextra -fno-tree-loop-distribute-patterns"

TRACE::2026-03-29.19:30:21::SCWBDomain::"Running Make include in ps7_cortexa9_0/libsrc/scugic_v5_1/src"

TRACE::2026-03-29.19:30:21::SCWBDomain::make -C ps7_cortexa9_0/libsrc/scugic_v5_1/src -s include  "SHELL=CMD" "COMPILER=arm-none-eabi-gcc" "ASSEMBLER=arm-none-eabi-as"
TRACE::2026-03-29.19:30:21::SCWBDomain:: "ARCHIVER=arm-none-eabi-ar" "COMPILER_FLAGS=  -O2 -c" "EXTRA_COMPILER_FLAGS=-mcpu=cortex-a9 -mfpu=vfpv3 -mfloat-abi=hard -nost
TRACE::2026-03-29.19:30:21::SCWBDomain::artfiles -g -Wall -Wextra -fno-tree-loop-distribute-patterns"

TRACE::2026-03-29.19:30:21::SCWBDomain::"Running Make include in ps7_cortexa9_0/libsrc/scutimer_v2_4/src"

TRACE::2026-03-29.19:30:21::SCWBDomain::make -C ps7_cortexa9_0/libsrc/scutimer_v2_4/src -s include  "SHELL=CMD" "COMPILER=arm-none-eabi-gcc" "ASSEMBLER=arm-none-eabi-a
TRACE::2026-03-29.19:30:21::SCWBDomain::s" "ARCHIVER=arm-none-eabi-ar" "COMPILER_FLAGS=  -O2 -c" "EXTRA_COMPILER_FLAGS=-mcpu=cortex-a9 -mfpu=vfpv3 -mfloat-abi=hard -no
TRACE::2026-03-29.19:30:21::SCWBDomain::startfiles -g -Wall -Wextra -fno-tree-loop-distribute-patterns"

TRACE::2026-03-29.19:30:22::SCWBDomain::"Running Make include in ps7_cortexa9_0/libsrc/scuwdt_v2_4/src"

TRACE::2026-03-29.19:30:22::SCWBDomain::make -C ps7_cortexa9_0/libsrc/scuwdt_v2_4/src -s include  "SHELL=CMD" "COMPILER=arm-none-eabi-gcc" "ASSEMBLER=arm-none-eabi-as"
TRACE::2026-03-29.19:30:22::SCWBDomain:: "ARCHIVER=arm-none-eabi-ar" "COMPILER_FLAGS=  -O2 -c" "EXTRA_COMPILER_FLAGS=-mcpu=cortex-a9 -mfpu=vfpv3 -mfloat-abi=hard -nost
TRACE::2026-03-29.19:30:22::SCWBDomain::artfiles -g -Wall -Wextra -fno-tree-loop-distribute-patterns"

TRACE::2026-03-29.19:30:22::SCWBDomain::"Running Make include in ps7_cortexa9_0/libsrc/sdps_v4_1/src"

TRACE::2026-03-29.19:30:22::SCWBDomain::make -C ps7_cortexa9_0/libsrc/sdps_v4_1/src -s include  "SHELL=CMD" "COMPILER=arm-none-eabi-gcc" "ASSEMBLER=arm-none-eabi-as" "
TRACE::2026-03-29.19:30:22::SCWBDomain::ARCHIVER=arm-none-eabi-ar" "COMPILER_FLAGS=  -O2 -c" "EXTRA_COMPILER_FLAGS=-mcpu=cortex-a9 -mfpu=vfpv3 -mfloat-abi=hard -nostar
TRACE::2026-03-29.19:30:22::SCWBDomain::tfiles -g -Wall -Wextra -fno-tree-loop-distribute-patterns"

TRACE::2026-03-29.19:30:23::SCWBDomain::"Running Make include in ps7_cortexa9_0/libsrc/standalone_v8_1/src"

TRACE::2026-03-29.19:30:23::SCWBDomain::make -C ps7_cortexa9_0/libsrc/standalone_v8_1/src -s include  "SHELL=CMD" "COMPILER=arm-none-eabi-gcc" "ASSEMBLER=arm-none-eabi
TRACE::2026-03-29.19:30:23::SCWBDomain::-as" "ARCHIVER=arm-none-eabi-ar" "COMPILER_FLAGS=  -O2 -c" "EXTRA_COMPILER_FLAGS=-mcpu=cortex-a9 -mfpu=vfpv3 -mfloat-abi=hard -
TRACE::2026-03-29.19:30:23::SCWBDomain::nostartfiles -g -Wall -Wextra -fno-tree-loop-distribute-patterns"

TRACE::2026-03-29.19:30:26::SCWBDomain::"Running Make include in ps7_cortexa9_0/libsrc/uartps_v3_12/src"

TRACE::2026-03-29.19:30:26::SCWBDomain::make -C ps7_cortexa9_0/libsrc/uartps_v3_12/src -s include  "SHELL=CMD" "COMPILER=arm-none-eabi-gcc" "ASSEMBLER=arm-none-eabi-as
TRACE::2026-03-29.19:30:26::SCWBDomain::" "ARCHIVER=arm-none-eabi-ar" "COMPILER_FLAGS=  -O2 -c" "EXTRA_COMPILER_FLAGS=-mcpu=cortex-a9 -mfpu=vfpv3 -mfloat-abi=hard -nos
TRACE::2026-03-29.19:30:26::SCWBDomain::tartfiles -g -Wall -Wextra -fno-tree-loop-distribute-patterns"

TRACE::2026-03-29.19:30:27::SCWBDomain::"Running Make include in ps7_cortexa9_0/libsrc/usbps_v2_7/src"

TRACE::2026-03-29.19:30:27::SCWBDomain::make -C ps7_cortexa9_0/libsrc/usbps_v2_7/src -s include  "SHELL=CMD" "COMPILER=arm-none-eabi-gcc" "ASSEMBLER=arm-none-eabi-as" 
TRACE::2026-03-29.19:30:27::SCWBDomain::"ARCHIVER=arm-none-eabi-ar" "COMPILER_FLAGS=  -O2 -c" "EXTRA_COMPILER_FLAGS=-mcpu=cortex-a9 -mfpu=vfpv3 -mfloat-abi=hard -nosta
TRACE::2026-03-29.19:30:27::SCWBDomain::rtfiles -g -Wall -Wextra -fno-tree-loop-distribute-patterns"

TRACE::2026-03-29.19:30:27::SCWBDomain::"Running Make include in ps7_cortexa9_0/libsrc/xadcps_v2_6/src"

TRACE::2026-03-29.19:30:27::SCWBDomain::make -C ps7_cortexa9_0/libsrc/xadcps_v2_6/src -s include  "SHELL=CMD" "COMPILER=arm-none-eabi-gcc" "ASSEMBLER=arm-none-eabi-as"
TRACE::2026-03-29.19:30:27::SCWBDomain:: "ARCHIVER=arm-none-eabi-ar" "COMPILER_FLAGS=  -O2 -c" "EXTRA_COMPILER_FLAGS=-mcpu=cortex-a9 -mfpu=vfpv3 -mfloat-abi=hard -nost
TRACE::2026-03-29.19:30:27::SCWBDomain::artfiles -g -Wall -Wextra -fno-tree-loop-distribute-patterns"

TRACE::2026-03-29.19:30:27::SCWBDomain::"Running Make include in ps7_cortexa9_0/libsrc/xilffs_v5_0/src"

TRACE::2026-03-29.19:30:28::SCWBDomain::make -C ps7_cortexa9_0/libsrc/xilffs_v5_0/src -s include  "SHELL=CMD" "COMPILER=arm-none-eabi-gcc" "ASSEMBLER=arm-none-eabi-as"
TRACE::2026-03-29.19:30:28::SCWBDomain:: "ARCHIVER=arm-none-eabi-ar" "COMPILER_FLAGS=  -O2 -c" "EXTRA_COMPILER_FLAGS=-mcpu=cortex-a9 -mfpu=vfpv3 -mfloat-abi=hard -nost
TRACE::2026-03-29.19:30:28::SCWBDomain::artfiles -g -Wall -Wextra -fno-tree-loop-distribute-patterns"

TRACE::2026-03-29.19:30:28::SCWBDomain::"Running Make include in ps7_cortexa9_0/libsrc/xilrsa_v1_6/src"

TRACE::2026-03-29.19:30:28::SCWBDomain::make -C ps7_cortexa9_0/libsrc/xilrsa_v1_6/src -s include  "SHELL=CMD" "COMPILER=arm-none-eabi-gcc" "ASSEMBLER=arm-none-eabi-as"
TRACE::2026-03-29.19:30:28::SCWBDomain:: "ARCHIVER=arm-none-eabi-ar" "COMPILER_FLAGS=  -O2 -c" "EXTRA_COMPILER_FLAGS=-mcpu=cortex-a9 -mfpu=vfpv3 -mfloat-abi=hard -nost
TRACE::2026-03-29.19:30:28::SCWBDomain::artfiles -g -Wall -Wextra -fno-tree-loop-distribute-patterns"

TRACE::2026-03-29.19:30:28::SCWBDomain::"Running Make libs in ps7_cortexa9_0/libsrc/xilrsa_v1_6/src"

TRACE::2026-03-29.19:30:28::SCWBDomain::make -C ps7_cortexa9_0/libsrc/xilrsa_v1_6/src -s libs  "SHELL=CMD" "COMPILER=arm-none-eabi-gcc" "ASSEMBLER=arm-none-eabi-as" "A
TRACE::2026-03-29.19:30:28::SCWBDomain::RCHIVER=arm-none-eabi-ar" "COMPILER_FLAGS=  -O2 -c" "EXTRA_COMPILER_FLAGS=-mcpu=cortex-a9 -mfpu=vfpv3 -mfloat-abi=hard -nostart
TRACE::2026-03-29.19:30:28::SCWBDomain::files -g -Wall -Wextra -fno-tree-loop-distribute-patterns"

TRACE::2026-03-29.19:30:28::SCWBDomain::'Finished building libraries sequentially.'

TRACE::2026-03-29.19:30:28::SCWBDomain::make -j 10 --no-print-directory par_libs

TRACE::2026-03-29.19:30:28::SCWBDomain::"Running Make include in ps7_cortexa9_0/libsrc/coresightps_dcc_v1_8/src"

TRACE::2026-03-29.19:30:28::SCWBDomain::make -C ps7_cortexa9_0/libsrc/coresightps_dcc_v1_8/src -s include  "SHELL=CMD" "COMPILER=arm-none-eabi-gcc" "ASSEMBLER=arm-none
TRACE::2026-03-29.19:30:28::SCWBDomain::-eabi-as" "ARCHIVER=arm-none-eabi-ar" "COMPILER_FLAGS=  -O2 -c" "EXTRA_COMPILER_FLAGS=-mcpu=cortex-a9 -mfpu=vfpv3 -mfloat-abi=h
TRACE::2026-03-29.19:30:28::SCWBDomain::ard -nostartfiles -g -Wall -Wextra -fno-tree-loop-distribute-patterns"

TRACE::2026-03-29.19:30:28::SCWBDomain::"Running Make include in ps7_cortexa9_0/libsrc/cpu_cortexa9_v2_11/src"

TRACE::2026-03-29.19:30:28::SCWBDomain::"Running Make include in ps7_cortexa9_0/libsrc/ddrps_v1_2/src"

TRACE::2026-03-29.19:30:29::SCWBDomain::make -C ps7_cortexa9_0/libsrc/cpu_cortexa9_v2_11/src -s include  "SHELL=CMD" "COMPILER=arm-none-eabi-gcc" "ASSEMBLER=arm-none-e
TRACE::2026-03-29.19:30:29::SCWBDomain::abi-as" "ARCHIVER=arm-none-eabi-ar" "COMPILER_FLAGS=  -O2 -c" "EXTRA_COMPILER_FLAGS=-mcpu=cortex-a9 -mfpu=vfpv3 -mfloat-abi=har
TRACE::2026-03-29.19:30:29::SCWBDomain::d -nostartfiles -g -Wall -Wextra -fno-tree-loop-distribute-patterns"

TRACE::2026-03-29.19:30:29::SCWBDomain::make -C ps7_cortexa9_0/libsrc/ddrps_v1_2/src -s include  "SHELL=CMD" "COMPILER=arm-none-eabi-gcc" "ASSEMBLER=arm-none-eabi-as" 
TRACE::2026-03-29.19:30:29::SCWBDomain::"ARCHIVER=arm-none-eabi-ar" "COMPILER_FLAGS=  -O2 -c" "EXTRA_COMPILER_FLAGS=-mcpu=cortex-a9 -mfpu=vfpv3 -mfloat-abi=hard -nosta
TRACE::2026-03-29.19:30:29::SCWBDomain::rtfiles -g -Wall -Wextra -fno-tree-loop-distribute-patterns"

TRACE::2026-03-29.19:30:29::SCWBDomain::"Running Make include in ps7_cortexa9_0/libsrc/devcfg_v3_7/src"

TRACE::2026-03-29.19:30:29::SCWBDomain::make -C ps7_cortexa9_0/libsrc/devcfg_v3_7/src -s include  "SHELL=CMD" "COMPILER=arm-none-eabi-gcc" "ASSEMBLER=arm-none-eabi-as"
TRACE::2026-03-29.19:30:29::SCWBDomain:: "ARCHIVER=arm-none-eabi-ar" "COMPILER_FLAGS=  -O2 -c" "EXTRA_COMPILER_FLAGS=-mcpu=cortex-a9 -mfpu=vfpv3 -mfloat-abi=hard -nost
TRACE::2026-03-29.19:30:29::SCWBDomain::artfiles -g -Wall -Wextra -fno-tree-loop-distribute-patterns"

TRACE::2026-03-29.19:30:29::SCWBDomain::"Running Make include in ps7_cortexa9_0/libsrc/dmaps_v2_8/src"

TRACE::2026-03-29.19:30:29::SCWBDomain::make -C ps7_cortexa9_0/libsrc/dmaps_v2_8/src -s include  "SHELL=CMD" "COMPILER=arm-none-eabi-gcc" "ASSEMBLER=arm-none-eabi-as" 
TRACE::2026-03-29.19:30:29::SCWBDomain::"ARCHIVER=arm-none-eabi-ar" "COMPILER_FLAGS=  -O2 -c" "EXTRA_COMPILER_FLAGS=-mcpu=cortex-a9 -mfpu=vfpv3 -mfloat-abi=hard -nosta
TRACE::2026-03-29.19:30:29::SCWBDomain::rtfiles -g -Wall -Wextra -fno-tree-loop-distribute-patterns"

TRACE::2026-03-29.19:30:29::SCWBDomain::"Running Make include in ps7_cortexa9_0/libsrc/emacps_v3_18/src"

TRACE::2026-03-29.19:30:29::SCWBDomain::make -C ps7_cortexa9_0/libsrc/emacps_v3_18/src -s include  "SHELL=CMD" "COMPILER=arm-none-eabi-gcc" "ASSEMBLER=arm-none-eabi-as
TRACE::2026-03-29.19:30:29::SCWBDomain::" "ARCHIVER=arm-none-eabi-ar" "COMPILER_FLAGS=  -O2 -c" "EXTRA_COMPILER_FLAGS=-mcpu=cortex-a9 -mfpu=vfpv3 -mfloat-abi=hard -nos
TRACE::2026-03-29.19:30:29::SCWBDomain::tartfiles -g -Wall -Wextra -fno-tree-loop-distribute-patterns"

TRACE::2026-03-29.19:30:29::SCWBDomain::"Running Make include in ps7_cortexa9_0/libsrc/gpiops_v3_11/src"

TRACE::2026-03-29.19:30:29::SCWBDomain::make -C ps7_cortexa9_0/libsrc/gpiops_v3_11/src -s include  "SHELL=CMD" "COMPILER=arm-none-eabi-gcc" "ASSEMBLER=arm-none-eabi-as
TRACE::2026-03-29.19:30:29::SCWBDomain::" "ARCHIVER=arm-none-eabi-ar" "COMPILER_FLAGS=  -O2 -c" "EXTRA_COMPILER_FLAGS=-mcpu=cortex-a9 -mfpu=vfpv3 -mfloat-abi=hard -nos
TRACE::2026-03-29.19:30:29::SCWBDomain::tartfiles -g -Wall -Wextra -fno-tree-loop-distribute-patterns"

TRACE::2026-03-29.19:30:29::SCWBDomain::"Running Make include in ps7_cortexa9_0/libsrc/qspips_v3_10/src"

TRACE::2026-03-29.19:30:29::SCWBDomain::make -C ps7_cortexa9_0/libsrc/qspips_v3_10/src -s include  "SHELL=CMD" "COMPILER=arm-none-eabi-gcc" "ASSEMBLER=arm-none-eabi-as
TRACE::2026-03-29.19:30:29::SCWBDomain::" "ARCHIVER=arm-none-eabi-ar" "COMPILER_FLAGS=  -O2 -c" "EXTRA_COMPILER_FLAGS=-mcpu=cortex-a9 -mfpu=vfpv3 -mfloat-abi=hard -nos
TRACE::2026-03-29.19:30:29::SCWBDomain::tartfiles -g -Wall -Wextra -fno-tree-loop-distribute-patterns"

TRACE::2026-03-29.19:30:29::SCWBDomain::"Running Make include in ps7_cortexa9_0/libsrc/scugic_v5_1/src"

TRACE::2026-03-29.19:30:29::SCWBDomain::make -C ps7_cortexa9_0/libsrc/scugic_v5_1/src -s include  "SHELL=CMD" "COMPILER=arm-none-eabi-gcc" "ASSEMBLER=arm-none-eabi-as"
TRACE::2026-03-29.19:30:29::SCWBDomain:: "ARCHIVER=arm-none-eabi-ar" "COMPILER_FLAGS=  -O2 -c" "EXTRA_COMPILER_FLAGS=-mcpu=cortex-a9 -mfpu=vfpv3 -mfloat-abi=hard -nost
TRACE::2026-03-29.19:30:29::SCWBDomain::artfiles -g -Wall -Wextra -fno-tree-loop-distribute-patterns"

TRACE::2026-03-29.19:30:29::SCWBDomain::"Running Make include in ps7_cortexa9_0/libsrc/scutimer_v2_4/src"

TRACE::2026-03-29.19:30:30::SCWBDomain::make -C ps7_cortexa9_0/libsrc/scutimer_v2_4/src -s include  "SHELL=CMD" "COMPILER=arm-none-eabi-gcc" "ASSEMBLER=arm-none-eabi-a
TRACE::2026-03-29.19:30:30::SCWBDomain::s" "ARCHIVER=arm-none-eabi-ar" "COMPILER_FLAGS=  -O2 -c" "EXTRA_COMPILER_FLAGS=-mcpu=cortex-a9 -mfpu=vfpv3 -mfloat-abi=hard -no
TRACE::2026-03-29.19:30:30::SCWBDomain::startfiles -g -Wall -Wextra -fno-tree-loop-distribute-patterns"

TRACE::2026-03-29.19:30:30::SCWBDomain::"Running Make include in ps7_cortexa9_0/libsrc/scuwdt_v2_4/src"

TRACE::2026-03-29.19:30:30::SCWBDomain::make -C ps7_cortexa9_0/libsrc/scuwdt_v2_4/src -s include  "SHELL=CMD" "COMPILER=arm-none-eabi-gcc" "ASSEMBLER=arm-none-eabi-as"
TRACE::2026-03-29.19:30:30::SCWBDomain:: "ARCHIVER=arm-none-eabi-ar" "COMPILER_FLAGS=  -O2 -c" "EXTRA_COMPILER_FLAGS=-mcpu=cortex-a9 -mfpu=vfpv3 -mfloat-abi=hard -nost
TRACE::2026-03-29.19:30:30::SCWBDomain::artfiles -g -Wall -Wextra -fno-tree-loop-distribute-patterns"

TRACE::2026-03-29.19:30:30::SCWBDomain::"Running Make include in ps7_cortexa9_0/libsrc/sdps_v4_1/src"

TRACE::2026-03-29.19:30:30::SCWBDomain::make -C ps7_cortexa9_0/libsrc/sdps_v4_1/src -s include  "SHELL=CMD" "COMPILER=arm-none-eabi-gcc" "ASSEMBLER=arm-none-eabi-as" "
TRACE::2026-03-29.19:30:30::SCWBDomain::ARCHIVER=arm-none-eabi-ar" "COMPILER_FLAGS=  -O2 -c" "EXTRA_COMPILER_FLAGS=-mcpu=cortex-a9 -mfpu=vfpv3 -mfloat-abi=hard -nostar
TRACE::2026-03-29.19:30:30::SCWBDomain::tfiles -g -Wall -Wextra -fno-tree-loop-distribute-patterns"

TRACE::2026-03-29.19:30:30::SCWBDomain::"Running Make include in ps7_cortexa9_0/libsrc/standalone_v8_1/src"

TRACE::2026-03-29.19:30:30::SCWBDomain::make -C ps7_cortexa9_0/libsrc/standalone_v8_1/src -s include  "SHELL=CMD" "COMPILER=arm-none-eabi-gcc" "ASSEMBLER=arm-none-eabi
TRACE::2026-03-29.19:30:30::SCWBDomain::-as" "ARCHIVER=arm-none-eabi-ar" "COMPILER_FLAGS=  -O2 -c" "EXTRA_COMPILER_FLAGS=-mcpu=cortex-a9 -mfpu=vfpv3 -mfloat-abi=hard -
TRACE::2026-03-29.19:30:30::SCWBDomain::nostartfiles -g -Wall -Wextra -fno-tree-loop-distribute-patterns"

TRACE::2026-03-29.19:30:30::SCWBDomain::"Running Make include in ps7_cortexa9_0/libsrc/uartps_v3_12/src"

TRACE::2026-03-29.19:30:30::SCWBDomain::make -C ps7_cortexa9_0/libsrc/uartps_v3_12/src -s include  "SHELL=CMD" "COMPILER=arm-none-eabi-gcc" "ASSEMBLER=arm-none-eabi-as
TRACE::2026-03-29.19:30:30::SCWBDomain::" "ARCHIVER=arm-none-eabi-ar" "COMPILER_FLAGS=  -O2 -c" "EXTRA_COMPILER_FLAGS=-mcpu=cortex-a9 -mfpu=vfpv3 -mfloat-abi=hard -nos
TRACE::2026-03-29.19:30:30::SCWBDomain::tartfiles -g -Wall -Wextra -fno-tree-loop-distribute-patterns"

TRACE::2026-03-29.19:30:30::SCWBDomain::"Running Make include in ps7_cortexa9_0/libsrc/usbps_v2_7/src"

TRACE::2026-03-29.19:30:30::SCWBDomain::make -C ps7_cortexa9_0/libsrc/usbps_v2_7/src -s include  "SHELL=CMD" "COMPILER=arm-none-eabi-gcc" "ASSEMBLER=arm-none-eabi-as" 
TRACE::2026-03-29.19:30:30::SCWBDomain::"ARCHIVER=arm-none-eabi-ar" "COMPILER_FLAGS=  -O2 -c" "EXTRA_COMPILER_FLAGS=-mcpu=cortex-a9 -mfpu=vfpv3 -mfloat-abi=hard -nosta
TRACE::2026-03-29.19:30:30::SCWBDomain::rtfiles -g -Wall -Wextra -fno-tree-loop-distribute-patterns"

TRACE::2026-03-29.19:30:30::SCWBDomain::"Running Make include in ps7_cortexa9_0/libsrc/xadcps_v2_6/src"

TRACE::2026-03-29.19:30:30::SCWBDomain::make -C ps7_cortexa9_0/libsrc/xadcps_v2_6/src -s include  "SHELL=CMD" "COMPILER=arm-none-eabi-gcc" "ASSEMBLER=arm-none-eabi-as"
TRACE::2026-03-29.19:30:30::SCWBDomain:: "ARCHIVER=arm-none-eabi-ar" "COMPILER_FLAGS=  -O2 -c" "EXTRA_COMPILER_FLAGS=-mcpu=cortex-a9 -mfpu=vfpv3 -mfloat-abi=hard -nost
TRACE::2026-03-29.19:30:30::SCWBDomain::artfiles -g -Wall -Wextra -fno-tree-loop-distribute-patterns"

TRACE::2026-03-29.19:30:30::SCWBDomain::"Running Make include in ps7_cortexa9_0/libsrc/xilffs_v5_0/src"

TRACE::2026-03-29.19:30:30::SCWBDomain::make -C ps7_cortexa9_0/libsrc/xilffs_v5_0/src -s include  "SHELL=CMD" "COMPILER=arm-none-eabi-gcc" "ASSEMBLER=arm-none-eabi-as"
TRACE::2026-03-29.19:30:30::SCWBDomain:: "ARCHIVER=arm-none-eabi-ar" "COMPILER_FLAGS=  -O2 -c" "EXTRA_COMPILER_FLAGS=-mcpu=cortex-a9 -mfpu=vfpv3 -mfloat-abi=hard -nost
TRACE::2026-03-29.19:30:30::SCWBDomain::artfiles -g -Wall -Wextra -fno-tree-loop-distribute-patterns"

TRACE::2026-03-29.19:30:30::SCWBDomain::"Running Make include in ps7_cortexa9_0/libsrc/xilrsa_v1_6/src"

TRACE::2026-03-29.19:30:30::SCWBDomain::make -C ps7_cortexa9_0/libsrc/xilrsa_v1_6/src -s include  "SHELL=CMD" "COMPILER=arm-none-eabi-gcc" "ASSEMBLER=arm-none-eabi-as"
TRACE::2026-03-29.19:30:30::SCWBDomain:: "ARCHIVER=arm-none-eabi-ar" "COMPILER_FLAGS=  -O2 -c" "EXTRA_COMPILER_FLAGS=-mcpu=cortex-a9 -mfpu=vfpv3 -mfloat-abi=hard -nost
TRACE::2026-03-29.19:30:30::SCWBDomain::artfiles -g -Wall -Wextra -fno-tree-loop-distribute-patterns"

TRACE::2026-03-29.19:30:31::SCWBDomain::"Running Make libs in ps7_cortexa9_0/libsrc/coresightps_dcc_v1_8/src"

TRACE::2026-03-29.19:30:31::SCWBDomain::"Running Make libs in ps7_cortexa9_0/libsrc/cpu_cortexa9_v2_11/src"

TRACE::2026-03-29.19:30:31::SCWBDomain::make -C ps7_cortexa9_0/libsrc/coresightps_dcc_v1_8/src -s libs  "SHELL=CMD" "COMPILER=arm-none-eabi-gcc" "ASSEMBLER=arm-none-ea
TRACE::2026-03-29.19:30:31::SCWBDomain::bi-as" "ARCHIVER=arm-none-eabi-ar" "COMPILER_FLAGS=  -O2 -c" "EXTRA_COMPILER_FLAGS=-mcpu=cortex-a9 -mfpu=vfpv3 -mfloat-abi=hard
TRACE::2026-03-29.19:30:31::SCWBDomain:: -nostartfiles -g -Wall -Wextra -fno-tree-loop-distribute-patterns"

TRACE::2026-03-29.19:30:31::SCWBDomain::make -C ps7_cortexa9_0/libsrc/cpu_cortexa9_v2_11/src -s libs  "SHELL=CMD" "COMPILER=arm-none-eabi-gcc" "ASSEMBLER=arm-none-eabi
TRACE::2026-03-29.19:30:31::SCWBDomain::-as" "ARCHIVER=arm-none-eabi-ar" "COMPILER_FLAGS=  -O2 -c" "EXTRA_COMPILER_FLAGS=-mcpu=cortex-a9 -mfpu=vfpv3 -mfloat-abi=hard -
TRACE::2026-03-29.19:30:31::SCWBDomain::nostartfiles -g -Wall -Wextra -fno-tree-loop-distribute-patterns"

TRACE::2026-03-29.19:30:31::SCWBDomain::"Running Make libs in ps7_cortexa9_0/libsrc/ddrps_v1_2/src"

TRACE::2026-03-29.19:30:31::SCWBDomain::make -C ps7_cortexa9_0/libsrc/ddrps_v1_2/src -s libs  "SHELL=CMD" "COMPILER=arm-none-eabi-gcc" "ASSEMBLER=arm-none-eabi-as" "AR
TRACE::2026-03-29.19:30:31::SCWBDomain::CHIVER=arm-none-eabi-ar" "COMPILER_FLAGS=  -O2 -c" "EXTRA_COMPILER_FLAGS=-mcpu=cortex-a9 -mfpu=vfpv3 -mfloat-abi=hard -nostartf
TRACE::2026-03-29.19:30:31::SCWBDomain::iles -g -Wall -Wextra -fno-tree-loop-distribute-patterns"

TRACE::2026-03-29.19:30:31::SCWBDomain::"Running Make libs in ps7_cortexa9_0/libsrc/devcfg_v3_7/src"

TRACE::2026-03-29.19:30:31::SCWBDomain::make -C ps7_cortexa9_0/libsrc/devcfg_v3_7/src -s libs  "SHELL=CMD" "COMPILER=arm-none-eabi-gcc" "ASSEMBLER=arm-none-eabi-as" "A
TRACE::2026-03-29.19:30:31::SCWBDomain::RCHIVER=arm-none-eabi-ar" "COMPILER_FLAGS=  -O2 -c" "EXTRA_COMPILER_FLAGS=-mcpu=cortex-a9 -mfpu=vfpv3 -mfloat-abi=hard -nostart
TRACE::2026-03-29.19:30:31::SCWBDomain::files -g -Wall -Wextra -fno-tree-loop-distribute-patterns"

TRACE::2026-03-29.19:30:31::SCWBDomain::"Running Make libs in ps7_cortexa9_0/libsrc/dmaps_v2_8/src"

TRACE::2026-03-29.19:30:31::SCWBDomain::make -C ps7_cortexa9_0/libsrc/dmaps_v2_8/src -s libs  "SHELL=CMD" "COMPILER=arm-none-eabi-gcc" "ASSEMBLER=arm-none-eabi-as" "AR
TRACE::2026-03-29.19:30:31::SCWBDomain::CHIVER=arm-none-eabi-ar" "COMPILER_FLAGS=  -O2 -c" "EXTRA_COMPILER_FLAGS=-mcpu=cortex-a9 -mfpu=vfpv3 -mfloat-abi=hard -nostartf
TRACE::2026-03-29.19:30:31::SCWBDomain::iles -g -Wall -Wextra -fno-tree-loop-distribute-patterns"

TRACE::2026-03-29.19:30:31::SCWBDomain::"Running Make libs in ps7_cortexa9_0/libsrc/emacps_v3_18/src"

TRACE::2026-03-29.19:30:31::SCWBDomain::make -C ps7_cortexa9_0/libsrc/emacps_v3_18/src -s libs  "SHELL=CMD" "COMPILER=arm-none-eabi-gcc" "ASSEMBLER=arm-none-eabi-as" "
TRACE::2026-03-29.19:30:31::SCWBDomain::ARCHIVER=arm-none-eabi-ar" "COMPILER_FLAGS=  -O2 -c" "EXTRA_COMPILER_FLAGS=-mcpu=cortex-a9 -mfpu=vfpv3 -mfloat-abi=hard -nostar
TRACE::2026-03-29.19:30:31::SCWBDomain::tfiles -g -Wall -Wextra -fno-tree-loop-distribute-patterns"

TRACE::2026-03-29.19:30:31::SCWBDomain::"Running Make libs in ps7_cortexa9_0/libsrc/gpiops_v3_11/src"

TRACE::2026-03-29.19:30:31::SCWBDomain::make -C ps7_cortexa9_0/libsrc/gpiops_v3_11/src -s libs  "SHELL=CMD" "COMPILER=arm-none-eabi-gcc" "ASSEMBLER=arm-none-eabi-as" "
TRACE::2026-03-29.19:30:31::SCWBDomain::ARCHIVER=arm-none-eabi-ar" "COMPILER_FLAGS=  -O2 -c" "EXTRA_COMPILER_FLAGS=-mcpu=cortex-a9 -mfpu=vfpv3 -mfloat-abi=hard -nostar
TRACE::2026-03-29.19:30:31::SCWBDomain::tfiles -g -Wall -Wextra -fno-tree-loop-distribute-patterns"

TRACE::2026-03-29.19:30:33::SCWBDomain::"Running Make libs in ps7_cortexa9_0/libsrc/qspips_v3_10/src"

TRACE::2026-03-29.19:30:33::SCWBDomain::make -C ps7_cortexa9_0/libsrc/qspips_v3_10/src -s libs  "SHELL=CMD" "COMPILER=arm-none-eabi-gcc" "ASSEMBLER=arm-none-eabi-as" "
TRACE::2026-03-29.19:30:33::SCWBDomain::ARCHIVER=arm-none-eabi-ar" "COMPILER_FLAGS=  -O2 -c" "EXTRA_COMPILER_FLAGS=-mcpu=cortex-a9 -mfpu=vfpv3 -mfloat-abi=hard -nostar
TRACE::2026-03-29.19:30:33::SCWBDomain::tfiles -g -Wall -Wextra -fno-tree-loop-distribute-patterns"

TRACE::2026-03-29.19:30:33::SCWBDomain::"Running Make libs in ps7_cortexa9_0/libsrc/scugic_v5_1/src"

TRACE::2026-03-29.19:30:33::SCWBDomain::make -C ps7_cortexa9_0/libsrc/scugic_v5_1/src -s libs  "SHELL=CMD" "COMPILER=arm-none-eabi-gcc" "ASSEMBLER=arm-none-eabi-as" "A
TRACE::2026-03-29.19:30:33::SCWBDomain::RCHIVER=arm-none-eabi-ar" "COMPILER_FLAGS=  -O2 -c" "EXTRA_COMPILER_FLAGS=-mcpu=cortex-a9 -mfpu=vfpv3 -mfloat-abi=hard -nostart
TRACE::2026-03-29.19:30:33::SCWBDomain::files -g -Wall -Wextra -fno-tree-loop-distribute-patterns"

TRACE::2026-03-29.19:30:34::SCWBDomain::"Running Make libs in ps7_cortexa9_0/libsrc/scutimer_v2_4/src"

TRACE::2026-03-29.19:30:34::SCWBDomain::make -C ps7_cortexa9_0/libsrc/scutimer_v2_4/src -s libs  "SHELL=CMD" "COMPILER=arm-none-eabi-gcc" "ASSEMBLER=arm-none-eabi-as" 
TRACE::2026-03-29.19:30:34::SCWBDomain::"ARCHIVER=arm-none-eabi-ar" "COMPILER_FLAGS=  -O2 -c" "EXTRA_COMPILER_FLAGS=-mcpu=cortex-a9 -mfpu=vfpv3 -mfloat-abi=hard -nosta
TRACE::2026-03-29.19:30:34::SCWBDomain::rtfiles -g -Wall -Wextra -fno-tree-loop-distribute-patterns"

TRACE::2026-03-29.19:30:34::SCWBDomain::"Running Make libs in ps7_cortexa9_0/libsrc/scuwdt_v2_4/src"

TRACE::2026-03-29.19:30:34::SCWBDomain::make -C ps7_cortexa9_0/libsrc/scuwdt_v2_4/src -s libs  "SHELL=CMD" "COMPILER=arm-none-eabi-gcc" "ASSEMBLER=arm-none-eabi-as" "A
TRACE::2026-03-29.19:30:34::SCWBDomain::RCHIVER=arm-none-eabi-ar" "COMPILER_FLAGS=  -O2 -c" "EXTRA_COMPILER_FLAGS=-mcpu=cortex-a9 -mfpu=vfpv3 -mfloat-abi=hard -nostart
TRACE::2026-03-29.19:30:34::SCWBDomain::files -g -Wall -Wextra -fno-tree-loop-distribute-patterns"

TRACE::2026-03-29.19:30:35::SCWBDomain::"Running Make libs in ps7_cortexa9_0/libsrc/sdps_v4_1/src"

TRACE::2026-03-29.19:30:35::SCWBDomain::make -C ps7_cortexa9_0/libsrc/sdps_v4_1/src -s libs  "SHELL=CMD" "COMPILER=arm-none-eabi-gcc" "ASSEMBLER=arm-none-eabi-as" "ARC
TRACE::2026-03-29.19:30:35::SCWBDomain::HIVER=arm-none-eabi-ar" "COMPILER_FLAGS=  -O2 -c" "EXTRA_COMPILER_FLAGS=-mcpu=cortex-a9 -mfpu=vfpv3 -mfloat-abi=hard -nostartfi
TRACE::2026-03-29.19:30:35::SCWBDomain::les -g -Wall -Wextra -fno-tree-loop-distribute-patterns"

TRACE::2026-03-29.19:30:35::SCWBDomain::"Running Make libs in ps7_cortexa9_0/libsrc/standalone_v8_1/src"

TRACE::2026-03-29.19:30:35::SCWBDomain::make -C ps7_cortexa9_0/libsrc/standalone_v8_1/src -s libs  "SHELL=CMD" "COMPILER=arm-none-eabi-gcc" "ASSEMBLER=arm-none-eabi-as
TRACE::2026-03-29.19:30:35::SCWBDomain::" "ARCHIVER=arm-none-eabi-ar" "COMPILER_FLAGS=  -O2 -c" "EXTRA_COMPILER_FLAGS=-mcpu=cortex-a9 -mfpu=vfpv3 -mfloat-abi=hard -nos
TRACE::2026-03-29.19:30:35::SCWBDomain::tartfiles -g -Wall -Wextra -fno-tree-loop-distribute-patterns"

TRACE::2026-03-29.19:30:36::SCWBDomain::"Running Make libs in ps7_cortexa9_0/libsrc/uartps_v3_12/src"

TRACE::2026-03-29.19:30:36::SCWBDomain::make -C ps7_cortexa9_0/libsrc/uartps_v3_12/src -s libs  "SHELL=CMD" "COMPILER=arm-none-eabi-gcc" "ASSEMBLER=arm-none-eabi-as" "
TRACE::2026-03-29.19:30:36::SCWBDomain::ARCHIVER=arm-none-eabi-ar" "COMPILER_FLAGS=  -O2 -c" "EXTRA_COMPILER_FLAGS=-mcpu=cortex-a9 -mfpu=vfpv3 -mfloat-abi=hard -nostar
TRACE::2026-03-29.19:30:36::SCWBDomain::tfiles -g -Wall -Wextra -fno-tree-loop-distribute-patterns"

TRACE::2026-03-29.19:30:37::SCWBDomain::"Running Make libs in ps7_cortexa9_0/libsrc/usbps_v2_7/src"

TRACE::2026-03-29.19:30:37::SCWBDomain::make -C ps7_cortexa9_0/libsrc/usbps_v2_7/src -s libs  "SHELL=CMD" "COMPILER=arm-none-eabi-gcc" "ASSEMBLER=arm-none-eabi-as" "AR
TRACE::2026-03-29.19:30:37::SCWBDomain::CHIVER=arm-none-eabi-ar" "COMPILER_FLAGS=  -O2 -c" "EXTRA_COMPILER_FLAGS=-mcpu=cortex-a9 -mfpu=vfpv3 -mfloat-abi=hard -nostartf
TRACE::2026-03-29.19:30:37::SCWBDomain::iles -g -Wall -Wextra -fno-tree-loop-distribute-patterns"

TRACE::2026-03-29.19:30:37::SCWBDomain::"Running Make libs in ps7_cortexa9_0/libsrc/xadcps_v2_6/src"

TRACE::2026-03-29.19:30:37::SCWBDomain::make -C ps7_cortexa9_0/libsrc/xadcps_v2_6/src -s libs  "SHELL=CMD" "COMPILER=arm-none-eabi-gcc" "ASSEMBLER=arm-none-eabi-as" "A
TRACE::2026-03-29.19:30:37::SCWBDomain::RCHIVER=arm-none-eabi-ar" "COMPILER_FLAGS=  -O2 -c" "EXTRA_COMPILER_FLAGS=-mcpu=cortex-a9 -mfpu=vfpv3 -mfloat-abi=hard -nostart
TRACE::2026-03-29.19:30:37::SCWBDomain::files -g -Wall -Wextra -fno-tree-loop-distribute-patterns"

TRACE::2026-03-29.19:30:38::SCWBDomain::"Running Make libs in ps7_cortexa9_0/libsrc/xilffs_v5_0/src"

TRACE::2026-03-29.19:30:38::SCWBDomain::make -C ps7_cortexa9_0/libsrc/xilffs_v5_0/src -s libs  "SHELL=CMD" "COMPILER=arm-none-eabi-gcc" "ASSEMBLER=arm-none-eabi-as" "A
TRACE::2026-03-29.19:30:38::SCWBDomain::RCHIVER=arm-none-eabi-ar" "COMPILER_FLAGS=  -O2 -c" "EXTRA_COMPILER_FLAGS=-mcpu=cortex-a9 -mfpu=vfpv3 -mfloat-abi=hard -nostart
TRACE::2026-03-29.19:30:38::SCWBDomain::files -g -Wall -Wextra -fno-tree-loop-distribute-patterns"

TRACE::2026-03-29.19:30:48::SCWBDomain::'Finished building libraries parallelly.'

TRACE::2026-03-29.19:30:48::SCWBDomain::make --no-print-directory archive

TRACE::2026-03-29.19:30:48::SCWBDomain::arm-none-eabi-ar -r  ps7_cortexa9_0/lib/libxil.a ps7_cortexa9_0/lib/_exit.o ps7_cortexa9_0/lib/_open.o ps7_cortexa9_0/lib/_sbrk
TRACE::2026-03-29.19:30:48::SCWBDomain::.o ps7_cortexa9_0/lib/abort.o ps7_cortexa9_0/lib/asm_vectors.o ps7_cortexa9_0/lib/boot.o ps7_cortexa9_0/lib/close.o ps7_cortexa
TRACE::2026-03-29.19:30:48::SCWBDomain::9_0/lib/cpputest_time.o ps7_cortexa9_0/lib/cpu_init.o ps7_cortexa9_0/lib/errno.o ps7_cortexa9_0/lib/fcntl.o ps7_cortexa9_0/lib/
TRACE::2026-03-29.19:30:48::SCWBDomain::fstat.o ps7_cortexa9_0/lib/getentropy.o ps7_cortexa9_0/lib/getpid.o ps7_cortexa9_0/lib/inbyte.o ps7_cortexa9_0/lib/isatty.o ps7
TRACE::2026-03-29.19:30:48::SCWBDomain::_cortexa9_0/lib/kill.o ps7_cortexa9_0/lib/lseek.o ps7_cortexa9_0/lib/open.o ps7_cortexa9_0/lib/outbyte.o ps7_cortexa9_0/lib/pri
TRACE::2026-03-29.19:30:48::SCWBDomain::nt.o ps7_cortexa9_0/lib/putnum.o ps7_cortexa9_0/lib/read.o ps7_cortexa9_0/lib/sbrk.o ps7_cortexa9_0/lib/sleep.o ps7_cortexa9_0/
TRACE::2026-03-29.19:30:48::SCWBDomain::lib/time.o ps7_cortexa9_0/lib/translation_table.o ps7_cortexa9_0/lib/unlink.o ps7_cortexa9_0/lib/usleep.o ps7_cortexa9_0/lib/ve
TRACE::2026-03-29.19:30:48::SCWBDomain::ctors.o ps7_cortexa9_0/lib/write.o ps7_cortexa9_0/lib/xadcps.o ps7_cortexa9_0/lib/xadcps_g.o ps7_cortexa9_0/lib/xadcps_intr.o p
TRACE::2026-03-29.19:30:48::SCWBDomain::s7_cortexa9_0/lib/xadcps_selftest.o ps7_cortexa9_0/lib/xadcps_sinit.o ps7_cortexa9_0/lib/xcoresightpsdcc.o ps7_cortexa9_0/lib/x
TRACE::2026-03-29.19:30:48::SCWBDomain::devcfg.o ps7_cortexa9_0/lib/xdevcfg_g.o ps7_cortexa9_0/lib/xdevcfg_hw.o ps7_cortexa9_0/lib/xdevcfg_intr.o ps7_cortexa9_0/lib/xd
TRACE::2026-03-29.19:30:48::SCWBDomain::evcfg_selftest.o ps7_cortexa9_0/lib/xdevcfg_sinit.o ps7_cortexa9_0/lib/xdmaps.o ps7_cortexa9_0/lib/xdmaps_g.o ps7_cortexa9_0/li
TRACE::2026-03-29.19:30:48::SCWBDomain::b/xdmaps_hw.o ps7_cortexa9_0/lib/xdmaps_selftest.o ps7_cortexa9_0/lib/xdmaps_sinit.o ps7_cortexa9_0/lib/xemacps.o ps7_cortexa9_
TRACE::2026-03-29.19:30:48::SCWBDomain::0/lib/xemacps_bdring.o ps7_cortexa9_0/lib/xemacps_control.o ps7_cortexa9_0/lib/xemacps_g.o ps7_cortexa9_0/lib/xemacps_hw.o ps7_
TRACE::2026-03-29.19:30:48::SCWBDomain::cortexa9_0/lib/xemacps_intr.o ps7_cortexa9_0/lib/xemacps_sinit.o ps7_cortexa9_0/lib/xgpiops.o ps7_cortexa9_0/lib/xgpiops_g.o ps
TRACE::2026-03-29.19:30:48::SCWBDomain::7_cortexa9_0/lib/xgpiops_hw.o ps7_cortexa9_0/lib/xgpiops_intr.o ps7_cortexa9_0/lib/xgpiops_selftest.o ps7_cortexa9_0/lib/xgpiop
TRACE::2026-03-29.19:30:48::SCWBDomain::s_sinit.o ps7_cortexa9_0/lib/xil-crt0.o ps7_cortexa9_0/lib/xil_assert.o ps7_cortexa9_0/lib/xil_cache.o ps7_cortexa9_0/lib/xil_c
TRACE::2026-03-29.19:30:48::SCWBDomain::locking.o ps7_cortexa9_0/lib/xil_exception.o ps7_cortexa9_0/lib/xil_mem.o ps7_cortexa9_0/lib/xil_misc_psreset_api.o ps7_cortexa
TRACE::2026-03-29.19:30:48::SCWBDomain::9_0/lib/xil_mmu.o ps7_cortexa9_0/lib/xil_printf.o ps7_cortexa9_0/lib/xil_sleepcommon.o ps7_cortexa9_0/lib/xil_sleeptimer.o ps7_
TRACE::2026-03-29.19:30:48::SCWBDomain::cortexa9_0/lib/xil_spinlock.o ps7_cortexa9_0/lib/xil_testcache.o ps7_cortexa9_0/lib/xil_testio.o ps7_cortexa9_0/lib/xil_testmem
TRACE::2026-03-29.19:30:48::SCWBDomain::.o ps7_cortexa9_0/lib/xil_util.o ps7_cortexa9_0/lib/xinterrupt_wrap.o ps7_cortexa9_0/lib/xl2cc_counter.o ps7_cortexa9_0/lib/xpl
TRACE::2026-03-29.19:30:48::SCWBDomain::atform_info.o ps7_cortexa9_0/lib/xpm_counter.o ps7_cortexa9_0/lib/xqspips.o ps7_cortexa9_0/lib/xqspips_g.o ps7_cortexa9_0/lib/x
TRACE::2026-03-29.19:30:48::SCWBDomain::qspips_hw.o ps7_cortexa9_0/lib/xqspips_options.o ps7_cortexa9_0/lib/xqspips_selftest.o ps7_cortexa9_0/lib/xqspips_sinit.o ps7_c
TRACE::2026-03-29.19:30:48::SCWBDomain::ortexa9_0/lib/xscugic.o ps7_cortexa9_0/lib/xscugic_g.o ps7_cortexa9_0/lib/xscugic_hw.o ps7_cortexa9_0/lib/xscugic_intr.o ps7_co
TRACE::2026-03-29.19:30:48::SCWBDomain::rtexa9_0/lib/xscugic_selftest.o ps7_cortexa9_0/lib/xscugic_sinit.o ps7_cortexa9_0/lib/xscutimer.o ps7_cortexa9_0/lib/xscutimer_
TRACE::2026-03-29.19:30:48::SCWBDomain::g.o ps7_cortexa9_0/lib/xscutimer_selftest.o ps7_cortexa9_0/lib/xscutimer_sinit.o ps7_cortexa9_0/lib/xscuwdt.o ps7_cortexa9_0/li
TRACE::2026-03-29.19:30:48::SCWBDomain::b/xscuwdt_g.o ps7_cortexa9_0/lib/xscuwdt_selftest.o ps7_cortexa9_0/lib/xscuwdt_sinit.o ps7_cortexa9_0/lib/xsdps.o ps7_cortexa9_
TRACE::2026-03-29.19:30:48::SCWBDomain::0/lib/xsdps_card.o ps7_cortexa9_0/lib/xsdps_g.o ps7_cortexa9_0/lib/xsdps_host.o ps7_cortexa9_0/lib/xsdps_options.o ps7_cortexa9
TRACE::2026-03-29.19:30:48::SCWBDomain::_0/lib/xsdps_sinit.o ps7_cortexa9_0/lib/xtime_l.o ps7_cortexa9_0/lib/xuartps.o ps7_cortexa9_0/lib/xuartps_g.o ps7_cortexa9_0/li
TRACE::2026-03-29.19:30:48::SCWBDomain::b/xuartps_hw.o ps7_cortexa9_0/lib/xuartps_intr.o ps7_cortexa9_0/lib/xuartps_options.o ps7_cortexa9_0/lib/xuartps_selftest.o ps7
TRACE::2026-03-29.19:30:48::SCWBDomain::_cortexa9_0/lib/xuartps_sinit.o ps7_cortexa9_0/lib/xusbps.o ps7_cortexa9_0/lib/xusbps_endpoint.o ps7_cortexa9_0/lib/xusbps_g.o 
TRACE::2026-03-29.19:30:48::SCWBDomain::ps7_cortexa9_0/lib/xusbps_hw.o ps7_cortexa9_0/lib/xusbps_intr.o ps7_cortexa9_0/lib/xusbps_sinit.o

TRACE::2026-03-29.19:30:48::SCWBDomain::'Finished building libraries'

TRACE::2026-03-29.19:30:48::SCWBDomain::make: Leaving directory 'C:/Users/ER250/OneDrive/Documents/ECE520_SOC/ECE520_SandBox/int_gen_soc_re/int_gen_soc_vitis/int_gen_p
TRACE::2026-03-29.19:30:48::SCWBDomain::lat/zynq_fsbl/zynq_fsbl_bsp'

TRACE::2026-03-29.19:30:49::SCWBDomain::arm-none-eabi-gcc  -O2 -c -MMD -MP       -mcpu=cortex-a9 -mfpu=vfpv3 -mfloat-abi=hard  -c sd.c -o sd.o -Izynq_fsbl_bsp/ps7_cort
TRACE::2026-03-29.19:30:49::SCWBDomain::exa9_0/include -I.

TRACE::2026-03-29.19:30:49::SCWBDomain::arm-none-eabi-gcc  -O2 -c -MMD -MP       -mcpu=cortex-a9 -mfpu=vfpv3 -mfloat-abi=hard  -c nand.c -o nand.o -Izynq_fsbl_bsp/ps7_
TRACE::2026-03-29.19:30:49::SCWBDomain::cortexa9_0/include -I.

TRACE::2026-03-29.19:30:49::SCWBDomain::arm-none-eabi-gcc  -O2 -c -MMD -MP       -mcpu=cortex-a9 -mfpu=vfpv3 -mfloat-abi=hard  -c image_mover.c -o image_mover.o -Izynq
TRACE::2026-03-29.19:30:49::SCWBDomain::_fsbl_bsp/ps7_cortexa9_0/include -I.

TRACE::2026-03-29.19:30:50::SCWBDomain::arm-none-eabi-gcc  -O2 -c -MMD -MP       -mcpu=cortex-a9 -mfpu=vfpv3 -mfloat-abi=hard  -c md5.c -o md5.o -Izynq_fsbl_bsp/ps7_co
TRACE::2026-03-29.19:30:50::SCWBDomain::rtexa9_0/include -I.

TRACE::2026-03-29.19:30:50::SCWBDomain::arm-none-eabi-gcc  -O2 -c -MMD -MP       -mcpu=cortex-a9 -mfpu=vfpv3 -mfloat-abi=hard  -c fsbl_hooks.c -o fsbl_hooks.o -Izynq_f
TRACE::2026-03-29.19:30:50::SCWBDomain::sbl_bsp/ps7_cortexa9_0/include -I.

TRACE::2026-03-29.19:30:50::SCWBDomain::arm-none-eabi-gcc  -O2 -c -MMD -MP       -mcpu=cortex-a9 -mfpu=vfpv3 -mfloat-abi=hard  -c main.c -o main.o -Izynq_fsbl_bsp/ps7_
TRACE::2026-03-29.19:30:50::SCWBDomain::cortexa9_0/include -I.

TRACE::2026-03-29.19:30:51::SCWBDomain::arm-none-eabi-gcc  -O2 -c -MMD -MP       -mcpu=cortex-a9 -mfpu=vfpv3 -mfloat-abi=hard  -c rsa.c -o rsa.o -Izynq_fsbl_bsp/ps7_co
TRACE::2026-03-29.19:30:51::SCWBDomain::rtexa9_0/include -I.

TRACE::2026-03-29.19:30:51::SCWBDomain::arm-none-eabi-gcc  -O2 -c -MMD -MP       -mcpu=cortex-a9 -mfpu=vfpv3 -mfloat-abi=hard  -c nor.c -o nor.o -Izynq_fsbl_bsp/ps7_co
TRACE::2026-03-29.19:30:51::SCWBDomain::rtexa9_0/include -I.

TRACE::2026-03-29.19:30:51::SCWBDomain::arm-none-eabi-gcc  -O2 -c -MMD -MP       -mcpu=cortex-a9 -mfpu=vfpv3 -mfloat-abi=hard  -c qspi.c -o qspi.o -Izynq_fsbl_bsp/ps7_
TRACE::2026-03-29.19:30:51::SCWBDomain::cortexa9_0/include -I.

TRACE::2026-03-29.19:30:52::SCWBDomain::arm-none-eabi-gcc  -O2 -c -MMD -MP       -mcpu=cortex-a9 -mfpu=vfpv3 -mfloat-abi=hard  -c ps7_init.c -o ps7_init.o -Izynq_fsbl_
TRACE::2026-03-29.19:30:52::SCWBDomain::bsp/ps7_cortexa9_0/include -I.

TRACE::2026-03-29.19:30:52::SCWBDomain::arm-none-eabi-gcc  -O2 -c -MMD -MP       -mcpu=cortex-a9 -mfpu=vfpv3 -mfloat-abi=hard  -c pcap.c -o pcap.o -Izynq_fsbl_bsp/ps7_
TRACE::2026-03-29.19:30:52::SCWBDomain::cortexa9_0/include -I.

TRACE::2026-03-29.19:30:52::SCWBDomain::arm-none-eabi-gcc  -O2 -c -MMD -MP       -mcpu=cortex-a9 -mfpu=vfpv3 -mfloat-abi=hard  -c fsbl_handoff.S -o fsbl_handoff.o -Izy
TRACE::2026-03-29.19:30:52::SCWBDomain::nq_fsbl_bsp/ps7_cortexa9_0/include -I.

TRACE::2026-03-29.19:30:53::SCWBDomain::arm-none-eabi-gcc -o fsbl.elf fsbl_handoff.o fsbl_hooks.o image_mover.o main.o md5.o nand.o nor.o pcap.o ps7_init.o qspi.o rsa.
TRACE::2026-03-29.19:30:53::SCWBDomain::o sd.o -MMD -MP       -mcpu=cortex-a9 -mfpu=vfpv3 -mfloat-abi=hard   -mcpu=cortex-a9 -mfpu=vfpv3 -mfloat-abi=hard -Wl,-build-id
TRACE::2026-03-29.19:30:53::SCWBDomain::=none -specs=Xilinx.spec  -lrsa -Wl,--start-group,-lxil,-lgcc,-lc,--end-group -Wl,--start-group,-lxilffs,-lxil,-lgcc,-lc,--end-
TRACE::2026-03-29.19:30:53::SCWBDomain::group -Wl,--start-group,-lrsa,-lxil,-lgcc,-lc,--end-group                                   -Wl,--gc-sections -Lzynq_fsbl_bsp/p
TRACE::2026-03-29.19:30:53::SCWBDomain::s7_cortexa9_0/lib -L./ -Tlscript.ld

LOG::2026-03-29.19:30:54::SCWSystem::Checking the domain standalone_domain
LOG::2026-03-29.19:30:54::SCWSystem::Not a boot domain 
LOG::2026-03-29.19:30:54::SCWSystem::Started Processing the domain standalone_domain
TRACE::2026-03-29.19:30:54::SCWDomain::Generating domain artifcats
TRACE::2026-03-29.19:30:54::SCWMssOS::Generating standalone artifcats
TRACE::2026-03-29.19:30:54::SCWMssOS::Copying the qemu file from  C:/Users/ER250/OneDrive/Documents/ECE520_SOC/ECE520_SandBox/int_gen_soc_re/int_gen_soc_vitis/int_gen_plat/resources/int_gen_plat/standalone_domain/qemu_args.txt To C:/Users/ER250/OneDrive/Documents/ECE520_SOC/ECE520_SandBox/int_gen_soc_re/int_gen_soc_vitis/int_gen_plat/export/int_gen_plat/sw/int_gen_plat/qemu/
TRACE::2026-03-29.19:30:54::SCWMssOS::Copying the qemu file from  C:/Users/ER250/OneDrive/Documents/ECE520_SOC/ECE520_SandBox/int_gen_soc_re/int_gen_soc_vitis/int_gen_plat/resources/int_gen_plat/standalone_domain/qemu_args.txt To C:/Users/ER250/OneDrive/Documents/ECE520_SOC/ECE520_SandBox/int_gen_soc_re/int_gen_soc_vitis/int_gen_plat/export/int_gen_plat/sw/int_gen_plat/standalone_domain/qemu/
TRACE::2026-03-29.19:30:54::SCWMssOS:: Copying the user libraries. 
TRACE::2026-03-29.19:30:54::SCWPlatform::Trying to open the hw design at C:/Users/ER250/OneDrive/Documents/ECE520_SOC/ECE520_SandBox/int_gen_soc_re/int_gen_soc_vitis/int_gen_plat/hw/int_gen_bd_re_wrapper.xsa
TRACE::2026-03-29.19:30:54::SCWPlatform::DSA given C:/Users/ER250/OneDrive/Documents/ECE520_SOC/ECE520_SandBox/int_gen_soc_re/int_gen_soc_vitis/int_gen_plat/hw/int_gen_bd_re_wrapper.xsa
TRACE::2026-03-29.19:30:54::SCWPlatform::DSA absoulate path C:/Users/ER250/OneDrive/Documents/ECE520_SOC/ECE520_SandBox/int_gen_soc_re/int_gen_soc_vitis/int_gen_plat/hw/int_gen_bd_re_wrapper.xsa
TRACE::2026-03-29.19:30:54::SCWPlatform::DSA directory C:/Users/ER250/OneDrive/Documents/ECE520_SOC/ECE520_SandBox/int_gen_soc_re/int_gen_soc_vitis/int_gen_plat/hw
TRACE::2026-03-29.19:30:54::SCWPlatform:: Platform Path C:/Users/ER250/OneDrive/Documents/ECE520_SOC/ECE520_SandBox/int_gen_soc_re/int_gen_soc_vitis/int_gen_plat/hw/int_gen_bd_re_wrapper.xsa
TRACE::2026-03-29.19:30:54::SCWPlatform:: Unique name xilinx:zybo-z7-10::0.0
TRACE::2026-03-29.19:30:54::SCWPlatform::Trying to set the existing hwdb with name int_gen_bd_re_wrapper_2
TRACE::2026-03-29.19:30:54::SCWPlatform::Opened existing hwdb int_gen_bd_re_wrapper_2
TRACE::2026-03-29.19:30:54::SCWPlatform::Found the Hw Db part of the input DSA
TRACE::2026-03-29.19:30:54::SCWMssOS::Checking the sw design at  C:/Users/ER250/OneDrive/Documents/ECE520_SOC/ECE520_SandBox/int_gen_soc_re/int_gen_soc_vitis/int_gen_plat/ps7_cortexa9_0/standalone_domain/bsp/system.mss
TRACE::2026-03-29.19:30:54::SCWMssOS::DEBUG:  swdes dump  C:/Users/ER250/OneDrive/Documents/ECE520_SOC/ECE520_SandBox/int_gen_soc_re/int_gen_soc_vitis/int_gen_plat/ps7_cortexa9_0/standalone_domain/bsp/system.mss|system_0||
C:/Users/ER250/OneDrive/Documents/ECE520_SOC/ECE520_SandBox/int_gen_soc_re/int_gen_soc_vitis/int_gen_plat/zynq_fsbl/zynq_fsbl_bsp/system.mss|system||

TRACE::2026-03-29.19:30:54::SCWMssOS::Sw design exists and opened at  C:/Users/ER250/OneDrive/Documents/ECE520_SOC/ECE520_SandBox/int_gen_soc_re/int_gen_soc_vitis/int_gen_plat/ps7_cortexa9_0/standalone_domain/bsp/system.mss
TRACE::2026-03-29.19:30:54::SCWMssOS::Completed writing the mss file at C:/Users/ER250/OneDrive/Documents/ECE520_SOC/ECE520_SandBox/int_gen_soc_re/int_gen_soc_vitis/int_gen_plat/ps7_cortexa9_0/standalone_domain/bsp
TRACE::2026-03-29.19:30:54::SCWMssOS::Mss edits present, copying mssfile into export location C:/Users/ER250/OneDrive/Documents/ECE520_SOC/ECE520_SandBox/int_gen_soc_re/int_gen_soc_vitis/int_gen_plat/ps7_cortexa9_0/standalone_domain/bsp/system.mss
TRACE::2026-03-29.19:30:54::SCWMssOS::bsp generated is stale removing and regenerating. 
TRACE::2026-03-29.19:30:56::SCWMssOS::doing bsp build ... 
TRACE::2026-03-29.19:30:56::SCWMssOS::System Command Ran  C: & cd  C:/Users/ER250/OneDrive/Documents/ECE520_SOC/ECE520_SandBox/int_gen_soc_re/int_gen_soc_vitis/int_gen_plat/ps7_cortexa9_0/standalone_domain/bsp & make 
TRACE::2026-03-29.19:30:56::SCWMssOS::make --no-print-directory seq_libs

TRACE::2026-03-29.19:30:56::SCWMssOS::'Finished building libraries sequentially.'

TRACE::2026-03-29.19:30:57::SCWMssOS::make -j 10 --no-print-directory par_libs

TRACE::2026-03-29.19:30:57::SCWMssOS::"Running Make include in ps7_cortexa9_0/libsrc/coresightps_dcc_v1_8/src"

TRACE::2026-03-29.19:30:57::SCWMssOS::make -C ps7_cortexa9_0/libsrc/coresightps_dcc_v1_8/src -s include  "SHELL=CMD" "COMPILER=arm-none-eabi-gcc" "ASSEMBLER=arm-none
TRACE::2026-03-29.19:30:57::SCWMssOS::-eabi-as" "ARCHIVER=arm-none-eabi-ar" "COMPILER_FLAGS=  -O2 -c" "EXTRA_COMPILER_FLAGS=-mcpu=cortex-a9 -mfpu=vfpv3 -mfloat-abi=h
TRACE::2026-03-29.19:30:57::SCWMssOS::ard -nostartfiles -g -Wall -Wextra -fno-tree-loop-distribute-patterns"

TRACE::2026-03-29.19:30:57::SCWMssOS::"Running Make include in ps7_cortexa9_0/libsrc/cpu_cortexa9_v2_11/src"

TRACE::2026-03-29.19:30:57::SCWMssOS::make -C ps7_cortexa9_0/libsrc/cpu_cortexa9_v2_11/src -s include  "SHELL=CMD" "COMPILER=arm-none-eabi-gcc" "ASSEMBLER=arm-none-e
TRACE::2026-03-29.19:30:57::SCWMssOS::abi-as" "ARCHIVER=arm-none-eabi-ar" "COMPILER_FLAGS=  -O2 -c" "EXTRA_COMPILER_FLAGS=-mcpu=cortex-a9 -mfpu=vfpv3 -mfloat-abi=har
TRACE::2026-03-29.19:30:57::SCWMssOS::d -nostartfiles -g -Wall -Wextra -fno-tree-loop-distribute-patterns"

TRACE::2026-03-29.19:30:57::SCWMssOS::"Running Make include in ps7_cortexa9_0/libsrc/ddrps_v1_2/src"

TRACE::2026-03-29.19:30:57::SCWMssOS::make -C ps7_cortexa9_0/libsrc/ddrps_v1_2/src -s include  "SHELL=CMD" "COMPILER=arm-none-eabi-gcc" "ASSEMBLER=arm-none-eabi-as" 
TRACE::2026-03-29.19:30:57::SCWMssOS::"ARCHIVER=arm-none-eabi-ar" "COMPILER_FLAGS=  -O2 -c" "EXTRA_COMPILER_FLAGS=-mcpu=cortex-a9 -mfpu=vfpv3 -mfloat-abi=hard -nosta
TRACE::2026-03-29.19:30:57::SCWMssOS::rtfiles -g -Wall -Wextra -fno-tree-loop-distribute-patterns"

TRACE::2026-03-29.19:30:57::SCWMssOS::"Running Make include in ps7_cortexa9_0/libsrc/devcfg_v3_7/src"

TRACE::2026-03-29.19:30:57::SCWMssOS::make -C ps7_cortexa9_0/libsrc/devcfg_v3_7/src -s include  "SHELL=CMD" "COMPILER=arm-none-eabi-gcc" "ASSEMBLER=arm-none-eabi-as"
TRACE::2026-03-29.19:30:57::SCWMssOS:: "ARCHIVER=arm-none-eabi-ar" "COMPILER_FLAGS=  -O2 -c" "EXTRA_COMPILER_FLAGS=-mcpu=cortex-a9 -mfpu=vfpv3 -mfloat-abi=hard -nost
TRACE::2026-03-29.19:30:57::SCWMssOS::artfiles -g -Wall -Wextra -fno-tree-loop-distribute-patterns"

TRACE::2026-03-29.19:30:57::SCWMssOS::"Running Make include in ps7_cortexa9_0/libsrc/dmaps_v2_8/src"

TRACE::2026-03-29.19:30:57::SCWMssOS::make -C ps7_cortexa9_0/libsrc/dmaps_v2_8/src -s include  "SHELL=CMD" "COMPILER=arm-none-eabi-gcc" "ASSEMBLER=arm-none-eabi-as" 
TRACE::2026-03-29.19:30:57::SCWMssOS::"ARCHIVER=arm-none-eabi-ar" "COMPILER_FLAGS=  -O2 -c" "EXTRA_COMPILER_FLAGS=-mcpu=cortex-a9 -mfpu=vfpv3 -mfloat-abi=hard -nosta
TRACE::2026-03-29.19:30:57::SCWMssOS::rtfiles -g -Wall -Wextra -fno-tree-loop-distribute-patterns"

TRACE::2026-03-29.19:30:57::SCWMssOS::"Running Make include in ps7_cortexa9_0/libsrc/emacps_v3_18/src"

TRACE::2026-03-29.19:30:57::SCWMssOS::make -C ps7_cortexa9_0/libsrc/emacps_v3_18/src -s include  "SHELL=CMD" "COMPILER=arm-none-eabi-gcc" "ASSEMBLER=arm-none-eabi-as
TRACE::2026-03-29.19:30:57::SCWMssOS::" "ARCHIVER=arm-none-eabi-ar" "COMPILER_FLAGS=  -O2 -c" "EXTRA_COMPILER_FLAGS=-mcpu=cortex-a9 -mfpu=vfpv3 -mfloat-abi=hard -nos
TRACE::2026-03-29.19:30:57::SCWMssOS::tartfiles -g -Wall -Wextra -fno-tree-loop-distribute-patterns"

TRACE::2026-03-29.19:30:57::SCWMssOS::"Running Make include in ps7_cortexa9_0/libsrc/gpiops_v3_11/src"

TRACE::2026-03-29.19:30:58::SCWMssOS::make -C ps7_cortexa9_0/libsrc/gpiops_v3_11/src -s include  "SHELL=CMD" "COMPILER=arm-none-eabi-gcc" "ASSEMBLER=arm-none-eabi-as
TRACE::2026-03-29.19:30:58::SCWMssOS::" "ARCHIVER=arm-none-eabi-ar" "COMPILER_FLAGS=  -O2 -c" "EXTRA_COMPILER_FLAGS=-mcpu=cortex-a9 -mfpu=vfpv3 -mfloat-abi=hard -nos
TRACE::2026-03-29.19:30:58::SCWMssOS::tartfiles -g -Wall -Wextra -fno-tree-loop-distribute-patterns"

TRACE::2026-03-29.19:30:58::SCWMssOS::"Running Make include in ps7_cortexa9_0/libsrc/qspips_v3_10/src"

TRACE::2026-03-29.19:30:58::SCWMssOS::make -C ps7_cortexa9_0/libsrc/qspips_v3_10/src -s include  "SHELL=CMD" "COMPILER=arm-none-eabi-gcc" "ASSEMBLER=arm-none-eabi-as
TRACE::2026-03-29.19:30:58::SCWMssOS::" "ARCHIVER=arm-none-eabi-ar" "COMPILER_FLAGS=  -O2 -c" "EXTRA_COMPILER_FLAGS=-mcpu=cortex-a9 -mfpu=vfpv3 -mfloat-abi=hard -nos
TRACE::2026-03-29.19:30:58::SCWMssOS::tartfiles -g -Wall -Wextra -fno-tree-loop-distribute-patterns"

TRACE::2026-03-29.19:30:58::SCWMssOS::"Running Make include in ps7_cortexa9_0/libsrc/scugic_v5_1/src"

TRACE::2026-03-29.19:30:58::SCWMssOS::make -C ps7_cortexa9_0/libsrc/scugic_v5_1/src -s include  "SHELL=CMD" "COMPILER=arm-none-eabi-gcc" "ASSEMBLER=arm-none-eabi-as"
TRACE::2026-03-29.19:30:58::SCWMssOS:: "ARCHIVER=arm-none-eabi-ar" "COMPILER_FLAGS=  -O2 -c" "EXTRA_COMPILER_FLAGS=-mcpu=cortex-a9 -mfpu=vfpv3 -mfloat-abi=hard -nost
TRACE::2026-03-29.19:30:58::SCWMssOS::artfiles -g -Wall -Wextra -fno-tree-loop-distribute-patterns"

TRACE::2026-03-29.19:30:58::SCWMssOS::"Running Make include in ps7_cortexa9_0/libsrc/scutimer_v2_4/src"

TRACE::2026-03-29.19:30:58::SCWMssOS::make -C ps7_cortexa9_0/libsrc/scutimer_v2_4/src -s include  "SHELL=CMD" "COMPILER=arm-none-eabi-gcc" "ASSEMBLER=arm-none-eabi-a
TRACE::2026-03-29.19:30:58::SCWMssOS::s" "ARCHIVER=arm-none-eabi-ar" "COMPILER_FLAGS=  -O2 -c" "EXTRA_COMPILER_FLAGS=-mcpu=cortex-a9 -mfpu=vfpv3 -mfloat-abi=hard -no
TRACE::2026-03-29.19:30:58::SCWMssOS::startfiles -g -Wall -Wextra -fno-tree-loop-distribute-patterns"

TRACE::2026-03-29.19:30:58::SCWMssOS::"Running Make include in ps7_cortexa9_0/libsrc/scuwdt_v2_4/src"

TRACE::2026-03-29.19:30:58::SCWMssOS::make -C ps7_cortexa9_0/libsrc/scuwdt_v2_4/src -s include  "SHELL=CMD" "COMPILER=arm-none-eabi-gcc" "ASSEMBLER=arm-none-eabi-as"
TRACE::2026-03-29.19:30:58::SCWMssOS:: "ARCHIVER=arm-none-eabi-ar" "COMPILER_FLAGS=  -O2 -c" "EXTRA_COMPILER_FLAGS=-mcpu=cortex-a9 -mfpu=vfpv3 -mfloat-abi=hard -nost
TRACE::2026-03-29.19:30:58::SCWMssOS::artfiles -g -Wall -Wextra -fno-tree-loop-distribute-patterns"

TRACE::2026-03-29.19:30:58::SCWMssOS::"Running Make include in ps7_cortexa9_0/libsrc/sdps_v4_1/src"

TRACE::2026-03-29.19:30:59::SCWMssOS::make -C ps7_cortexa9_0/libsrc/sdps_v4_1/src -s include  "SHELL=CMD" "COMPILER=arm-none-eabi-gcc" "ASSEMBLER=arm-none-eabi-as" "
TRACE::2026-03-29.19:30:59::SCWMssOS::ARCHIVER=arm-none-eabi-ar" "COMPILER_FLAGS=  -O2 -c" "EXTRA_COMPILER_FLAGS=-mcpu=cortex-a9 -mfpu=vfpv3 -mfloat-abi=hard -nostar
TRACE::2026-03-29.19:30:59::SCWMssOS::tfiles -g -Wall -Wextra -fno-tree-loop-distribute-patterns"

TRACE::2026-03-29.19:30:59::SCWMssOS::"Running Make include in ps7_cortexa9_0/libsrc/standalone_v8_1/src"

TRACE::2026-03-29.19:30:59::SCWMssOS::make -C ps7_cortexa9_0/libsrc/standalone_v8_1/src -s include  "SHELL=CMD" "COMPILER=arm-none-eabi-gcc" "ASSEMBLER=arm-none-eabi
TRACE::2026-03-29.19:30:59::SCWMssOS::-as" "ARCHIVER=arm-none-eabi-ar" "COMPILER_FLAGS=  -O2 -c" "EXTRA_COMPILER_FLAGS=-mcpu=cortex-a9 -mfpu=vfpv3 -mfloat-abi=hard -
TRACE::2026-03-29.19:30:59::SCWMssOS::nostartfiles -g -Wall -Wextra -fno-tree-loop-distribute-patterns"

TRACE::2026-03-29.19:30:59::SCWMssOS::"Running Make include in ps7_cortexa9_0/libsrc/uartps_v3_12/src"

TRACE::2026-03-29.19:30:59::SCWMssOS::make -C ps7_cortexa9_0/libsrc/uartps_v3_12/src -s include  "SHELL=CMD" "COMPILER=arm-none-eabi-gcc" "ASSEMBLER=arm-none-eabi-as
TRACE::2026-03-29.19:30:59::SCWMssOS::" "ARCHIVER=arm-none-eabi-ar" "COMPILER_FLAGS=  -O2 -c" "EXTRA_COMPILER_FLAGS=-mcpu=cortex-a9 -mfpu=vfpv3 -mfloat-abi=hard -nos
TRACE::2026-03-29.19:30:59::SCWMssOS::tartfiles -g -Wall -Wextra -fno-tree-loop-distribute-patterns"

TRACE::2026-03-29.19:30:59::SCWMssOS::"Running Make include in ps7_cortexa9_0/libsrc/usbps_v2_7/src"

TRACE::2026-03-29.19:30:59::SCWMssOS::make -C ps7_cortexa9_0/libsrc/usbps_v2_7/src -s include  "SHELL=CMD" "COMPILER=arm-none-eabi-gcc" "ASSEMBLER=arm-none-eabi-as" 
TRACE::2026-03-29.19:30:59::SCWMssOS::"ARCHIVER=arm-none-eabi-ar" "COMPILER_FLAGS=  -O2 -c" "EXTRA_COMPILER_FLAGS=-mcpu=cortex-a9 -mfpu=vfpv3 -mfloat-abi=hard -nosta
TRACE::2026-03-29.19:30:59::SCWMssOS::rtfiles -g -Wall -Wextra -fno-tree-loop-distribute-patterns"

TRACE::2026-03-29.19:30:59::SCWMssOS::"Running Make include in ps7_cortexa9_0/libsrc/xadcps_v2_6/src"

TRACE::2026-03-29.19:30:59::SCWMssOS::make -C ps7_cortexa9_0/libsrc/xadcps_v2_6/src -s include  "SHELL=CMD" "COMPILER=arm-none-eabi-gcc" "ASSEMBLER=arm-none-eabi-as"
TRACE::2026-03-29.19:30:59::SCWMssOS:: "ARCHIVER=arm-none-eabi-ar" "COMPILER_FLAGS=  -O2 -c" "EXTRA_COMPILER_FLAGS=-mcpu=cortex-a9 -mfpu=vfpv3 -mfloat-abi=hard -nost
TRACE::2026-03-29.19:30:59::SCWMssOS::artfiles -g -Wall -Wextra -fno-tree-loop-distribute-patterns"

TRACE::2026-03-29.19:31:05::SCWMssOS::"Running Make libs in ps7_cortexa9_0/libsrc/coresightps_dcc_v1_8/src"

TRACE::2026-03-29.19:31:05::SCWMssOS::make -C ps7_cortexa9_0/libsrc/coresightps_dcc_v1_8/src -s libs  "SHELL=CMD" "COMPILER=arm-none-eabi-gcc" "ASSEMBLER=arm-none-ea
TRACE::2026-03-29.19:31:05::SCWMssOS::bi-as" "ARCHIVER=arm-none-eabi-ar" "COMPILER_FLAGS=  -O2 -c" "EXTRA_COMPILER_FLAGS=-mcpu=cortex-a9 -mfpu=vfpv3 -mfloat-abi=hard
TRACE::2026-03-29.19:31:05::SCWMssOS:: -nostartfiles -g -Wall -Wextra -fno-tree-loop-distribute-patterns"

TRACE::2026-03-29.19:31:05::SCWMssOS::"Running Make libs in ps7_cortexa9_0/libsrc/cpu_cortexa9_v2_11/src"

TRACE::2026-03-29.19:31:05::SCWMssOS::"Running Make libs in ps7_cortexa9_0/libsrc/ddrps_v1_2/src"

TRACE::2026-03-29.19:31:05::SCWMssOS::make -C ps7_cortexa9_0/libsrc/cpu_cortexa9_v2_11/src -s libs  "SHELL=CMD" "COMPILER=arm-none-eabi-gcc" "ASSEMBLER=arm-none-eabi
TRACE::2026-03-29.19:31:05::SCWMssOS::-as" "ARCHIVER=arm-none-eabi-ar" "COMPILER_FLAGS=  -O2 -c" "EXTRA_COMPILER_FLAGS=-mcpu=cortex-a9 -mfpu=vfpv3 -mfloat-abi=hard -
TRACE::2026-03-29.19:31:05::SCWMssOS::nostartfiles -g -Wall -Wextra -fno-tree-loop-distribute-patterns"

TRACE::2026-03-29.19:31:05::SCWMssOS::make -C ps7_cortexa9_0/libsrc/ddrps_v1_2/src -s libs  "SHELL=CMD" "COMPILER=arm-none-eabi-gcc" "ASSEMBLER=arm-none-eabi-as" "AR
TRACE::2026-03-29.19:31:05::SCWMssOS::CHIVER=arm-none-eabi-ar" "COMPILER_FLAGS=  -O2 -c" "EXTRA_COMPILER_FLAGS=-mcpu=cortex-a9 -mfpu=vfpv3 -mfloat-abi=hard -nostartf
TRACE::2026-03-29.19:31:05::SCWMssOS::iles -g -Wall -Wextra -fno-tree-loop-distribute-patterns"

TRACE::2026-03-29.19:31:05::SCWMssOS::"Running Make libs in ps7_cortexa9_0/libsrc/devcfg_v3_7/src"

TRACE::2026-03-29.19:31:05::SCWMssOS::make -C ps7_cortexa9_0/libsrc/devcfg_v3_7/src -s libs  "SHELL=CMD" "COMPILER=arm-none-eabi-gcc" "ASSEMBLER=arm-none-eabi-as" "A
TRACE::2026-03-29.19:31:05::SCWMssOS::RCHIVER=arm-none-eabi-ar" "COMPILER_FLAGS=  -O2 -c" "EXTRA_COMPILER_FLAGS=-mcpu=cortex-a9 -mfpu=vfpv3 -mfloat-abi=hard -nostart
TRACE::2026-03-29.19:31:05::SCWMssOS::files -g -Wall -Wextra -fno-tree-loop-distribute-patterns"

TRACE::2026-03-29.19:31:05::SCWMssOS::"Running Make libs in ps7_cortexa9_0/libsrc/dmaps_v2_8/src"

TRACE::2026-03-29.19:31:10::SCWMssOS::make -C ps7_cortexa9_0/libsrc/dmaps_v2_8/src -s libs  "SHELL=CMD" "COMPILER=arm-none-eabi-gcc" "ASSEMBLER=arm-none-eabi-as" "AR
TRACE::2026-03-29.19:31:10::SCWMssOS::CHIVER=arm-none-eabi-ar" "COMPILER_FLAGS=  -O2 -c" "EXTRA_COMPILER_FLAGS=-mcpu=cortex-a9 -mfpu=vfpv3 -mfloat-abi=hard -nostartf
TRACE::2026-03-29.19:31:10::SCWMssOS::iles -g -Wall -Wextra -fno-tree-loop-distribute-patterns"

TRACE::2026-03-29.19:31:10::SCWMssOS::"Running Make libs in ps7_cortexa9_0/libsrc/emacps_v3_18/src"

TRACE::2026-03-29.19:31:15::SCWMssOS::make -C ps7_cortexa9_0/libsrc/emacps_v3_18/src -s libs  "SHELL=CMD" "COMPILER=arm-none-eabi-gcc" "ASSEMBLER=arm-none-eabi-as" "
TRACE::2026-03-29.19:31:15::SCWMssOS::ARCHIVER=arm-none-eabi-ar" "COMPILER_FLAGS=  -O2 -c" "EXTRA_COMPILER_FLAGS=-mcpu=cortex-a9 -mfpu=vfpv3 -mfloat-abi=hard -nostar
TRACE::2026-03-29.19:31:15::SCWMssOS::tfiles -g -Wall -Wextra -fno-tree-loop-distribute-patterns"

TRACE::2026-03-29.19:31:15::SCWMssOS::"Running Make libs in ps7_cortexa9_0/libsrc/gpiops_v3_11/src"

TRACE::2026-03-29.19:31:15::SCWMssOS::make -C ps7_cortexa9_0/libsrc/gpiops_v3_11/src -s libs  "SHELL=CMD" "COMPILER=arm-none-eabi-gcc" "ASSEMBLER=arm-none-eabi-as" "
TRACE::2026-03-29.19:31:15::SCWMssOS::ARCHIVER=arm-none-eabi-ar" "COMPILER_FLAGS=  -O2 -c" "EXTRA_COMPILER_FLAGS=-mcpu=cortex-a9 -mfpu=vfpv3 -mfloat-abi=hard -nostar
TRACE::2026-03-29.19:31:15::SCWMssOS::tfiles -g -Wall -Wextra -fno-tree-loop-distribute-patterns"

TRACE::2026-03-29.19:31:15::SCWMssOS::"Running Make libs in ps7_cortexa9_0/libsrc/qspips_v3_10/src"

TRACE::2026-03-29.19:31:15::SCWMssOS::make -C ps7_cortexa9_0/libsrc/qspips_v3_10/src -s libs  "SHELL=CMD" "COMPILER=arm-none-eabi-gcc" "ASSEMBLER=arm-none-eabi-as" "
TRACE::2026-03-29.19:31:15::SCWMssOS::ARCHIVER=arm-none-eabi-ar" "COMPILER_FLAGS=  -O2 -c" "EXTRA_COMPILER_FLAGS=-mcpu=cortex-a9 -mfpu=vfpv3 -mfloat-abi=hard -nostar
TRACE::2026-03-29.19:31:15::SCWMssOS::tfiles -g -Wall -Wextra -fno-tree-loop-distribute-patterns"

TRACE::2026-03-29.19:31:15::SCWMssOS::"Running Make libs in ps7_cortexa9_0/libsrc/scugic_v5_1/src"

TRACE::2026-03-29.19:31:15::SCWMssOS::make -C ps7_cortexa9_0/libsrc/scugic_v5_1/src -s libs  "SHELL=CMD" "COMPILER=arm-none-eabi-gcc" "ASSEMBLER=arm-none-eabi-as" "A
TRACE::2026-03-29.19:31:15::SCWMssOS::RCHIVER=arm-none-eabi-ar" "COMPILER_FLAGS=  -O2 -c" "EXTRA_COMPILER_FLAGS=-mcpu=cortex-a9 -mfpu=vfpv3 -mfloat-abi=hard -nostart
TRACE::2026-03-29.19:31:15::SCWMssOS::files -g -Wall -Wextra -fno-tree-loop-distribute-patterns"

TRACE::2026-03-29.19:31:16::SCWMssOS::"Running Make libs in ps7_cortexa9_0/libsrc/scutimer_v2_4/src"

TRACE::2026-03-29.19:31:16::SCWMssOS::make -C ps7_cortexa9_0/libsrc/scutimer_v2_4/src -s libs  "SHELL=CMD" "COMPILER=arm-none-eabi-gcc" "ASSEMBLER=arm-none-eabi-as" 
TRACE::2026-03-29.19:31:16::SCWMssOS::"ARCHIVER=arm-none-eabi-ar" "COMPILER_FLAGS=  -O2 -c" "EXTRA_COMPILER_FLAGS=-mcpu=cortex-a9 -mfpu=vfpv3 -mfloat-abi=hard -nosta
TRACE::2026-03-29.19:31:16::SCWMssOS::rtfiles -g -Wall -Wextra -fno-tree-loop-distribute-patterns"

TRACE::2026-03-29.19:31:16::SCWMssOS::"Running Make libs in ps7_cortexa9_0/libsrc/scuwdt_v2_4/src"

TRACE::2026-03-29.19:31:16::SCWMssOS::make -C ps7_cortexa9_0/libsrc/scuwdt_v2_4/src -s libs  "SHELL=CMD" "COMPILER=arm-none-eabi-gcc" "ASSEMBLER=arm-none-eabi-as" "A
TRACE::2026-03-29.19:31:16::SCWMssOS::RCHIVER=arm-none-eabi-ar" "COMPILER_FLAGS=  -O2 -c" "EXTRA_COMPILER_FLAGS=-mcpu=cortex-a9 -mfpu=vfpv3 -mfloat-abi=hard -nostart
TRACE::2026-03-29.19:31:16::SCWMssOS::files -g -Wall -Wextra -fno-tree-loop-distribute-patterns"

TRACE::2026-03-29.19:31:17::SCWMssOS::"Running Make libs in ps7_cortexa9_0/libsrc/sdps_v4_1/src"

TRACE::2026-03-29.19:31:17::SCWMssOS::make -C ps7_cortexa9_0/libsrc/sdps_v4_1/src -s libs  "SHELL=CMD" "COMPILER=arm-none-eabi-gcc" "ASSEMBLER=arm-none-eabi-as" "ARC
TRACE::2026-03-29.19:31:17::SCWMssOS::HIVER=arm-none-eabi-ar" "COMPILER_FLAGS=  -O2 -c" "EXTRA_COMPILER_FLAGS=-mcpu=cortex-a9 -mfpu=vfpv3 -mfloat-abi=hard -nostartfi
TRACE::2026-03-29.19:31:17::SCWMssOS::les -g -Wall -Wextra -fno-tree-loop-distribute-patterns"

TRACE::2026-03-29.19:31:22::SCWMssOS::"Running Make libs in ps7_cortexa9_0/libsrc/standalone_v8_1/src"

TRACE::2026-03-29.19:31:22::SCWMssOS::make -C ps7_cortexa9_0/libsrc/standalone_v8_1/src -s libs  "SHELL=CMD" "COMPILER=arm-none-eabi-gcc" "ASSEMBLER=arm-none-eabi-as
TRACE::2026-03-29.19:31:22::SCWMssOS::" "ARCHIVER=arm-none-eabi-ar" "COMPILER_FLAGS=  -O2 -c" "EXTRA_COMPILER_FLAGS=-mcpu=cortex-a9 -mfpu=vfpv3 -mfloat-abi=hard -nos
TRACE::2026-03-29.19:31:22::SCWMssOS::tartfiles -g -Wall -Wextra -fno-tree-loop-distribute-patterns"

TRACE::2026-03-29.19:31:22::SCWMssOS::"Running Make libs in ps7_cortexa9_0/libsrc/uartps_v3_12/src"

TRACE::2026-03-29.19:31:22::SCWMssOS::make -C ps7_cortexa9_0/libsrc/uartps_v3_12/src -s libs  "SHELL=CMD" "COMPILER=arm-none-eabi-gcc" "ASSEMBLER=arm-none-eabi-as" "
TRACE::2026-03-29.19:31:22::SCWMssOS::ARCHIVER=arm-none-eabi-ar" "COMPILER_FLAGS=  -O2 -c" "EXTRA_COMPILER_FLAGS=-mcpu=cortex-a9 -mfpu=vfpv3 -mfloat-abi=hard -nostar
TRACE::2026-03-29.19:31:22::SCWMssOS::tfiles -g -Wall -Wextra -fno-tree-loop-distribute-patterns"

TRACE::2026-03-29.19:31:22::SCWMssOS::"Running Make libs in ps7_cortexa9_0/libsrc/usbps_v2_7/src"

TRACE::2026-03-29.19:31:22::SCWMssOS::make -C ps7_cortexa9_0/libsrc/usbps_v2_7/src -s libs  "SHELL=CMD" "COMPILER=arm-none-eabi-gcc" "ASSEMBLER=arm-none-eabi-as" "AR
TRACE::2026-03-29.19:31:22::SCWMssOS::CHIVER=arm-none-eabi-ar" "COMPILER_FLAGS=  -O2 -c" "EXTRA_COMPILER_FLAGS=-mcpu=cortex-a9 -mfpu=vfpv3 -mfloat-abi=hard -nostartf
TRACE::2026-03-29.19:31:22::SCWMssOS::iles -g -Wall -Wextra -fno-tree-loop-distribute-patterns"

TRACE::2026-03-29.19:31:22::SCWMssOS::"Running Make libs in ps7_cortexa9_0/libsrc/xadcps_v2_6/src"

TRACE::2026-03-29.19:31:22::SCWMssOS::make -C ps7_cortexa9_0/libsrc/xadcps_v2_6/src -s libs  "SHELL=CMD" "COMPILER=arm-none-eabi-gcc" "ASSEMBLER=arm-none-eabi-as" "A
TRACE::2026-03-29.19:31:22::SCWMssOS::RCHIVER=arm-none-eabi-ar" "COMPILER_FLAGS=  -O2 -c" "EXTRA_COMPILER_FLAGS=-mcpu=cortex-a9 -mfpu=vfpv3 -mfloat-abi=hard -nostart
TRACE::2026-03-29.19:31:22::SCWMssOS::files -g -Wall -Wextra -fno-tree-loop-distribute-patterns"

TRACE::2026-03-29.19:31:34::SCWMssOS::'Finished building libraries parallelly.'

TRACE::2026-03-29.19:31:34::SCWMssOS::make --no-print-directory archive

TRACE::2026-03-29.19:31:34::SCWMssOS::arm-none-eabi-ar -r  ps7_cortexa9_0/lib/libxil.a ps7_cortexa9_0/lib/_exit.o ps7_cortexa9_0/lib/_open.o ps7_cortexa9_0/lib/_sbrk
TRACE::2026-03-29.19:31:34::SCWMssOS::.o ps7_cortexa9_0/lib/abort.o ps7_cortexa9_0/lib/asm_vectors.o ps7_cortexa9_0/lib/boot.o ps7_cortexa9_0/lib/close.o ps7_cortexa
TRACE::2026-03-29.19:31:34::SCWMssOS::9_0/lib/cpputest_time.o ps7_cortexa9_0/lib/cpu_init.o ps7_cortexa9_0/lib/errno.o ps7_cortexa9_0/lib/fcntl.o ps7_cortexa9_0/lib/
TRACE::2026-03-29.19:31:34::SCWMssOS::fstat.o ps7_cortexa9_0/lib/getentropy.o ps7_cortexa9_0/lib/getpid.o ps7_cortexa9_0/lib/inbyte.o ps7_cortexa9_0/lib/isatty.o ps7
TRACE::2026-03-29.19:31:34::SCWMssOS::_cortexa9_0/lib/kill.o ps7_cortexa9_0/lib/lseek.o ps7_cortexa9_0/lib/open.o ps7_cortexa9_0/lib/outbyte.o ps7_cortexa9_0/lib/pri
TRACE::2026-03-29.19:31:34::SCWMssOS::nt.o ps7_cortexa9_0/lib/putnum.o ps7_cortexa9_0/lib/read.o ps7_cortexa9_0/lib/sbrk.o ps7_cortexa9_0/lib/sleep.o ps7_cortexa9_0/
TRACE::2026-03-29.19:31:34::SCWMssOS::lib/time.o ps7_cortexa9_0/lib/translation_table.o ps7_cortexa9_0/lib/unlink.o ps7_cortexa9_0/lib/usleep.o ps7_cortexa9_0/lib/ve
TRACE::2026-03-29.19:31:34::SCWMssOS::ctors.o ps7_cortexa9_0/lib/write.o ps7_cortexa9_0/lib/xadcps.o ps7_cortexa9_0/lib/xadcps_g.o ps7_cortexa9_0/lib/xadcps_intr.o p
TRACE::2026-03-29.19:31:34::SCWMssOS::s7_cortexa9_0/lib/xadcps_selftest.o ps7_cortexa9_0/lib/xadcps_sinit.o ps7_cortexa9_0/lib/xcoresightpsdcc.o ps7_cortexa9_0/lib/x
TRACE::2026-03-29.19:31:34::SCWMssOS::devcfg.o ps7_cortexa9_0/lib/xdevcfg_g.o ps7_cortexa9_0/lib/xdevcfg_hw.o ps7_cortexa9_0/lib/xdevcfg_intr.o ps7_cortexa9_0/lib/xd
TRACE::2026-03-29.19:31:34::SCWMssOS::evcfg_selftest.o ps7_cortexa9_0/lib/xdevcfg_sinit.o ps7_cortexa9_0/lib/xdmaps.o ps7_cortexa9_0/lib/xdmaps_g.o ps7_cortexa9_0/li
TRACE::2026-03-29.19:31:34::SCWMssOS::b/xdmaps_hw.o ps7_cortexa9_0/lib/xdmaps_selftest.o ps7_cortexa9_0/lib/xdmaps_sinit.o ps7_cortexa9_0/lib/xemacps.o ps7_cortexa9_
TRACE::2026-03-29.19:31:34::SCWMssOS::0/lib/xemacps_bdring.o ps7_cortexa9_0/lib/xemacps_control.o ps7_cortexa9_0/lib/xemacps_g.o ps7_cortexa9_0/lib/xemacps_hw.o ps7_
TRACE::2026-03-29.19:31:34::SCWMssOS::cortexa9_0/lib/xemacps_intr.o ps7_cortexa9_0/lib/xemacps_sinit.o ps7_cortexa9_0/lib/xgpiops.o ps7_cortexa9_0/lib/xgpiops_g.o ps
TRACE::2026-03-29.19:31:34::SCWMssOS::7_cortexa9_0/lib/xgpiops_hw.o ps7_cortexa9_0/lib/xgpiops_intr.o ps7_cortexa9_0/lib/xgpiops_selftest.o ps7_cortexa9_0/lib/xgpiop
TRACE::2026-03-29.19:31:34::SCWMssOS::s_sinit.o ps7_cortexa9_0/lib/xil-crt0.o ps7_cortexa9_0/lib/xil_assert.o ps7_cortexa9_0/lib/xil_cache.o ps7_cortexa9_0/lib/xil_c
TRACE::2026-03-29.19:31:34::SCWMssOS::locking.o ps7_cortexa9_0/lib/xil_exception.o ps7_cortexa9_0/lib/xil_mem.o ps7_cortexa9_0/lib/xil_misc_psreset_api.o ps7_cortexa
TRACE::2026-03-29.19:31:34::SCWMssOS::9_0/lib/xil_mmu.o ps7_cortexa9_0/lib/xil_printf.o ps7_cortexa9_0/lib/xil_sleepcommon.o ps7_cortexa9_0/lib/xil_sleeptimer.o ps7_
TRACE::2026-03-29.19:31:34::SCWMssOS::cortexa9_0/lib/xil_spinlock.o ps7_cortexa9_0/lib/xil_testcache.o ps7_cortexa9_0/lib/xil_testio.o ps7_cortexa9_0/lib/xil_testmem
TRACE::2026-03-29.19:31:34::SCWMssOS::.o ps7_cortexa9_0/lib/xil_util.o ps7_cortexa9_0/lib/xinterrupt_wrap.o ps7_cortexa9_0/lib/xl2cc_counter.o ps7_cortexa9_0/lib/xpl
TRACE::2026-03-29.19:31:34::SCWMssOS::atform_info.o ps7_cortexa9_0/lib/xpm_counter.o ps7_cortexa9_0/lib/xqspips.o ps7_cortexa9_0/lib/xqspips_g.o ps7_cortexa9_0/lib/x
TRACE::2026-03-29.19:31:34::SCWMssOS::qspips_hw.o ps7_cortexa9_0/lib/xqspips_options.o ps7_cortexa9_0/lib/xqspips_selftest.o ps7_cortexa9_0/lib/xqspips_sinit.o ps7_c
TRACE::2026-03-29.19:31:34::SCWMssOS::ortexa9_0/lib/xscugic.o ps7_cortexa9_0/lib/xscugic_g.o ps7_cortexa9_0/lib/xscugic_hw.o ps7_cortexa9_0/lib/xscugic_intr.o ps7_co
TRACE::2026-03-29.19:31:34::SCWMssOS::rtexa9_0/lib/xscugic_selftest.o ps7_cortexa9_0/lib/xscugic_sinit.o ps7_cortexa9_0/lib/xscutimer.o ps7_cortexa9_0/lib/xscutimer_
TRACE::2026-03-29.19:31:34::SCWMssOS::g.o ps7_cortexa9_0/lib/xscutimer_selftest.o ps7_cortexa9_0/lib/xscutimer_sinit.o ps7_cortexa9_0/lib/xscuwdt.o ps7_cortexa9_0/li
TRACE::2026-03-29.19:31:34::SCWMssOS::b/xscuwdt_g.o ps7_cortexa9_0/lib/xscuwdt_selftest.o ps7_cortexa9_0/lib/xscuwdt_sinit.o ps7_cortexa9_0/lib/xsdps.o ps7_cortexa9_
TRACE::2026-03-29.19:31:34::SCWMssOS::0/lib/xsdps_card.o ps7_cortexa9_0/lib/xsdps_g.o ps7_cortexa9_0/lib/xsdps_host.o ps7_cortexa9_0/lib/xsdps_options.o ps7_cortexa9
TRACE::2026-03-29.19:31:34::SCWMssOS::_0/lib/xsdps_sinit.o ps7_cortexa9_0/lib/xtime_l.o ps7_cortexa9_0/lib/xuartps.o ps7_cortexa9_0/lib/xuartps_g.o ps7_cortexa9_0/li
TRACE::2026-03-29.19:31:34::SCWMssOS::b/xuartps_hw.o ps7_cortexa9_0/lib/xuartps_intr.o ps7_cortexa9_0/lib/xuartps_options.o ps7_cortexa9_0/lib/xuartps_selftest.o ps7
TRACE::2026-03-29.19:31:34::SCWMssOS::_cortexa9_0/lib/xuartps_sinit.o ps7_cortexa9_0/lib/xusbps.o ps7_cortexa9_0/lib/xusbps_endpoint.o ps7_cortexa9_0/lib/xusbps_g.o 
TRACE::2026-03-29.19:31:34::SCWMssOS::ps7_cortexa9_0/lib/xusbps_hw.o ps7_cortexa9_0/lib/xusbps_intr.o ps7_cortexa9_0/lib/xusbps_sinit.o

TRACE::2026-03-29.19:31:34::SCWMssOS::'Finished building libraries'

TRACE::2026-03-29.19:31:35::SCWMssOS:: Checking if to create the Supporting Applications
TRACE::2026-03-29.19:31:35::SCWMssOS:: No Linux domain exists, trying to generate FSBL 
LOG::2026-03-29.19:31:35::SCWSystem::Completed Processing the domain standalone_domain
LOG::2026-03-29.19:31:35::SCWSystem::Completed Processing the sysconfig int_gen_plat
LOG::2026-03-29.19:31:35::SCWPlatform::Completed generating the artifacts for system configuration int_gen_plat
TRACE::2026-03-29.19:31:35::SCWPlatform::Started preparing the platform 
TRACE::2026-03-29.19:31:35::SCWSystem::Writing the bif file for system config int_gen_plat
TRACE::2026-03-29.19:31:35::SCWSystem::dir created 
TRACE::2026-03-29.19:31:35::SCWSystem::Writing the bif 
TRACE::2026-03-29.19:31:35::SCWPlatform::Started writing the spfm file 
TRACE::2026-03-29.19:31:35::SCWPlatform::Started writing the xpfm file 
TRACE::2026-03-29.19:31:35::SCWPlatform::Completed generating the platform
TRACE::2026-03-29.19:31:35::SCWMssOS::Saving the mss changes C:/Users/ER250/OneDrive/Documents/ECE520_SOC/ECE520_SandBox/int_gen_soc_re/int_gen_soc_vitis/int_gen_plat/zynq_fsbl/zynq_fsbl_bsp/system.mss
TRACE::2026-03-29.19:31:35::SCWMssOS::Found a swdesign opened with the mssfile.
TRACE::2026-03-29.19:31:35::SCWMssOS::Running validate of swdbs.
KEYINFO::2026-03-29.19:31:35::SCWMssOS::Could not open the swdb for system
KEYINFO::2026-03-29.19:31:35::SCWMssOS::Could not open the sw design at  system
ERROR: [Hsi 55-1558] Software Design system is not found

TRACE::2026-03-29.19:31:35::SCWMssOS::Cleared the swdb table entry
TRACE::2026-03-29.19:31:35::SCWMssOS::Adding the swdes entry, mss present, able to open swdb C:/Users/ER250/OneDrive/Documents/ECE520_SOC/ECE520_SandBox/int_gen_soc_re/int_gen_soc_vitis/int_gen_plat/zynq_fsbl/zynq_fsbl_bsp/system.mss with des name system
TRACE::2026-03-29.19:31:35::SCWMssOS::Writing the mss file completed C:/Users/ER250/OneDrive/Documents/ECE520_SOC/ECE520_SandBox/int_gen_soc_re/int_gen_soc_vitis/int_gen_plat/zynq_fsbl/zynq_fsbl_bsp/system.mss
TRACE::2026-03-29.19:31:35::SCWMssOS::Commit changes completed.
TRACE::2026-03-29.19:31:35::SCWMssOS::Saving the mss changes C:/Users/ER250/OneDrive/Documents/ECE520_SOC/ECE520_SandBox/int_gen_soc_re/int_gen_soc_vitis/int_gen_plat/ps7_cortexa9_0/standalone_domain/bsp/system.mss
TRACE::2026-03-29.19:31:35::SCWMssOS::Adding the swdes entry, mss present, able to open swdb C:/Users/ER250/OneDrive/Documents/ECE520_SOC/ECE520_SandBox/int_gen_soc_re/int_gen_soc_vitis/int_gen_plat/ps7_cortexa9_0/standalone_domain/bsp/system.mss with des name system_0
TRACE::2026-03-29.19:31:35::SCWMssOS::Writing the mss file completed C:/Users/ER250/OneDrive/Documents/ECE520_SOC/ECE520_SandBox/int_gen_soc_re/int_gen_soc_vitis/int_gen_plat/ps7_cortexa9_0/standalone_domain/bsp/system.mss
TRACE::2026-03-29.19:31:35::SCWMssOS::Commit changes completed.
TRACE::2026-03-29.19:31:35::SCWPlatform::Trying to open the hw design at C:/Users/ER250/OneDrive/Documents/ECE520_SOC/ECE520_SandBox/int_gen_soc_re/int_gen_soc_vitis/int_gen_plat/hw/int_gen_bd_re_wrapper.xsa
TRACE::2026-03-29.19:31:35::SCWPlatform::DSA given C:/Users/ER250/OneDrive/Documents/ECE520_SOC/ECE520_SandBox/int_gen_soc_re/int_gen_soc_vitis/int_gen_plat/hw/int_gen_bd_re_wrapper.xsa
TRACE::2026-03-29.19:31:35::SCWPlatform::DSA absoulate path C:/Users/ER250/OneDrive/Documents/ECE520_SOC/ECE520_SandBox/int_gen_soc_re/int_gen_soc_vitis/int_gen_plat/hw/int_gen_bd_re_wrapper.xsa
TRACE::2026-03-29.19:31:35::SCWPlatform::DSA directory C:/Users/ER250/OneDrive/Documents/ECE520_SOC/ECE520_SandBox/int_gen_soc_re/int_gen_soc_vitis/int_gen_plat/hw
TRACE::2026-03-29.19:31:35::SCWPlatform:: Platform Path C:/Users/ER250/OneDrive/Documents/ECE520_SOC/ECE520_SandBox/int_gen_soc_re/int_gen_soc_vitis/int_gen_plat/hw/int_gen_bd_re_wrapper.xsa
TRACE::2026-03-29.19:31:35::SCWPlatform:: Unique name xilinx:zybo-z7-10::0.0
TRACE::2026-03-29.19:31:35::SCWPlatform::Trying to set the existing hwdb with name int_gen_bd_re_wrapper_2
TRACE::2026-03-29.19:31:35::SCWPlatform::Opened existing hwdb int_gen_bd_re_wrapper_2
TRACE::2026-03-29.19:31:35::SCWPlatform::Found the Hw Db part of the input DSA
TRACE::2026-03-29.19:31:35::SCWMssOS::Checking the sw design at  C:/Users/ER250/OneDrive/Documents/ECE520_SOC/ECE520_SandBox/int_gen_soc_re/int_gen_soc_vitis/int_gen_plat/zynq_fsbl/zynq_fsbl_bsp/system.mss
TRACE::2026-03-29.19:31:35::SCWMssOS::DEBUG:  swdes dump  C:/Users/ER250/OneDrive/Documents/ECE520_SOC/ECE520_SandBox/int_gen_soc_re/int_gen_soc_vitis/int_gen_plat/ps7_cortexa9_0/standalone_domain/bsp/system.mss|system_0||
C:/Users/ER250/OneDrive/Documents/ECE520_SOC/ECE520_SandBox/int_gen_soc_re/int_gen_soc_vitis/int_gen_plat/zynq_fsbl/zynq_fsbl_bsp/system.mss|system||

TRACE::2026-03-29.19:31:35::SCWMssOS::Sw design exists and opened at  C:/Users/ER250/OneDrive/Documents/ECE520_SOC/ECE520_SandBox/int_gen_soc_re/int_gen_soc_vitis/int_gen_plat/zynq_fsbl/zynq_fsbl_bsp/system.mss
TRACE::2026-03-29.19:31:35::SCWPlatform::Trying to open the hw design at C:/Users/ER250/OneDrive/Documents/ECE520_SOC/ECE520_SandBox/int_gen_soc_re/int_gen_soc_vitis/int_gen_plat/hw/int_gen_bd_re_wrapper.xsa
TRACE::2026-03-29.19:31:35::SCWPlatform::DSA given C:/Users/ER250/OneDrive/Documents/ECE520_SOC/ECE520_SandBox/int_gen_soc_re/int_gen_soc_vitis/int_gen_plat/hw/int_gen_bd_re_wrapper.xsa
TRACE::2026-03-29.19:31:35::SCWPlatform::DSA absoulate path C:/Users/ER250/OneDrive/Documents/ECE520_SOC/ECE520_SandBox/int_gen_soc_re/int_gen_soc_vitis/int_gen_plat/hw/int_gen_bd_re_wrapper.xsa
TRACE::2026-03-29.19:31:35::SCWPlatform::DSA directory C:/Users/ER250/OneDrive/Documents/ECE520_SOC/ECE520_SandBox/int_gen_soc_re/int_gen_soc_vitis/int_gen_plat/hw
TRACE::2026-03-29.19:31:35::SCWPlatform:: Platform Path C:/Users/ER250/OneDrive/Documents/ECE520_SOC/ECE520_SandBox/int_gen_soc_re/int_gen_soc_vitis/int_gen_plat/hw/int_gen_bd_re_wrapper.xsa
TRACE::2026-03-29.19:31:35::SCWPlatform:: Unique name xilinx:zybo-z7-10::0.0
TRACE::2026-03-29.19:31:35::SCWPlatform::Trying to set the existing hwdb with name int_gen_bd_re_wrapper_2
TRACE::2026-03-29.19:31:35::SCWPlatform::Opened existing hwdb int_gen_bd_re_wrapper_2
TRACE::2026-03-29.19:31:35::SCWPlatform::Found the Hw Db part of the input DSA
TRACE::2026-03-29.19:31:35::SCWMssOS::Checking the sw design at  C:/Users/ER250/OneDrive/Documents/ECE520_SOC/ECE520_SandBox/int_gen_soc_re/int_gen_soc_vitis/int_gen_plat/ps7_cortexa9_0/standalone_domain/bsp/system.mss
TRACE::2026-03-29.19:31:35::SCWMssOS::DEBUG:  swdes dump  C:/Users/ER250/OneDrive/Documents/ECE520_SOC/ECE520_SandBox/int_gen_soc_re/int_gen_soc_vitis/int_gen_plat/ps7_cortexa9_0/standalone_domain/bsp/system.mss|system_0||
C:/Users/ER250/OneDrive/Documents/ECE520_SOC/ECE520_SandBox/int_gen_soc_re/int_gen_soc_vitis/int_gen_plat/zynq_fsbl/zynq_fsbl_bsp/system.mss|system||

TRACE::2026-03-29.19:31:35::SCWMssOS::Sw design exists and opened at  C:/Users/ER250/OneDrive/Documents/ECE520_SOC/ECE520_SandBox/int_gen_soc_re/int_gen_soc_vitis/int_gen_plat/ps7_cortexa9_0/standalone_domain/bsp/system.mss
TRACE::2026-03-29.19:31:35::SCWWriter::formatted JSON is {
	"platformName":	"int_gen_plat",
	"sprVersion":	"2.0",
	"mode":	"gui",
	"dsaType":	"Fixed",
	"platformDesc":	"int_gen_plat",
	"platHandOff":	"C:/Users/ER250/OneDrive/Documents/ECE520_SOC/ECE520_SandBox/int_gen_soc_re/int_gen_bd_re_wrapper.xsa",
	"platIntHandOff":	"<platformDir>/hw/int_gen_bd_re_wrapper.xsa",
	"deviceType":	"zynq",
	"platIsPrebuiltAutogen":	"false",
	"platIsNoBootBsp":	"false",
	"hasFsblMakeHasChanges":	"false",
	"hasPmufwMakeHasChanges":	"false",
	"fsblExtraCompilerFlags":	"-MMD -MP       -mcpu=cortex-a9 -mfpu=vfpv3 -mfloat-abi=hard ",
	"platPreBuiltFlag":	false,
	"platformSamplesDir":	"",
	"platActiveSys":	"int_gen_plat",
	"systems":	[{
			"systemName":	"int_gen_plat",
			"systemDesc":	"int_gen_plat",
			"sysIsBootAutoGen":	"true",
			"systemDispName":	"int_gen_plat",
			"sysActiveDom":	"standalone_domain",
			"sysDefaultDom":	"standalone_domain",
			"domains":	[{
					"domainName":	"zynq_fsbl",
					"domainDispName":	"zynq_fsbl",
					"domainDesc":	"FSBL Application BSP - Auto Generated.",
					"processors":	"ps7_cortexa9_0",
					"os":	"standalone",
					"sdxOs":	"standalone",
					"debugEnable":	"",
					"domRuntimes":	["cpp"],
					"swRepo":	"",
					"mssOsVer":	"8.1",
					"mssFile":	"",
					"md5Digest":	"710bbb872de411420e38ee1f9a6d73dd",
					"compatibleApp":	"zynq_fsbl",
					"domType":	"bootDomain",
					"arch":	"32-bit",
					"appSettings":	{
						"appCompilerFlags":	"",
						"appLinkerFlags":	""
					},
					"addedLibs":	["xilffs:5.0", "xilrsa:1.6"],
					"libOptions":	{
						"libsContainingOptions":	[]
					},
					"changedDrivers":	{
						"interrupt_generator_0":	"none:",
						"changedCells":	["interrupt_generator_0"]
					},
					"prebuiltLibs":	{
						"prebuiltIncPath":	[],
						"prebuiltLibPath":	[]
					},
					"isolation":	{
					}
				}, {
					"domainName":	"standalone_domain",
					"domainDispName":	"standalone on ps7_cortexa9_0",
					"domainDesc":	"standalone_domain",
					"processors":	"ps7_cortexa9_0",
					"os":	"standalone",
					"sdxOs":	"standalone",
					"qemuArgs":	"<platformDir>/resources/int_gen_plat/standalone_domain/qemu_args.txt",
					"qemuData":	"<platformDir>/resources/int_gen_plat/standalone_domain/qemu",
					"debugEnable":	"False",
					"domRuntimes":	["cpp"],
					"swRepo":	"",
					"mssOsVer":	"8.1",
					"mssFile":	"",
					"md5Digest":	"afe1403ea604de9520c811a3fdd9c4f7",
					"compatibleApp":	"",
					"domType":	"mssDomain",
					"appSettings":	{
						"appCompilerFlags":	"",
						"appLinkerFlags":	""
					},
					"addedLibs":	[],
					"libOptions":	{
						"libsContainingOptions":	[]
					},
					"changedDrivers":	{
						"interrupt_generator_0":	"none:",
						"changedCells":	["interrupt_generator_0"]
					},
					"prebuiltLibs":	{
						"prebuiltIncPath":	[],
						"prebuiltLibPath":	[]
					},
					"isolation":	{
					}
				}]
		}]
}
KEYINFO::2026-03-29.19:31:35::SCWPlatform::updated the xpfm file.
TRACE::2026-03-29.19:31:35::SCWPlatform::Trying to open the hw design at C:/Users/ER250/OneDrive/Documents/ECE520_SOC/ECE520_SandBox/int_gen_soc_re/int_gen_soc_vitis/int_gen_plat/hw/int_gen_bd_re_wrapper.xsa
TRACE::2026-03-29.19:31:35::SCWPlatform::DSA given C:/Users/ER250/OneDrive/Documents/ECE520_SOC/ECE520_SandBox/int_gen_soc_re/int_gen_soc_vitis/int_gen_plat/hw/int_gen_bd_re_wrapper.xsa
TRACE::2026-03-29.19:31:35::SCWPlatform::DSA absoulate path C:/Users/ER250/OneDrive/Documents/ECE520_SOC/ECE520_SandBox/int_gen_soc_re/int_gen_soc_vitis/int_gen_plat/hw/int_gen_bd_re_wrapper.xsa
TRACE::2026-03-29.19:31:35::SCWPlatform::DSA directory C:/Users/ER250/OneDrive/Documents/ECE520_SOC/ECE520_SandBox/int_gen_soc_re/int_gen_soc_vitis/int_gen_plat/hw
TRACE::2026-03-29.19:31:35::SCWPlatform:: Platform Path C:/Users/ER250/OneDrive/Documents/ECE520_SOC/ECE520_SandBox/int_gen_soc_re/int_gen_soc_vitis/int_gen_plat/hw/int_gen_bd_re_wrapper.xsa
TRACE::2026-03-29.19:31:35::SCWPlatform:: Unique name xilinx:zybo-z7-10::0.0
TRACE::2026-03-29.19:31:35::SCWPlatform::Trying to set the existing hwdb with name int_gen_bd_re_wrapper_2
TRACE::2026-03-29.19:31:35::SCWPlatform::Opened existing hwdb int_gen_bd_re_wrapper_2
TRACE::2026-03-29.19:31:35::SCWPlatform::Found the Hw Db part of the input DSA
TRACE::2026-03-29.19:31:35::SCWMssOS::Checking the sw design at  C:/Users/ER250/OneDrive/Documents/ECE520_SOC/ECE520_SandBox/int_gen_soc_re/int_gen_soc_vitis/int_gen_plat/ps7_cortexa9_0/standalone_domain/bsp/system.mss
TRACE::2026-03-29.19:31:35::SCWMssOS::DEBUG:  swdes dump  C:/Users/ER250/OneDrive/Documents/ECE520_SOC/ECE520_SandBox/int_gen_soc_re/int_gen_soc_vitis/int_gen_plat/ps7_cortexa9_0/standalone_domain/bsp/system.mss|system_0||
C:/Users/ER250/OneDrive/Documents/ECE520_SOC/ECE520_SandBox/int_gen_soc_re/int_gen_soc_vitis/int_gen_plat/zynq_fsbl/zynq_fsbl_bsp/system.mss|system||

TRACE::2026-03-29.19:31:35::SCWMssOS::Sw design exists and opened at  C:/Users/ER250/OneDrive/Documents/ECE520_SOC/ECE520_SandBox/int_gen_soc_re/int_gen_soc_vitis/int_gen_plat/ps7_cortexa9_0/standalone_domain/bsp/system.mss
